slot_key,venue_id,venue_name,field_id,field_name,date,time_slot,price,status
1006_9398_06:00,1006,Wins Arena - Kuningan,9398,Tennis Indoor - Aqua,2026-09-17,06:00 - 07:00,260000,Booked
1006_9398_07:00,1006,Wins Arena - Kuningan,9398,Tennis Indoor - Aqua,2026-09-17,07:00 - 08:00,260000,Booked
1006_9398_08:00,1006,Wins Arena - Kuningan,9398,Tennis Indoor - Aqua,2026-09-17,08:00 - 09:00,260000,Booked
1006_9398_09:00,1006,Wins Arena - Kuningan,9398,Tennis Indoor - Aqua,2026-09-17,09:00 - 10:00,260000,Booked
1006_9398_10:00,1006,Wins Arena - Kuningan,9398,Tennis Indoor - Aqua,2026-09-17,10:00 - 11:00,235000,Booked
1006_9398_11:00,1006,Wins Arena - Kuningan,9398,Tennis Indoor - Aqua,2026-09-17,11:00 - 12:00,235000,Available
1006_9398_12:00,1006,Wins Arena - Kuningan,9398,Tennis Indoor - Aqua,2026-09-17,12:00 - 13:00,235000,Available
1006_9398_13:00,1006,Wins Arena - Kuningan,9398,Tennis Indoor - Aqua,2026-09-17,13:00 - 14:00,235000,Available
1006_9398_14:00,1006,Wins Arena - Kuningan,9398,Tennis Indoor - Aqua,2026-09-17,14:00 - 15:00,235000,Available
1006_9398_15:00,1006,Wins Arena - Kuningan,9398,Tennis Indoor - Aqua,2026-09-17,15:00 - 16:00,235000,Available
1006_9398_16:00,1006,Wins Arena - Kuningan,9398,Tennis Indoor - Aqua,2026-09-17,16:00 - 17:00,285000,Booked
1006_9398_17:00,1006,Wins Arena - Kuningan,9398,Tennis Indoor - Aqua,2026-09-17,17:00 - 18:00,285000,Booked
1006_9398_18:00,1006,Wins Arena - Kuningan,9398,Tennis Indoor - Aqua,2026-09-17,18:00 - 20:00,627000,Booked
1006_9398_20:00,1006,Wins Arena - Kuningan,9398,Tennis Indoor - Aqua,2026-09-17,20:00 - 21:00,285000,Booked
1006_9398_21:00,1006,Wins Arena - Kuningan,9398,Tennis Indoor - Aqua,2026-09-17,21:00 - 22:00,285000,Booked
1006_9398_22:00,1006,Wins Arena - Kuningan,9398,Tennis Indoor - Aqua,2026-09-17,22:00 - 23:00,285000,Available
1006_9398_23:00,1006,Wins Arena - Kuningan,9398,Tennis Indoor - Aqua,2026-09-17,23:00 - 00:00,285000,Available
1006_1743_06:00,1006,Wins Arena - Kuningan,1743,Tennis Indoor - Mizone,2026-09-17,06:00 - 07:00,260000,Booked
1006_1743_07:00,1006,Wins Arena - Kuningan,1743,Tennis Indoor - Mizone,2026-09-17,07:00 - 08:00,260000,Booked
1006_1743_08:00,1006,Wins Arena - Kuningan,1743,Tennis Indoor - Mizone,2026-09-17,08:00 - 09:00,260000,Booked
1006_1743_09:00,1006,Wins Arena - Kuningan,1743,Tennis Indoor - Mizone,2026-09-17,09:00 - 10:00,260000,Booked
1006_1743_10:00,1006,Wins Arena - Kuningan,1743,Tennis Indoor - Mizone,2026-09-17,10:00 - 11:00,235000,Booked
1006_1743_11:00,1006,Wins Arena - Kuningan,1743,Tennis Indoor - Mizone,2026-09-17,11:00 - 12:00,235000,Available
1006_1743_12:00,1006,Wins Arena - Kuningan,1743,Tennis Indoor - Mizone,2026-09-17,12:00 - 13:00,235000,Booked
1006_1743_13:00,1006,Wins Arena - Kuningan,1743,Tennis Indoor - Mizone,2026-09-17,13:00 - 14:00,235000,Available
1006_1743_14:00,1006,Wins Arena - Kuningan,1743,Tennis Indoor - Mizone,2026-09-17,14:00 - 15:00,235000,Booked
1006_1743_15:00,1006,Wins Arena - Kuningan,1743,Tennis Indoor - Mizone,2026-09-17,15:00 - 16:00,235000,Booked
1006_1743_16:00,1006,Wins Arena - Kuningan,1743,Tennis Indoor - Mizone,2026-09-17,16:00 - 17:00,285000,Booked
1006_1743_17:00,1006,Wins Arena - Kuningan,1743,Tennis Indoor - Mizone,2026-09-17,17:00 - 18:00,285000,Booked
1006_1743_18:00,1006,Wins Arena - Kuningan,1743,Tennis Indoor - Mizone,2026-09-17,18:00 - 20:00,570000,Booked
1006_1743_20:00,1006,Wins Arena - Kuningan,1743,Tennis Indoor - Mizone,2026-09-17,20:00 - 21:00,285000,Booked
1006_1743_21:00,1006,Wins Arena - Kuningan,1743,Tennis Indoor - Mizone,2026-09-17,21:00 - 22:00,285000,Booked
1006_1743_22:00,1006,Wins Arena - Kuningan,1743,Tennis Indoor - Mizone,2026-09-17,22:00 - 23:00,285000,Available
1006_1743_23:00,1006,Wins Arena - Kuningan,1743,Tennis Indoor - Mizone,2026-09-17,23:00 - 00:00,285000,Available
1006_3071_06:00,1006,Wins Arena - Kuningan,3071,Tennis Outdoor - 1,2026-09-17,06:00 - 07:00,135000,Booked
1006_3071_07:00,1006,Wins Arena - Kuningan,3071,Tennis Outdoor - 1,2026-09-17,07:00 - 08:00,135000,Booked
1006_3071_08:00,1006,Wins Arena - Kuningan,3071,Tennis Outdoor - 1,2026-09-17,08:00 - 09:00,135000,Booked
1006_3071_09:00,1006,Wins Arena - Kuningan,3071,Tennis Outdoor - 1,2026-09-17,09:00 - 10:00,135000,Available
1006_3071_10:00,1006,Wins Arena - Kuningan,3071,Tennis Outdoor - 1,2026-09-17,10:00 - 11:00,135000,Available
1006_3071_11:00,1006,Wins Arena - Kuningan,3071,Tennis Outdoor - 1,2026-09-17,11:00 - 12:00,135000,Available
1006_3071_12:00,1006,Wins Arena - Kuningan,3071,Tennis Outdoor - 1,2026-09-17,12:00 - 13:00,135000,Available
1006_3071_13:00,1006,Wins Arena - Kuningan,3071,Tennis Outdoor - 1,2026-09-17,13:00 - 14:00,135000,Available
1006_3071_14:00,1006,Wins Arena - Kuningan,3071,Tennis Outdoor - 1,2026-09-17,14:00 - 15:00,135000,Available
1006_3071_15:00,1006,Wins Arena - Kuningan,3071,Tennis Outdoor - 1,2026-09-17,15:00 - 16:00,135000,Available
1006_3071_16:00,1006,Wins Arena - Kuningan,3071,Tennis Outdoor - 1,2026-09-17,16:00 - 17:00,160001,Booked
1006_3071_17:00,1006,Wins Arena - Kuningan,3071,Tennis Outdoor - 1,2026-09-17,17:00 - 18:00,160001,Booked
1006_3071_18:00,1006,Wins Arena - Kuningan,3071,Tennis Outdoor - 1,2026-09-17,18:00 - 20:00,320000,Booked
1006_3071_20:00,1006,Wins Arena - Kuningan,3071,Tennis Outdoor - 1,2026-09-17,20:00 - 21:00,160001,Booked
1006_3071_21:00,1006,Wins Arena - Kuningan,3071,Tennis Outdoor - 1,2026-09-17,21:00 - 22:00,160001,Booked
1006_3071_22:00,1006,Wins Arena - Kuningan,3071,Tennis Outdoor - 1,2026-09-17,22:00 - 23:00,160001,Available
1006_3071_23:00,1006,Wins Arena - Kuningan,3071,Tennis Outdoor - 1,2026-09-17,23:00 - 00:00,160001,Available
1006_10445_06:00,1006,Wins Arena - Kuningan,10445,Tennis Outdoor - 2,2026-09-17,06:00 - 07:00,145000,Booked
1006_10445_07:00,1006,Wins Arena - Kuningan,10445,Tennis Outdoor - 2,2026-09-17,07:00 - 08:00,145000,Booked
1006_10445_08:00,1006,Wins Arena - Kuningan,10445,Tennis Outdoor - 2,2026-09-17,08:00 - 09:00,145000,Booked
1006_10445_09:00,1006,Wins Arena - Kuningan,10445,Tennis Outdoor - 2,2026-09-17,09:00 - 10:00,145000,Available
1006_10445_10:00,1006,Wins Arena - Kuningan,10445,Tennis Outdoor - 2,2026-09-17,10:00 - 11:00,145000,Available
1006_10445_11:00,1006,Wins Arena - Kuningan,10445,Tennis Outdoor - 2,2026-09-17,11:00 - 12:00,145000,Available
1006_10445_12:00,1006,Wins Arena - Kuningan,10445,Tennis Outdoor - 2,2026-09-17,12:00 - 13:00,145000,Available
1006_10445_13:00,1006,Wins Arena - Kuningan,10445,Tennis Outdoor - 2,2026-09-17,13:00 - 14:00,145000,Available
1006_10445_14:00,1006,Wins Arena - Kuningan,10445,Tennis Outdoor - 2,2026-09-17,14:00 - 15:00,145000,Available
1006_10445_15:00,1006,Wins Arena - Kuningan,10445,Tennis Outdoor - 2,2026-09-17,15:00 - 16:00,145000,Booked
1006_10445_16:00,1006,Wins Arena - Kuningan,10445,Tennis Outdoor - 2,2026-09-17,16:00 - 17:00,175000,Booked
1006_10445_17:00,1006,Wins Arena - Kuningan,10445,Tennis Outdoor - 2,2026-09-17,17:00 - 18:00,175000,Booked
1006_10445_18:00,1006,Wins Arena - Kuningan,10445,Tennis Outdoor - 2,2026-09-17,18:00 - 20:00,350000,Booked
1006_10445_20:00,1006,Wins Arena - Kuningan,10445,Tennis Outdoor - 2,2026-09-17,20:00 - 21:00,175000,Booked
1006_10445_21:00,1006,Wins Arena - Kuningan,10445,Tennis Outdoor - 2,2026-09-17,21:00 - 22:00,175000,Booked
1006_10445_22:00,1006,Wins Arena - Kuningan,10445,Tennis Outdoor - 2,2026-09-17,22:00 - 23:00,175000,Available
1006_10445_23:00,1006,Wins Arena - Kuningan,10445,Tennis Outdoor - 2,2026-09-17,23:00 - 00:00,175000,Available
1006_10446_06:00,1006,Wins Arena - Kuningan,10446,Tennis Outdoor - 3,2026-09-17,06:00 - 07:00,145000,Booked
1006_10446_07:00,1006,Wins Arena - Kuningan,10446,Tennis Outdoor - 3,2026-09-17,07:00 - 08:00,145000,Booked
1006_10446_08:00,1006,Wins Arena - Kuningan,10446,Tennis Outdoor - 3,2026-09-17,08:00 - 09:00,145000,Booked
1006_10446_09:00,1006,Wins Arena - Kuningan,10446,Tennis Outdoor - 3,2026-09-17,09:00 - 10:00,145000,Available
1006_10446_10:00,1006,Wins Arena - Kuningan,10446,Tennis Outdoor - 3,2026-09-17,10:00 - 11:00,145000,Available
1006_10446_11:00,1006,Wins Arena - Kuningan,10446,Tennis Outdoor - 3,2026-09-17,11:00 - 12:00,145000,Available
1006_10446_12:00,1006,Wins Arena - Kuningan,10446,Tennis Outdoor - 3,2026-09-17,12:00 - 13:00,145000,Available
1006_10446_13:00,1006,Wins Arena - Kuningan,10446,Tennis Outdoor - 3,2026-09-17,13:00 - 14:00,145000,Available
1006_10446_14:00,1006,Wins Arena - Kuningan,10446,Tennis Outdoor - 3,2026-09-17,14:00 - 15:00,145000,Available
1006_10446_15:00,1006,Wins Arena - Kuningan,10446,Tennis Outdoor - 3,2026-09-17,15:00 - 16:00,145000,Available
1006_10446_16:00,1006,Wins Arena - Kuningan,10446,Tennis Outdoor - 3,2026-09-17,16:00 - 17:00,175000,Booked
1006_10446_17:00,1006,Wins Arena - Kuningan,10446,Tennis Outdoor - 3,2026-09-17,17:00 - 18:00,175000,Booked
1006_10446_18:00,1006,Wins Arena - Kuningan,10446,Tennis Outdoor - 3,2026-09-17,18:00 - 20:00,350000,Booked
1006_10446_20:00,1006,Wins Arena - Kuningan,10446,Tennis Outdoor - 3,2026-09-17,20:00 - 21:00,175000,Booked
1006_10446_21:00,1006,Wins Arena - Kuningan,10446,Tennis Outdoor - 3,2026-09-17,21:00 - 22:00,175000,Booked
1006_10446_22:00,1006,Wins Arena - Kuningan,10446,Tennis Outdoor - 3,2026-09-17,22:00 - 23:00,175000,Booked
1006_10446_23:00,1006,Wins Arena - Kuningan,10446,Tennis Outdoor - 3,2026-09-17,23:00 - 00:00,175000,Available
1006_2082_06:00,1006,Wins Arena - Kuningan,2082,Padel A - Purple,2026-09-17,06:00 - 07:00,134824,Available
1006_2082_07:00,1006,Wins Arena - Kuningan,2082,Padel A - Purple,2026-09-17,07:00 - 08:00,134824,Booked
1006_2082_08:00,1006,Wins Arena - Kuningan,2082,Padel A - Purple,2026-09-17,08:00 - 09:00,134824,Booked
1006_2082_09:00,1006,Wins Arena - Kuningan,2082,Padel A - Purple,2026-09-17,09:00 - 10:00,134824,Booked
1006_2082_10:00,1006,Wins Arena - Kuningan,2082,Padel A - Purple,2026-09-17,10:00 - 11:00,134824,Available
1006_2082_11:00,1006,Wins Arena - Kuningan,2082,Padel A - Purple,2026-09-17,11:00 - 12:00,134824,Available
1006_2082_12:00,1006,Wins Arena - Kuningan,2082,Padel A - Purple,2026-09-17,12:00 - 13:00,134824,Available
1006_2082_13:00,1006,Wins Arena - Kuningan,2082,Padel A - Purple,2026-09-17,13:00 - 14:00,134824,Available
1006_2082_14:00,1006,Wins Arena - Kuningan,2082,Padel A - Purple,2026-09-17,14:00 - 15:00,134824,Available
1006_2082_15:00,1006,Wins Arena - Kuningan,2082,Padel A - Purple,2026-09-17,15:00 - 16:00,134824,Available
1006_2082_16:00,1006,Wins Arena - Kuningan,2082,Padel A - Purple,2026-09-17,16:00 - 17:00,350000,Available
1006_2082_17:00,1006,Wins Arena - Kuningan,2082,Padel A - Purple,2026-09-17,17:00 - 18:00,350000,Available
1006_2082_18:00,1006,Wins Arena - Kuningan,2082,Padel A - Purple,2026-09-17,18:00 - 20:00,700000,Booked
1006_2082_20:00,1006,Wins Arena - Kuningan,2082,Padel A - Purple,2026-09-17,20:00 - 21:00,350000,Available
1006_2082_21:00,1006,Wins Arena - Kuningan,2082,Padel A - Purple,2026-09-17,21:00 - 22:00,350000,Available
1006_2082_22:00,1006,Wins Arena - Kuningan,2082,Padel A - Purple,2026-09-17,22:00 - 23:00,350000,Available
1006_2082_23:00,1006,Wins Arena - Kuningan,2082,Padel A - Purple,2026-09-17,23:00 - 00:00,350000,Available
1006_2083_06:00,1006,Wins Arena - Kuningan,2083,Padel B - Green,2026-09-17,06:00 - 07:00,134824,Booked
1006_2083_07:00,1006,Wins Arena - Kuningan,2083,Padel B - Green,2026-09-17,07:00 - 08:00,134824,Booked
1006_2083_08:00,1006,Wins Arena - Kuningan,2083,Padel B - Green,2026-09-17,08:00 - 09:00,134824,Booked
1006_2083_09:00,1006,Wins Arena - Kuningan,2083,Padel B - Green,2026-09-17,09:00 - 10:00,134824,Available
1006_2083_10:00,1006,Wins Arena - Kuningan,2083,Padel B - Green,2026-09-17,10:00 - 11:00,134824,Available
1006_2083_11:00,1006,Wins Arena - Kuningan,2083,Padel B - Green,2026-09-17,11:00 - 12:00,134824,Available
1006_2083_12:00,1006,Wins Arena - Kuningan,2083,Padel B - Green,2026-09-17,12:00 - 13:00,134824,Available
1006_2083_13:00,1006,Wins Arena - Kuningan,2083,Padel B - Green,2026-09-17,13:00 - 14:00,134824,Available
1006_2083_14:00,1006,Wins Arena - Kuningan,2083,Padel B - Green,2026-09-17,14:00 - 15:00,134824,Available
1006_2083_15:00,1006,Wins Arena - Kuningan,2083,Padel B - Green,2026-09-17,15:00 - 16:00,134824,Available
1006_2083_16:00,1006,Wins Arena - Kuningan,2083,Padel B - Green,2026-09-17,16:00 - 17:00,350000,Available
1006_2083_17:00,1006,Wins Arena - Kuningan,2083,Padel B - Green,2026-09-17,17:00 - 18:00,350000,Available
1006_2083_18:00,1006,Wins Arena - Kuningan,2083,Padel B - Green,2026-09-17,18:00 - 20:00,700000,Booked
1006_2083_20:00,1006,Wins Arena - Kuningan,2083,Padel B - Green,2026-09-17,20:00 - 21:00,350000,Booked
1006_2083_21:00,1006,Wins Arena - Kuningan,2083,Padel B - Green,2026-09-17,21:00 - 22:00,350000,Available
1006_2083_22:00,1006,Wins Arena - Kuningan,2083,Padel B - Green,2026-09-17,22:00 - 23:00,350000,Available
1006_2083_23:00,1006,Wins Arena - Kuningan,2083,Padel B - Green,2026-09-17,23:00 - 00:00,350000,Available
903_1549_06:00,903,Futton Padel Club,1549,Main Court,2026-09-17,06:00 - 07:00,81000,Available
903_1549_07:00,903,Futton Padel Club,1549,Main Court,2026-09-17,07:00 - 08:00,81000,Available
903_1549_08:00,903,Futton Padel Club,1549,Main Court,2026-09-17,08:00 - 09:00,81000,Available
903_1549_09:00,903,Futton Padel Club,1549,Main Court,2026-09-17,09:00 - 10:00,81000,Available
903_1549_10:00,903,Futton Padel Club,1549,Main Court,2026-09-17,10:00 - 11:00,81000,Available
903_1549_11:00,903,Futton Padel Club,1549,Main Court,2026-09-17,11:00 - 12:00,81000,Available
903_1549_12:00,903,Futton Padel Club,1549,Main Court,2026-09-17,12:00 - 13:00,81000,Available
903_1549_13:00,903,Futton Padel Club,1549,Main Court,2026-09-17,13:00 - 14:00,81000,Available
903_1549_14:00,903,Futton Padel Club,1549,Main Court,2026-09-17,14:00 - 15:00,81000,Available
903_1549_15:00,903,Futton Padel Club,1549,Main Court,2026-09-17,15:00 - 16:00,81000,Available
903_1549_16:00,903,Futton Padel Club,1549,Main Court,2026-09-17,16:00 - 17:00,81000,Booked
903_1549_17:00,903,Futton Padel Club,1549,Main Court,2026-09-17,17:00 - 18:00,81000,Booked
903_1549_18:00,903,Futton Padel Club,1549,Main Court,2026-09-17,18:00 - 19:00,81000,Booked
903_1549_19:00,903,Futton Padel Club,1549,Main Court,2026-09-17,19:00 - 20:00,81000,Booked
903_1549_20:00,903,Futton Padel Club,1549,Main Court,2026-09-17,20:00 - 21:00,81000,Booked
903_1549_21:00,903,Futton Padel Club,1549,Main Court,2026-09-17,21:00 - 22:00,81000,Booked
903_1549_22:00,903,Futton Padel Club,1549,Main Court,2026-09-17,22:00 - 23:00,81000,Booked
903_1549_23:00,903,Futton Padel Club,1549,Main Court,2026-09-17,23:00 - 00:00,81000,Available
903_2318_06:00,903,Futton Padel Club,2318,Side Court,2026-09-17,06:00 - 07:00,81000,Available
903_2318_07:00,903,Futton Padel Club,2318,Side Court,2026-09-17,07:00 - 08:00,81000,Available
903_2318_08:00,903,Futton Padel Club,2318,Side Court,2026-09-17,08:00 - 09:00,81000,Available
903_2318_09:00,903,Futton Padel Club,2318,Side Court,2026-09-17,09:00 - 10:00,81000,Available
903_2318_10:00,903,Futton Padel Club,2318,Side Court,2026-09-17,10:00 - 11:00,81000,Available
903_2318_11:00,903,Futton Padel Club,2318,Side Court,2026-09-17,11:00 - 12:00,81000,Available
903_2318_12:00,903,Futton Padel Club,2318,Side Court,2026-09-17,12:00 - 13:00,81000,Available
903_2318_13:00,903,Futton Padel Club,2318,Side Court,2026-09-17,13:00 - 14:00,81000,Available
903_2318_14:00,903,Futton Padel Club,2318,Side Court,2026-09-17,14:00 - 15:00,81000,Available
903_2318_15:00,903,Futton Padel Club,2318,Side Court,2026-09-17,15:00 - 16:00,81000,Available
903_2318_16:00,903,Futton Padel Club,2318,Side Court,2026-09-17,16:00 - 17:00,81000,Booked
903_2318_17:00,903,Futton Padel Club,2318,Side Court,2026-09-17,17:00 - 18:00,81000,Booked
903_2318_18:00,903,Futton Padel Club,2318,Side Court,2026-09-17,18:00 - 19:00,81000,Booked
903_2318_19:00,903,Futton Padel Club,2318,Side Court,2026-09-17,19:00 - 20:00,81000,Booked
903_2318_20:00,903,Futton Padel Club,2318,Side Court,2026-09-17,20:00 - 21:00,81000,Booked
903_2318_21:00,903,Futton Padel Club,2318,Side Court,2026-09-17,21:00 - 22:00,81000,Booked
903_2318_22:00,903,Futton Padel Club,2318,Side Court,2026-09-17,22:00 - 23:00,81000,Booked
903_2318_23:00,903,Futton Padel Club,2318,Side Court,2026-09-17,23:00 - 00:00,81000,Available
1476_2948_07:00,1476,AIR Padel,2948,Court 1,2026-09-17,07:00 - 08:00,190000,Available
1476_2948_08:00,1476,AIR Padel,2948,Court 1,2026-09-17,08:00 - 09:00,190000,Booked
1476_2948_09:00,1476,AIR Padel,2948,Court 1,2026-09-17,09:00 - 10:00,190000,Booked
1476_2948_10:00,1476,AIR Padel,2948,Court 1,2026-09-17,10:00 - 11:00,190000,Booked
1476_2948_11:00,1476,AIR Padel,2948,Court 1,2026-09-17,11:00 - 12:00,190000,Booked
1476_2948_12:00,1476,AIR Padel,2948,Court 1,2026-09-17,12:00 - 13:00,190000,Booked
1476_2948_13:00,1476,AIR Padel,2948,Court 1,2026-09-17,13:00 - 14:00,190000,Booked
1476_2948_14:00,1476,AIR Padel,2948,Court 1,2026-09-17,14:00 - 15:00,190000,Booked
1476_2948_15:00,1476,AIR Padel,2948,Court 1,2026-09-17,15:00 - 16:00,395000,Available
1476_2948_16:00,1476,AIR Padel,2948,Court 1,2026-09-17,16:00 - 17:00,395000,Available
1476_2948_17:00,1476,AIR Padel,2948,Court 1,2026-09-17,17:00 - 18:00,395000,Available
1476_2948_18:00,1476,AIR Padel,2948,Court 1,2026-09-17,18:00 - 19:00,395000,Available
1476_2948_19:00,1476,AIR Padel,2948,Court 1,2026-09-17,19:00 - 20:00,395000,Booked
1476_2948_20:00,1476,AIR Padel,2948,Court 1,2026-09-17,20:00 - 21:00,395000,Booked
1476_2948_21:00,1476,AIR Padel,2948,Court 1,2026-09-17,21:00 - 22:00,395000,Available
1476_2948_22:00,1476,AIR Padel,2948,Court 1,2026-09-17,22:00 - 23:00,395000,Available
1476_2948_23:00,1476,AIR Padel,2948,Court 1,2026-09-17,23:00 - 00:00,395000,Available
1476_2949_07:00,1476,AIR Padel,2949,Court 2,2026-09-17,07:00 - 08:00,190000,Available
1476_2949_08:00,1476,AIR Padel,2949,Court 2,2026-09-17,08:00 - 09:00,190000,Booked
1476_2949_09:00,1476,AIR Padel,2949,Court 2,2026-09-17,09:00 - 10:00,190000,Booked
1476_2949_10:00,1476,AIR Padel,2949,Court 2,2026-09-17,10:00 - 11:00,190000,Booked
1476_2949_11:00,1476,AIR Padel,2949,Court 2,2026-09-17,11:00 - 12:00,190000,Booked
1476_2949_12:00,1476,AIR Padel,2949,Court 2,2026-09-17,12:00 - 13:00,190000,Booked
1476_2949_13:00,1476,AIR Padel,2949,Court 2,2026-09-17,13:00 - 14:00,190000,Booked
1476_2949_14:00,1476,AIR Padel,2949,Court 2,2026-09-17,14:00 - 15:00,190000,Available
1476_2949_15:00,1476,AIR Padel,2949,Court 2,2026-09-17,15:00 - 16:00,395000,Available
1476_2949_16:00,1476,AIR Padel,2949,Court 2,2026-09-17,16:00 - 17:00,395000,Available
1476_2949_17:00,1476,AIR Padel,2949,Court 2,2026-09-17,17:00 - 18:00,395000,Available
1476_2949_18:00,1476,AIR Padel,2949,Court 2,2026-09-17,18:00 - 19:00,395000,Available
1476_2949_19:00,1476,AIR Padel,2949,Court 2,2026-09-17,19:00 - 20:00,395000,Booked
1476_2949_20:00,1476,AIR Padel,2949,Court 2,2026-09-17,20:00 - 21:00,395000,Booked
1476_2949_21:00,1476,AIR Padel,2949,Court 2,2026-09-17,21:00 - 22:00,395000,Available
1476_2949_22:00,1476,AIR Padel,2949,Court 2,2026-09-17,22:00 - 23:00,395000,Available
1476_2949_23:00,1476,AIR Padel,2949,Court 2,2026-09-17,23:00 - 00:00,395000,Available
1476_2950_07:00,1476,AIR Padel,2950,Court 3,2026-09-17,07:00 - 08:00,190000,Available
1476_2950_08:00,1476,AIR Padel,2950,Court 3,2026-09-17,08:00 - 09:00,190000,Booked
1476_2950_09:00,1476,AIR Padel,2950,Court 3,2026-09-17,09:00 - 10:00,190000,Booked
1476_2950_10:00,1476,AIR Padel,2950,Court 3,2026-09-17,10:00 - 11:00,190000,Booked
1476_2950_11:00,1476,AIR Padel,2950,Court 3,2026-09-17,11:00 - 12:00,190000,Booked
1476_2950_12:00,1476,AIR Padel,2950,Court 3,2026-09-17,12:00 - 13:00,190000,Booked
1476_2950_13:00,1476,AIR Padel,2950,Court 3,2026-09-17,13:00 - 14:00,190000,Booked
1476_2950_14:00,1476,AIR Padel,2950,Court 3,2026-09-17,14:00 - 15:00,190000,Booked
1476_2950_15:00,1476,AIR Padel,2950,Court 3,2026-09-17,15:00 - 16:00,395000,Available
1476_2950_16:00,1476,AIR Padel,2950,Court 3,2026-09-17,16:00 - 17:00,395000,Available
1476_2950_17:00,1476,AIR Padel,2950,Court 3,2026-09-17,17:00 - 18:00,395000,Available
1476_2950_18:00,1476,AIR Padel,2950,Court 3,2026-09-17,18:00 - 19:00,395000,Available
1476_2950_19:00,1476,AIR Padel,2950,Court 3,2026-09-17,19:00 - 20:00,395000,Booked
1476_2950_20:00,1476,AIR Padel,2950,Court 3,2026-09-17,20:00 - 21:00,395000,Booked
1476_2950_21:00,1476,AIR Padel,2950,Court 3,2026-09-17,21:00 - 22:00,395000,Available
1476_2950_22:00,1476,AIR Padel,2950,Court 3,2026-09-17,22:00 - 23:00,395000,Available
1476_2950_23:00,1476,AIR Padel,2950,Court 3,2026-09-17,23:00 - 00:00,395000,Available
1649_3620_06:00,1649,Naya Padel,3620,Court 1,2026-09-17,06:00 - 07:00,120000,Available
1649_3620_07:00,1649,Naya Padel,3620,Court 1,2026-09-17,07:00 - 08:00,120000,Available
1649_3620_08:00,1649,Naya Padel,3620,Court 1,2026-09-17,08:00 - 09:00,120000,Booked
1649_3620_09:00,1649,Naya Padel,3620,Court 1,2026-09-17,09:00 - 10:00,120000,Booked
1649_3620_10:00,1649,Naya Padel,3620,Court 1,2026-09-17,10:00 - 11:00,120000,Available
1649_3620_11:00,1649,Naya Padel,3620,Court 1,2026-09-17,11:00 - 12:00,120000,Available
1649_3620_12:00,1649,Naya Padel,3620,Court 1,2026-09-17,12:00 - 13:00,120000,Available
1649_3620_13:00,1649,Naya Padel,3620,Court 1,2026-09-17,13:00 - 14:00,120000,Available
1649_3620_14:00,1649,Naya Padel,3620,Court 1,2026-09-17,14:00 - 15:00,160000,Available
1649_3620_15:00,1649,Naya Padel,3620,Court 1,2026-09-17,15:00 - 16:00,160000,Available
1649_3620_16:00,1649,Naya Padel,3620,Court 1,2026-09-17,16:00 - 17:00,160000,Available
1649_3620_17:00,1649,Naya Padel,3620,Court 1,2026-09-17,17:00 - 18:00,160000,Booked
1649_3620_18:00,1649,Naya Padel,3620,Court 1,2026-09-17,18:00 - 19:00,280000,Booked
1649_3620_19:00,1649,Naya Padel,3620,Court 1,2026-09-17,19:00 - 20:00,280000,Booked
1649_3620_20:00,1649,Naya Padel,3620,Court 1,2026-09-17,20:00 - 21:00,280000,Booked
1649_3620_21:00,1649,Naya Padel,3620,Court 1,2026-09-17,21:00 - 22:00,280000,Available
1649_3621_06:00,1649,Naya Padel,3621,Court 2,2026-09-17,06:00 - 07:00,120000,Available
1649_3621_07:00,1649,Naya Padel,3621,Court 2,2026-09-17,07:00 - 08:00,120000,Available
1649_3621_08:00,1649,Naya Padel,3621,Court 2,2026-09-17,08:00 - 09:00,120000,Booked
1649_3621_09:00,1649,Naya Padel,3621,Court 2,2026-09-17,09:00 - 10:00,120000,Booked
1649_3621_10:00,1649,Naya Padel,3621,Court 2,2026-09-17,10:00 - 11:00,120000,Available
1649_3621_11:00,1649,Naya Padel,3621,Court 2,2026-09-17,11:00 - 12:00,120000,Available
1649_3621_12:00,1649,Naya Padel,3621,Court 2,2026-09-17,12:00 - 13:00,120000,Available
1649_3621_13:00,1649,Naya Padel,3621,Court 2,2026-09-17,13:00 - 14:00,120000,Available
1649_3621_14:00,1649,Naya Padel,3621,Court 2,2026-09-17,14:00 - 15:00,160000,Available
1649_3621_15:00,1649,Naya Padel,3621,Court 2,2026-09-17,15:00 - 16:00,160000,Available
1649_3621_16:00,1649,Naya Padel,3621,Court 2,2026-09-17,16:00 - 17:00,160000,Available
1649_3621_17:00,1649,Naya Padel,3621,Court 2,2026-09-17,17:00 - 18:00,160000,Booked
1649_3621_18:00,1649,Naya Padel,3621,Court 2,2026-09-17,18:00 - 19:00,280000,Booked
1649_3621_19:00,1649,Naya Padel,3621,Court 2,2026-09-17,19:00 - 20:00,280000,Booked
1649_3621_20:00,1649,Naya Padel,3621,Court 2,2026-09-17,20:00 - 21:00,280000,Booked
1649_3621_21:00,1649,Naya Padel,3621,Court 2,2026-09-17,21:00 - 22:00,280000,Available
1649_3551_06:00,1649,Naya Padel,3551,Court 3,2026-09-17,06:00 - 07:00,120000,Available
1649_3551_07:00,1649,Naya Padel,3551,Court 3,2026-09-17,07:00 - 08:00,120000,Available
1649_3551_08:00,1649,Naya Padel,3551,Court 3,2026-09-17,08:00 - 09:00,120000,Available
1649_3551_09:00,1649,Naya Padel,3551,Court 3,2026-09-17,09:00 - 10:00,120000,Available
1649_3551_10:00,1649,Naya Padel,3551,Court 3,2026-09-17,10:00 - 11:00,120000,Available
1649_3551_11:00,1649,Naya Padel,3551,Court 3,2026-09-17,11:00 - 12:00,120000,Available
1649_3551_12:00,1649,Naya Padel,3551,Court 3,2026-09-17,12:00 - 13:00,120000,Available
1649_3551_13:00,1649,Naya Padel,3551,Court 3,2026-09-17,13:00 - 14:00,120000,Available
1649_3551_14:00,1649,Naya Padel,3551,Court 3,2026-09-17,14:00 - 15:00,160000,Available
1649_3551_15:00,1649,Naya Padel,3551,Court 3,2026-09-17,15:00 - 16:00,160000,Available
1649_3551_16:00,1649,Naya Padel,3551,Court 3,2026-09-17,16:00 - 17:00,160000,Available
1649_3551_17:00,1649,Naya Padel,3551,Court 3,2026-09-17,17:00 - 18:00,160000,Booked
1649_3551_18:00,1649,Naya Padel,3551,Court 3,2026-09-17,18:00 - 19:00,280000,Booked
1649_3551_19:00,1649,Naya Padel,3551,Court 3,2026-09-17,19:00 - 20:00,280000,Booked
1649_3551_20:00,1649,Naya Padel,3551,Court 3,2026-09-17,20:00 - 21:00,280000,Booked
1649_3551_21:00,1649,Naya Padel,3551,Court 3,2026-09-17,21:00 - 22:00,280000,Available
1860_3797_06:00,1860,The Field,3797,Padel A,2026-09-17,06:00 - 07:00,200000,Available
1860_3797_07:00,1860,The Field,3797,Padel A,2026-09-17,07:00 - 08:00,200000,Available
1860_3797_08:00,1860,The Field,3797,Padel A,2026-09-17,08:00 - 09:00,200000,Available
1860_3797_09:00,1860,The Field,3797,Padel A,2026-09-17,09:00 - 10:00,200000,Available
1860_3797_10:00,1860,The Field,3797,Padel A,2026-09-17,10:00 - 11:00,200000,Available
1860_3797_11:00,1860,The Field,3797,Padel A,2026-09-17,11:00 - 12:00,200000,Available
1860_3797_12:00,1860,The Field,3797,Padel A,2026-09-17,12:00 - 13:00,200000,Available
1860_3797_13:00,1860,The Field,3797,Padel A,2026-09-17,13:00 - 14:00,200000,Available
1860_3797_14:00,1860,The Field,3797,Padel A,2026-09-17,14:00 - 15:00,200000,Available
1860_3797_15:00,1860,The Field,3797,Padel A,2026-09-17,15:00 - 16:00,200000,Available
1860_3797_16:00,1860,The Field,3797,Padel A,2026-09-17,16:00 - 17:00,200000,Available
1860_3797_17:00,1860,The Field,3797,Padel A,2026-09-17,17:00 - 18:00,200000,Booked
1860_3797_18:00,1860,The Field,3797,Padel A,2026-09-17,18:00 - 19:00,200000,Booked
1860_3797_19:00,1860,The Field,3797,Padel A,2026-09-17,19:00 - 20:00,200000,Booked
1860_3797_20:00,1860,The Field,3797,Padel A,2026-09-17,20:00 - 21:00,200000,Booked
1860_3797_21:00,1860,The Field,3797,Padel A,2026-09-17,21:00 - 22:00,200000,Available
1860_3798_06:00,1860,The Field,3798,Padel B,2026-09-17,06:00 - 07:00,200000,Available
1860_3798_07:00,1860,The Field,3798,Padel B,2026-09-17,07:00 - 08:00,200000,Available
1860_3798_08:00,1860,The Field,3798,Padel B,2026-09-17,08:00 - 09:00,200000,Available
1860_3798_09:00,1860,The Field,3798,Padel B,2026-09-17,09:00 - 10:00,200000,Available
1860_3798_10:00,1860,The Field,3798,Padel B,2026-09-17,10:00 - 11:00,200000,Available
1860_3798_11:00,1860,The Field,3798,Padel B,2026-09-17,11:00 - 12:00,200000,Available
1860_3798_12:00,1860,The Field,3798,Padel B,2026-09-17,12:00 - 13:00,200000,Available
1860_3798_13:00,1860,The Field,3798,Padel B,2026-09-17,13:00 - 14:00,200000,Available
1860_3798_14:00,1860,The Field,3798,Padel B,2026-09-17,14:00 - 15:00,200000,Available
1860_3798_15:00,1860,The Field,3798,Padel B,2026-09-17,15:00 - 16:00,200000,Available
1860_3798_16:00,1860,The Field,3798,Padel B,2026-09-17,16:00 - 17:00,200000,Available
1860_3798_17:00,1860,The Field,3798,Padel B,2026-09-17,17:00 - 18:00,200000,Booked
1860_3798_18:00,1860,The Field,3798,Padel B,2026-09-17,18:00 - 19:00,200000,Booked
1860_3798_19:00,1860,The Field,3798,Padel B,2026-09-17,19:00 - 20:00,200000,Booked
1860_3798_20:00,1860,The Field,3798,Padel B,2026-09-17,20:00 - 21:00,200000,Booked
1860_3798_21:00,1860,The Field,3798,Padel B,2026-09-17,21:00 - 22:00,200000,Available
1860_9301_06:00,1860,The Field,9301,Mini Soccer,2026-09-17,06:00 - 08:00,600000,Available
1860_9301_08:00,1860,The Field,9301,Mini Soccer,2026-09-17,08:00 - 10:00,600000,Available
1860_9301_10:00,1860,The Field,9301,Mini Soccer,2026-09-17,10:00 - 12:00,600000,Available
1860_9301_12:00,1860,The Field,9301,Mini Soccer,2026-09-17,12:00 - 14:00,600000,Available
1860_9301_14:00,1860,The Field,9301,Mini Soccer,2026-09-17,14:00 - 16:00,600000,Available
1860_9301_16:00,1860,The Field,9301,Mini Soccer,2026-09-17,16:00 - 18:00,1500000,Booked
1860_9301_18:00,1860,The Field,9301,Mini Soccer,2026-09-17,18:00 - 20:00,2000000,Booked
1860_9301_20:00,1860,The Field,9301,Mini Soccer,2026-09-17,20:00 - 22:00,2000000,Booked
1860_11060_06:00,1860,The Field,11060,Tennis,2026-09-17,06:00 - 07:00,350000,Booked
1860_11060_07:00,1860,The Field,11060,Tennis,2026-09-17,07:00 - 08:00,350000,Booked
1860_11060_08:00,1860,The Field,11060,Tennis,2026-09-17,08:00 - 09:00,350000,Booked
1860_11060_09:00,1860,The Field,11060,Tennis,2026-09-17,09:00 - 10:00,350000,Booked
1860_11060_10:00,1860,The Field,11060,Tennis,2026-09-17,10:00 - 11:00,350000,Booked
1860_11060_11:00,1860,The Field,11060,Tennis,2026-09-17,11:00 - 12:00,350000,Booked
1860_11060_12:00,1860,The Field,11060,Tennis,2026-09-17,12:00 - 13:00,350000,Available
1860_11060_13:00,1860,The Field,11060,Tennis,2026-09-17,13:00 - 14:00,350000,Available
1860_11060_14:00,1860,The Field,11060,Tennis,2026-09-17,14:00 - 15:00,350000,Booked
1860_11060_15:00,1860,The Field,11060,Tennis,2026-09-17,15:00 - 16:00,350000,Booked
1860_11060_16:00,1860,The Field,11060,Tennis,2026-09-17,16:00 - 18:00,700000,Booked
1860_11060_18:00,1860,The Field,11060,Tennis,2026-09-17,18:00 - 20:00,700000,Booked
1860_11060_20:00,1860,The Field,11060,Tennis,2026-09-17,20:00 - 22:00,700000,Booked
3556_8770_06:00,3556,Trilogi Arena By Duale,8770,VIP Tennis Court,2026-09-17,06:00 - 07:00,295000,Booked
3556_8770_07:00,3556,Trilogi Arena By Duale,8770,VIP Tennis Court,2026-09-17,07:00 - 08:00,295000,Booked
3556_8770_08:00,3556,Trilogi Arena By Duale,8770,VIP Tennis Court,2026-09-17,08:00 - 09:00,295000,Available
3556_8770_09:00,3556,Trilogi Arena By Duale,8770,VIP Tennis Court,2026-09-17,09:00 - 10:00,295000,Booked
3556_8770_10:00,3556,Trilogi Arena By Duale,8770,VIP Tennis Court,2026-09-17,10:00 - 11:00,295000,Booked
3556_8770_11:00,3556,Trilogi Arena By Duale,8770,VIP Tennis Court,2026-09-17,11:00 - 12:00,295000,Available
3556_8770_12:00,3556,Trilogi Arena By Duale,8770,VIP Tennis Court,2026-09-17,12:00 - 13:00,295000,Available
3556_8770_13:00,3556,Trilogi Arena By Duale,8770,VIP Tennis Court,2026-09-17,13:00 - 14:00,295000,Booked
3556_8770_14:00,3556,Trilogi Arena By Duale,8770,VIP Tennis Court,2026-09-17,14:00 - 15:00,295000,Available
3556_8770_15:00,3556,Trilogi Arena By Duale,8770,VIP Tennis Court,2026-09-17,15:00 - 16:00,295000,Available
3556_8770_16:00,3556,Trilogi Arena By Duale,8770,VIP Tennis Court,2026-09-17,16:00 - 17:00,295000,Booked
3556_8770_17:00,3556,Trilogi Arena By Duale,8770,VIP Tennis Court,2026-09-17,17:00 - 18:00,295000,Booked
3556_8770_18:00,3556,Trilogi Arena By Duale,8770,VIP Tennis Court,2026-09-17,18:00 - 19:00,295000,Booked
3556_8770_19:00,3556,Trilogi Arena By Duale,8770,VIP Tennis Court,2026-09-17,19:00 - 20:00,295000,Booked
3556_8770_20:00,3556,Trilogi Arena By Duale,8770,VIP Tennis Court,2026-09-17,20:00 - 21:00,295000,Booked
3556_8770_21:00,3556,Trilogi Arena By Duale,8770,VIP Tennis Court,2026-09-17,21:00 - 22:00,295000,Booked
3556_8770_22:00,3556,Trilogi Arena By Duale,8770,VIP Tennis Court,2026-09-17,22:00 - 23:00,295000,Booked
3556_8769_06:00,3556,Trilogi Arena By Duale,8769,Padel 1,2026-09-17,06:00 - 07:00,330000,Available
3556_8769_07:00,3556,Trilogi Arena By Duale,8769,Padel 1,2026-09-17,07:00 - 08:00,330000,Available
3556_8769_08:00,3556,Trilogi Arena By Duale,8769,Padel 1,2026-09-17,08:00 - 09:00,330000,Available
3556_8769_09:00,3556,Trilogi Arena By Duale,8769,Padel 1,2026-09-17,09:00 - 10:00,330000,Available
3556_8769_10:00,3556,Trilogi Arena By Duale,8769,Padel 1,2026-09-17,10:00 - 11:00,330000,Available
3556_8769_11:00,3556,Trilogi Arena By Duale,8769,Padel 1,2026-09-17,11:00 - 12:00,330000,Available
3556_8769_12:00,3556,Trilogi Arena By Duale,8769,Padel 1,2026-09-17,12:00 - 13:00,330000,Available
3556_8769_13:00,3556,Trilogi Arena By Duale,8769,Padel 1,2026-09-17,13:00 - 14:00,330000,Available
3556_8769_14:00,3556,Trilogi Arena By Duale,8769,Padel 1,2026-09-17,14:00 - 15:00,330000,Available
3556_8769_15:00,3556,Trilogi Arena By Duale,8769,Padel 1,2026-09-17,15:00 - 16:00,330000,Available
3556_8769_16:00,3556,Trilogi Arena By Duale,8769,Padel 1,2026-09-17,16:00 - 17:00,330000,Booked
3556_8769_17:00,3556,Trilogi Arena By Duale,8769,Padel 1,2026-09-17,17:00 - 18:00,330000,Booked
3556_8769_18:00,3556,Trilogi Arena By Duale,8769,Padel 1,2026-09-17,18:00 - 19:00,330000,Booked
3556_8769_19:00,3556,Trilogi Arena By Duale,8769,Padel 1,2026-09-17,19:00 - 20:00,330000,Booked
3556_8769_20:00,3556,Trilogi Arena By Duale,8769,Padel 1,2026-09-17,20:00 - 21:00,330000,Booked
3556_8769_21:00,3556,Trilogi Arena By Duale,8769,Padel 1,2026-09-17,21:00 - 22:00,330000,Available
3556_8769_22:00,3556,Trilogi Arena By Duale,8769,Padel 1,2026-09-17,22:00 - 23:00,330000,Available
3556_9204_06:00,3556,Trilogi Arena By Duale,9204,Padel 2,2026-09-17,06:00 - 07:00,275000,Available
3556_9204_07:00,3556,Trilogi Arena By Duale,9204,Padel 2,2026-09-17,07:00 - 08:00,275000,Available
3556_9204_08:00,3556,Trilogi Arena By Duale,9204,Padel 2,2026-09-17,08:00 - 09:00,275000,Available
3556_9204_09:00,3556,Trilogi Arena By Duale,9204,Padel 2,2026-09-17,09:00 - 10:00,275000,Available
3556_9204_10:00,3556,Trilogi Arena By Duale,9204,Padel 2,2026-09-17,10:00 - 11:00,275000,Available
3556_9204_11:00,3556,Trilogi Arena By Duale,9204,Padel 2,2026-09-17,11:00 - 12:00,275000,Available
3556_9204_12:00,3556,Trilogi Arena By Duale,9204,Padel 2,2026-09-17,12:00 - 13:00,275000,Available
3556_9204_13:00,3556,Trilogi Arena By Duale,9204,Padel 2,2026-09-17,13:00 - 14:00,275000,Available
3556_9204_14:00,3556,Trilogi Arena By Duale,9204,Padel 2,2026-09-17,14:00 - 15:00,275000,Available
3556_9204_15:00,3556,Trilogi Arena By Duale,9204,Padel 2,2026-09-17,15:00 - 16:00,275000,Available
3556_9204_16:00,3556,Trilogi Arena By Duale,9204,Padel 2,2026-09-17,16:00 - 17:00,275000,Booked
3556_9204_17:00,3556,Trilogi Arena By Duale,9204,Padel 2,2026-09-17,17:00 - 18:00,275000,Booked
3556_9204_18:00,3556,Trilogi Arena By Duale,9204,Padel 2,2026-09-17,18:00 - 19:00,275000,Available
3556_9204_19:00,3556,Trilogi Arena By Duale,9204,Padel 2,2026-09-17,19:00 - 20:00,275000,Booked
3556_9204_20:00,3556,Trilogi Arena By Duale,9204,Padel 2,2026-09-17,20:00 - 21:00,275000,Booked
3556_9204_21:00,3556,Trilogi Arena By Duale,9204,Padel 2,2026-09-17,21:00 - 22:00,275000,Available
3556_9204_22:00,3556,Trilogi Arena By Duale,9204,Padel 2,2026-09-17,22:00 - 23:00,275000,Available
3556_9205_06:00,3556,Trilogi Arena By Duale,9205,Padel 3,2026-09-17,06:00 - 07:00,275000,Booked
3556_9205_07:00,3556,Trilogi Arena By Duale,9205,Padel 3,2026-09-17,07:00 - 08:00,275000,Booked
3556_9205_08:00,3556,Trilogi Arena By Duale,9205,Padel 3,2026-09-17,08:00 - 09:00,275000,Available
3556_9205_09:00,3556,Trilogi Arena By Duale,9205,Padel 3,2026-09-17,09:00 - 10:00,275000,Available
3556_9205_10:00,3556,Trilogi Arena By Duale,9205,Padel 3,2026-09-17,10:00 - 11:00,275000,Available
3556_9205_11:00,3556,Trilogi Arena By Duale,9205,Padel 3,2026-09-17,11:00 - 12:00,275000,Available
3556_9205_12:00,3556,Trilogi Arena By Duale,9205,Padel 3,2026-09-17,12:00 - 13:00,275000,Available
3556_9205_13:00,3556,Trilogi Arena By Duale,9205,Padel 3,2026-09-17,13:00 - 14:00,275000,Available
3556_9205_14:00,3556,Trilogi Arena By Duale,9205,Padel 3,2026-09-17,14:00 - 15:00,275000,Available
3556_9205_15:00,3556,Trilogi Arena By Duale,9205,Padel 3,2026-09-17,15:00 - 16:00,275000,Available
3556_9205_16:00,3556,Trilogi Arena By Duale,9205,Padel 3,2026-09-17,16:00 - 17:00,275000,Available
3556_9205_17:00,3556,Trilogi Arena By Duale,9205,Padel 3,2026-09-17,17:00 - 18:00,275000,Available
3556_9205_18:00,3556,Trilogi Arena By Duale,9205,Padel 3,2026-09-17,18:00 - 19:00,275000,Available
3556_9205_19:00,3556,Trilogi Arena By Duale,9205,Padel 3,2026-09-17,19:00 - 20:00,275000,Booked
3556_9205_20:00,3556,Trilogi Arena By Duale,9205,Padel 3,2026-09-17,20:00 - 21:00,275000,Booked
3556_9205_21:00,3556,Trilogi Arena By Duale,9205,Padel 3,2026-09-17,21:00 - 22:00,275000,Available
3556_9205_22:00,3556,Trilogi Arena By Duale,9205,Padel 3,2026-09-17,22:00 - 23:00,275000,Available
1416_2855_07:00,1416,Dreamcourt Grafika Sport Arena Padel,2855,Grafika Sport Arena Padel,2026-09-17,07:00 - 08:00,90000,Available
1416_2855_08:00,1416,Dreamcourt Grafika Sport Arena Padel,2855,Grafika Sport Arena Padel,2026-09-17,08:00 - 09:00,90000,Booked
1416_2855_09:00,1416,Dreamcourt Grafika Sport Arena Padel,2855,Grafika Sport Arena Padel,2026-09-17,09:00 - 10:00,90000,Available
1416_2855_10:00,1416,Dreamcourt Grafika Sport Arena Padel,2855,Grafika Sport Arena Padel,2026-09-17,10:00 - 11:00,90000,Available
1416_2855_11:00,1416,Dreamcourt Grafika Sport Arena Padel,2855,Grafika Sport Arena Padel,2026-09-17,11:00 - 12:00,90000,Available
1416_2855_12:00,1416,Dreamcourt Grafika Sport Arena Padel,2855,Grafika Sport Arena Padel,2026-09-17,12:00 - 13:00,90000,Available
1416_2855_13:00,1416,Dreamcourt Grafika Sport Arena Padel,2855,Grafika Sport Arena Padel,2026-09-17,13:00 - 14:00,90000,Available
1416_2855_14:00,1416,Dreamcourt Grafika Sport Arena Padel,2855,Grafika Sport Arena Padel,2026-09-17,14:00 - 15:00,90000,Available
1416_2855_15:00,1416,Dreamcourt Grafika Sport Arena Padel,2855,Grafika Sport Arena Padel,2026-09-17,15:00 - 16:00,90000,Available
1416_2855_16:00,1416,Dreamcourt Grafika Sport Arena Padel,2855,Grafika Sport Arena Padel,2026-09-17,16:00 - 17:00,125000,Booked
1416_2855_17:00,1416,Dreamcourt Grafika Sport Arena Padel,2855,Grafika Sport Arena Padel,2026-09-17,17:00 - 18:00,125000,Booked
1416_2855_18:00,1416,Dreamcourt Grafika Sport Arena Padel,2855,Grafika Sport Arena Padel,2026-09-17,18:00 - 19:00,125000,Booked
1416_2855_19:00,1416,Dreamcourt Grafika Sport Arena Padel,2855,Grafika Sport Arena Padel,2026-09-17,19:00 - 20:00,125000,Booked
1416_2855_20:00,1416,Dreamcourt Grafika Sport Arena Padel,2855,Grafika Sport Arena Padel,2026-09-17,20:00 - 21:00,125000,Booked
1416_2855_21:00,1416,Dreamcourt Grafika Sport Arena Padel,2855,Grafika Sport Arena Padel,2026-09-17,21:00 - 22:00,125000,Booked
4482_11326_08:00,4482,Mpadl,11326,Court 1,2026-09-17,08:00 - 09:00,125000,Available
4482_11326_09:00,4482,Mpadl,11326,Court 1,2026-09-17,09:00 - 10:00,125000,Booked
4482_11326_10:00,4482,Mpadl,11326,Court 1,2026-09-17,10:00 - 11:00,125000,Booked
4482_11326_11:00,4482,Mpadl,11326,Court 1,2026-09-17,11:00 - 12:00,125000,Booked
4482_11326_12:00,4482,Mpadl,11326,Court 1,2026-09-17,12:00 - 13:00,125000,Booked
4482_11326_13:00,4482,Mpadl,11326,Court 1,2026-09-17,13:00 - 14:00,125000,Available
4482_11326_14:00,4482,Mpadl,11326,Court 1,2026-09-17,14:00 - 15:00,125000,Booked
4482_11326_15:00,4482,Mpadl,11326,Court 1,2026-09-17,15:00 - 16:00,125000,Booked
4482_11326_16:00,4482,Mpadl,11326,Court 1,2026-09-17,16:00 - 17:00,150000,Booked
4482_11326_17:00,4482,Mpadl,11326,Court 1,2026-09-17,17:00 - 18:00,150000,Available
4482_11326_18:00,4482,Mpadl,11326,Court 1,2026-09-17,18:00 - 19:00,150000,Booked
4482_11326_19:00,4482,Mpadl,11326,Court 1,2026-09-17,19:00 - 20:00,150000,Booked
4482_11326_20:00,4482,Mpadl,11326,Court 1,2026-09-17,20:00 - 21:00,150000,Booked
4482_11326_21:00,4482,Mpadl,11326,Court 1,2026-09-17,21:00 - 22:00,150000,Available
4482_11326_22:00,4482,Mpadl,11326,Court 1,2026-09-17,22:00 - 23:00,150000,Available
4482_11327_08:00,4482,Mpadl,11327,Court 2,2026-09-17,08:00 - 09:00,125000,Available
4482_11327_09:00,4482,Mpadl,11327,Court 2,2026-09-17,09:00 - 10:00,125000,Booked
4482_11327_10:00,4482,Mpadl,11327,Court 2,2026-09-17,10:00 - 11:00,125000,Booked
4482_11327_11:00,4482,Mpadl,11327,Court 2,2026-09-17,11:00 - 12:00,125000,Booked
4482_11327_12:00,4482,Mpadl,11327,Court 2,2026-09-17,12:00 - 13:00,125000,Booked
4482_11327_13:00,4482,Mpadl,11327,Court 2,2026-09-17,13:00 - 14:00,125000,Booked
4482_11327_14:00,4482,Mpadl,11327,Court 2,2026-09-17,14:00 - 15:00,125000,Booked
4482_11327_15:00,4482,Mpadl,11327,Court 2,2026-09-17,15:00 - 16:00,125000,Booked
4482_11327_16:00,4482,Mpadl,11327,Court 2,2026-09-17,16:00 - 17:00,150000,Available
4482_11327_17:00,4482,Mpadl,11327,Court 2,2026-09-17,17:00 - 18:00,150000,Booked
4482_11327_18:00,4482,Mpadl,11327,Court 2,2026-09-17,18:00 - 19:00,150000,Booked
4482_11327_19:00,4482,Mpadl,11327,Court 2,2026-09-17,19:00 - 20:00,150000,Booked
4482_11327_20:00,4482,Mpadl,11327,Court 2,2026-09-17,20:00 - 21:00,150000,Available
4482_11327_21:00,4482,Mpadl,11327,Court 2,2026-09-17,21:00 - 22:00,150000,Available
4482_11327_22:00,4482,Mpadl,11327,Court 2,2026-09-17,22:00 - 23:00,150000,Available
2848_6626_06:00,2848,Space Padel ITC Fatmawati,6626,Padel Court 1,2026-09-17,06:00 - 07:00,125000,Available
2848_6626_07:00,2848,Space Padel ITC Fatmawati,6626,Padel Court 1,2026-09-17,07:00 - 08:00,125000,Available
2848_6626_08:00,2848,Space Padel ITC Fatmawati,6626,Padel Court 1,2026-09-17,08:00 - 09:00,125000,Available
2848_6626_09:00,2848,Space Padel ITC Fatmawati,6626,Padel Court 1,2026-09-17,09:00 - 10:00,125000,Available
2848_6626_10:00,2848,Space Padel ITC Fatmawati,6626,Padel Court 1,2026-09-17,10:00 - 11:00,125000,Available
2848_6626_11:00,2848,Space Padel ITC Fatmawati,6626,Padel Court 1,2026-09-17,11:00 - 12:00,125000,Available
2848_6626_12:00,2848,Space Padel ITC Fatmawati,6626,Padel Court 1,2026-09-17,12:00 - 13:00,125000,Available
2848_6626_13:00,2848,Space Padel ITC Fatmawati,6626,Padel Court 1,2026-09-17,13:00 - 14:00,125000,Available
2848_6626_14:00,2848,Space Padel ITC Fatmawati,6626,Padel Court 1,2026-09-17,14:00 - 15:00,125000,Available
2848_6626_15:00,2848,Space Padel ITC Fatmawati,6626,Padel Court 1,2026-09-17,15:00 - 16:00,125000,Available
2848_6626_16:00,2848,Space Padel ITC Fatmawati,6626,Padel Court 1,2026-09-17,16:00 - 17:00,125000,Available
2848_6626_17:00,2848,Space Padel ITC Fatmawati,6626,Padel Court 1,2026-09-17,17:00 - 18:00,200000,Available
2848_6626_18:00,2848,Space Padel ITC Fatmawati,6626,Padel Court 1,2026-09-17,18:00 - 19:00,200000,Booked
2848_6626_19:00,2848,Space Padel ITC Fatmawati,6626,Padel Court 1,2026-09-17,19:00 - 20:00,200000,Booked
2848_6626_20:00,2848,Space Padel ITC Fatmawati,6626,Padel Court 1,2026-09-17,20:00 - 21:00,200000,Booked
2848_6626_21:00,2848,Space Padel ITC Fatmawati,6626,Padel Court 1,2026-09-17,21:00 - 22:00,185000,Booked
2848_6626_22:00,2848,Space Padel ITC Fatmawati,6626,Padel Court 1,2026-09-17,22:00 - 23:00,185000,Available
2848_6626_23:00,2848,Space Padel ITC Fatmawati,6626,Padel Court 1,2026-09-17,23:00 - 00:00,185000,Available
2848_6627_06:00,2848,Space Padel ITC Fatmawati,6627,Padel Court 2,2026-09-17,06:00 - 07:00,125000,Available
2848_6627_07:00,2848,Space Padel ITC Fatmawati,6627,Padel Court 2,2026-09-17,07:00 - 08:00,125000,Available
2848_6627_08:00,2848,Space Padel ITC Fatmawati,6627,Padel Court 2,2026-09-17,08:00 - 09:00,125000,Available
2848_6627_09:00,2848,Space Padel ITC Fatmawati,6627,Padel Court 2,2026-09-17,09:00 - 10:00,125000,Available
2848_6627_10:00,2848,Space Padel ITC Fatmawati,6627,Padel Court 2,2026-09-17,10:00 - 11:00,125000,Available
2848_6627_11:00,2848,Space Padel ITC Fatmawati,6627,Padel Court 2,2026-09-17,11:00 - 12:00,125000,Available
2848_6627_12:00,2848,Space Padel ITC Fatmawati,6627,Padel Court 2,2026-09-17,12:00 - 13:00,125000,Booked
2848_6627_13:00,2848,Space Padel ITC Fatmawati,6627,Padel Court 2,2026-09-17,13:00 - 14:00,125000,Booked
2848_6627_14:00,2848,Space Padel ITC Fatmawati,6627,Padel Court 2,2026-09-17,14:00 - 15:00,125000,Available
2848_6627_15:00,2848,Space Padel ITC Fatmawati,6627,Padel Court 2,2026-09-17,15:00 - 16:00,125000,Available
2848_6627_16:00,2848,Space Padel ITC Fatmawati,6627,Padel Court 2,2026-09-17,16:00 - 17:00,125000,Available
2848_6627_17:00,2848,Space Padel ITC Fatmawati,6627,Padel Court 2,2026-09-17,17:00 - 18:00,200000,Available
2848_6627_18:00,2848,Space Padel ITC Fatmawati,6627,Padel Court 2,2026-09-17,18:00 - 19:00,200000,Booked
2848_6627_19:00,2848,Space Padel ITC Fatmawati,6627,Padel Court 2,2026-09-17,19:00 - 20:00,200000,Booked
2848_6627_20:00,2848,Space Padel ITC Fatmawati,6627,Padel Court 2,2026-09-17,20:00 - 21:00,200000,Booked
2848_6627_21:00,2848,Space Padel ITC Fatmawati,6627,Padel Court 2,2026-09-17,21:00 - 22:00,185000,Booked
2848_6627_22:00,2848,Space Padel ITC Fatmawati,6627,Padel Court 2,2026-09-17,22:00 - 23:00,185000,Available
2848_6627_23:00,2848,Space Padel ITC Fatmawati,6627,Padel Court 2,2026-09-17,23:00 - 00:00,185000,Available
2848_6696_06:00,2848,Space Padel ITC Fatmawati,6696,Padel Court 3,2026-09-17,06:00 - 07:00,125000,Available
2848_6696_07:00,2848,Space Padel ITC Fatmawati,6696,Padel Court 3,2026-09-17,07:00 - 08:00,125000,Available
2848_6696_08:00,2848,Space Padel ITC Fatmawati,6696,Padel Court 3,2026-09-17,08:00 - 09:00,125000,Available
2848_6696_09:00,2848,Space Padel ITC Fatmawati,6696,Padel Court 3,2026-09-17,09:00 - 10:00,125000,Available
2848_6696_10:00,2848,Space Padel ITC Fatmawati,6696,Padel Court 3,2026-09-17,10:00 - 11:00,125000,Available
2848_6696_11:00,2848,Space Padel ITC Fatmawati,6696,Padel Court 3,2026-09-17,11:00 - 12:00,125000,Available
2848_6696_12:00,2848,Space Padel ITC Fatmawati,6696,Padel Court 3,2026-09-17,12:00 - 13:00,125000,Available
2848_6696_13:00,2848,Space Padel ITC Fatmawati,6696,Padel Court 3,2026-09-17,13:00 - 14:00,125000,Available
2848_6696_14:00,2848,Space Padel ITC Fatmawati,6696,Padel Court 3,2026-09-17,14:00 - 15:00,125000,Available
2848_6696_15:00,2848,Space Padel ITC Fatmawati,6696,Padel Court 3,2026-09-17,15:00 - 16:00,125000,Available
2848_6696_16:00,2848,Space Padel ITC Fatmawati,6696,Padel Court 3,2026-09-17,16:00 - 17:00,125000,Available
2848_6696_17:00,2848,Space Padel ITC Fatmawati,6696,Padel Court 3,2026-09-17,17:00 - 18:00,200000,Available
2848_6696_18:00,2848,Space Padel ITC Fatmawati,6696,Padel Court 3,2026-09-17,18:00 - 19:00,200000,Booked
2848_6696_19:00,2848,Space Padel ITC Fatmawati,6696,Padel Court 3,2026-09-17,19:00 - 20:00,200000,Booked
2848_6696_20:00,2848,Space Padel ITC Fatmawati,6696,Padel Court 3,2026-09-17,20:00 - 21:00,200000,Available
2848_6696_21:00,2848,Space Padel ITC Fatmawati,6696,Padel Court 3,2026-09-17,21:00 - 22:00,185000,Available
2848_6696_22:00,2848,Space Padel ITC Fatmawati,6696,Padel Court 3,2026-09-17,22:00 - 23:00,185000,Available
2848_6696_23:00,2848,Space Padel ITC Fatmawati,6696,Padel Court 3,2026-09-17,23:00 - 00:00,185000,Available
1711_6204_06:00,1711,Orion Padel Court,6204,Elevated D,2026-09-17,06:00 - 07:00,125000,Available
1711_6204_07:00,1711,Orion Padel Court,6204,Elevated D,2026-09-17,07:00 - 08:00,125000,Available
1711_6204_08:00,1711,Orion Padel Court,6204,Elevated D,2026-09-17,08:00 - 09:00,125000,Available
1711_6204_09:00,1711,Orion Padel Court,6204,Elevated D,2026-09-17,09:00 - 10:00,125000,Available
1711_6204_10:00,1711,Orion Padel Court,6204,Elevated D,2026-09-17,10:00 - 11:00,125000,Available
1711_6204_11:00,1711,Orion Padel Court,6204,Elevated D,2026-09-17,11:00 - 12:00,125000,Available
1711_6204_12:00,1711,Orion Padel Court,6204,Elevated D,2026-09-17,12:00 - 13:00,125000,Available
1711_6204_13:00,1711,Orion Padel Court,6204,Elevated D,2026-09-17,13:00 - 14:00,125000,Available
1711_6204_14:00,1711,Orion Padel Court,6204,Elevated D,2026-09-17,14:00 - 15:00,125000,Available
1711_6204_15:00,1711,Orion Padel Court,6204,Elevated D,2026-09-17,15:00 - 16:00,125000,Available
1711_6204_16:00,1711,Orion Padel Court,6204,Elevated D,2026-09-17,16:00 - 17:00,125000,Available
1711_6204_17:00,1711,Orion Padel Court,6204,Elevated D,2026-09-17,17:00 - 18:00,125000,Available
1711_6204_18:00,1711,Orion Padel Court,6204,Elevated D,2026-09-17,18:00 - 19:00,125000,Available
1711_6204_19:00,1711,Orion Padel Court,6204,Elevated D,2026-09-17,19:00 - 20:00,125000,Booked
1711_6204_20:00,1711,Orion Padel Court,6204,Elevated D,2026-09-17,20:00 - 21:00,125000,Booked
1711_6204_21:00,1711,Orion Padel Court,6204,Elevated D,2026-09-17,21:00 - 22:00,125000,Booked
1711_6204_22:00,1711,Orion Padel Court,6204,Elevated D,2026-09-17,22:00 - 23:00,125000,Available
1711_6204_23:00,1711,Orion Padel Court,6204,Elevated D,2026-09-17,23:00 - 00:00,125000,Available
1711_6205_06:00,1711,Orion Padel Court,6205,Elevated E,2026-09-17,06:00 - 07:00,125000,Available
1711_6205_07:00,1711,Orion Padel Court,6205,Elevated E,2026-09-17,07:00 - 08:00,125000,Available
1711_6205_08:00,1711,Orion Padel Court,6205,Elevated E,2026-09-17,08:00 - 09:00,125000,Available
1711_6205_09:00,1711,Orion Padel Court,6205,Elevated E,2026-09-17,09:00 - 10:00,125000,Available
1711_6205_10:00,1711,Orion Padel Court,6205,Elevated E,2026-09-17,10:00 - 11:00,125000,Available
1711_6205_11:00,1711,Orion Padel Court,6205,Elevated E,2026-09-17,11:00 - 12:00,125000,Available
1711_6205_12:00,1711,Orion Padel Court,6205,Elevated E,2026-09-17,12:00 - 13:00,125000,Available
1711_6205_13:00,1711,Orion Padel Court,6205,Elevated E,2026-09-17,13:00 - 14:00,125000,Available
1711_6205_14:00,1711,Orion Padel Court,6205,Elevated E,2026-09-17,14:00 - 15:00,125000,Available
1711_6205_15:00,1711,Orion Padel Court,6205,Elevated E,2026-09-17,15:00 - 16:00,125000,Available
1711_6205_16:00,1711,Orion Padel Court,6205,Elevated E,2026-09-17,16:00 - 17:00,125000,Available
1711_6205_17:00,1711,Orion Padel Court,6205,Elevated E,2026-09-17,17:00 - 18:00,125000,Available
1711_6205_18:00,1711,Orion Padel Court,6205,Elevated E,2026-09-17,18:00 - 19:00,125000,Available
1711_6205_19:00,1711,Orion Padel Court,6205,Elevated E,2026-09-17,19:00 - 20:00,125000,Booked
1711_6205_20:00,1711,Orion Padel Court,6205,Elevated E,2026-09-17,20:00 - 21:00,125000,Booked
1711_6205_21:00,1711,Orion Padel Court,6205,Elevated E,2026-09-17,21:00 - 22:00,125000,Booked
1711_6205_22:00,1711,Orion Padel Court,6205,Elevated E,2026-09-17,22:00 - 23:00,125000,Available
1711_6205_23:00,1711,Orion Padel Court,6205,Elevated E,2026-09-17,23:00 - 00:00,125000,Available
3490_8672_06:00,3490,Padel Parc MT Haryono By DOOgether,8672,Court A,2026-09-17,06:00 - 07:00,250000,Available
3490_8672_07:00,3490,Padel Parc MT Haryono By DOOgether,8672,Court A,2026-09-17,07:00 - 08:00,250000,Available
3490_8672_08:00,3490,Padel Parc MT Haryono By DOOgether,8672,Court A,2026-09-17,08:00 - 09:00,250000,Available
3490_8672_09:00,3490,Padel Parc MT Haryono By DOOgether,8672,Court A,2026-09-17,09:00 - 10:00,250000,Available
3490_8672_10:00,3490,Padel Parc MT Haryono By DOOgether,8672,Court A,2026-09-17,10:00 - 11:00,250000,Available
3490_8672_11:00,3490,Padel Parc MT Haryono By DOOgether,8672,Court A,2026-09-17,11:00 - 12:00,250000,Available
3490_8672_12:00,3490,Padel Parc MT Haryono By DOOgether,8672,Court A,2026-09-17,12:00 - 13:00,250000,Available
3490_8672_13:00,3490,Padel Parc MT Haryono By DOOgether,8672,Court A,2026-09-17,13:00 - 14:00,250000,Available
3490_8672_14:00,3490,Padel Parc MT Haryono By DOOgether,8672,Court A,2026-09-17,14:00 - 15:00,250000,Booked
3490_8672_15:00,3490,Padel Parc MT Haryono By DOOgether,8672,Court A,2026-09-17,15:00 - 16:00,250000,Booked
3490_8672_16:00,3490,Padel Parc MT Haryono By DOOgether,8672,Court A,2026-09-17,16:00 - 17:00,250000,Available
3490_8672_17:00,3490,Padel Parc MT Haryono By DOOgether,8672,Court A,2026-09-17,17:00 - 18:00,250000,Booked
3490_8672_18:00,3490,Padel Parc MT Haryono By DOOgether,8672,Court A,2026-09-17,18:00 - 19:00,400000,Booked
3490_8672_19:00,3490,Padel Parc MT Haryono By DOOgether,8672,Court A,2026-09-17,19:00 - 20:00,400000,Booked
3490_8672_20:00,3490,Padel Parc MT Haryono By DOOgether,8672,Court A,2026-09-17,20:00 - 21:00,400000,Booked
3490_8672_21:00,3490,Padel Parc MT Haryono By DOOgether,8672,Court A,2026-09-17,21:00 - 22:00,400000,Booked
3490_8672_22:00,3490,Padel Parc MT Haryono By DOOgether,8672,Court A,2026-09-17,22:00 - 23:00,250000,Booked
3490_8672_23:00,3490,Padel Parc MT Haryono By DOOgether,8672,Court A,2026-09-17,23:00 - 00:00,250000,Booked
3490_8673_06:00,3490,Padel Parc MT Haryono By DOOgether,8673,Court B,2026-09-17,06:00 - 07:00,250000,Available
3490_8673_07:00,3490,Padel Parc MT Haryono By DOOgether,8673,Court B,2026-09-17,07:00 - 08:00,250000,Available
3490_8673_08:00,3490,Padel Parc MT Haryono By DOOgether,8673,Court B,2026-09-17,08:00 - 09:00,250000,Booked
3490_8673_09:00,3490,Padel Parc MT Haryono By DOOgether,8673,Court B,2026-09-17,09:00 - 10:00,250000,Booked
3490_8673_10:00,3490,Padel Parc MT Haryono By DOOgether,8673,Court B,2026-09-17,10:00 - 11:00,250000,Available
3490_8673_11:00,3490,Padel Parc MT Haryono By DOOgether,8673,Court B,2026-09-17,11:00 - 12:00,250000,Available
3490_8673_12:00,3490,Padel Parc MT Haryono By DOOgether,8673,Court B,2026-09-17,12:00 - 13:00,250000,Available
3490_8673_13:00,3490,Padel Parc MT Haryono By DOOgether,8673,Court B,2026-09-17,13:00 - 14:00,250000,Available
3490_8673_14:00,3490,Padel Parc MT Haryono By DOOgether,8673,Court B,2026-09-17,14:00 - 15:00,250000,Available
3490_8673_15:00,3490,Padel Parc MT Haryono By DOOgether,8673,Court B,2026-09-17,15:00 - 16:00,250000,Available
3490_8673_16:00,3490,Padel Parc MT Haryono By DOOgether,8673,Court B,2026-09-17,16:00 - 17:00,250000,Booked
3490_8673_17:00,3490,Padel Parc MT Haryono By DOOgether,8673,Court B,2026-09-17,17:00 - 18:00,250000,Booked
3490_8673_18:00,3490,Padel Parc MT Haryono By DOOgether,8673,Court B,2026-09-17,18:00 - 19:00,400000,Booked
3490_8673_19:00,3490,Padel Parc MT Haryono By DOOgether,8673,Court B,2026-09-17,19:00 - 20:00,400000,Available
3490_8673_20:00,3490,Padel Parc MT Haryono By DOOgether,8673,Court B,2026-09-17,20:00 - 21:00,400000,Booked
3490_8673_21:00,3490,Padel Parc MT Haryono By DOOgether,8673,Court B,2026-09-17,21:00 - 22:00,400000,Booked
3490_8673_22:00,3490,Padel Parc MT Haryono By DOOgether,8673,Court B,2026-09-17,22:00 - 23:00,250000,Booked
3490_8673_23:00,3490,Padel Parc MT Haryono By DOOgether,8673,Court B,2026-09-17,23:00 - 00:00,250000,Booked
3490_8676_06:00,3490,Padel Parc MT Haryono By DOOgether,8676,Court C,2026-09-17,06:00 - 07:00,250000,Available
3490_8676_07:00,3490,Padel Parc MT Haryono By DOOgether,8676,Court C,2026-09-17,07:00 - 08:00,250000,Available
3490_8676_08:00,3490,Padel Parc MT Haryono By DOOgether,8676,Court C,2026-09-17,08:00 - 09:00,250000,Booked
3490_8676_09:00,3490,Padel Parc MT Haryono By DOOgether,8676,Court C,2026-09-17,09:00 - 10:00,250000,Booked
3490_8676_10:00,3490,Padel Parc MT Haryono By DOOgether,8676,Court C,2026-09-17,10:00 - 11:00,250000,Available
3490_8676_11:00,3490,Padel Parc MT Haryono By DOOgether,8676,Court C,2026-09-17,11:00 - 12:00,250000,Available
3490_8676_12:00,3490,Padel Parc MT Haryono By DOOgether,8676,Court C,2026-09-17,12:00 - 13:00,250000,Available
3490_8676_13:00,3490,Padel Parc MT Haryono By DOOgether,8676,Court C,2026-09-17,13:00 - 14:00,250000,Available
3490_8676_14:00,3490,Padel Parc MT Haryono By DOOgether,8676,Court C,2026-09-17,14:00 - 15:00,250000,Booked
3490_8676_15:00,3490,Padel Parc MT Haryono By DOOgether,8676,Court C,2026-09-17,15:00 - 16:00,250000,Available
3490_8676_16:00,3490,Padel Parc MT Haryono By DOOgether,8676,Court C,2026-09-17,16:00 - 17:00,250000,Available
3490_8676_17:00,3490,Padel Parc MT Haryono By DOOgether,8676,Court C,2026-09-17,17:00 - 18:00,250000,Booked
3490_8676_18:00,3490,Padel Parc MT Haryono By DOOgether,8676,Court C,2026-09-17,18:00 - 19:00,400000,Booked
3490_8676_19:00,3490,Padel Parc MT Haryono By DOOgether,8676,Court C,2026-09-17,19:00 - 20:00,400000,Available
3490_8676_20:00,3490,Padel Parc MT Haryono By DOOgether,8676,Court C,2026-09-17,20:00 - 21:00,400000,Booked
3490_8676_21:00,3490,Padel Parc MT Haryono By DOOgether,8676,Court C,2026-09-17,21:00 - 22:00,400000,Booked
3490_8676_22:00,3490,Padel Parc MT Haryono By DOOgether,8676,Court C,2026-09-17,22:00 - 23:00,250000,Booked
3490_8676_23:00,3490,Padel Parc MT Haryono By DOOgether,8676,Court C,2026-09-17,23:00 - 00:00,250000,Booked
1259_8457_07:00,1259,Metro Sport Center Melawai,8457,Padel,2026-09-17,07:00 - 08:00,90000,Available
1259_8457_08:00,1259,Metro Sport Center Melawai,8457,Padel,2026-09-17,08:00 - 09:00,90000,Available
1259_8457_09:00,1259,Metro Sport Center Melawai,8457,Padel,2026-09-17,09:00 - 10:00,90000,Available
1259_8457_10:00,1259,Metro Sport Center Melawai,8457,Padel,2026-09-17,10:00 - 11:00,90000,Available
1259_8457_11:00,1259,Metro Sport Center Melawai,8457,Padel,2026-09-17,11:00 - 12:00,90000,Available
1259_8457_12:00,1259,Metro Sport Center Melawai,8457,Padel,2026-09-17,12:00 - 13:00,50000,Booked
1259_8457_13:00,1259,Metro Sport Center Melawai,8457,Padel,2026-09-17,13:00 - 14:00,50000,Available
1259_8457_14:00,1259,Metro Sport Center Melawai,8457,Padel,2026-09-17,14:00 - 15:00,50000,Available
1259_8457_15:00,1259,Metro Sport Center Melawai,8457,Padel,2026-09-17,15:00 - 16:00,50000,Available
1259_8457_16:00,1259,Metro Sport Center Melawai,8457,Padel,2026-09-17,16:00 - 17:00,175000,Available
1259_8457_17:00,1259,Metro Sport Center Melawai,8457,Padel,2026-09-17,17:00 - 18:00,175000,Booked
1259_8457_18:00,1259,Metro Sport Center Melawai,8457,Padel,2026-09-17,18:00 - 19:00,175000,Booked
1259_8457_19:00,1259,Metro Sport Center Melawai,8457,Padel,2026-09-17,19:00 - 20:00,175000,Booked
1259_8457_20:00,1259,Metro Sport Center Melawai,8457,Padel,2026-09-17,20:00 - 21:00,175000,Booked
1259_8457_21:00,1259,Metro Sport Center Melawai,8457,Padel,2026-09-17,21:00 - 22:00,175000,Available
1259_8457_22:00,1259,Metro Sport Center Melawai,8457,Padel,2026-09-17,22:00 - 23:00,175000,Available
1259_2277_07:00,1259,Metro Sport Center Melawai,2277,Lapangan 2,2026-09-17,07:00 - 08:00,100000,Available
1259_2277_08:00,1259,Metro Sport Center Melawai,2277,Lapangan 2,2026-09-17,08:00 - 09:00,100000,Available
1259_2277_09:00,1259,Metro Sport Center Melawai,2277,Lapangan 2,2026-09-17,09:00 - 10:00,100000,Available
1259_2277_10:00,1259,Metro Sport Center Melawai,2277,Lapangan 2,2026-09-17,10:00 - 11:00,100000,Available
1259_2277_11:00,1259,Metro Sport Center Melawai,2277,Lapangan 2,2026-09-17,11:00 - 12:00,100000,Available
1259_2277_12:00,1259,Metro Sport Center Melawai,2277,Lapangan 2,2026-09-17,12:00 - 13:00,100000,Available
1259_2277_13:00,1259,Metro Sport Center Melawai,2277,Lapangan 2,2026-09-17,13:00 - 14:00,100000,Available
1259_2277_14:00,1259,Metro Sport Center Melawai,2277,Lapangan 2,2026-09-17,14:00 - 15:00,100000,Available
1259_2277_15:00,1259,Metro Sport Center Melawai,2277,Lapangan 2,2026-09-17,15:00 - 16:00,100000,Available
1259_2277_16:00,1259,Metro Sport Center Melawai,2277,Lapangan 2,2026-09-17,16:00 - 17:00,100000,Available
1259_2277_17:00,1259,Metro Sport Center Melawai,2277,Lapangan 2,2026-09-17,17:00 - 18:00,100000,Booked
1259_2277_18:00,1259,Metro Sport Center Melawai,2277,Lapangan 2,2026-09-17,18:00 - 19:00,100000,Booked
1259_2277_19:00,1259,Metro Sport Center Melawai,2277,Lapangan 2,2026-09-17,19:00 - 20:00,100000,Booked
1259_2277_20:00,1259,Metro Sport Center Melawai,2277,Lapangan 2,2026-09-17,20:00 - 21:00,100000,Booked
1259_2277_21:00,1259,Metro Sport Center Melawai,2277,Lapangan 2,2026-09-17,21:00 - 22:00,100000,Booked
1259_2277_22:00,1259,Metro Sport Center Melawai,2277,Lapangan 2,2026-09-17,22:00 - 23:00,100000,Booked
1259_2278_07:00,1259,Metro Sport Center Melawai,2278,Lapangan 3,2026-09-17,07:00 - 08:00,100000,Available
1259_2278_08:00,1259,Metro Sport Center Melawai,2278,Lapangan 3,2026-09-17,08:00 - 09:00,100000,Available
1259_2278_09:00,1259,Metro Sport Center Melawai,2278,Lapangan 3,2026-09-17,09:00 - 10:00,100000,Available
1259_2278_10:00,1259,Metro Sport Center Melawai,2278,Lapangan 3,2026-09-17,10:00 - 11:00,100000,Available
1259_2278_11:00,1259,Metro Sport Center Melawai,2278,Lapangan 3,2026-09-17,11:00 - 12:00,100000,Available
1259_2278_12:00,1259,Metro Sport Center Melawai,2278,Lapangan 3,2026-09-17,12:00 - 13:00,100000,Available
1259_2278_13:00,1259,Metro Sport Center Melawai,2278,Lapangan 3,2026-09-17,13:00 - 14:00,100000,Available
1259_2278_14:00,1259,Metro Sport Center Melawai,2278,Lapangan 3,2026-09-17,14:00 - 15:00,100000,Available
1259_2278_15:00,1259,Metro Sport Center Melawai,2278,Lapangan 3,2026-09-17,15:00 - 16:00,100000,Available
1259_2278_16:00,1259,Metro Sport Center Melawai,2278,Lapangan 3,2026-09-17,16:00 - 17:00,100000,Available
1259_2278_17:00,1259,Metro Sport Center Melawai,2278,Lapangan 3,2026-09-17,17:00 - 18:00,100000,Booked
1259_2278_18:00,1259,Metro Sport Center Melawai,2278,Lapangan 3,2026-09-17,18:00 - 19:00,100000,Booked
1259_2278_19:00,1259,Metro Sport Center Melawai,2278,Lapangan 3,2026-09-17,19:00 - 20:00,100000,Booked
1259_2278_20:00,1259,Metro Sport Center Melawai,2278,Lapangan 3,2026-09-17,20:00 - 21:00,100000,Booked
1259_2278_21:00,1259,Metro Sport Center Melawai,2278,Lapangan 3,2026-09-17,21:00 - 22:00,100000,Booked
1259_2278_22:00,1259,Metro Sport Center Melawai,2278,Lapangan 3,2026-09-17,22:00 - 23:00,100000,Booked
1259_2279_07:00,1259,Metro Sport Center Melawai,2279,Lapangan 4,2026-09-17,07:00 - 08:00,100000,Available
1259_2279_08:00,1259,Metro Sport Center Melawai,2279,Lapangan 4,2026-09-17,08:00 - 09:00,100000,Available
1259_2279_09:00,1259,Metro Sport Center Melawai,2279,Lapangan 4,2026-09-17,09:00 - 10:00,100000,Available
1259_2279_10:00,1259,Metro Sport Center Melawai,2279,Lapangan 4,2026-09-17,10:00 - 11:00,100000,Available
1259_2279_11:00,1259,Metro Sport Center Melawai,2279,Lapangan 4,2026-09-17,11:00 - 12:00,100000,Available
1259_2279_12:00,1259,Metro Sport Center Melawai,2279,Lapangan 4,2026-09-17,12:00 - 13:00,100000,Available
1259_2279_13:00,1259,Metro Sport Center Melawai,2279,Lapangan 4,2026-09-17,13:00 - 14:00,100000,Available
1259_2279_14:00,1259,Metro Sport Center Melawai,2279,Lapangan 4,2026-09-17,14:00 - 15:00,100000,Available
1259_2279_15:00,1259,Metro Sport Center Melawai,2279,Lapangan 4,2026-09-17,15:00 - 16:00,100000,Available
1259_2279_16:00,1259,Metro Sport Center Melawai,2279,Lapangan 4,2026-09-17,16:00 - 17:00,100000,Available
1259_2279_17:00,1259,Metro Sport Center Melawai,2279,Lapangan 4,2026-09-17,17:00 - 18:00,100000,Booked
1259_2279_18:00,1259,Metro Sport Center Melawai,2279,Lapangan 4,2026-09-17,18:00 - 19:00,100000,Booked
1259_2279_19:00,1259,Metro Sport Center Melawai,2279,Lapangan 4,2026-09-17,19:00 - 20:00,100000,Booked
1259_2279_20:00,1259,Metro Sport Center Melawai,2279,Lapangan 4,2026-09-17,20:00 - 21:00,100000,Booked
1259_2279_21:00,1259,Metro Sport Center Melawai,2279,Lapangan 4,2026-09-17,21:00 - 22:00,100000,Booked
1259_2279_22:00,1259,Metro Sport Center Melawai,2279,Lapangan 4,2026-09-17,22:00 - 23:00,100000,Available
3216_7784_07:00,3216,AIR Padel Active,7784,Court 1 Air Conditioner,2026-09-17,07:00 - 08:00,175000,Available
3216_7784_08:00,3216,AIR Padel Active,7784,Court 1 Air Conditioner,2026-09-17,08:00 - 09:00,175000,Available
3216_7784_09:00,3216,AIR Padel Active,7784,Court 1 Air Conditioner,2026-09-17,09:00 - 10:00,175000,Available
3216_7784_10:00,3216,AIR Padel Active,7784,Court 1 Air Conditioner,2026-09-17,10:00 - 11:00,175000,Booked
3216_7784_11:00,3216,AIR Padel Active,7784,Court 1 Air Conditioner,2026-09-17,11:00 - 12:00,175000,Booked
3216_7784_12:00,3216,AIR Padel Active,7784,Court 1 Air Conditioner,2026-09-17,12:00 - 13:00,175000,Available
3216_7784_13:00,3216,AIR Padel Active,7784,Court 1 Air Conditioner,2026-09-17,13:00 - 14:00,175000,Available
3216_7784_14:00,3216,AIR Padel Active,7784,Court 1 Air Conditioner,2026-09-17,14:00 - 15:00,175000,Available
3216_7784_15:00,3216,AIR Padel Active,7784,Court 1 Air Conditioner,2026-09-17,15:00 - 16:00,225000,Available
3216_7784_16:00,3216,AIR Padel Active,7784,Court 1 Air Conditioner,2026-09-17,16:00 - 17:00,225000,Available
3216_7784_17:00,3216,AIR Padel Active,7784,Court 1 Air Conditioner,2026-09-17,17:00 - 18:00,225000,Available
3216_7784_18:00,3216,AIR Padel Active,7784,Court 1 Air Conditioner,2026-09-17,18:00 - 19:00,225000,Available
3216_7784_19:00,3216,AIR Padel Active,7784,Court 1 Air Conditioner,2026-09-17,19:00 - 20:00,225000,Booked
3216_7784_20:00,3216,AIR Padel Active,7784,Court 1 Air Conditioner,2026-09-17,20:00 - 21:00,225000,Available
3216_9193_07:00,3216,AIR Padel Active,9193,Court 2 Air Conditioner,2026-09-17,07:00 - 08:00,175000,Available
3216_9193_08:00,3216,AIR Padel Active,9193,Court 2 Air Conditioner,2026-09-17,08:00 - 09:00,175000,Available
3216_9193_09:00,3216,AIR Padel Active,9193,Court 2 Air Conditioner,2026-09-17,09:00 - 10:00,175000,Available
3216_9193_10:00,3216,AIR Padel Active,9193,Court 2 Air Conditioner,2026-09-17,10:00 - 11:00,175000,Booked
3216_9193_11:00,3216,AIR Padel Active,9193,Court 2 Air Conditioner,2026-09-17,11:00 - 12:00,175000,Booked
3216_9193_12:00,3216,AIR Padel Active,9193,Court 2 Air Conditioner,2026-09-17,12:00 - 13:00,175000,Available
3216_9193_13:00,3216,AIR Padel Active,9193,Court 2 Air Conditioner,2026-09-17,13:00 - 14:00,175000,Available
3216_9193_14:00,3216,AIR Padel Active,9193,Court 2 Air Conditioner,2026-09-17,14:00 - 15:00,175000,Available
3216_9193_15:00,3216,AIR Padel Active,9193,Court 2 Air Conditioner,2026-09-17,15:00 - 16:00,225000,Available
3216_9193_16:00,3216,AIR Padel Active,9193,Court 2 Air Conditioner,2026-09-17,16:00 - 17:00,225000,Available
3216_9193_17:00,3216,AIR Padel Active,9193,Court 2 Air Conditioner,2026-09-17,17:00 - 18:00,225000,Available
3216_9193_18:00,3216,AIR Padel Active,9193,Court 2 Air Conditioner,2026-09-17,18:00 - 19:00,225000,Available
3216_9193_19:00,3216,AIR Padel Active,9193,Court 2 Air Conditioner,2026-09-17,19:00 - 20:00,225000,Booked
3216_9193_20:00,3216,AIR Padel Active,9193,Court 2 Air Conditioner,2026-09-17,20:00 - 21:00,225000,Booked
3216_9194_07:00,3216,AIR Padel Active,9194,Court 3 Air Conditioner,2026-09-17,07:00 - 08:00,175000,Available
3216_9194_08:00,3216,AIR Padel Active,9194,Court 3 Air Conditioner,2026-09-17,08:00 - 09:00,175000,Available
3216_9194_09:00,3216,AIR Padel Active,9194,Court 3 Air Conditioner,2026-09-17,09:00 - 10:00,175000,Available
3216_9194_10:00,3216,AIR Padel Active,9194,Court 3 Air Conditioner,2026-09-17,10:00 - 11:00,175000,Booked
3216_9194_11:00,3216,AIR Padel Active,9194,Court 3 Air Conditioner,2026-09-17,11:00 - 12:00,175000,Booked
3216_9194_12:00,3216,AIR Padel Active,9194,Court 3 Air Conditioner,2026-09-17,12:00 - 13:00,175000,Available
3216_9194_13:00,3216,AIR Padel Active,9194,Court 3 Air Conditioner,2026-09-17,13:00 - 14:00,175000,Available
3216_9194_14:00,3216,AIR Padel Active,9194,Court 3 Air Conditioner,2026-09-17,14:00 - 15:00,175000,Available
3216_9194_15:00,3216,AIR Padel Active,9194,Court 3 Air Conditioner,2026-09-17,15:00 - 16:00,225000,Available
3216_9194_16:00,3216,AIR Padel Active,9194,Court 3 Air Conditioner,2026-09-17,16:00 - 17:00,225000,Available
3216_9194_17:00,3216,AIR Padel Active,9194,Court 3 Air Conditioner,2026-09-17,17:00 - 18:00,225000,Available
3216_9194_18:00,3216,AIR Padel Active,9194,Court 3 Air Conditioner,2026-09-17,18:00 - 19:00,225000,Available
3216_9194_19:00,3216,AIR Padel Active,9194,Court 3 Air Conditioner,2026-09-17,19:00 - 20:00,225000,Booked
3216_9194_20:00,3216,AIR Padel Active,9194,Court 3 Air Conditioner,2026-09-17,20:00 - 21:00,225000,Booked
3216_9195_07:00,3216,AIR Padel Active,9195,Court 4 Non AC,2026-09-17,07:00 - 08:00,125000,Booked
3216_9195_08:00,3216,AIR Padel Active,9195,Court 4 Non AC,2026-09-17,08:00 - 09:00,125000,Booked
3216_9195_09:00,3216,AIR Padel Active,9195,Court 4 Non AC,2026-09-17,09:00 - 10:00,125000,Booked
3216_9195_10:00,3216,AIR Padel Active,9195,Court 4 Non AC,2026-09-17,10:00 - 11:00,125000,Available
3216_9195_11:00,3216,AIR Padel Active,9195,Court 4 Non AC,2026-09-17,11:00 - 12:00,125000,Available
3216_9195_12:00,3216,AIR Padel Active,9195,Court 4 Non AC,2026-09-17,12:00 - 13:00,125000,Available
3216_9195_13:00,3216,AIR Padel Active,9195,Court 4 Non AC,2026-09-17,13:00 - 14:00,125000,Available
3216_9195_14:00,3216,AIR Padel Active,9195,Court 4 Non AC,2026-09-17,14:00 - 15:00,125000,Available
3216_9195_15:00,3216,AIR Padel Active,9195,Court 4 Non AC,2026-09-17,15:00 - 16:00,175000,Available
3216_9195_16:00,3216,AIR Padel Active,9195,Court 4 Non AC,2026-09-17,16:00 - 17:00,175000,Available
3216_9195_17:00,3216,AIR Padel Active,9195,Court 4 Non AC,2026-09-17,17:00 - 18:00,175000,Available
3216_9195_18:00,3216,AIR Padel Active,9195,Court 4 Non AC,2026-09-17,18:00 - 19:00,175000,Available
3216_9195_19:00,3216,AIR Padel Active,9195,Court 4 Non AC,2026-09-17,19:00 - 20:00,175000,Booked
3216_9195_20:00,3216,AIR Padel Active,9195,Court 4 Non AC,2026-09-17,20:00 - 21:00,175000,Booked
3216_9196_07:00,3216,AIR Padel Active,9196,Court 5 Non AC,2026-09-17,07:00 - 08:00,125000,Available
3216_9196_08:00,3216,AIR Padel Active,9196,Court 5 Non AC,2026-09-17,08:00 - 09:00,125000,Available
3216_9196_09:00,3216,AIR Padel Active,9196,Court 5 Non AC,2026-09-17,09:00 - 10:00,125000,Available
3216_9196_10:00,3216,AIR Padel Active,9196,Court 5 Non AC,2026-09-17,10:00 - 11:00,125000,Available
3216_9196_11:00,3216,AIR Padel Active,9196,Court 5 Non AC,2026-09-17,11:00 - 12:00,125000,Available
3216_9196_12:00,3216,AIR Padel Active,9196,Court 5 Non AC,2026-09-17,12:00 - 13:00,125000,Available
3216_9196_13:00,3216,AIR Padel Active,9196,Court 5 Non AC,2026-09-17,13:00 - 14:00,125000,Available
3216_9196_14:00,3216,AIR Padel Active,9196,Court 5 Non AC,2026-09-17,14:00 - 15:00,125000,Available
3216_9196_15:00,3216,AIR Padel Active,9196,Court 5 Non AC,2026-09-17,15:00 - 16:00,175000,Available
3216_9196_16:00,3216,AIR Padel Active,9196,Court 5 Non AC,2026-09-17,16:00 - 17:00,175000,Available
3216_9196_17:00,3216,AIR Padel Active,9196,Court 5 Non AC,2026-09-17,17:00 - 18:00,175000,Available
3216_9196_18:00,3216,AIR Padel Active,9196,Court 5 Non AC,2026-09-17,18:00 - 19:00,175000,Available
3216_9196_19:00,3216,AIR Padel Active,9196,Court 5 Non AC,2026-09-17,19:00 - 20:00,175000,Booked
3216_9196_20:00,3216,AIR Padel Active,9196,Court 5 Non AC,2026-09-17,20:00 - 21:00,175000,Booked
3216_9197_07:00,3216,AIR Padel Active,9197,Court 6 Non AC,2026-09-17,07:00 - 08:00,125000,Available
3216_9197_08:00,3216,AIR Padel Active,9197,Court 6 Non AC,2026-09-17,08:00 - 09:00,125000,Available
3216_9197_09:00,3216,AIR Padel Active,9197,Court 6 Non AC,2026-09-17,09:00 - 10:00,125000,Booked
3216_9197_10:00,3216,AIR Padel Active,9197,Court 6 Non AC,2026-09-17,10:00 - 11:00,125000,Booked
3216_9197_11:00,3216,AIR Padel Active,9197,Court 6 Non AC,2026-09-17,11:00 - 12:00,125000,Available
3216_9197_12:00,3216,AIR Padel Active,9197,Court 6 Non AC,2026-09-17,12:00 - 13:00,125000,Available
3216_9197_13:00,3216,AIR Padel Active,9197,Court 6 Non AC,2026-09-17,13:00 - 14:00,125000,Available
3216_9197_14:00,3216,AIR Padel Active,9197,Court 6 Non AC,2026-09-17,14:00 - 15:00,125000,Available
3216_9197_15:00,3216,AIR Padel Active,9197,Court 6 Non AC,2026-09-17,15:00 - 16:00,175000,Available
3216_9197_16:00,3216,AIR Padel Active,9197,Court 6 Non AC,2026-09-17,16:00 - 17:00,175000,Available
3216_9197_17:00,3216,AIR Padel Active,9197,Court 6 Non AC,2026-09-17,17:00 - 18:00,175000,Available
3216_9197_18:00,3216,AIR Padel Active,9197,Court 6 Non AC,2026-09-17,18:00 - 19:00,175000,Available
3216_9197_19:00,3216,AIR Padel Active,9197,Court 6 Non AC,2026-09-17,19:00 - 20:00,175000,Available
3216_9197_20:00,3216,AIR Padel Active,9197,Court 6 Non AC,2026-09-17,20:00 - 21:00,175000,Available
4157_10282_06:00,4157,Grand Sports Padel,10282,Lapangan 1,2026-09-17,06:00 - 07:00,250000,Available
4157_10282_07:00,4157,Grand Sports Padel,10282,Lapangan 1,2026-09-17,07:00 - 08:00,250000,Booked
4157_10282_08:00,4157,Grand Sports Padel,10282,Lapangan 1,2026-09-17,08:00 - 09:00,250000,Booked
4157_10282_09:00,4157,Grand Sports Padel,10282,Lapangan 1,2026-09-17,09:00 - 10:00,250000,Booked
4157_10282_10:00,4157,Grand Sports Padel,10282,Lapangan 1,2026-09-17,10:00 - 11:00,250000,Available
4157_10282_11:00,4157,Grand Sports Padel,10282,Lapangan 1,2026-09-17,11:00 - 12:00,250000,Available
4157_10282_12:00,4157,Grand Sports Padel,10282,Lapangan 1,2026-09-17,12:00 - 13:00,250000,Available
4157_10282_13:00,4157,Grand Sports Padel,10282,Lapangan 1,2026-09-17,13:00 - 14:00,250000,Available
4157_10282_14:00,4157,Grand Sports Padel,10282,Lapangan 1,2026-09-17,14:00 - 15:00,250000,Available
4157_10282_15:00,4157,Grand Sports Padel,10282,Lapangan 1,2026-09-17,15:00 - 16:00,250000,Available
4157_10282_16:00,4157,Grand Sports Padel,10282,Lapangan 1,2026-09-17,16:00 - 17:00,250000,Available
4157_10282_17:00,4157,Grand Sports Padel,10282,Lapangan 1,2026-09-17,17:00 - 18:00,400000,Available
4157_10282_18:00,4157,Grand Sports Padel,10282,Lapangan 1,2026-09-17,18:00 - 19:00,400000,Booked
4157_10282_19:00,4157,Grand Sports Padel,10282,Lapangan 1,2026-09-17,19:00 - 20:00,400000,Booked
4157_10282_20:00,4157,Grand Sports Padel,10282,Lapangan 1,2026-09-17,20:00 - 21:00,400000,Booked
4157_10282_21:00,4157,Grand Sports Padel,10282,Lapangan 1,2026-09-17,21:00 - 22:00,400000,Available
4157_10282_22:00,4157,Grand Sports Padel,10282,Lapangan 1,2026-09-17,22:00 - 23:00,250000,Available
4157_10282_23:00,4157,Grand Sports Padel,10282,Lapangan 1,2026-09-17,23:00 - 00:00,250000,Available
4157_10668_06:00,4157,Grand Sports Padel,10668,Lapangan 2,2026-09-17,06:00 - 07:00,250000,Available
4157_10668_07:00,4157,Grand Sports Padel,10668,Lapangan 2,2026-09-17,07:00 - 08:00,250000,Available
4157_10668_08:00,4157,Grand Sports Padel,10668,Lapangan 2,2026-09-17,08:00 - 09:00,250000,Available
4157_10668_09:00,4157,Grand Sports Padel,10668,Lapangan 2,2026-09-17,09:00 - 10:00,250000,Booked
4157_10668_10:00,4157,Grand Sports Padel,10668,Lapangan 2,2026-09-17,10:00 - 11:00,250000,Available
4157_10668_11:00,4157,Grand Sports Padel,10668,Lapangan 2,2026-09-17,11:00 - 12:00,250000,Available
4157_10668_12:00,4157,Grand Sports Padel,10668,Lapangan 2,2026-09-17,12:00 - 13:00,250000,Available
4157_10668_13:00,4157,Grand Sports Padel,10668,Lapangan 2,2026-09-17,13:00 - 14:00,250000,Available
4157_10668_14:00,4157,Grand Sports Padel,10668,Lapangan 2,2026-09-17,14:00 - 15:00,250000,Available
4157_10668_15:00,4157,Grand Sports Padel,10668,Lapangan 2,2026-09-17,15:00 - 16:00,250000,Available
4157_10668_16:00,4157,Grand Sports Padel,10668,Lapangan 2,2026-09-17,16:00 - 17:00,250000,Booked
4157_10668_17:00,4157,Grand Sports Padel,10668,Lapangan 2,2026-09-17,17:00 - 18:00,400000,Booked
4157_10668_18:00,4157,Grand Sports Padel,10668,Lapangan 2,2026-09-17,18:00 - 19:00,400000,Booked
4157_10668_19:00,4157,Grand Sports Padel,10668,Lapangan 2,2026-09-17,19:00 - 20:00,400000,Booked
4157_10668_20:00,4157,Grand Sports Padel,10668,Lapangan 2,2026-09-17,20:00 - 21:00,400000,Booked
4157_10668_21:00,4157,Grand Sports Padel,10668,Lapangan 2,2026-09-17,21:00 - 22:00,400000,Available
4157_10668_22:00,4157,Grand Sports Padel,10668,Lapangan 2,2026-09-17,22:00 - 23:00,250000,Available
4157_10668_23:00,4157,Grand Sports Padel,10668,Lapangan 2,2026-09-17,23:00 - 00:00,250000,Available
4157_10669_06:00,4157,Grand Sports Padel,10669,Lapangan 3,2026-09-17,06:00 - 07:00,250000,Available
4157_10669_07:00,4157,Grand Sports Padel,10669,Lapangan 3,2026-09-17,07:00 - 08:00,250000,Booked
4157_10669_08:00,4157,Grand Sports Padel,10669,Lapangan 3,2026-09-17,08:00 - 09:00,250000,Booked
4157_10669_09:00,4157,Grand Sports Padel,10669,Lapangan 3,2026-09-17,09:00 - 10:00,250000,Booked
4157_10669_10:00,4157,Grand Sports Padel,10669,Lapangan 3,2026-09-17,10:00 - 11:00,250000,Available
4157_10669_11:00,4157,Grand Sports Padel,10669,Lapangan 3,2026-09-17,11:00 - 12:00,250000,Available
4157_10669_12:00,4157,Grand Sports Padel,10669,Lapangan 3,2026-09-17,12:00 - 13:00,250000,Available
4157_10669_13:00,4157,Grand Sports Padel,10669,Lapangan 3,2026-09-17,13:00 - 14:00,250000,Available
4157_10669_14:00,4157,Grand Sports Padel,10669,Lapangan 3,2026-09-17,14:00 - 15:00,250000,Available
4157_10669_15:00,4157,Grand Sports Padel,10669,Lapangan 3,2026-09-17,15:00 - 16:00,250000,Available
4157_10669_16:00,4157,Grand Sports Padel,10669,Lapangan 3,2026-09-17,16:00 - 17:00,250000,Available
4157_10669_17:00,4157,Grand Sports Padel,10669,Lapangan 3,2026-09-17,17:00 - 18:00,400000,Available
4157_10669_18:00,4157,Grand Sports Padel,10669,Lapangan 3,2026-09-17,18:00 - 19:00,400000,Booked
4157_10669_19:00,4157,Grand Sports Padel,10669,Lapangan 3,2026-09-17,19:00 - 20:00,400000,Booked
4157_10669_20:00,4157,Grand Sports Padel,10669,Lapangan 3,2026-09-17,20:00 - 21:00,400000,Booked
4157_10669_21:00,4157,Grand Sports Padel,10669,Lapangan 3,2026-09-17,21:00 - 22:00,400000,Booked
4157_10669_22:00,4157,Grand Sports Padel,10669,Lapangan 3,2026-09-17,22:00 - 23:00,250000,Available
4157_10669_23:00,4157,Grand Sports Padel,10669,Lapangan 3,2026-09-17,23:00 - 00:00,250000,Available
4157_10670_06:00,4157,Grand Sports Padel,10670,Lapangan 4,2026-09-17,06:00 - 07:00,250000,Available
4157_10670_07:00,4157,Grand Sports Padel,10670,Lapangan 4,2026-09-17,07:00 - 08:00,250000,Available
4157_10670_08:00,4157,Grand Sports Padel,10670,Lapangan 4,2026-09-17,08:00 - 09:00,250000,Booked
4157_10670_09:00,4157,Grand Sports Padel,10670,Lapangan 4,2026-09-17,09:00 - 10:00,250000,Booked
4157_10670_10:00,4157,Grand Sports Padel,10670,Lapangan 4,2026-09-17,10:00 - 11:00,250000,Available
4157_10670_11:00,4157,Grand Sports Padel,10670,Lapangan 4,2026-09-17,11:00 - 12:00,250000,Available
4157_10670_12:00,4157,Grand Sports Padel,10670,Lapangan 4,2026-09-17,12:00 - 13:00,250000,Available
4157_10670_13:00,4157,Grand Sports Padel,10670,Lapangan 4,2026-09-17,13:00 - 14:00,250000,Available
4157_10670_14:00,4157,Grand Sports Padel,10670,Lapangan 4,2026-09-17,14:00 - 15:00,250000,Available
4157_10670_15:00,4157,Grand Sports Padel,10670,Lapangan 4,2026-09-17,15:00 - 16:00,250000,Available
4157_10670_16:00,4157,Grand Sports Padel,10670,Lapangan 4,2026-09-17,16:00 - 17:00,250000,Available
4157_10670_17:00,4157,Grand Sports Padel,10670,Lapangan 4,2026-09-17,17:00 - 18:00,400000,Booked
4157_10670_18:00,4157,Grand Sports Padel,10670,Lapangan 4,2026-09-17,18:00 - 19:00,400000,Booked
4157_10670_19:00,4157,Grand Sports Padel,10670,Lapangan 4,2026-09-17,19:00 - 20:00,400000,Booked
4157_10670_20:00,4157,Grand Sports Padel,10670,Lapangan 4,2026-09-17,20:00 - 21:00,400000,Booked
4157_10670_21:00,4157,Grand Sports Padel,10670,Lapangan 4,2026-09-17,21:00 - 22:00,400000,Available
4157_10670_22:00,4157,Grand Sports Padel,10670,Lapangan 4,2026-09-17,22:00 - 23:00,250000,Available
4157_10670_23:00,4157,Grand Sports Padel,10670,Lapangan 4,2026-09-17,23:00 - 00:00,250000,Available
4157_10671_06:00,4157,Grand Sports Padel,10671,Lapangan 5,2026-09-17,06:00 - 07:00,250000,Available
4157_10671_07:00,4157,Grand Sports Padel,10671,Lapangan 5,2026-09-17,07:00 - 08:00,250000,Available
4157_10671_08:00,4157,Grand Sports Padel,10671,Lapangan 5,2026-09-17,08:00 - 09:00,250000,Available
4157_10671_09:00,4157,Grand Sports Padel,10671,Lapangan 5,2026-09-17,09:00 - 10:00,250000,Available
4157_10671_10:00,4157,Grand Sports Padel,10671,Lapangan 5,2026-09-17,10:00 - 11:00,250000,Available
4157_10671_11:00,4157,Grand Sports Padel,10671,Lapangan 5,2026-09-17,11:00 - 12:00,250000,Available
4157_10671_12:00,4157,Grand Sports Padel,10671,Lapangan 5,2026-09-17,12:00 - 13:00,250000,Available
4157_10671_13:00,4157,Grand Sports Padel,10671,Lapangan 5,2026-09-17,13:00 - 14:00,250000,Available
4157_10671_14:00,4157,Grand Sports Padel,10671,Lapangan 5,2026-09-17,14:00 - 15:00,250000,Available
4157_10671_15:00,4157,Grand Sports Padel,10671,Lapangan 5,2026-09-17,15:00 - 16:00,250000,Available
4157_10671_16:00,4157,Grand Sports Padel,10671,Lapangan 5,2026-09-17,16:00 - 17:00,250000,Available
4157_10671_17:00,4157,Grand Sports Padel,10671,Lapangan 5,2026-09-17,17:00 - 18:00,400000,Available
4157_10671_18:00,4157,Grand Sports Padel,10671,Lapangan 5,2026-09-17,18:00 - 19:00,400000,Booked
4157_10671_19:00,4157,Grand Sports Padel,10671,Lapangan 5,2026-09-17,19:00 - 20:00,400000,Booked
4157_10671_20:00,4157,Grand Sports Padel,10671,Lapangan 5,2026-09-17,20:00 - 21:00,400000,Booked
4157_10671_21:00,4157,Grand Sports Padel,10671,Lapangan 5,2026-09-17,21:00 - 22:00,400000,Booked
4157_10671_22:00,4157,Grand Sports Padel,10671,Lapangan 5,2026-09-17,22:00 - 23:00,250000,Available
4157_10671_23:00,4157,Grand Sports Padel,10671,Lapangan 5,2026-09-17,23:00 - 00:00,250000,Available
2618_6018_07:00,2618,Racket Kuningan,6018,Court 1 - Padel,2026-09-17,07:00 - 08:00,350000,Available
2618_6018_08:00,2618,Racket Kuningan,6018,Court 1 - Padel,2026-09-17,08:00 - 09:00,350000,Available
2618_6018_09:00,2618,Racket Kuningan,6018,Court 1 - Padel,2026-09-17,09:00 - 10:00,300000,Available
2618_6018_10:00,2618,Racket Kuningan,6018,Court 1 - Padel,2026-09-17,10:00 - 11:00,300000,Available
2618_6018_11:00,2618,Racket Kuningan,6018,Court 1 - Padel,2026-09-17,11:00 - 12:00,300000,Available
2618_6018_12:00,2618,Racket Kuningan,6018,Court 1 - Padel,2026-09-17,12:00 - 13:00,300000,Available
2618_6018_13:00,2618,Racket Kuningan,6018,Court 1 - Padel,2026-09-17,13:00 - 14:00,300000,Available
2618_6018_14:00,2618,Racket Kuningan,6018,Court 1 - Padel,2026-09-17,14:00 - 15:00,300000,Available
2618_6018_15:00,2618,Racket Kuningan,6018,Court 1 - Padel,2026-09-17,15:00 - 16:00,450000,Available
2618_6018_16:00,2618,Racket Kuningan,6018,Court 1 - Padel,2026-09-17,16:00 - 17:00,450000,Booked
2618_6018_17:00,2618,Racket Kuningan,6018,Court 1 - Padel,2026-09-17,17:00 - 18:00,450000,Booked
2618_6018_18:00,2618,Racket Kuningan,6018,Court 1 - Padel,2026-09-17,18:00 - 19:00,450000,Available
2618_6018_19:00,2618,Racket Kuningan,6018,Court 1 - Padel,2026-09-17,19:00 - 20:00,450000,Booked
2618_6018_20:00,2618,Racket Kuningan,6018,Court 1 - Padel,2026-09-17,20:00 - 21:00,450000,Booked
2618_6018_21:00,2618,Racket Kuningan,6018,Court 1 - Padel,2026-09-17,21:00 - 23:00,600000,Booked
2618_8416_07:00,2618,Racket Kuningan,8416,Court 2 - Padel,2026-09-17,07:00 - 08:00,350000,Available
2618_8416_08:00,2618,Racket Kuningan,8416,Court 2 - Padel,2026-09-17,08:00 - 09:00,350000,Available
2618_8416_09:00,2618,Racket Kuningan,8416,Court 2 - Padel,2026-09-17,09:00 - 10:00,300000,Available
2618_8416_10:00,2618,Racket Kuningan,8416,Court 2 - Padel,2026-09-17,10:00 - 11:00,300000,Available
2618_8416_11:00,2618,Racket Kuningan,8416,Court 2 - Padel,2026-09-17,11:00 - 12:00,300000,Available
2618_8416_12:00,2618,Racket Kuningan,8416,Court 2 - Padel,2026-09-17,12:00 - 13:00,300000,Available
2618_8416_13:00,2618,Racket Kuningan,8416,Court 2 - Padel,2026-09-17,13:00 - 14:00,300000,Available
2618_8416_14:00,2618,Racket Kuningan,8416,Court 2 - Padel,2026-09-17,14:00 - 15:00,300000,Available
2618_8416_15:00,2618,Racket Kuningan,8416,Court 2 - Padel,2026-09-17,15:00 - 16:00,450000,Available
2618_8416_16:00,2618,Racket Kuningan,8416,Court 2 - Padel,2026-09-17,16:00 - 17:00,450000,Booked
2618_8416_17:00,2618,Racket Kuningan,8416,Court 2 - Padel,2026-09-17,17:00 - 18:00,450000,Booked
2618_8416_18:00,2618,Racket Kuningan,8416,Court 2 - Padel,2026-09-17,18:00 - 19:00,450000,Booked
2618_8416_19:00,2618,Racket Kuningan,8416,Court 2 - Padel,2026-09-17,19:00 - 20:00,450000,Booked
2618_8416_20:00,2618,Racket Kuningan,8416,Court 2 - Padel,2026-09-17,20:00 - 21:00,450000,Booked
2618_8416_21:00,2618,Racket Kuningan,8416,Court 2 - Padel,2026-09-17,21:00 - 23:00,600000,Booked
2618_8417_07:00,2618,Racket Kuningan,8417,Court 3 - Padel,2026-09-17,07:00 - 08:00,350000,Available
2618_8417_08:00,2618,Racket Kuningan,8417,Court 3 - Padel,2026-09-17,08:00 - 09:00,350000,Available
2618_8417_09:00,2618,Racket Kuningan,8417,Court 3 - Padel,2026-09-17,09:00 - 10:00,300000,Available
2618_8417_10:00,2618,Racket Kuningan,8417,Court 3 - Padel,2026-09-17,10:00 - 11:00,300000,Available
2618_8417_11:00,2618,Racket Kuningan,8417,Court 3 - Padel,2026-09-17,11:00 - 12:00,300000,Available
2618_8417_12:00,2618,Racket Kuningan,8417,Court 3 - Padel,2026-09-17,12:00 - 13:00,300000,Available
2618_8417_13:00,2618,Racket Kuningan,8417,Court 3 - Padel,2026-09-17,13:00 - 14:00,300000,Available
2618_8417_14:00,2618,Racket Kuningan,8417,Court 3 - Padel,2026-09-17,14:00 - 15:00,300000,Available
2618_8417_15:00,2618,Racket Kuningan,8417,Court 3 - Padel,2026-09-17,15:00 - 16:00,450000,Available
2618_8417_16:00,2618,Racket Kuningan,8417,Court 3 - Padel,2026-09-17,16:00 - 17:00,450000,Available
2618_8417_17:00,2618,Racket Kuningan,8417,Court 3 - Padel,2026-09-17,17:00 - 18:00,450000,Available
2618_8417_18:00,2618,Racket Kuningan,8417,Court 3 - Padel,2026-09-17,18:00 - 19:00,450000,Booked
2618_8417_19:00,2618,Racket Kuningan,8417,Court 3 - Padel,2026-09-17,19:00 - 20:00,450000,Booked
2618_8417_20:00,2618,Racket Kuningan,8417,Court 3 - Padel,2026-09-17,20:00 - 21:00,450000,Available
2618_8417_21:00,2618,Racket Kuningan,8417,Court 3 - Padel,2026-09-17,21:00 - 23:00,600000,Booked
2618_8418_07:00,2618,Racket Kuningan,8418,Court 4 - Padel,2026-09-17,07:00 - 08:00,350000,Available
2618_8418_08:00,2618,Racket Kuningan,8418,Court 4 - Padel,2026-09-17,08:00 - 09:00,350000,Available
2618_8418_09:00,2618,Racket Kuningan,8418,Court 4 - Padel,2026-09-17,09:00 - 10:00,300000,Available
2618_8418_10:00,2618,Racket Kuningan,8418,Court 4 - Padel,2026-09-17,10:00 - 11:00,300000,Available
2618_8418_11:00,2618,Racket Kuningan,8418,Court 4 - Padel,2026-09-17,11:00 - 12:00,300000,Available
2618_8418_12:00,2618,Racket Kuningan,8418,Court 4 - Padel,2026-09-17,12:00 - 13:00,300000,Available
2618_8418_13:00,2618,Racket Kuningan,8418,Court 4 - Padel,2026-09-17,13:00 - 14:00,300000,Available
2618_8418_14:00,2618,Racket Kuningan,8418,Court 4 - Padel,2026-09-17,14:00 - 15:00,300000,Available
2618_8418_15:00,2618,Racket Kuningan,8418,Court 4 - Padel,2026-09-17,15:00 - 16:00,450000,Available
2618_8418_16:00,2618,Racket Kuningan,8418,Court 4 - Padel,2026-09-17,16:00 - 17:00,450000,Available
2618_8418_17:00,2618,Racket Kuningan,8418,Court 4 - Padel,2026-09-17,17:00 - 18:00,450000,Booked
2618_8418_18:00,2618,Racket Kuningan,8418,Court 4 - Padel,2026-09-17,18:00 - 19:00,450000,Booked
2618_8418_19:00,2618,Racket Kuningan,8418,Court 4 - Padel,2026-09-17,19:00 - 20:00,450000,Booked
2618_8418_20:00,2618,Racket Kuningan,8418,Court 4 - Padel,2026-09-17,20:00 - 21:00,450000,Booked
2618_8418_21:00,2618,Racket Kuningan,8418,Court 4 - Padel,2026-09-17,21:00 - 23:00,600000,Available
2618_8419_07:00,2618,Racket Kuningan,8419,Court 5 - Padel,2026-09-17,07:00 - 08:00,350000,Available
2618_8419_08:00,2618,Racket Kuningan,8419,Court 5 - Padel,2026-09-17,08:00 - 09:00,350000,Available
2618_8419_09:00,2618,Racket Kuningan,8419,Court 5 - Padel,2026-09-17,09:00 - 10:00,300000,Available
2618_8419_10:00,2618,Racket Kuningan,8419,Court 5 - Padel,2026-09-17,10:00 - 11:00,300000,Available
2618_8419_11:00,2618,Racket Kuningan,8419,Court 5 - Padel,2026-09-17,11:00 - 12:00,300000,Available
2618_8419_12:00,2618,Racket Kuningan,8419,Court 5 - Padel,2026-09-17,12:00 - 13:00,300000,Available
2618_8419_13:00,2618,Racket Kuningan,8419,Court 5 - Padel,2026-09-17,13:00 - 14:00,300000,Available
2618_8419_14:00,2618,Racket Kuningan,8419,Court 5 - Padel,2026-09-17,14:00 - 15:00,300000,Available
2618_8419_15:00,2618,Racket Kuningan,8419,Court 5 - Padel,2026-09-17,15:00 - 16:00,450000,Available
2618_8419_16:00,2618,Racket Kuningan,8419,Court 5 - Padel,2026-09-17,16:00 - 17:00,450000,Available
2618_8419_17:00,2618,Racket Kuningan,8419,Court 5 - Padel,2026-09-17,17:00 - 18:00,450000,Booked
2618_8419_18:00,2618,Racket Kuningan,8419,Court 5 - Padel,2026-09-17,18:00 - 19:00,450000,Booked
2618_8419_19:00,2618,Racket Kuningan,8419,Court 5 - Padel,2026-09-17,19:00 - 20:00,450000,Booked
2618_8419_20:00,2618,Racket Kuningan,8419,Court 5 - Padel,2026-09-17,20:00 - 21:00,450000,Booked
2618_8419_21:00,2618,Racket Kuningan,8419,Court 5 - Padel,2026-09-17,21:00 - 23:00,600000,Available
2618_8410_07:00,2618,Racket Kuningan,8410,Court 1 - Badminton,2026-09-17,07:00 - 08:00,150000,Available
2618_8410_08:00,2618,Racket Kuningan,8410,Court 1 - Badminton,2026-09-17,08:00 - 09:00,150000,Available
2618_8410_09:00,2618,Racket Kuningan,8410,Court 1 - Badminton,2026-09-17,09:00 - 10:00,150000,Available
2618_8410_10:00,2618,Racket Kuningan,8410,Court 1 - Badminton,2026-09-17,10:00 - 11:00,150000,Available
2618_8410_11:00,2618,Racket Kuningan,8410,Court 1 - Badminton,2026-09-17,11:00 - 12:00,150000,Available
2618_8410_12:00,2618,Racket Kuningan,8410,Court 1 - Badminton,2026-09-17,12:00 - 13:00,150000,Available
2618_8410_13:00,2618,Racket Kuningan,8410,Court 1 - Badminton,2026-09-17,13:00 - 14:00,150000,Available
2618_8410_14:00,2618,Racket Kuningan,8410,Court 1 - Badminton,2026-09-17,14:00 - 15:00,150000,Available
2618_8410_15:00,2618,Racket Kuningan,8410,Court 1 - Badminton,2026-09-17,15:00 - 16:00,150000,Available
2618_8410_16:00,2618,Racket Kuningan,8410,Court 1 - Badminton,2026-09-17,16:00 - 17:00,150000,Booked
2618_8410_17:00,2618,Racket Kuningan,8410,Court 1 - Badminton,2026-09-17,17:00 - 18:00,150000,Booked
2618_8410_18:00,2618,Racket Kuningan,8410,Court 1 - Badminton,2026-09-17,18:00 - 20:00,400000,Booked
2618_8410_20:00,2618,Racket Kuningan,8410,Court 1 - Badminton,2026-09-17,20:00 - 22:00,400000,Booked
2618_8410_22:00,2618,Racket Kuningan,8410,Court 1 - Badminton,2026-09-17,22:00 - 23:00,150000,Available
2618_10553_07:00,2618,Racket Kuningan,10553,Court 2 - Badminton,2026-09-17,07:00 - 08:00,150000,Available
2618_10553_08:00,2618,Racket Kuningan,10553,Court 2 - Badminton,2026-09-17,08:00 - 09:00,150000,Available
2618_10553_09:00,2618,Racket Kuningan,10553,Court 2 - Badminton,2026-09-17,09:00 - 10:00,150000,Available
2618_10553_10:00,2618,Racket Kuningan,10553,Court 2 - Badminton,2026-09-17,10:00 - 11:00,150000,Available
2618_10553_11:00,2618,Racket Kuningan,10553,Court 2 - Badminton,2026-09-17,11:00 - 12:00,150000,Available
2618_10553_12:00,2618,Racket Kuningan,10553,Court 2 - Badminton,2026-09-17,12:00 - 13:00,150000,Available
2618_10553_13:00,2618,Racket Kuningan,10553,Court 2 - Badminton,2026-09-17,13:00 - 14:00,150000,Available
2618_10553_14:00,2618,Racket Kuningan,10553,Court 2 - Badminton,2026-09-17,14:00 - 15:00,150000,Available
2618_10553_15:00,2618,Racket Kuningan,10553,Court 2 - Badminton,2026-09-17,15:00 - 16:00,150000,Available
2618_10553_16:00,2618,Racket Kuningan,10553,Court 2 - Badminton,2026-09-17,16:00 - 17:00,150000,Available
2618_10553_17:00,2618,Racket Kuningan,10553,Court 2 - Badminton,2026-09-17,17:00 - 18:00,150000,Booked
2618_10553_18:00,2618,Racket Kuningan,10553,Court 2 - Badminton,2026-09-17,18:00 - 20:00,400000,Booked
2618_10553_20:00,2618,Racket Kuningan,10553,Court 2 - Badminton,2026-09-17,20:00 - 22:00,400000,Booked
2618_10553_22:00,2618,Racket Kuningan,10553,Court 2 - Badminton,2026-09-17,22:00 - 23:00,150000,Available
2618_10554_07:00,2618,Racket Kuningan,10554,Court 3 - Badminton,2026-09-17,07:00 - 08:00,150000,Available
2618_10554_08:00,2618,Racket Kuningan,10554,Court 3 - Badminton,2026-09-17,08:00 - 09:00,150000,Available
2618_10554_09:00,2618,Racket Kuningan,10554,Court 3 - Badminton,2026-09-17,09:00 - 10:00,150000,Available
2618_10554_10:00,2618,Racket Kuningan,10554,Court 3 - Badminton,2026-09-17,10:00 - 11:00,150000,Available
2618_10554_11:00,2618,Racket Kuningan,10554,Court 3 - Badminton,2026-09-17,11:00 - 12:00,150000,Available
2618_10554_12:00,2618,Racket Kuningan,10554,Court 3 - Badminton,2026-09-17,12:00 - 13:00,150000,Available
2618_10554_13:00,2618,Racket Kuningan,10554,Court 3 - Badminton,2026-09-17,13:00 - 14:00,150000,Available
2618_10554_14:00,2618,Racket Kuningan,10554,Court 3 - Badminton,2026-09-17,14:00 - 15:00,150000,Available
2618_10554_15:00,2618,Racket Kuningan,10554,Court 3 - Badminton,2026-09-17,15:00 - 16:00,150000,Available
2618_10554_16:00,2618,Racket Kuningan,10554,Court 3 - Badminton,2026-09-17,16:00 - 17:00,150000,Booked
2618_10554_17:00,2618,Racket Kuningan,10554,Court 3 - Badminton,2026-09-17,17:00 - 18:00,150000,Booked
2618_10554_18:00,2618,Racket Kuningan,10554,Court 3 - Badminton,2026-09-17,18:00 - 20:00,400000,Booked
2618_10554_20:00,2618,Racket Kuningan,10554,Court 3 - Badminton,2026-09-17,20:00 - 22:00,400000,Booked
2618_10554_22:00,2618,Racket Kuningan,10554,Court 3 - Badminton,2026-09-17,22:00 - 23:00,150000,Available
2618_10555_07:00,2618,Racket Kuningan,10555,Court 4 - Badminton,2026-09-17,07:00 - 08:00,150000,Available
2618_10555_08:00,2618,Racket Kuningan,10555,Court 4 - Badminton,2026-09-17,08:00 - 09:00,150000,Available
2618_10555_09:00,2618,Racket Kuningan,10555,Court 4 - Badminton,2026-09-17,09:00 - 10:00,150000,Available
2618_10555_10:00,2618,Racket Kuningan,10555,Court 4 - Badminton,2026-09-17,10:00 - 11:00,150000,Available
2618_10555_11:00,2618,Racket Kuningan,10555,Court 4 - Badminton,2026-09-17,11:00 - 12:00,150000,Available
2618_10555_12:00,2618,Racket Kuningan,10555,Court 4 - Badminton,2026-09-17,12:00 - 13:00,150000,Available
2618_10555_13:00,2618,Racket Kuningan,10555,Court 4 - Badminton,2026-09-17,13:00 - 14:00,150000,Available
2618_10555_14:00,2618,Racket Kuningan,10555,Court 4 - Badminton,2026-09-17,14:00 - 15:00,150000,Available
2618_10555_15:00,2618,Racket Kuningan,10555,Court 4 - Badminton,2026-09-17,15:00 - 16:00,150000,Available
2618_10555_16:00,2618,Racket Kuningan,10555,Court 4 - Badminton,2026-09-17,16:00 - 17:00,150000,Booked
2618_10555_17:00,2618,Racket Kuningan,10555,Court 4 - Badminton,2026-09-17,17:00 - 18:00,150000,Booked
2618_10555_18:00,2618,Racket Kuningan,10555,Court 4 - Badminton,2026-09-17,18:00 - 20:00,400000,Booked
2618_10555_20:00,2618,Racket Kuningan,10555,Court 4 - Badminton,2026-09-17,20:00 - 22:00,400000,Booked
2618_10555_22:00,2618,Racket Kuningan,10555,Court 4 - Badminton,2026-09-17,22:00 - 23:00,150000,Available
2618_10556_07:00,2618,Racket Kuningan,10556,Court 5 - Badminton,2026-09-17,07:00 - 08:00,150000,Available
2618_10556_08:00,2618,Racket Kuningan,10556,Court 5 - Badminton,2026-09-17,08:00 - 09:00,150000,Available
2618_10556_09:00,2618,Racket Kuningan,10556,Court 5 - Badminton,2026-09-17,09:00 - 10:00,150000,Available
2618_10556_10:00,2618,Racket Kuningan,10556,Court 5 - Badminton,2026-09-17,10:00 - 11:00,150000,Available
2618_10556_11:00,2618,Racket Kuningan,10556,Court 5 - Badminton,2026-09-17,11:00 - 12:00,150000,Available
2618_10556_12:00,2618,Racket Kuningan,10556,Court 5 - Badminton,2026-09-17,12:00 - 13:00,150000,Available
2618_10556_13:00,2618,Racket Kuningan,10556,Court 5 - Badminton,2026-09-17,13:00 - 14:00,150000,Available
2618_10556_14:00,2618,Racket Kuningan,10556,Court 5 - Badminton,2026-09-17,14:00 - 15:00,150000,Available
2618_10556_15:00,2618,Racket Kuningan,10556,Court 5 - Badminton,2026-09-17,15:00 - 16:00,150000,Booked
2618_10556_16:00,2618,Racket Kuningan,10556,Court 5 - Badminton,2026-09-17,16:00 - 17:00,150000,Booked
2618_10556_17:00,2618,Racket Kuningan,10556,Court 5 - Badminton,2026-09-17,17:00 - 18:00,150000,Available
2618_10556_18:00,2618,Racket Kuningan,10556,Court 5 - Badminton,2026-09-17,18:00 - 20:00,400000,Booked
2618_10556_20:00,2618,Racket Kuningan,10556,Court 5 - Badminton,2026-09-17,20:00 - 22:00,400000,Booked
2618_10556_22:00,2618,Racket Kuningan,10556,Court 5 - Badminton,2026-09-17,22:00 - 23:00,150000,Available
2618_10557_07:00,2618,Racket Kuningan,10557,Court 6 - Badminton,2026-09-17,07:00 - 08:00,150000,Available
2618_10557_08:00,2618,Racket Kuningan,10557,Court 6 - Badminton,2026-09-17,08:00 - 09:00,150000,Available
2618_10557_09:00,2618,Racket Kuningan,10557,Court 6 - Badminton,2026-09-17,09:00 - 10:00,150000,Available
2618_10557_10:00,2618,Racket Kuningan,10557,Court 6 - Badminton,2026-09-17,10:00 - 11:00,150000,Available
2618_10557_11:00,2618,Racket Kuningan,10557,Court 6 - Badminton,2026-09-17,11:00 - 12:00,150000,Available
2618_10557_12:00,2618,Racket Kuningan,10557,Court 6 - Badminton,2026-09-17,12:00 - 13:00,150000,Available
2618_10557_13:00,2618,Racket Kuningan,10557,Court 6 - Badminton,2026-09-17,13:00 - 14:00,150000,Available
2618_10557_14:00,2618,Racket Kuningan,10557,Court 6 - Badminton,2026-09-17,14:00 - 15:00,150000,Available
2618_10557_15:00,2618,Racket Kuningan,10557,Court 6 - Badminton,2026-09-17,15:00 - 16:00,150000,Booked
2618_10557_16:00,2618,Racket Kuningan,10557,Court 6 - Badminton,2026-09-17,16:00 - 17:00,150000,Booked
2618_10557_17:00,2618,Racket Kuningan,10557,Court 6 - Badminton,2026-09-17,17:00 - 18:00,150000,Booked
2618_10557_18:00,2618,Racket Kuningan,10557,Court 6 - Badminton,2026-09-17,18:00 - 20:00,400000,Booked
2618_10557_20:00,2618,Racket Kuningan,10557,Court 6 - Badminton,2026-09-17,20:00 - 22:00,400000,Booked
2618_10557_22:00,2618,Racket Kuningan,10557,Court 6 - Badminton,2026-09-17,22:00 - 23:00,150000,Available
3942_9686_06:00,3942,"Dome Padel, Tebet",9686,Court Pink,2026-09-17,06:00 - 07:00,350000,Available
3942_9686_07:00,3942,"Dome Padel, Tebet",9686,Court Pink,2026-09-17,07:00 - 08:00,350000,Available
3942_9686_08:00,3942,"Dome Padel, Tebet",9686,Court Pink,2026-09-17,08:00 - 09:00,400000,Available
3942_9686_09:00,3942,"Dome Padel, Tebet",9686,Court Pink,2026-09-17,09:00 - 10:00,400000,Available
3942_9686_10:00,3942,"Dome Padel, Tebet",9686,Court Pink,2026-09-17,10:00 - 11:00,350000,Available
3942_9686_11:00,3942,"Dome Padel, Tebet",9686,Court Pink,2026-09-17,11:00 - 12:00,350000,Available
3942_9686_12:00,3942,"Dome Padel, Tebet",9686,Court Pink,2026-09-17,12:00 - 13:00,350000,Available
3942_9686_13:00,3942,"Dome Padel, Tebet",9686,Court Pink,2026-09-17,13:00 - 14:00,350000,Available
3942_9686_14:00,3942,"Dome Padel, Tebet",9686,Court Pink,2026-09-17,14:00 - 15:00,350000,Available
3942_9686_15:00,3942,"Dome Padel, Tebet",9686,Court Pink,2026-09-17,15:00 - 16:00,350000,Available
3942_9686_16:00,3942,"Dome Padel, Tebet",9686,Court Pink,2026-09-17,16:00 - 17:00,400000,Available
3942_9686_17:00,3942,"Dome Padel, Tebet",9686,Court Pink,2026-09-17,17:00 - 18:00,400000,Available
3942_9686_18:00,3942,"Dome Padel, Tebet",9686,Court Pink,2026-09-17,18:00 - 19:00,400000,Available
3942_9686_19:00,3942,"Dome Padel, Tebet",9686,Court Pink,2026-09-17,19:00 - 20:00,400000,Booked
3942_9686_20:00,3942,"Dome Padel, Tebet",9686,Court Pink,2026-09-17,20:00 - 21:00,400000,Booked
3942_9686_21:00,3942,"Dome Padel, Tebet",9686,Court Pink,2026-09-17,21:00 - 22:00,400000,Available
3942_9686_22:00,3942,"Dome Padel, Tebet",9686,Court Pink,2026-09-17,22:00 - 23:00,350000,Available
3942_9686_23:00,3942,"Dome Padel, Tebet",9686,Court Pink,2026-09-17,23:00 - 00:00,350000,Available
3942_9687_06:00,3942,"Dome Padel, Tebet",9687,Court Blue,2026-09-17,06:00 - 07:00,350000,Available
3942_9687_07:00,3942,"Dome Padel, Tebet",9687,Court Blue,2026-09-17,07:00 - 08:00,350000,Available
3942_9687_08:00,3942,"Dome Padel, Tebet",9687,Court Blue,2026-09-17,08:00 - 09:00,400000,Available
3942_9687_09:00,3942,"Dome Padel, Tebet",9687,Court Blue,2026-09-17,09:00 - 10:00,400000,Available
3942_9687_10:00,3942,"Dome Padel, Tebet",9687,Court Blue,2026-09-17,10:00 - 11:00,350000,Available
3942_9687_11:00,3942,"Dome Padel, Tebet",9687,Court Blue,2026-09-17,11:00 - 12:00,350000,Available
3942_9687_12:00,3942,"Dome Padel, Tebet",9687,Court Blue,2026-09-17,12:00 - 13:00,350000,Available
3942_9687_13:00,3942,"Dome Padel, Tebet",9687,Court Blue,2026-09-17,13:00 - 14:00,350000,Available
3942_9687_14:00,3942,"Dome Padel, Tebet",9687,Court Blue,2026-09-17,14:00 - 15:00,350000,Available
3942_9687_15:00,3942,"Dome Padel, Tebet",9687,Court Blue,2026-09-17,15:00 - 16:00,350000,Available
3942_9687_16:00,3942,"Dome Padel, Tebet",9687,Court Blue,2026-09-17,16:00 - 17:00,400000,Booked
3942_9687_17:00,3942,"Dome Padel, Tebet",9687,Court Blue,2026-09-17,17:00 - 18:00,400000,Booked
3942_9687_18:00,3942,"Dome Padel, Tebet",9687,Court Blue,2026-09-17,18:00 - 19:00,400000,Booked
3942_9687_19:00,3942,"Dome Padel, Tebet",9687,Court Blue,2026-09-17,19:00 - 20:00,400000,Booked
3942_9687_20:00,3942,"Dome Padel, Tebet",9687,Court Blue,2026-09-17,20:00 - 21:00,400000,Booked
3942_9687_21:00,3942,"Dome Padel, Tebet",9687,Court Blue,2026-09-17,21:00 - 22:00,400000,Available
3942_9687_22:00,3942,"Dome Padel, Tebet",9687,Court Blue,2026-09-17,22:00 - 23:00,350000,Available
3942_9687_23:00,3942,"Dome Padel, Tebet",9687,Court Blue,2026-09-17,23:00 - 00:00,350000,Available
1681_3388_06:00,1681,Republic Padel Simprug,3388,Court 1,2026-09-17,06:00 - 07:00,350000,Booked
1681_3388_07:00,1681,Republic Padel Simprug,3388,Court 1,2026-09-17,07:00 - 08:00,350000,Booked
1681_3388_08:00,1681,Republic Padel Simprug,3388,Court 1,2026-09-17,08:00 - 09:00,350000,Booked
1681_3388_09:00,1681,Republic Padel Simprug,3388,Court 1,2026-09-17,09:00 - 10:00,350000,Available
1681_3388_10:00,1681,Republic Padel Simprug,3388,Court 1,2026-09-17,10:00 - 11:00,350000,Available
1681_3388_11:00,1681,Republic Padel Simprug,3388,Court 1,2026-09-17,11:00 - 12:00,350000,Available
1681_3388_12:00,1681,Republic Padel Simprug,3388,Court 1,2026-09-17,12:00 - 14:00,350000,Available
1681_3388_14:00,1681,Republic Padel Simprug,3388,Court 1,2026-09-17,14:00 - 16:00,350000,Available
1681_3388_16:00,1681,Republic Padel Simprug,3388,Court 1,2026-09-17,16:00 - 17:00,450000,Available
1681_3388_17:00,1681,Republic Padel Simprug,3388,Court 1,2026-09-17,17:00 - 18:00,450000,Booked
1681_3388_18:00,1681,Republic Padel Simprug,3388,Court 1,2026-09-17,18:00 - 19:00,450000,Booked
1681_3388_19:00,1681,Republic Padel Simprug,3388,Court 1,2026-09-17,19:00 - 20:00,450000,Booked
1681_3388_20:00,1681,Republic Padel Simprug,3388,Court 1,2026-09-17,20:00 - 21:00,450000,Booked
1681_3388_21:00,1681,Republic Padel Simprug,3388,Court 1,2026-09-17,21:00 - 22:00,450000,Booked
1681_3388_22:00,1681,Republic Padel Simprug,3388,Court 1,2026-09-17,22:00 - 23:00,350000,Available
1681_3389_06:00,1681,Republic Padel Simprug,3389,Court 2,2026-09-17,06:00 - 07:00,350000,Available
1681_3389_07:00,1681,Republic Padel Simprug,3389,Court 2,2026-09-17,07:00 - 08:00,350000,Available
1681_3389_08:00,1681,Republic Padel Simprug,3389,Court 2,2026-09-17,08:00 - 09:00,350000,Available
1681_3389_09:00,1681,Republic Padel Simprug,3389,Court 2,2026-09-17,09:00 - 10:00,350000,Available
1681_3389_10:00,1681,Republic Padel Simprug,3389,Court 2,2026-09-17,10:00 - 11:00,350000,Available
1681_3389_11:00,1681,Republic Padel Simprug,3389,Court 2,2026-09-17,11:00 - 12:00,350000,Available
1681_3389_12:00,1681,Republic Padel Simprug,3389,Court 2,2026-09-17,12:00 - 14:00,350000,Available
1681_3389_14:00,1681,Republic Padel Simprug,3389,Court 2,2026-09-17,14:00 - 16:00,350000,Available
1681_3389_16:00,1681,Republic Padel Simprug,3389,Court 2,2026-09-17,16:00 - 17:00,450000,Available
1681_3389_17:00,1681,Republic Padel Simprug,3389,Court 2,2026-09-17,17:00 - 18:00,450000,Available
1681_3389_18:00,1681,Republic Padel Simprug,3389,Court 2,2026-09-17,18:00 - 19:00,450000,Available
1681_3389_19:00,1681,Republic Padel Simprug,3389,Court 2,2026-09-17,19:00 - 20:00,450000,Booked
1681_3389_20:00,1681,Republic Padel Simprug,3389,Court 2,2026-09-17,20:00 - 21:00,450000,Booked
1681_3389_21:00,1681,Republic Padel Simprug,3389,Court 2,2026-09-17,21:00 - 22:00,450000,Available
1681_3389_22:00,1681,Republic Padel Simprug,3389,Court 2,2026-09-17,22:00 - 23:00,350000,Available
1681_3390_06:00,1681,Republic Padel Simprug,3390,Court 3,2026-09-17,06:00 - 07:00,350000,Available
1681_3390_07:00,1681,Republic Padel Simprug,3390,Court 3,2026-09-17,07:00 - 08:00,350000,Available
1681_3390_08:00,1681,Republic Padel Simprug,3390,Court 3,2026-09-17,08:00 - 09:00,350000,Available
1681_3390_09:00,1681,Republic Padel Simprug,3390,Court 3,2026-09-17,09:00 - 10:00,350000,Available
1681_3390_10:00,1681,Republic Padel Simprug,3390,Court 3,2026-09-17,10:00 - 11:00,350000,Available
1681_3390_11:00,1681,Republic Padel Simprug,3390,Court 3,2026-09-17,11:00 - 12:00,350000,Available
1681_3390_12:00,1681,Republic Padel Simprug,3390,Court 3,2026-09-17,12:00 - 14:00,350000,Available
1681_3390_14:00,1681,Republic Padel Simprug,3390,Court 3,2026-09-17,14:00 - 16:00,350000,Available
1681_3390_16:00,1681,Republic Padel Simprug,3390,Court 3,2026-09-17,16:00 - 17:00,450000,Available
1681_3390_17:00,1681,Republic Padel Simprug,3390,Court 3,2026-09-17,17:00 - 18:00,450000,Available
1681_3390_18:00,1681,Republic Padel Simprug,3390,Court 3,2026-09-17,18:00 - 19:00,450000,Booked
1681_3390_19:00,1681,Republic Padel Simprug,3390,Court 3,2026-09-17,19:00 - 20:00,450000,Booked
1681_3390_20:00,1681,Republic Padel Simprug,3390,Court 3,2026-09-17,20:00 - 21:00,450000,Booked
1681_3390_21:00,1681,Republic Padel Simprug,3390,Court 3,2026-09-17,21:00 - 22:00,450000,Booked
1681_3390_22:00,1681,Republic Padel Simprug,3390,Court 3,2026-09-17,22:00 - 23:00,350000,Available
1681_3391_06:00,1681,Republic Padel Simprug,3391,Court 4,2026-09-17,06:00 - 07:00,350000,Available
1681_3391_07:00,1681,Republic Padel Simprug,3391,Court 4,2026-09-17,07:00 - 08:00,350000,Available
1681_3391_08:00,1681,Republic Padel Simprug,3391,Court 4,2026-09-17,08:00 - 09:00,350000,Available
1681_3391_09:00,1681,Republic Padel Simprug,3391,Court 4,2026-09-17,09:00 - 10:00,350000,Available
1681_3391_10:00,1681,Republic Padel Simprug,3391,Court 4,2026-09-17,10:00 - 11:00,350000,Available
1681_3391_11:00,1681,Republic Padel Simprug,3391,Court 4,2026-09-17,11:00 - 12:00,350000,Available
1681_3391_12:00,1681,Republic Padel Simprug,3391,Court 4,2026-09-17,12:00 - 14:00,350000,Available
1681_3391_14:00,1681,Republic Padel Simprug,3391,Court 4,2026-09-17,14:00 - 16:00,350000,Available
1681_3391_16:00,1681,Republic Padel Simprug,3391,Court 4,2026-09-17,16:00 - 17:00,450000,Available
1681_3391_17:00,1681,Republic Padel Simprug,3391,Court 4,2026-09-17,17:00 - 18:00,450000,Available
1681_3391_18:00,1681,Republic Padel Simprug,3391,Court 4,2026-09-17,18:00 - 19:00,450000,Booked
1681_3391_19:00,1681,Republic Padel Simprug,3391,Court 4,2026-09-17,19:00 - 20:00,450000,Booked
1681_3391_20:00,1681,Republic Padel Simprug,3391,Court 4,2026-09-17,20:00 - 21:00,450000,Booked
1681_3391_21:00,1681,Republic Padel Simprug,3391,Court 4,2026-09-17,21:00 - 22:00,450000,Booked
1681_3391_22:00,1681,Republic Padel Simprug,3391,Court 4,2026-09-17,22:00 - 23:00,350000,Booked
1681_3392_06:00,1681,Republic Padel Simprug,3392,Court 5,2026-09-17,06:00 - 07:00,350000,Available
1681_3392_07:00,1681,Republic Padel Simprug,3392,Court 5,2026-09-17,07:00 - 08:00,350000,Available
1681_3392_08:00,1681,Republic Padel Simprug,3392,Court 5,2026-09-17,08:00 - 09:00,350000,Available
1681_3392_09:00,1681,Republic Padel Simprug,3392,Court 5,2026-09-17,09:00 - 10:00,350000,Available
1681_3392_10:00,1681,Republic Padel Simprug,3392,Court 5,2026-09-17,10:00 - 11:00,350000,Available
1681_3392_11:00,1681,Republic Padel Simprug,3392,Court 5,2026-09-17,11:00 - 12:00,350000,Available
1681_3392_12:00,1681,Republic Padel Simprug,3392,Court 5,2026-09-17,12:00 - 14:00,350000,Available
1681_3392_14:00,1681,Republic Padel Simprug,3392,Court 5,2026-09-17,14:00 - 16:00,350000,Available
1681_3392_16:00,1681,Republic Padel Simprug,3392,Court 5,2026-09-17,16:00 - 17:00,450000,Available
1681_3392_17:00,1681,Republic Padel Simprug,3392,Court 5,2026-09-17,17:00 - 18:00,450000,Available
1681_3392_18:00,1681,Republic Padel Simprug,3392,Court 5,2026-09-17,18:00 - 19:00,450000,Booked
1681_3392_19:00,1681,Republic Padel Simprug,3392,Court 5,2026-09-17,19:00 - 20:00,450000,Booked
1681_3392_20:00,1681,Republic Padel Simprug,3392,Court 5,2026-09-17,20:00 - 21:00,450000,Booked
1681_3392_21:00,1681,Republic Padel Simprug,3392,Court 5,2026-09-17,21:00 - 22:00,450000,Available
1681_3392_22:00,1681,Republic Padel Simprug,3392,Court 5,2026-09-17,22:00 - 23:00,350000,Booked
1681_3393_06:00,1681,Republic Padel Simprug,3393,Court 6,2026-09-17,06:00 - 07:00,350000,Available
1681_3393_07:00,1681,Republic Padel Simprug,3393,Court 6,2026-09-17,07:00 - 08:00,350000,Available
1681_3393_08:00,1681,Republic Padel Simprug,3393,Court 6,2026-09-17,08:00 - 09:00,350000,Available
1681_3393_09:00,1681,Republic Padel Simprug,3393,Court 6,2026-09-17,09:00 - 10:00,350000,Available
1681_3393_10:00,1681,Republic Padel Simprug,3393,Court 6,2026-09-17,10:00 - 11:00,350000,Available
1681_3393_11:00,1681,Republic Padel Simprug,3393,Court 6,2026-09-17,11:00 - 12:00,350000,Available
1681_3393_12:00,1681,Republic Padel Simprug,3393,Court 6,2026-09-17,12:00 - 14:00,350000,Available
1681_3393_14:00,1681,Republic Padel Simprug,3393,Court 6,2026-09-17,14:00 - 16:00,350000,Available
1681_3393_16:00,1681,Republic Padel Simprug,3393,Court 6,2026-09-17,16:00 - 17:00,450000,Available
1681_3393_17:00,1681,Republic Padel Simprug,3393,Court 6,2026-09-17,17:00 - 18:00,450000,Booked
1681_3393_18:00,1681,Republic Padel Simprug,3393,Court 6,2026-09-17,18:00 - 19:00,450000,Booked
1681_3393_19:00,1681,Republic Padel Simprug,3393,Court 6,2026-09-17,19:00 - 20:00,450000,Booked
1681_3393_20:00,1681,Republic Padel Simprug,3393,Court 6,2026-09-17,20:00 - 21:00,450000,Booked
1681_3393_21:00,1681,Republic Padel Simprug,3393,Court 6,2026-09-17,21:00 - 22:00,450000,Available
1681_3393_22:00,1681,Republic Padel Simprug,3393,Court 6,2026-09-17,22:00 - 23:00,350000,Booked
1681_3394_06:00,1681,Republic Padel Simprug,3394,Court 7,2026-09-17,06:00 - 07:00,350000,Available
1681_3394_07:00,1681,Republic Padel Simprug,3394,Court 7,2026-09-17,07:00 - 08:00,350000,Available
1681_3394_08:00,1681,Republic Padel Simprug,3394,Court 7,2026-09-17,08:00 - 09:00,350000,Available
1681_3394_09:00,1681,Republic Padel Simprug,3394,Court 7,2026-09-17,09:00 - 10:00,350000,Available
1681_3394_10:00,1681,Republic Padel Simprug,3394,Court 7,2026-09-17,10:00 - 11:00,350000,Available
1681_3394_11:00,1681,Republic Padel Simprug,3394,Court 7,2026-09-17,11:00 - 12:00,350000,Available
1681_3394_12:00,1681,Republic Padel Simprug,3394,Court 7,2026-09-17,12:00 - 14:00,350000,Available
1681_3394_14:00,1681,Republic Padel Simprug,3394,Court 7,2026-09-17,14:00 - 16:00,350000,Available
1681_3394_16:00,1681,Republic Padel Simprug,3394,Court 7,2026-09-17,16:00 - 17:00,450000,Available
1681_3394_17:00,1681,Republic Padel Simprug,3394,Court 7,2026-09-17,17:00 - 18:00,450000,Available
1681_3394_18:00,1681,Republic Padel Simprug,3394,Court 7,2026-09-17,18:00 - 19:00,450000,Available
1681_3394_19:00,1681,Republic Padel Simprug,3394,Court 7,2026-09-17,19:00 - 20:00,450000,Booked
1681_3394_20:00,1681,Republic Padel Simprug,3394,Court 7,2026-09-17,20:00 - 21:00,450000,Booked
1681_3394_21:00,1681,Republic Padel Simprug,3394,Court 7,2026-09-17,21:00 - 22:00,450000,Available
1681_3394_22:00,1681,Republic Padel Simprug,3394,Court 7,2026-09-17,22:00 - 23:00,350000,Booked
1250_2664_06:00,1250,Wonderball Padel Setiabudi,2664,Full Panoramic 1,2026-09-17,06:00 - 07:00,300000,Booked
1250_2664_07:00,1250,Wonderball Padel Setiabudi,2664,Full Panoramic 1,2026-09-17,07:00 - 08:00,300000,Booked
1250_2664_08:00,1250,Wonderball Padel Setiabudi,2664,Full Panoramic 1,2026-09-17,08:00 - 09:00,300000,Available
1250_2664_09:00,1250,Wonderball Padel Setiabudi,2664,Full Panoramic 1,2026-09-17,09:00 - 10:00,300000,Available
1250_2664_10:00,1250,Wonderball Padel Setiabudi,2664,Full Panoramic 1,2026-09-17,10:00 - 11:00,300000,Available
1250_2664_11:00,1250,Wonderball Padel Setiabudi,2664,Full Panoramic 1,2026-09-17,11:00 - 12:00,300000,Available
1250_2664_12:00,1250,Wonderball Padel Setiabudi,2664,Full Panoramic 1,2026-09-17,12:00 - 13:00,300000,Available
1250_2664_13:00,1250,Wonderball Padel Setiabudi,2664,Full Panoramic 1,2026-09-17,13:00 - 14:00,300000,Available
1250_2664_14:00,1250,Wonderball Padel Setiabudi,2664,Full Panoramic 1,2026-09-17,14:00 - 15:00,300000,Available
1250_2664_15:00,1250,Wonderball Padel Setiabudi,2664,Full Panoramic 1,2026-09-17,15:00 - 16:00,300000,Available
1250_2664_16:00,1250,Wonderball Padel Setiabudi,2664,Full Panoramic 1,2026-09-17,16:00 - 17:00,300000,Booked
1250_2664_17:00,1250,Wonderball Padel Setiabudi,2664,Full Panoramic 1,2026-09-17,17:00 - 18:00,550000,Booked
1250_2664_18:00,1250,Wonderball Padel Setiabudi,2664,Full Panoramic 1,2026-09-17,18:00 - 19:00,550000,Booked
1250_2664_19:00,1250,Wonderball Padel Setiabudi,2664,Full Panoramic 1,2026-09-17,19:00 - 20:00,550000,Booked
1250_2664_20:00,1250,Wonderball Padel Setiabudi,2664,Full Panoramic 1,2026-09-17,20:00 - 21:00,550000,Booked
1250_2664_21:00,1250,Wonderball Padel Setiabudi,2664,Full Panoramic 1,2026-09-17,21:00 - 22:00,550000,Available
1250_2664_22:00,1250,Wonderball Padel Setiabudi,2664,Full Panoramic 1,2026-09-17,22:00 - 23:00,300000,Available
1250_3826_06:00,1250,Wonderball Padel Setiabudi,3826,Full Panoramic 2,2026-09-17,06:00 - 07:00,300000,Available
1250_3826_07:00,1250,Wonderball Padel Setiabudi,3826,Full Panoramic 2,2026-09-17,07:00 - 08:00,300000,Booked
1250_3826_08:00,1250,Wonderball Padel Setiabudi,3826,Full Panoramic 2,2026-09-17,08:00 - 09:00,300000,Available
1250_3826_09:00,1250,Wonderball Padel Setiabudi,3826,Full Panoramic 2,2026-09-17,09:00 - 10:00,300000,Available
1250_3826_10:00,1250,Wonderball Padel Setiabudi,3826,Full Panoramic 2,2026-09-17,10:00 - 11:00,300000,Available
1250_3826_11:00,1250,Wonderball Padel Setiabudi,3826,Full Panoramic 2,2026-09-17,11:00 - 12:00,300000,Available
1250_3826_12:00,1250,Wonderball Padel Setiabudi,3826,Full Panoramic 2,2026-09-17,12:00 - 13:00,300000,Available
1250_3826_13:00,1250,Wonderball Padel Setiabudi,3826,Full Panoramic 2,2026-09-17,13:00 - 14:00,300000,Available
1250_3826_14:00,1250,Wonderball Padel Setiabudi,3826,Full Panoramic 2,2026-09-17,14:00 - 15:00,300000,Available
1250_3826_15:00,1250,Wonderball Padel Setiabudi,3826,Full Panoramic 2,2026-09-17,15:00 - 16:00,300000,Available
1250_3826_16:00,1250,Wonderball Padel Setiabudi,3826,Full Panoramic 2,2026-09-17,16:00 - 17:00,300000,Booked
1250_3826_17:00,1250,Wonderball Padel Setiabudi,3826,Full Panoramic 2,2026-09-17,17:00 - 18:00,550000,Booked
1250_3826_18:00,1250,Wonderball Padel Setiabudi,3826,Full Panoramic 2,2026-09-17,18:00 - 19:00,550000,Booked
1250_3826_19:00,1250,Wonderball Padel Setiabudi,3826,Full Panoramic 2,2026-09-17,19:00 - 20:00,550000,Booked
1250_3826_20:00,1250,Wonderball Padel Setiabudi,3826,Full Panoramic 2,2026-09-17,20:00 - 21:00,550000,Booked
1250_3826_21:00,1250,Wonderball Padel Setiabudi,3826,Full Panoramic 2,2026-09-17,21:00 - 22:00,550000,Available
1250_3826_22:00,1250,Wonderball Padel Setiabudi,3826,Full Panoramic 2,2026-09-17,22:00 - 23:00,300000,Available
1734_3529_06:00,1734,Corner Sport Padel Pondok Pinang,3529,Corner Sport Padel,2026-09-17,06:00 - 07:00,75000,Available
1734_3529_07:00,1734,Corner Sport Padel Pondok Pinang,3529,Corner Sport Padel,2026-09-17,07:00 - 08:00,75000,Available
1734_3529_08:00,1734,Corner Sport Padel Pondok Pinang,3529,Corner Sport Padel,2026-09-17,08:00 - 09:00,75000,Available
1734_3529_09:00,1734,Corner Sport Padel Pondok Pinang,3529,Corner Sport Padel,2026-09-17,09:00 - 10:00,75000,Available
1734_3529_10:00,1734,Corner Sport Padel Pondok Pinang,3529,Corner Sport Padel,2026-09-17,10:00 - 11:00,75000,Available
1734_3529_11:00,1734,Corner Sport Padel Pondok Pinang,3529,Corner Sport Padel,2026-09-17,11:00 - 12:00,75000,Available
1734_3529_12:00,1734,Corner Sport Padel Pondok Pinang,3529,Corner Sport Padel,2026-09-17,12:00 - 13:00,75000,Available
1734_3529_13:00,1734,Corner Sport Padel Pondok Pinang,3529,Corner Sport Padel,2026-09-17,13:00 - 14:00,75000,Available
1734_3529_14:00,1734,Corner Sport Padel Pondok Pinang,3529,Corner Sport Padel,2026-09-17,14:00 - 15:00,75000,Available
1734_3529_15:00,1734,Corner Sport Padel Pondok Pinang,3529,Corner Sport Padel,2026-09-17,15:00 - 16:00,75000,Available
1734_3529_16:00,1734,Corner Sport Padel Pondok Pinang,3529,Corner Sport Padel,2026-09-17,16:00 - 17:00,99000,Available
1734_3529_17:00,1734,Corner Sport Padel Pondok Pinang,3529,Corner Sport Padel,2026-09-17,17:00 - 18:00,99000,Available
1734_3529_18:00,1734,Corner Sport Padel Pondok Pinang,3529,Corner Sport Padel,2026-09-17,18:00 - 19:00,99000,Available
1734_3529_19:00,1734,Corner Sport Padel Pondok Pinang,3529,Corner Sport Padel,2026-09-17,19:00 - 20:00,99000,Available
1734_3529_20:00,1734,Corner Sport Padel Pondok Pinang,3529,Corner Sport Padel,2026-09-17,20:00 - 21:00,99000,Booked
1734_3529_21:00,1734,Corner Sport Padel Pondok Pinang,3529,Corner Sport Padel,2026-09-17,21:00 - 22:00,99000,Available
1734_3529_22:00,1734,Corner Sport Padel Pondok Pinang,3529,Corner Sport Padel,2026-09-17,22:00 - 23:00,99000,Available
1734_3529_23:00,1734,Corner Sport Padel Pondok Pinang,3529,Corner Sport Padel,2026-09-17,23:00 - 00:00,99000,Available
2165_5024_06:00,2165,HQ Padel & Tennis,5024,Tennis 1,2026-09-17,06:00 - 07:00,330000,Booked
2165_5024_07:00,2165,HQ Padel & Tennis,5024,Tennis 1,2026-09-17,07:00 - 08:00,330000,Booked
2165_5024_08:00,2165,HQ Padel & Tennis,5024,Tennis 1,2026-09-17,08:00 - 09:00,330000,Booked
2165_5024_09:00,2165,HQ Padel & Tennis,5024,Tennis 1,2026-09-17,09:00 - 10:00,330000,Booked
2165_5024_10:00,2165,HQ Padel & Tennis,5024,Tennis 1,2026-09-17,10:00 - 11:00,275000,Booked
2165_5024_11:00,2165,HQ Padel & Tennis,5024,Tennis 1,2026-09-17,11:00 - 12:00,275000,Booked
2165_5024_12:00,2165,HQ Padel & Tennis,5024,Tennis 1,2026-09-17,12:00 - 13:00,275000,Booked
2165_5024_13:00,2165,HQ Padel & Tennis,5024,Tennis 1,2026-09-17,13:00 - 14:00,275000,Booked
2165_5024_14:00,2165,HQ Padel & Tennis,5024,Tennis 1,2026-09-17,14:00 - 15:00,275000,Booked
2165_5024_15:00,2165,HQ Padel & Tennis,5024,Tennis 1,2026-09-17,15:00 - 16:00,275000,Available
2165_5024_16:00,2165,HQ Padel & Tennis,5024,Tennis 1,2026-09-17,16:00 - 17:00,275000,Booked
2165_5024_17:00,2165,HQ Padel & Tennis,5024,Tennis 1,2026-09-17,17:00 - 18:00,275000,Booked
2165_5024_18:00,2165,HQ Padel & Tennis,5024,Tennis 1,2026-09-17,18:00 - 19:00,330000,Booked
2165_5024_19:00,2165,HQ Padel & Tennis,5024,Tennis 1,2026-09-17,19:00 - 20:00,330000,Booked
2165_5024_20:00,2165,HQ Padel & Tennis,5024,Tennis 1,2026-09-17,20:00 - 21:00,330000,Booked
2165_5024_21:00,2165,HQ Padel & Tennis,5024,Tennis 1,2026-09-17,21:00 - 22:00,330000,Booked
2165_5024_22:00,2165,HQ Padel & Tennis,5024,Tennis 1,2026-09-17,22:00 - 23:00,275000,Available
2165_6660_06:00,2165,HQ Padel & Tennis,6660,Tennis 2,2026-09-17,06:00 - 07:00,330000,Available
2165_6660_07:00,2165,HQ Padel & Tennis,6660,Tennis 2,2026-09-17,07:00 - 08:00,330000,Booked
2165_6660_08:00,2165,HQ Padel & Tennis,6660,Tennis 2,2026-09-17,08:00 - 09:00,330000,Booked
2165_6660_09:00,2165,HQ Padel & Tennis,6660,Tennis 2,2026-09-17,09:00 - 10:00,330000,Available
2165_6660_10:00,2165,HQ Padel & Tennis,6660,Tennis 2,2026-09-17,10:00 - 11:00,275000,Booked
2165_6660_11:00,2165,HQ Padel & Tennis,6660,Tennis 2,2026-09-17,11:00 - 12:00,275000,Booked
2165_6660_12:00,2165,HQ Padel & Tennis,6660,Tennis 2,2026-09-17,12:00 - 13:00,275000,Booked
2165_6660_13:00,2165,HQ Padel & Tennis,6660,Tennis 2,2026-09-17,13:00 - 14:00,275000,Booked
2165_6660_14:00,2165,HQ Padel & Tennis,6660,Tennis 2,2026-09-17,14:00 - 15:00,275000,Booked
2165_6660_15:00,2165,HQ Padel & Tennis,6660,Tennis 2,2026-09-17,15:00 - 16:00,275000,Booked
2165_6660_16:00,2165,HQ Padel & Tennis,6660,Tennis 2,2026-09-17,16:00 - 17:00,275000,Booked
2165_6660_17:00,2165,HQ Padel & Tennis,6660,Tennis 2,2026-09-17,17:00 - 18:00,275000,Booked
2165_6660_18:00,2165,HQ Padel & Tennis,6660,Tennis 2,2026-09-17,18:00 - 19:00,330000,Booked
2165_6660_19:00,2165,HQ Padel & Tennis,6660,Tennis 2,2026-09-17,19:00 - 20:00,330000,Booked
2165_6660_20:00,2165,HQ Padel & Tennis,6660,Tennis 2,2026-09-17,20:00 - 21:00,330000,Booked
2165_6660_21:00,2165,HQ Padel & Tennis,6660,Tennis 2,2026-09-17,21:00 - 22:00,330000,Booked
2165_6660_22:00,2165,HQ Padel & Tennis,6660,Tennis 2,2026-09-17,22:00 - 23:00,275000,Available
2165_6661_06:00,2165,HQ Padel & Tennis,6661,Tennis 3,2026-09-17,06:00 - 07:00,330000,Booked
2165_6661_07:00,2165,HQ Padel & Tennis,6661,Tennis 3,2026-09-17,07:00 - 08:00,330000,Booked
2165_6661_08:00,2165,HQ Padel & Tennis,6661,Tennis 3,2026-09-17,08:00 - 09:00,330000,Booked
2165_6661_09:00,2165,HQ Padel & Tennis,6661,Tennis 3,2026-09-17,09:00 - 10:00,330000,Booked
2165_6661_10:00,2165,HQ Padel & Tennis,6661,Tennis 3,2026-09-17,10:00 - 11:00,275000,Booked
2165_6661_11:00,2165,HQ Padel & Tennis,6661,Tennis 3,2026-09-17,11:00 - 12:00,275000,Booked
2165_6661_12:00,2165,HQ Padel & Tennis,6661,Tennis 3,2026-09-17,12:00 - 13:00,275000,Booked
2165_6661_13:00,2165,HQ Padel & Tennis,6661,Tennis 3,2026-09-17,13:00 - 14:00,275000,Available
2165_6661_14:00,2165,HQ Padel & Tennis,6661,Tennis 3,2026-09-17,14:00 - 15:00,275000,Available
2165_6661_15:00,2165,HQ Padel & Tennis,6661,Tennis 3,2026-09-17,15:00 - 16:00,275000,Booked
2165_6661_16:00,2165,HQ Padel & Tennis,6661,Tennis 3,2026-09-17,16:00 - 17:00,275000,Booked
2165_6661_17:00,2165,HQ Padel & Tennis,6661,Tennis 3,2026-09-17,17:00 - 18:00,275000,Booked
2165_6661_18:00,2165,HQ Padel & Tennis,6661,Tennis 3,2026-09-17,18:00 - 19:00,330000,Booked
2165_6661_19:00,2165,HQ Padel & Tennis,6661,Tennis 3,2026-09-17,19:00 - 20:00,330000,Booked
2165_6661_20:00,2165,HQ Padel & Tennis,6661,Tennis 3,2026-09-17,20:00 - 21:00,330000,Booked
2165_6661_21:00,2165,HQ Padel & Tennis,6661,Tennis 3,2026-09-17,21:00 - 22:00,330000,Booked
2165_6661_22:00,2165,HQ Padel & Tennis,6661,Tennis 3,2026-09-17,22:00 - 23:00,275000,Available
2165_5023_06:00,2165,HQ Padel & Tennis,5023,Blibli Court 1,2026-09-17,06:00 - 07:00,175000,Available
2165_5023_07:00,2165,HQ Padel & Tennis,5023,Blibli Court 1,2026-09-17,07:00 - 08:00,175000,Available
2165_5023_08:00,2165,HQ Padel & Tennis,5023,Blibli Court 1,2026-09-17,08:00 - 09:00,175000,Booked
2165_5023_09:00,2165,HQ Padel & Tennis,5023,Blibli Court 1,2026-09-17,09:00 - 10:00,175000,Booked
2165_5023_10:00,2165,HQ Padel & Tennis,5023,Blibli Court 1,2026-09-17,10:00 - 11:00,175000,Booked
2165_5023_11:00,2165,HQ Padel & Tennis,5023,Blibli Court 1,2026-09-17,11:00 - 12:00,175000,Booked
2165_5023_12:00,2165,HQ Padel & Tennis,5023,Blibli Court 1,2026-09-17,12:00 - 13:00,175000,Booked
2165_5023_13:00,2165,HQ Padel & Tennis,5023,Blibli Court 1,2026-09-17,13:00 - 14:00,175000,Booked
2165_5023_14:00,2165,HQ Padel & Tennis,5023,Blibli Court 1,2026-09-17,14:00 - 15:00,175000,Available
2165_5023_15:00,2165,HQ Padel & Tennis,5023,Blibli Court 1,2026-09-17,15:00 - 16:00,175000,Booked
2165_5023_16:00,2165,HQ Padel & Tennis,5023,Blibli Court 1,2026-09-17,16:00 - 17:00,175000,Booked
2165_5023_17:00,2165,HQ Padel & Tennis,5023,Blibli Court 1,2026-09-17,17:00 - 18:00,175000,Booked
2165_5023_18:00,2165,HQ Padel & Tennis,5023,Blibli Court 1,2026-09-17,18:00 - 19:00,250000,Available
2165_5023_19:00,2165,HQ Padel & Tennis,5023,Blibli Court 1,2026-09-17,19:00 - 20:00,250000,Booked
2165_5023_20:00,2165,HQ Padel & Tennis,5023,Blibli Court 1,2026-09-17,20:00 - 21:00,250000,Booked
2165_5023_21:00,2165,HQ Padel & Tennis,5023,Blibli Court 1,2026-09-17,21:00 - 22:00,250000,Available
2165_5023_22:00,2165,HQ Padel & Tennis,5023,Blibli Court 1,2026-09-17,22:00 - 23:00,175000,Available
2165_6654_06:00,2165,HQ Padel & Tennis,6654,Padel 2,2026-09-17,06:00 - 07:00,175000,Available
2165_6654_07:00,2165,HQ Padel & Tennis,6654,Padel 2,2026-09-17,07:00 - 08:00,175000,Available
2165_6654_08:00,2165,HQ Padel & Tennis,6654,Padel 2,2026-09-17,08:00 - 09:00,175000,Available
2165_6654_09:00,2165,HQ Padel & Tennis,6654,Padel 2,2026-09-17,09:00 - 10:00,175000,Available
2165_6654_10:00,2165,HQ Padel & Tennis,6654,Padel 2,2026-09-17,10:00 - 11:00,175000,Available
2165_6654_11:00,2165,HQ Padel & Tennis,6654,Padel 2,2026-09-17,11:00 - 12:00,175000,Available
2165_6654_12:00,2165,HQ Padel & Tennis,6654,Padel 2,2026-09-17,12:00 - 13:00,175000,Available
2165_6654_13:00,2165,HQ Padel & Tennis,6654,Padel 2,2026-09-17,13:00 - 14:00,175000,Booked
2165_6654_14:00,2165,HQ Padel & Tennis,6654,Padel 2,2026-09-17,14:00 - 15:00,175000,Booked
2165_6654_15:00,2165,HQ Padel & Tennis,6654,Padel 2,2026-09-17,15:00 - 16:00,175000,Available
2165_6654_16:00,2165,HQ Padel & Tennis,6654,Padel 2,2026-09-17,16:00 - 17:00,175000,Available
2165_6654_17:00,2165,HQ Padel & Tennis,6654,Padel 2,2026-09-17,17:00 - 18:00,175000,Available
2165_6654_18:00,2165,HQ Padel & Tennis,6654,Padel 2,2026-09-17,18:00 - 19:00,250000,Available
2165_6654_19:00,2165,HQ Padel & Tennis,6654,Padel 2,2026-09-17,19:00 - 20:00,250000,Booked
2165_6654_20:00,2165,HQ Padel & Tennis,6654,Padel 2,2026-09-17,20:00 - 21:00,250000,Booked
2165_6654_21:00,2165,HQ Padel & Tennis,6654,Padel 2,2026-09-17,21:00 - 22:00,250000,Available
2165_6654_22:00,2165,HQ Padel & Tennis,6654,Padel 2,2026-09-17,22:00 - 23:00,175000,Available
2165_6655_06:00,2165,HQ Padel & Tennis,6655,Kahf Padel Court 3,2026-09-17,06:00 - 07:00,175000,Available
2165_6655_07:00,2165,HQ Padel & Tennis,6655,Kahf Padel Court 3,2026-09-17,07:00 - 08:00,175000,Available
2165_6655_08:00,2165,HQ Padel & Tennis,6655,Kahf Padel Court 3,2026-09-17,08:00 - 09:00,175000,Available
2165_6655_09:00,2165,HQ Padel & Tennis,6655,Kahf Padel Court 3,2026-09-17,09:00 - 10:00,175000,Available
2165_6655_10:00,2165,HQ Padel & Tennis,6655,Kahf Padel Court 3,2026-09-17,10:00 - 11:00,175000,Available
2165_6655_11:00,2165,HQ Padel & Tennis,6655,Kahf Padel Court 3,2026-09-17,11:00 - 12:00,175000,Available
2165_6655_12:00,2165,HQ Padel & Tennis,6655,Kahf Padel Court 3,2026-09-17,12:00 - 13:00,175000,Available
2165_6655_13:00,2165,HQ Padel & Tennis,6655,Kahf Padel Court 3,2026-09-17,13:00 - 14:00,175000,Available
2165_6655_14:00,2165,HQ Padel & Tennis,6655,Kahf Padel Court 3,2026-09-17,14:00 - 15:00,175000,Available
2165_6655_15:00,2165,HQ Padel & Tennis,6655,Kahf Padel Court 3,2026-09-17,15:00 - 16:00,175000,Available
2165_6655_16:00,2165,HQ Padel & Tennis,6655,Kahf Padel Court 3,2026-09-17,16:00 - 17:00,175000,Available
2165_6655_17:00,2165,HQ Padel & Tennis,6655,Kahf Padel Court 3,2026-09-17,17:00 - 18:00,175000,Available
2165_6655_18:00,2165,HQ Padel & Tennis,6655,Kahf Padel Court 3,2026-09-17,18:00 - 19:00,250000,Available
2165_6655_19:00,2165,HQ Padel & Tennis,6655,Kahf Padel Court 3,2026-09-17,19:00 - 20:00,250000,Booked
2165_6655_20:00,2165,HQ Padel & Tennis,6655,Kahf Padel Court 3,2026-09-17,20:00 - 21:00,250000,Booked
2165_6655_21:00,2165,HQ Padel & Tennis,6655,Kahf Padel Court 3,2026-09-17,21:00 - 22:00,250000,Available
2165_6655_22:00,2165,HQ Padel & Tennis,6655,Kahf Padel Court 3,2026-09-17,22:00 - 23:00,175000,Available
2165_6656_06:00,2165,HQ Padel & Tennis,6656,Padel 4,2026-09-17,06:00 - 07:00,175000,Available
2165_6656_07:00,2165,HQ Padel & Tennis,6656,Padel 4,2026-09-17,07:00 - 08:00,175000,Available
2165_6656_08:00,2165,HQ Padel & Tennis,6656,Padel 4,2026-09-17,08:00 - 09:00,175000,Available
2165_6656_09:00,2165,HQ Padel & Tennis,6656,Padel 4,2026-09-17,09:00 - 10:00,175000,Available
2165_6656_10:00,2165,HQ Padel & Tennis,6656,Padel 4,2026-09-17,10:00 - 11:00,175000,Available
2165_6656_11:00,2165,HQ Padel & Tennis,6656,Padel 4,2026-09-17,11:00 - 12:00,175000,Available
2165_6656_12:00,2165,HQ Padel & Tennis,6656,Padel 4,2026-09-17,12:00 - 13:00,175000,Available
2165_6656_13:00,2165,HQ Padel & Tennis,6656,Padel 4,2026-09-17,13:00 - 14:00,175000,Available
2165_6656_14:00,2165,HQ Padel & Tennis,6656,Padel 4,2026-09-17,14:00 - 15:00,175000,Available
2165_6656_15:00,2165,HQ Padel & Tennis,6656,Padel 4,2026-09-17,15:00 - 16:00,175000,Available
2165_6656_16:00,2165,HQ Padel & Tennis,6656,Padel 4,2026-09-17,16:00 - 17:00,175000,Available
2165_6656_17:00,2165,HQ Padel & Tennis,6656,Padel 4,2026-09-17,17:00 - 18:00,175000,Available
2165_6656_18:00,2165,HQ Padel & Tennis,6656,Padel 4,2026-09-17,18:00 - 19:00,250000,Available
2165_6656_19:00,2165,HQ Padel & Tennis,6656,Padel 4,2026-09-17,19:00 - 20:00,250000,Booked
2165_6656_20:00,2165,HQ Padel & Tennis,6656,Padel 4,2026-09-17,20:00 - 21:00,250000,Booked
2165_6656_21:00,2165,HQ Padel & Tennis,6656,Padel 4,2026-09-17,21:00 - 22:00,250000,Available
2165_6656_22:00,2165,HQ Padel & Tennis,6656,Padel 4,2026-09-17,22:00 - 23:00,175000,Available
2165_6657_06:00,2165,HQ Padel & Tennis,6657,Padel 5,2026-09-17,06:00 - 07:00,175000,Available
2165_6657_07:00,2165,HQ Padel & Tennis,6657,Padel 5,2026-09-17,07:00 - 08:00,175000,Available
2165_6657_08:00,2165,HQ Padel & Tennis,6657,Padel 5,2026-09-17,08:00 - 09:00,175000,Available
2165_6657_09:00,2165,HQ Padel & Tennis,6657,Padel 5,2026-09-17,09:00 - 10:00,175000,Available
2165_6657_10:00,2165,HQ Padel & Tennis,6657,Padel 5,2026-09-17,10:00 - 11:00,175000,Available
2165_6657_11:00,2165,HQ Padel & Tennis,6657,Padel 5,2026-09-17,11:00 - 12:00,175000,Available
2165_6657_12:00,2165,HQ Padel & Tennis,6657,Padel 5,2026-09-17,12:00 - 13:00,175000,Available
2165_6657_13:00,2165,HQ Padel & Tennis,6657,Padel 5,2026-09-17,13:00 - 14:00,175000,Available
2165_6657_14:00,2165,HQ Padel & Tennis,6657,Padel 5,2026-09-17,14:00 - 15:00,175000,Available
2165_6657_15:00,2165,HQ Padel & Tennis,6657,Padel 5,2026-09-17,15:00 - 16:00,175000,Available
2165_6657_16:00,2165,HQ Padel & Tennis,6657,Padel 5,2026-09-17,16:00 - 17:00,175000,Available
2165_6657_17:00,2165,HQ Padel & Tennis,6657,Padel 5,2026-09-17,17:00 - 18:00,175000,Available
2165_6657_18:00,2165,HQ Padel & Tennis,6657,Padel 5,2026-09-17,18:00 - 19:00,250000,Booked
2165_6657_19:00,2165,HQ Padel & Tennis,6657,Padel 5,2026-09-17,19:00 - 20:00,250000,Booked
2165_6657_20:00,2165,HQ Padel & Tennis,6657,Padel 5,2026-09-17,20:00 - 21:00,250000,Available
2165_6657_21:00,2165,HQ Padel & Tennis,6657,Padel 5,2026-09-17,21:00 - 22:00,250000,Available
2165_6657_22:00,2165,HQ Padel & Tennis,6657,Padel 5,2026-09-17,22:00 - 23:00,175000,Available
2165_6658_06:00,2165,HQ Padel & Tennis,6658,Padel 6,2026-09-17,06:00 - 07:00,175000,Available
2165_6658_07:00,2165,HQ Padel & Tennis,6658,Padel 6,2026-09-17,07:00 - 08:00,175000,Available
2165_6658_08:00,2165,HQ Padel & Tennis,6658,Padel 6,2026-09-17,08:00 - 09:00,175000,Available
2165_6658_09:00,2165,HQ Padel & Tennis,6658,Padel 6,2026-09-17,09:00 - 10:00,175000,Available
2165_6658_10:00,2165,HQ Padel & Tennis,6658,Padel 6,2026-09-17,10:00 - 11:00,175000,Available
2165_6658_11:00,2165,HQ Padel & Tennis,6658,Padel 6,2026-09-17,11:00 - 12:00,175000,Available
2165_6658_12:00,2165,HQ Padel & Tennis,6658,Padel 6,2026-09-17,12:00 - 13:00,175000,Available
2165_6658_13:00,2165,HQ Padel & Tennis,6658,Padel 6,2026-09-17,13:00 - 14:00,175000,Available
2165_6658_14:00,2165,HQ Padel & Tennis,6658,Padel 6,2026-09-17,14:00 - 15:00,175000,Available
2165_6658_15:00,2165,HQ Padel & Tennis,6658,Padel 6,2026-09-17,15:00 - 16:00,175000,Available
2165_6658_16:00,2165,HQ Padel & Tennis,6658,Padel 6,2026-09-17,16:00 - 17:00,175000,Available
2165_6658_17:00,2165,HQ Padel & Tennis,6658,Padel 6,2026-09-17,17:00 - 18:00,175000,Available
2165_6658_18:00,2165,HQ Padel & Tennis,6658,Padel 6,2026-09-17,18:00 - 19:00,250000,Available
2165_6658_19:00,2165,HQ Padel & Tennis,6658,Padel 6,2026-09-17,19:00 - 20:00,250000,Available
2165_6658_20:00,2165,HQ Padel & Tennis,6658,Padel 6,2026-09-17,20:00 - 21:00,250000,Available
2165_6658_21:00,2165,HQ Padel & Tennis,6658,Padel 6,2026-09-17,21:00 - 22:00,250000,Available
2165_6658_22:00,2165,HQ Padel & Tennis,6658,Padel 6,2026-09-17,22:00 - 23:00,175000,Available
2165_6659_06:00,2165,HQ Padel & Tennis,6659,Padel 7,2026-09-17,06:00 - 07:00,175000,Available
2165_6659_07:00,2165,HQ Padel & Tennis,6659,Padel 7,2026-09-17,07:00 - 08:00,175000,Available
2165_6659_08:00,2165,HQ Padel & Tennis,6659,Padel 7,2026-09-17,08:00 - 09:00,175000,Available
2165_6659_09:00,2165,HQ Padel & Tennis,6659,Padel 7,2026-09-17,09:00 - 10:00,175000,Available
2165_6659_10:00,2165,HQ Padel & Tennis,6659,Padel 7,2026-09-17,10:00 - 11:00,175000,Available
2165_6659_11:00,2165,HQ Padel & Tennis,6659,Padel 7,2026-09-17,11:00 - 12:00,175000,Available
2165_6659_12:00,2165,HQ Padel & Tennis,6659,Padel 7,2026-09-17,12:00 - 13:00,175000,Available
2165_6659_13:00,2165,HQ Padel & Tennis,6659,Padel 7,2026-09-17,13:00 - 14:00,175000,Available
2165_6659_14:00,2165,HQ Padel & Tennis,6659,Padel 7,2026-09-17,14:00 - 15:00,175000,Available
2165_6659_15:00,2165,HQ Padel & Tennis,6659,Padel 7,2026-09-17,15:00 - 16:00,175000,Available
2165_6659_16:00,2165,HQ Padel & Tennis,6659,Padel 7,2026-09-17,16:00 - 17:00,175000,Available
2165_6659_17:00,2165,HQ Padel & Tennis,6659,Padel 7,2026-09-17,17:00 - 18:00,175000,Available
2165_6659_18:00,2165,HQ Padel & Tennis,6659,Padel 7,2026-09-17,18:00 - 19:00,250000,Available
2165_6659_19:00,2165,HQ Padel & Tennis,6659,Padel 7,2026-09-17,19:00 - 20:00,250000,Available
2165_6659_20:00,2165,HQ Padel & Tennis,6659,Padel 7,2026-09-17,20:00 - 21:00,250000,Booked
2165_6659_21:00,2165,HQ Padel & Tennis,6659,Padel 7,2026-09-17,21:00 - 22:00,250000,Booked
2165_6659_22:00,2165,HQ Padel & Tennis,6659,Padel 7,2026-09-17,22:00 - 23:00,175000,Available
4415_11032_06:00,4415,Fork Padel,11032,Court F,2026-09-17,06:00 - 07:00,315000,Available
4415_11032_07:00,4415,Fork Padel,11032,Court F,2026-09-17,07:00 - 08:00,315000,Available
4415_11032_08:00,4415,Fork Padel,11032,Court F,2026-09-17,08:00 - 09:00,315000,Available
4415_11032_09:00,4415,Fork Padel,11032,Court F,2026-09-17,09:00 - 10:00,315000,Available
4415_11032_10:00,4415,Fork Padel,11032,Court F,2026-09-17,10:00 - 11:00,315000,Available
4415_11032_11:00,4415,Fork Padel,11032,Court F,2026-09-17,11:00 - 12:00,225000,Available
4415_11032_12:00,4415,Fork Padel,11032,Court F,2026-09-17,12:00 - 13:00,225000,Available
4415_11032_13:00,4415,Fork Padel,11032,Court F,2026-09-17,13:00 - 14:00,225000,Available
4415_11032_14:00,4415,Fork Padel,11032,Court F,2026-09-17,14:00 - 15:00,225000,Available
4415_11032_15:00,4415,Fork Padel,11032,Court F,2026-09-17,15:00 - 16:00,225000,Available
4415_11032_16:00,4415,Fork Padel,11032,Court F,2026-09-17,16:00 - 17:00,350000,Available
4415_11032_17:00,4415,Fork Padel,11032,Court F,2026-09-17,17:00 - 18:00,350000,Booked
4415_11032_18:00,4415,Fork Padel,11032,Court F,2026-09-17,18:00 - 19:00,350000,Booked
4415_11032_19:00,4415,Fork Padel,11032,Court F,2026-09-17,19:00 - 20:00,350000,Booked
4415_11032_20:00,4415,Fork Padel,11032,Court F,2026-09-17,20:00 - 21:00,350000,Booked
4415_11032_21:00,4415,Fork Padel,11032,Court F,2026-09-17,21:00 - 22:00,350000,Booked
4415_11032_22:00,4415,Fork Padel,11032,Court F,2026-09-17,22:00 - 23:00,350000,Available
4415_11032_23:00,4415,Fork Padel,11032,Court F,2026-09-17,23:00 - 00:00,180000,Available
4415_11033_06:00,4415,Fork Padel,11033,Court O,2026-09-17,06:00 - 07:00,315000,Available
4415_11033_07:00,4415,Fork Padel,11033,Court O,2026-09-17,07:00 - 08:00,315000,Available
4415_11033_08:00,4415,Fork Padel,11033,Court O,2026-09-17,08:00 - 09:00,315000,Available
4415_11033_09:00,4415,Fork Padel,11033,Court O,2026-09-17,09:00 - 10:00,315000,Available
4415_11033_10:00,4415,Fork Padel,11033,Court O,2026-09-17,10:00 - 11:00,315000,Available
4415_11033_11:00,4415,Fork Padel,11033,Court O,2026-09-17,11:00 - 12:00,225000,Available
4415_11033_12:00,4415,Fork Padel,11033,Court O,2026-09-17,12:00 - 13:00,225000,Available
4415_11033_13:00,4415,Fork Padel,11033,Court O,2026-09-17,13:00 - 14:00,225000,Available
4415_11033_14:00,4415,Fork Padel,11033,Court O,2026-09-17,14:00 - 15:00,225000,Available
4415_11033_15:00,4415,Fork Padel,11033,Court O,2026-09-17,15:00 - 16:00,225000,Available
4415_11033_16:00,4415,Fork Padel,11033,Court O,2026-09-17,16:00 - 17:00,350000,Available
4415_11033_17:00,4415,Fork Padel,11033,Court O,2026-09-17,17:00 - 18:00,350000,Booked
4415_11033_18:00,4415,Fork Padel,11033,Court O,2026-09-17,18:00 - 19:00,350000,Booked
4415_11033_19:00,4415,Fork Padel,11033,Court O,2026-09-17,19:00 - 20:00,350000,Available
4415_11033_20:00,4415,Fork Padel,11033,Court O,2026-09-17,20:00 - 21:00,350000,Booked
4415_11033_21:00,4415,Fork Padel,11033,Court O,2026-09-17,21:00 - 22:00,350000,Booked
4415_11033_22:00,4415,Fork Padel,11033,Court O,2026-09-17,22:00 - 23:00,350000,Available
4415_11033_23:00,4415,Fork Padel,11033,Court O,2026-09-17,23:00 - 00:00,180000,Available
4415_11034_06:00,4415,Fork Padel,11034,Court R,2026-09-17,06:00 - 07:00,315000,Available
4415_11034_07:00,4415,Fork Padel,11034,Court R,2026-09-17,07:00 - 08:00,315000,Available
4415_11034_08:00,4415,Fork Padel,11034,Court R,2026-09-17,08:00 - 09:00,315000,Available
4415_11034_09:00,4415,Fork Padel,11034,Court R,2026-09-17,09:00 - 10:00,315000,Available
4415_11034_10:00,4415,Fork Padel,11034,Court R,2026-09-17,10:00 - 11:00,315000,Available
4415_11034_11:00,4415,Fork Padel,11034,Court R,2026-09-17,11:00 - 12:00,225000,Available
4415_11034_12:00,4415,Fork Padel,11034,Court R,2026-09-17,12:00 - 13:00,225000,Available
4415_11034_13:00,4415,Fork Padel,11034,Court R,2026-09-17,13:00 - 14:00,225000,Available
4415_11034_14:00,4415,Fork Padel,11034,Court R,2026-09-17,14:00 - 15:00,225000,Available
4415_11034_15:00,4415,Fork Padel,11034,Court R,2026-09-17,15:00 - 16:00,225000,Available
4415_11034_16:00,4415,Fork Padel,11034,Court R,2026-09-17,16:00 - 17:00,350000,Available
4415_11034_17:00,4415,Fork Padel,11034,Court R,2026-09-17,17:00 - 18:00,350000,Available
4415_11034_18:00,4415,Fork Padel,11034,Court R,2026-09-17,18:00 - 19:00,350000,Booked
4415_11034_19:00,4415,Fork Padel,11034,Court R,2026-09-17,19:00 - 20:00,350000,Booked
4415_11034_20:00,4415,Fork Padel,11034,Court R,2026-09-17,20:00 - 21:00,350000,Booked
4415_11034_21:00,4415,Fork Padel,11034,Court R,2026-09-17,21:00 - 22:00,350000,Booked
4415_11034_22:00,4415,Fork Padel,11034,Court R,2026-09-17,22:00 - 23:00,350000,Available
4415_11034_23:00,4415,Fork Padel,11034,Court R,2026-09-17,23:00 - 00:00,180000,Available
4415_11035_06:00,4415,Fork Padel,11035,Court K,2026-09-17,06:00 - 07:00,315000,Available
4415_11035_07:00,4415,Fork Padel,11035,Court K,2026-09-17,07:00 - 08:00,315000,Available
4415_11035_08:00,4415,Fork Padel,11035,Court K,2026-09-17,08:00 - 09:00,315000,Available
4415_11035_09:00,4415,Fork Padel,11035,Court K,2026-09-17,09:00 - 10:00,315000,Available
4415_11035_10:00,4415,Fork Padel,11035,Court K,2026-09-17,10:00 - 11:00,315000,Available
4415_11035_11:00,4415,Fork Padel,11035,Court K,2026-09-17,11:00 - 12:00,225000,Available
4415_11035_12:00,4415,Fork Padel,11035,Court K,2026-09-17,12:00 - 13:00,225000,Available
4415_11035_13:00,4415,Fork Padel,11035,Court K,2026-09-17,13:00 - 14:00,225000,Available
4415_11035_14:00,4415,Fork Padel,11035,Court K,2026-09-17,14:00 - 15:00,225000,Available
4415_11035_15:00,4415,Fork Padel,11035,Court K,2026-09-17,15:00 - 16:00,225000,Available
4415_11035_16:00,4415,Fork Padel,11035,Court K,2026-09-17,16:00 - 17:00,350000,Available
4415_11035_17:00,4415,Fork Padel,11035,Court K,2026-09-17,17:00 - 18:00,350000,Available
4415_11035_18:00,4415,Fork Padel,11035,Court K,2026-09-17,18:00 - 19:00,350000,Booked
4415_11035_19:00,4415,Fork Padel,11035,Court K,2026-09-17,19:00 - 20:00,350000,Booked
4415_11035_20:00,4415,Fork Padel,11035,Court K,2026-09-17,20:00 - 21:00,350000,Booked
4415_11035_21:00,4415,Fork Padel,11035,Court K,2026-09-17,21:00 - 22:00,350000,Available
4415_11035_22:00,4415,Fork Padel,11035,Court K,2026-09-17,22:00 - 23:00,350000,Available
4415_11035_23:00,4415,Fork Padel,11035,Court K,2026-09-17,23:00 - 00:00,180000,Available
1070_1828_06:00,1070,Foreground Racquet Simulator - Kemang,1828,Court 1,2026-09-17,06:00 - 07:00,350000,Available
1070_1828_07:00,1070,Foreground Racquet Simulator - Kemang,1828,Court 1,2026-09-17,07:00 - 08:00,350000,Available
1070_1828_08:00,1070,Foreground Racquet Simulator - Kemang,1828,Court 1,2026-09-17,08:00 - 09:00,350000,Available
1070_1828_09:00,1070,Foreground Racquet Simulator - Kemang,1828,Court 1,2026-09-17,09:00 - 10:00,350000,Available
1070_1828_10:00,1070,Foreground Racquet Simulator - Kemang,1828,Court 1,2026-09-17,10:00 - 11:00,350000,Booked
1070_1828_11:00,1070,Foreground Racquet Simulator - Kemang,1828,Court 1,2026-09-17,11:00 - 12:00,350000,Available
1070_1828_12:00,1070,Foreground Racquet Simulator - Kemang,1828,Court 1,2026-09-17,12:00 - 13:00,350000,Available
1070_1828_13:00,1070,Foreground Racquet Simulator - Kemang,1828,Court 1,2026-09-17,13:00 - 14:00,350000,Available
1070_1828_14:00,1070,Foreground Racquet Simulator - Kemang,1828,Court 1,2026-09-17,14:00 - 15:00,350000,Available
1070_1828_15:00,1070,Foreground Racquet Simulator - Kemang,1828,Court 1,2026-09-17,15:00 - 16:00,350000,Available
1070_1828_16:00,1070,Foreground Racquet Simulator - Kemang,1828,Court 1,2026-09-17,16:00 - 17:00,350000,Available
1070_1828_17:00,1070,Foreground Racquet Simulator - Kemang,1828,Court 1,2026-09-17,17:00 - 18:00,350000,Available
1070_1828_18:00,1070,Foreground Racquet Simulator - Kemang,1828,Court 1,2026-09-17,18:00 - 19:00,389000,Available
1070_1828_19:00,1070,Foreground Racquet Simulator - Kemang,1828,Court 1,2026-09-17,19:00 - 20:00,389000,Available
1070_1828_20:00,1070,Foreground Racquet Simulator - Kemang,1828,Court 1,2026-09-17,20:00 - 21:00,389000,Available
1070_1828_21:00,1070,Foreground Racquet Simulator - Kemang,1828,Court 1,2026-09-17,21:00 - 22:00,389000,Available
1070_1828_22:00,1070,Foreground Racquet Simulator - Kemang,1828,Court 1,2026-09-17,22:00 - 23:00,389000,Available
1070_4248_06:00,1070,Foreground Racquet Simulator - Kemang,4248,Court 1,2026-09-17,06:00 - 07:00,350000,Available
1070_4248_07:00,1070,Foreground Racquet Simulator - Kemang,4248,Court 1,2026-09-17,07:00 - 08:00,350000,Available
1070_4248_08:00,1070,Foreground Racquet Simulator - Kemang,4248,Court 1,2026-09-17,08:00 - 09:00,350000,Available
1070_4248_09:00,1070,Foreground Racquet Simulator - Kemang,4248,Court 1,2026-09-17,09:00 - 10:00,350000,Available
1070_4248_10:00,1070,Foreground Racquet Simulator - Kemang,4248,Court 1,2026-09-17,10:00 - 11:00,350000,Booked
1070_4248_11:00,1070,Foreground Racquet Simulator - Kemang,4248,Court 1,2026-09-17,11:00 - 12:00,350000,Available
1070_4248_12:00,1070,Foreground Racquet Simulator - Kemang,4248,Court 1,2026-09-17,12:00 - 13:00,350000,Available
1070_4248_13:00,1070,Foreground Racquet Simulator - Kemang,4248,Court 1,2026-09-17,13:00 - 14:00,350000,Available
1070_4248_14:00,1070,Foreground Racquet Simulator - Kemang,4248,Court 1,2026-09-17,14:00 - 15:00,350000,Available
1070_4248_15:00,1070,Foreground Racquet Simulator - Kemang,4248,Court 1,2026-09-17,15:00 - 16:00,350000,Available
1070_4248_16:00,1070,Foreground Racquet Simulator - Kemang,4248,Court 1,2026-09-17,16:00 - 17:00,350000,Available
1070_4248_17:00,1070,Foreground Racquet Simulator - Kemang,4248,Court 1,2026-09-17,17:00 - 18:00,350000,Available
1070_4248_18:00,1070,Foreground Racquet Simulator - Kemang,4248,Court 1,2026-09-17,18:00 - 19:00,389000,Available
1070_4248_19:00,1070,Foreground Racquet Simulator - Kemang,4248,Court 1,2026-09-17,19:00 - 20:00,389000,Available
1070_4248_20:00,1070,Foreground Racquet Simulator - Kemang,4248,Court 1,2026-09-17,20:00 - 21:00,389000,Available
1070_4248_21:00,1070,Foreground Racquet Simulator - Kemang,4248,Court 1,2026-09-17,21:00 - 22:00,389000,Available
1070_4248_22:00,1070,Foreground Racquet Simulator - Kemang,4248,Court 1,2026-09-17,22:00 - 23:00,389000,Available
1070_1869_06:00,1070,Foreground Racquet Simulator - Kemang,1869,Centre Court,2026-09-17,06:00 - 07:00,350000,Available
1070_1869_07:00,1070,Foreground Racquet Simulator - Kemang,1869,Centre Court,2026-09-17,07:00 - 08:00,350000,Available
1070_1869_08:00,1070,Foreground Racquet Simulator - Kemang,1869,Centre Court,2026-09-17,08:00 - 09:00,350000,Available
1070_1869_09:00,1070,Foreground Racquet Simulator - Kemang,1869,Centre Court,2026-09-17,09:00 - 10:00,350000,Available
1070_1869_10:00,1070,Foreground Racquet Simulator - Kemang,1869,Centre Court,2026-09-17,10:00 - 11:00,350000,Available
1070_1869_11:00,1070,Foreground Racquet Simulator - Kemang,1869,Centre Court,2026-09-17,11:00 - 12:00,350000,Available
1070_1869_12:00,1070,Foreground Racquet Simulator - Kemang,1869,Centre Court,2026-09-17,12:00 - 13:00,350000,Available
1070_1869_13:00,1070,Foreground Racquet Simulator - Kemang,1869,Centre Court,2026-09-17,13:00 - 14:00,350000,Available
1070_1869_14:00,1070,Foreground Racquet Simulator - Kemang,1869,Centre Court,2026-09-17,14:00 - 15:00,350000,Available
1070_1869_15:00,1070,Foreground Racquet Simulator - Kemang,1869,Centre Court,2026-09-17,15:00 - 16:00,350000,Available
1070_1869_16:00,1070,Foreground Racquet Simulator - Kemang,1869,Centre Court,2026-09-17,16:00 - 17:00,350000,Available
1070_1869_17:00,1070,Foreground Racquet Simulator - Kemang,1869,Centre Court,2026-09-17,17:00 - 18:00,350000,Booked
1070_1869_18:00,1070,Foreground Racquet Simulator - Kemang,1869,Centre Court,2026-09-17,18:00 - 19:00,389000,Available
1070_1869_19:00,1070,Foreground Racquet Simulator - Kemang,1869,Centre Court,2026-09-17,19:00 - 20:00,389000,Available
1070_1869_20:00,1070,Foreground Racquet Simulator - Kemang,1869,Centre Court,2026-09-17,20:00 - 21:00,389000,Booked
1070_1869_21:00,1070,Foreground Racquet Simulator - Kemang,1869,Centre Court,2026-09-17,21:00 - 22:00,389000,Available
1070_1869_22:00,1070,Foreground Racquet Simulator - Kemang,1869,Centre Court,2026-09-17,22:00 - 23:00,389000,Available
1070_4249_06:00,1070,Foreground Racquet Simulator - Kemang,4249,Centre Court,2026-09-17,06:00 - 07:00,350000,Available
1070_4249_07:00,1070,Foreground Racquet Simulator - Kemang,4249,Centre Court,2026-09-17,07:00 - 08:00,350000,Available
1070_4249_08:00,1070,Foreground Racquet Simulator - Kemang,4249,Centre Court,2026-09-17,08:00 - 09:00,350000,Available
1070_4249_09:00,1070,Foreground Racquet Simulator - Kemang,4249,Centre Court,2026-09-17,09:00 - 10:00,350000,Available
1070_4249_10:00,1070,Foreground Racquet Simulator - Kemang,4249,Centre Court,2026-09-17,10:00 - 11:00,350000,Available
1070_4249_11:00,1070,Foreground Racquet Simulator - Kemang,4249,Centre Court,2026-09-17,11:00 - 12:00,350000,Available
1070_4249_12:00,1070,Foreground Racquet Simulator - Kemang,4249,Centre Court,2026-09-17,12:00 - 13:00,350000,Available
1070_4249_13:00,1070,Foreground Racquet Simulator - Kemang,4249,Centre Court,2026-09-17,13:00 - 14:00,350000,Available
1070_4249_14:00,1070,Foreground Racquet Simulator - Kemang,4249,Centre Court,2026-09-17,14:00 - 15:00,350000,Available
1070_4249_15:00,1070,Foreground Racquet Simulator - Kemang,4249,Centre Court,2026-09-17,15:00 - 16:00,350000,Available
1070_4249_16:00,1070,Foreground Racquet Simulator - Kemang,4249,Centre Court,2026-09-17,16:00 - 17:00,350000,Available
1070_4249_17:00,1070,Foreground Racquet Simulator - Kemang,4249,Centre Court,2026-09-17,17:00 - 18:00,350000,Booked
1070_4249_18:00,1070,Foreground Racquet Simulator - Kemang,4249,Centre Court,2026-09-17,18:00 - 19:00,389000,Available
1070_4249_19:00,1070,Foreground Racquet Simulator - Kemang,4249,Centre Court,2026-09-17,19:00 - 20:00,389000,Available
1070_4249_20:00,1070,Foreground Racquet Simulator - Kemang,4249,Centre Court,2026-09-17,20:00 - 21:00,389000,Booked
1070_4249_21:00,1070,Foreground Racquet Simulator - Kemang,4249,Centre Court,2026-09-17,21:00 - 22:00,389000,Available
1070_4249_22:00,1070,Foreground Racquet Simulator - Kemang,4249,Centre Court,2026-09-17,22:00 - 23:00,389000,Available
1070_1870_06:00,1070,Foreground Racquet Simulator - Kemang,1870,Court 18,2026-09-17,06:00 - 07:00,350000,Available
1070_1870_07:00,1070,Foreground Racquet Simulator - Kemang,1870,Court 18,2026-09-17,07:00 - 08:00,350000,Available
1070_1870_08:00,1070,Foreground Racquet Simulator - Kemang,1870,Court 18,2026-09-17,08:00 - 09:00,350000,Available
1070_1870_09:00,1070,Foreground Racquet Simulator - Kemang,1870,Court 18,2026-09-17,09:00 - 10:00,350000,Available
1070_1870_10:00,1070,Foreground Racquet Simulator - Kemang,1870,Court 18,2026-09-17,10:00 - 11:00,350000,Available
1070_1870_11:00,1070,Foreground Racquet Simulator - Kemang,1870,Court 18,2026-09-17,11:00 - 12:00,350000,Available
1070_1870_12:00,1070,Foreground Racquet Simulator - Kemang,1870,Court 18,2026-09-17,12:00 - 13:00,350000,Available
1070_1870_13:00,1070,Foreground Racquet Simulator - Kemang,1870,Court 18,2026-09-17,13:00 - 14:00,350000,Available
1070_1870_14:00,1070,Foreground Racquet Simulator - Kemang,1870,Court 18,2026-09-17,14:00 - 15:00,350000,Booked
1070_1870_15:00,1070,Foreground Racquet Simulator - Kemang,1870,Court 18,2026-09-17,15:00 - 16:00,350000,Available
1070_1870_16:00,1070,Foreground Racquet Simulator - Kemang,1870,Court 18,2026-09-17,16:00 - 17:00,350000,Available
1070_1870_17:00,1070,Foreground Racquet Simulator - Kemang,1870,Court 18,2026-09-17,17:00 - 18:00,350000,Available
1070_1870_18:00,1070,Foreground Racquet Simulator - Kemang,1870,Court 18,2026-09-17,18:00 - 19:00,389000,Available
1070_1870_19:00,1070,Foreground Racquet Simulator - Kemang,1870,Court 18,2026-09-17,19:00 - 20:00,389000,Booked
1070_1870_20:00,1070,Foreground Racquet Simulator - Kemang,1870,Court 18,2026-09-17,20:00 - 21:00,389000,Available
1070_1870_21:00,1070,Foreground Racquet Simulator - Kemang,1870,Court 18,2026-09-17,21:00 - 22:00,389000,Available
1070_1870_22:00,1070,Foreground Racquet Simulator - Kemang,1870,Court 18,2026-09-17,22:00 - 23:00,389000,Available
1070_4250_06:00,1070,Foreground Racquet Simulator - Kemang,4250,Court 18,2026-09-17,06:00 - 07:00,350000,Available
1070_4250_07:00,1070,Foreground Racquet Simulator - Kemang,4250,Court 18,2026-09-17,07:00 - 08:00,350000,Available
1070_4250_08:00,1070,Foreground Racquet Simulator - Kemang,4250,Court 18,2026-09-17,08:00 - 09:00,350000,Available
1070_4250_09:00,1070,Foreground Racquet Simulator - Kemang,4250,Court 18,2026-09-17,09:00 - 10:00,350000,Available
1070_4250_10:00,1070,Foreground Racquet Simulator - Kemang,4250,Court 18,2026-09-17,10:00 - 11:00,350000,Available
1070_4250_11:00,1070,Foreground Racquet Simulator - Kemang,4250,Court 18,2026-09-17,11:00 - 12:00,350000,Available
1070_4250_12:00,1070,Foreground Racquet Simulator - Kemang,4250,Court 18,2026-09-17,12:00 - 13:00,350000,Available
1070_4250_13:00,1070,Foreground Racquet Simulator - Kemang,4250,Court 18,2026-09-17,13:00 - 14:00,350000,Available
1070_4250_14:00,1070,Foreground Racquet Simulator - Kemang,4250,Court 18,2026-09-17,14:00 - 15:00,350000,Booked
1070_4250_15:00,1070,Foreground Racquet Simulator - Kemang,4250,Court 18,2026-09-17,15:00 - 16:00,350000,Available
1070_4250_16:00,1070,Foreground Racquet Simulator - Kemang,4250,Court 18,2026-09-17,16:00 - 17:00,350000,Available
1070_4250_17:00,1070,Foreground Racquet Simulator - Kemang,4250,Court 18,2026-09-17,17:00 - 18:00,350000,Available
1070_4250_18:00,1070,Foreground Racquet Simulator - Kemang,4250,Court 18,2026-09-17,18:00 - 19:00,389000,Available
1070_4250_19:00,1070,Foreground Racquet Simulator - Kemang,4250,Court 18,2026-09-17,19:00 - 20:00,389000,Booked
1070_4250_20:00,1070,Foreground Racquet Simulator - Kemang,4250,Court 18,2026-09-17,20:00 - 21:00,389000,Available
1070_4250_21:00,1070,Foreground Racquet Simulator - Kemang,4250,Court 18,2026-09-17,21:00 - 22:00,389000,Available
1070_4250_22:00,1070,Foreground Racquet Simulator - Kemang,4250,Court 18,2026-09-17,22:00 - 23:00,389000,Available
1320_2663_06:00,1320,Ascend Padel & Wellness,2663,Court 1,2026-09-17,06:00 - 07:00,250000,Booked
1320_2663_07:00,1320,Ascend Padel & Wellness,2663,Court 1,2026-09-17,07:00 - 08:00,250000,Booked
1320_2663_08:00,1320,Ascend Padel & Wellness,2663,Court 1,2026-09-17,08:00 - 09:00,250000,Available
1320_2663_09:00,1320,Ascend Padel & Wellness,2663,Court 1,2026-09-17,09:00 - 10:00,375000,Available
1320_2663_10:00,1320,Ascend Padel & Wellness,2663,Court 1,2026-09-17,10:00 - 11:00,375000,Booked
1320_2663_11:00,1320,Ascend Padel & Wellness,2663,Court 1,2026-09-17,11:00 - 12:00,375000,Booked
1320_2663_12:00,1320,Ascend Padel & Wellness,2663,Court 1,2026-09-17,12:00 - 13:00,375000,Available
1320_2663_13:00,1320,Ascend Padel & Wellness,2663,Court 1,2026-09-17,13:00 - 14:00,375000,Available
1320_2663_14:00,1320,Ascend Padel & Wellness,2663,Court 1,2026-09-17,14:00 - 15:00,375000,Booked
1320_2663_15:00,1320,Ascend Padel & Wellness,2663,Court 1,2026-09-17,15:00 - 16:00,375000,Available
1320_2663_16:00,1320,Ascend Padel & Wellness,2663,Court 1,2026-09-17,16:00 - 17:00,375000,Available
1320_2663_17:00,1320,Ascend Padel & Wellness,2663,Court 1,2026-09-17,17:00 - 18:00,500000,Booked
1320_2663_18:00,1320,Ascend Padel & Wellness,2663,Court 1,2026-09-17,18:00 - 19:00,500000,Booked
1320_2663_19:00,1320,Ascend Padel & Wellness,2663,Court 1,2026-09-17,19:00 - 20:00,500000,Booked
1320_2663_20:00,1320,Ascend Padel & Wellness,2663,Court 1,2026-09-17,20:00 - 21:00,500000,Booked
1320_2663_21:00,1320,Ascend Padel & Wellness,2663,Court 1,2026-09-17,21:00 - 22:00,500000,Booked
1320_5399_06:00,1320,Ascend Padel & Wellness,5399,Court 2,2026-09-17,06:00 - 07:00,250000,Available
1320_5399_07:00,1320,Ascend Padel & Wellness,5399,Court 2,2026-09-17,07:00 - 08:00,250000,Available
1320_5399_08:00,1320,Ascend Padel & Wellness,5399,Court 2,2026-09-17,08:00 - 09:00,250000,Available
1320_5399_09:00,1320,Ascend Padel & Wellness,5399,Court 2,2026-09-17,09:00 - 10:00,375000,Available
1320_5399_10:00,1320,Ascend Padel & Wellness,5399,Court 2,2026-09-17,10:00 - 11:00,375000,Available
1320_5399_11:00,1320,Ascend Padel & Wellness,5399,Court 2,2026-09-17,11:00 - 12:00,375000,Available
1320_5399_12:00,1320,Ascend Padel & Wellness,5399,Court 2,2026-09-17,12:00 - 13:00,375000,Available
1320_5399_13:00,1320,Ascend Padel & Wellness,5399,Court 2,2026-09-17,13:00 - 14:00,375000,Available
1320_5399_14:00,1320,Ascend Padel & Wellness,5399,Court 2,2026-09-17,14:00 - 15:00,375000,Available
1320_5399_15:00,1320,Ascend Padel & Wellness,5399,Court 2,2026-09-17,15:00 - 16:00,375000,Available
1320_5399_16:00,1320,Ascend Padel & Wellness,5399,Court 2,2026-09-17,16:00 - 17:00,375000,Booked
1320_5399_17:00,1320,Ascend Padel & Wellness,5399,Court 2,2026-09-17,17:00 - 18:00,500000,Booked
1320_5399_18:00,1320,Ascend Padel & Wellness,5399,Court 2,2026-09-17,18:00 - 19:00,500000,Available
1320_5399_19:00,1320,Ascend Padel & Wellness,5399,Court 2,2026-09-17,19:00 - 20:00,500000,Booked
1320_5399_20:00,1320,Ascend Padel & Wellness,5399,Court 2,2026-09-17,20:00 - 21:00,500000,Booked
1320_5399_21:00,1320,Ascend Padel & Wellness,5399,Court 2,2026-09-17,21:00 - 22:00,500000,Booked
1320_5400_06:00,1320,Ascend Padel & Wellness,5400,Court 3,2026-09-17,06:00 - 07:00,250000,Available
1320_5400_07:00,1320,Ascend Padel & Wellness,5400,Court 3,2026-09-17,07:00 - 08:00,250000,Available
1320_5400_08:00,1320,Ascend Padel & Wellness,5400,Court 3,2026-09-17,08:00 - 09:00,250000,Available
1320_5400_09:00,1320,Ascend Padel & Wellness,5400,Court 3,2026-09-17,09:00 - 10:00,375000,Available
1320_5400_10:00,1320,Ascend Padel & Wellness,5400,Court 3,2026-09-17,10:00 - 11:00,375000,Available
1320_5400_11:00,1320,Ascend Padel & Wellness,5400,Court 3,2026-09-17,11:00 - 12:00,375000,Available
1320_5400_12:00,1320,Ascend Padel & Wellness,5400,Court 3,2026-09-17,12:00 - 13:00,375000,Available
1320_5400_13:00,1320,Ascend Padel & Wellness,5400,Court 3,2026-09-17,13:00 - 14:00,375000,Available
1320_5400_14:00,1320,Ascend Padel & Wellness,5400,Court 3,2026-09-17,14:00 - 15:00,375000,Available
1320_5400_15:00,1320,Ascend Padel & Wellness,5400,Court 3,2026-09-17,15:00 - 16:00,375000,Available
1320_5400_16:00,1320,Ascend Padel & Wellness,5400,Court 3,2026-09-17,16:00 - 17:00,375000,Booked
1320_5400_17:00,1320,Ascend Padel & Wellness,5400,Court 3,2026-09-17,17:00 - 18:00,500000,Booked
1320_5400_18:00,1320,Ascend Padel & Wellness,5400,Court 3,2026-09-17,18:00 - 19:00,500000,Booked
1320_5400_19:00,1320,Ascend Padel & Wellness,5400,Court 3,2026-09-17,19:00 - 20:00,500000,Booked
1320_5400_20:00,1320,Ascend Padel & Wellness,5400,Court 3,2026-09-17,20:00 - 21:00,500000,Booked
1320_5400_21:00,1320,Ascend Padel & Wellness,5400,Court 3,2026-09-17,21:00 - 22:00,500000,Booked
1320_5401_06:00,1320,Ascend Padel & Wellness,5401,Court 4,2026-09-17,06:00 - 07:00,250000,Available
1320_5401_07:00,1320,Ascend Padel & Wellness,5401,Court 4,2026-09-17,07:00 - 08:00,250000,Booked
1320_5401_08:00,1320,Ascend Padel & Wellness,5401,Court 4,2026-09-17,08:00 - 09:00,250000,Booked
1320_5401_09:00,1320,Ascend Padel & Wellness,5401,Court 4,2026-09-17,09:00 - 10:00,375000,Available
1320_5401_10:00,1320,Ascend Padel & Wellness,5401,Court 4,2026-09-17,10:00 - 11:00,375000,Available
1320_5401_11:00,1320,Ascend Padel & Wellness,5401,Court 4,2026-09-17,11:00 - 12:00,375000,Available
1320_5401_12:00,1320,Ascend Padel & Wellness,5401,Court 4,2026-09-17,12:00 - 13:00,375000,Available
1320_5401_13:00,1320,Ascend Padel & Wellness,5401,Court 4,2026-09-17,13:00 - 14:00,375000,Available
1320_5401_14:00,1320,Ascend Padel & Wellness,5401,Court 4,2026-09-17,14:00 - 15:00,375000,Booked
1320_5401_15:00,1320,Ascend Padel & Wellness,5401,Court 4,2026-09-17,15:00 - 16:00,375000,Available
1320_5401_16:00,1320,Ascend Padel & Wellness,5401,Court 4,2026-09-17,16:00 - 17:00,375000,Available
1320_5401_17:00,1320,Ascend Padel & Wellness,5401,Court 4,2026-09-17,17:00 - 18:00,500000,Available
1320_5401_18:00,1320,Ascend Padel & Wellness,5401,Court 4,2026-09-17,18:00 - 19:00,500000,Booked
1320_5401_19:00,1320,Ascend Padel & Wellness,5401,Court 4,2026-09-17,19:00 - 20:00,500000,Booked
1320_5401_20:00,1320,Ascend Padel & Wellness,5401,Court 4,2026-09-17,20:00 - 21:00,500000,Available
1320_5401_21:00,1320,Ascend Padel & Wellness,5401,Court 4,2026-09-17,21:00 - 22:00,500000,Available
3729_9199_09:00,3729,Padel un Terra Simulator,9199,Court 1,2026-09-17,09:00 - 10:00,53000,Available
3729_9199_10:00,3729,Padel un Terra Simulator,9199,Court 1,2026-09-17,10:00 - 11:00,53000,Available
3729_9199_11:00,3729,Padel un Terra Simulator,9199,Court 1,2026-09-17,11:00 - 12:00,53000,Available
3729_9199_12:00,3729,Padel un Terra Simulator,9199,Court 1,2026-09-17,12:00 - 13:00,53000,Available
3729_9199_13:00,3729,Padel un Terra Simulator,9199,Court 1,2026-09-17,13:00 - 14:00,53000,Available
3729_9199_14:00,3729,Padel un Terra Simulator,9199,Court 1,2026-09-17,14:00 - 15:00,53000,Available
3729_9199_15:00,3729,Padel un Terra Simulator,9199,Court 1,2026-09-17,15:00 - 16:00,53000,Available
3729_9199_16:00,3729,Padel un Terra Simulator,9199,Court 1,2026-09-17,16:00 - 17:00,53000,Available
3729_9199_17:00,3729,Padel un Terra Simulator,9199,Court 1,2026-09-17,17:00 - 18:00,53000,Available
3729_9199_18:00,3729,Padel un Terra Simulator,9199,Court 1,2026-09-17,18:00 - 19:00,53000,Available
3729_9199_19:00,3729,Padel un Terra Simulator,9199,Court 1,2026-09-17,19:00 - 20:00,53000,Available
3729_9199_20:00,3729,Padel un Terra Simulator,9199,Court 1,2026-09-17,20:00 - 21:00,53000,Available
3729_9199_21:00,3729,Padel un Terra Simulator,9199,Court 1,2026-09-17,21:00 - 22:00,53000,Available
3729_9199_22:00,3729,Padel un Terra Simulator,9199,Court 1,2026-09-17,22:00 - 23:00,53000,Available
3729_9200_09:00,3729,Padel un Terra Simulator,9200,Court 2,2026-09-17,09:00 - 10:00,53000,Available
3729_9200_10:00,3729,Padel un Terra Simulator,9200,Court 2,2026-09-17,10:00 - 11:00,53000,Available
3729_9200_11:00,3729,Padel un Terra Simulator,9200,Court 2,2026-09-17,11:00 - 12:00,53000,Available
3729_9200_12:00,3729,Padel un Terra Simulator,9200,Court 2,2026-09-17,12:00 - 13:00,53000,Available
3729_9200_13:00,3729,Padel un Terra Simulator,9200,Court 2,2026-09-17,13:00 - 14:00,53000,Available
3729_9200_14:00,3729,Padel un Terra Simulator,9200,Court 2,2026-09-17,14:00 - 15:00,53000,Available
3729_9200_15:00,3729,Padel un Terra Simulator,9200,Court 2,2026-09-17,15:00 - 16:00,53000,Available
3729_9200_16:00,3729,Padel un Terra Simulator,9200,Court 2,2026-09-17,16:00 - 17:00,53000,Available
3729_9200_17:00,3729,Padel un Terra Simulator,9200,Court 2,2026-09-17,17:00 - 18:00,53000,Available
3729_9200_18:00,3729,Padel un Terra Simulator,9200,Court 2,2026-09-17,18:00 - 19:00,53000,Available
3729_9200_19:00,3729,Padel un Terra Simulator,9200,Court 2,2026-09-17,19:00 - 20:00,53000,Available
3729_9200_20:00,3729,Padel un Terra Simulator,9200,Court 2,2026-09-17,20:00 - 21:00,53000,Available
3729_9200_21:00,3729,Padel un Terra Simulator,9200,Court 2,2026-09-17,21:00 - 22:00,53000,Available
3729_9200_22:00,3729,Padel un Terra Simulator,9200,Court 2,2026-09-17,22:00 - 23:00,53000,Available
3729_9201_09:00,3729,Padel un Terra Simulator,9201,Court 3,2026-09-17,09:00 - 10:00,53000,Available
3729_9201_10:00,3729,Padel un Terra Simulator,9201,Court 3,2026-09-17,10:00 - 11:00,53000,Available
3729_9201_11:00,3729,Padel un Terra Simulator,9201,Court 3,2026-09-17,11:00 - 12:00,53000,Available
3729_9201_12:00,3729,Padel un Terra Simulator,9201,Court 3,2026-09-17,12:00 - 13:00,53000,Available
3729_9201_13:00,3729,Padel un Terra Simulator,9201,Court 3,2026-09-17,13:00 - 14:00,53000,Available
3729_9201_14:00,3729,Padel un Terra Simulator,9201,Court 3,2026-09-17,14:00 - 15:00,53000,Available
3729_9201_15:00,3729,Padel un Terra Simulator,9201,Court 3,2026-09-17,15:00 - 16:00,53000,Available
3729_9201_16:00,3729,Padel un Terra Simulator,9201,Court 3,2026-09-17,16:00 - 17:00,53000,Available
3729_9201_17:00,3729,Padel un Terra Simulator,9201,Court 3,2026-09-17,17:00 - 18:00,53000,Available
3729_9201_18:00,3729,Padel un Terra Simulator,9201,Court 3,2026-09-17,18:00 - 19:00,53000,Available
3729_9201_19:00,3729,Padel un Terra Simulator,9201,Court 3,2026-09-17,19:00 - 20:00,53000,Available
3729_9201_20:00,3729,Padel un Terra Simulator,9201,Court 3,2026-09-17,20:00 - 21:00,53000,Available
3729_9201_21:00,3729,Padel un Terra Simulator,9201,Court 3,2026-09-17,21:00 - 22:00,53000,Available
3729_9201_22:00,3729,Padel un Terra Simulator,9201,Court 3,2026-09-17,22:00 - 23:00,53000,Available
3729_9202_09:00,3729,Padel un Terra Simulator,9202,Court 4,2026-09-17,09:00 - 10:00,62000,Available
3729_9202_10:00,3729,Padel un Terra Simulator,9202,Court 4,2026-09-17,10:00 - 11:00,62000,Available
3729_9202_11:00,3729,Padel un Terra Simulator,9202,Court 4,2026-09-17,11:00 - 12:00,62000,Available
3729_9202_12:00,3729,Padel un Terra Simulator,9202,Court 4,2026-09-17,12:00 - 13:00,62000,Available
3729_9202_13:00,3729,Padel un Terra Simulator,9202,Court 4,2026-09-17,13:00 - 14:00,62000,Available
3729_9202_14:00,3729,Padel un Terra Simulator,9202,Court 4,2026-09-17,14:00 - 15:00,62000,Available
3729_9202_15:00,3729,Padel un Terra Simulator,9202,Court 4,2026-09-17,15:00 - 16:00,62000,Available
3729_9202_16:00,3729,Padel un Terra Simulator,9202,Court 4,2026-09-17,16:00 - 17:00,62000,Available
3729_9202_17:00,3729,Padel un Terra Simulator,9202,Court 4,2026-09-17,17:00 - 18:00,62000,Available
3729_9202_18:00,3729,Padel un Terra Simulator,9202,Court 4,2026-09-17,18:00 - 19:00,62000,Available
3729_9202_19:00,3729,Padel un Terra Simulator,9202,Court 4,2026-09-17,19:00 - 20:00,62000,Available
3729_9202_20:00,3729,Padel un Terra Simulator,9202,Court 4,2026-09-17,20:00 - 21:00,62000,Available
3729_9202_21:00,3729,Padel un Terra Simulator,9202,Court 4,2026-09-17,21:00 - 22:00,62000,Available
3729_9202_22:00,3729,Padel un Terra Simulator,9202,Court 4,2026-09-17,22:00 - 23:00,62000,Available
3729_9203_09:00,3729,Padel un Terra Simulator,9203,Court 5,2026-09-17,09:00 - 10:00,71000,Available
3729_9203_10:00,3729,Padel un Terra Simulator,9203,Court 5,2026-09-17,10:00 - 11:00,71000,Available
3729_9203_11:00,3729,Padel un Terra Simulator,9203,Court 5,2026-09-17,11:00 - 12:00,71000,Available
3729_9203_12:00,3729,Padel un Terra Simulator,9203,Court 5,2026-09-17,12:00 - 13:00,71000,Available
3729_9203_13:00,3729,Padel un Terra Simulator,9203,Court 5,2026-09-17,13:00 - 14:00,71000,Available
3729_9203_14:00,3729,Padel un Terra Simulator,9203,Court 5,2026-09-17,14:00 - 15:00,71000,Available
3729_9203_15:00,3729,Padel un Terra Simulator,9203,Court 5,2026-09-17,15:00 - 16:00,71000,Available
3729_9203_16:00,3729,Padel un Terra Simulator,9203,Court 5,2026-09-17,16:00 - 17:00,71000,Available
3729_9203_17:00,3729,Padel un Terra Simulator,9203,Court 5,2026-09-17,17:00 - 18:00,71000,Available
3729_9203_18:00,3729,Padel un Terra Simulator,9203,Court 5,2026-09-17,18:00 - 19:00,71000,Available
3729_9203_19:00,3729,Padel un Terra Simulator,9203,Court 5,2026-09-17,19:00 - 20:00,71000,Available
3729_9203_20:00,3729,Padel un Terra Simulator,9203,Court 5,2026-09-17,20:00 - 21:00,71000,Available
3729_9203_21:00,3729,Padel un Terra Simulator,9203,Court 5,2026-09-17,21:00 - 22:00,71000,Available
3729_9203_22:00,3729,Padel un Terra Simulator,9203,Court 5,2026-09-17,22:00 - 23:00,71000,Available
2127_4528_07:00,2127,Artepola,4528,Court 1,2026-09-17,07:00 - 08:00,249000,Available
2127_4528_08:00,2127,Artepola,4528,Court 1,2026-09-17,08:00 - 09:00,249000,Available
2127_4528_09:00,2127,Artepola,4528,Court 1,2026-09-17,09:00 - 10:00,299000,Available
2127_4528_10:00,2127,Artepola,4528,Court 1,2026-09-17,10:00 - 11:00,299000,Booked
2127_4528_11:00,2127,Artepola,4528,Court 1,2026-09-17,11:00 - 12:00,299000,Available
2127_4528_12:00,2127,Artepola,4528,Court 1,2026-09-17,12:00 - 13:00,299000,Available
2127_4528_13:00,2127,Artepola,4528,Court 1,2026-09-17,13:00 - 14:00,299000,Available
2127_4528_14:00,2127,Artepola,4528,Court 1,2026-09-17,14:00 - 15:00,299000,Available
2127_4528_15:00,2127,Artepola,4528,Court 1,2026-09-17,15:00 - 16:00,299000,Available
2127_4528_16:00,2127,Artepola,4528,Court 1,2026-09-17,16:00 - 17:00,299000,Available
2127_4528_17:00,2127,Artepola,4528,Court 1,2026-09-17,17:00 - 18:00,349000,Available
2127_4528_18:00,2127,Artepola,4528,Court 1,2026-09-17,18:00 - 19:00,349000,Available
2127_4528_19:00,2127,Artepola,4528,Court 1,2026-09-17,19:00 - 20:00,349000,Booked
2127_4528_20:00,2127,Artepola,4528,Court 1,2026-09-17,20:00 - 21:00,349000,Booked
2127_4528_21:00,2127,Artepola,4528,Court 1,2026-09-17,21:00 - 22:00,349000,Available
2127_7553_07:00,2127,Artepola,7553,Court 2,2026-09-17,07:00 - 08:00,249000,Available
2127_7553_08:00,2127,Artepola,7553,Court 2,2026-09-17,08:00 - 09:00,249000,Available
2127_7553_09:00,2127,Artepola,7553,Court 2,2026-09-17,09:00 - 10:00,299000,Available
2127_7553_10:00,2127,Artepola,7553,Court 2,2026-09-17,10:00 - 11:00,299000,Available
2127_7553_11:00,2127,Artepola,7553,Court 2,2026-09-17,11:00 - 12:00,299000,Available
2127_7553_12:00,2127,Artepola,7553,Court 2,2026-09-17,12:00 - 13:00,299000,Available
2127_7553_13:00,2127,Artepola,7553,Court 2,2026-09-17,13:00 - 14:00,299000,Available
2127_7553_14:00,2127,Artepola,7553,Court 2,2026-09-17,14:00 - 15:00,299000,Available
2127_7553_15:00,2127,Artepola,7553,Court 2,2026-09-17,15:00 - 16:00,299000,Available
2127_7553_16:00,2127,Artepola,7553,Court 2,2026-09-17,16:00 - 17:00,299000,Available
2127_7553_17:00,2127,Artepola,7553,Court 2,2026-09-17,17:00 - 18:00,349000,Available
2127_7553_18:00,2127,Artepola,7553,Court 2,2026-09-17,18:00 - 19:00,349000,Available
2127_7553_19:00,2127,Artepola,7553,Court 2,2026-09-17,19:00 - 20:00,349000,Booked
2127_7553_20:00,2127,Artepola,7553,Court 2,2026-09-17,20:00 - 21:00,349000,Booked
2127_7553_21:00,2127,Artepola,7553,Court 2,2026-09-17,21:00 - 22:00,349000,Available
2127_8473_07:00,2127,Artepola,8473,Court 3,2026-09-17,07:00 - 08:00,249000,Booked
2127_8473_08:00,2127,Artepola,8473,Court 3,2026-09-17,08:00 - 09:00,249000,Booked
2127_8473_09:00,2127,Artepola,8473,Court 3,2026-09-17,09:00 - 10:00,299000,Available
2127_8473_10:00,2127,Artepola,8473,Court 3,2026-09-17,10:00 - 11:00,299000,Available
2127_8473_11:00,2127,Artepola,8473,Court 3,2026-09-17,11:00 - 12:00,299000,Available
2127_8473_12:00,2127,Artepola,8473,Court 3,2026-09-17,12:00 - 13:00,299000,Available
2127_8473_13:00,2127,Artepola,8473,Court 3,2026-09-17,13:00 - 14:00,299000,Booked
2127_8473_14:00,2127,Artepola,8473,Court 3,2026-09-17,14:00 - 15:00,299000,Booked
2127_8473_15:00,2127,Artepola,8473,Court 3,2026-09-17,15:00 - 16:00,299000,Available
2127_8473_16:00,2127,Artepola,8473,Court 3,2026-09-17,16:00 - 17:00,299000,Available
2127_8473_17:00,2127,Artepola,8473,Court 3,2026-09-17,17:00 - 18:00,349000,Available
2127_8473_18:00,2127,Artepola,8473,Court 3,2026-09-17,18:00 - 19:00,349000,Booked
2127_8473_19:00,2127,Artepola,8473,Court 3,2026-09-17,19:00 - 20:00,349000,Booked
2127_8473_20:00,2127,Artepola,8473,Court 3,2026-09-17,20:00 - 21:00,349000,Booked
2127_8473_21:00,2127,Artepola,8473,Court 3,2026-09-17,21:00 - 22:00,349000,Available
2127_8474_07:00,2127,Artepola,8474,Court 4,2026-09-17,07:00 - 08:00,249000,Available
2127_8474_08:00,2127,Artepola,8474,Court 4,2026-09-17,08:00 - 09:00,249000,Available
2127_8474_09:00,2127,Artepola,8474,Court 4,2026-09-17,09:00 - 10:00,299000,Available
2127_8474_10:00,2127,Artepola,8474,Court 4,2026-09-17,10:00 - 11:00,299000,Available
2127_8474_11:00,2127,Artepola,8474,Court 4,2026-09-17,11:00 - 12:00,299000,Available
2127_8474_12:00,2127,Artepola,8474,Court 4,2026-09-17,12:00 - 13:00,299000,Available
2127_8474_13:00,2127,Artepola,8474,Court 4,2026-09-17,13:00 - 14:00,299000,Available
2127_8474_14:00,2127,Artepola,8474,Court 4,2026-09-17,14:00 - 15:00,299000,Available
2127_8474_15:00,2127,Artepola,8474,Court 4,2026-09-17,15:00 - 16:00,299000,Available
2127_8474_16:00,2127,Artepola,8474,Court 4,2026-09-17,16:00 - 17:00,299000,Available
2127_8474_17:00,2127,Artepola,8474,Court 4,2026-09-17,17:00 - 18:00,349000,Available
2127_8474_18:00,2127,Artepola,8474,Court 4,2026-09-17,18:00 - 19:00,349000,Available
2127_8474_19:00,2127,Artepola,8474,Court 4,2026-09-17,19:00 - 20:00,349000,Booked
2127_8474_20:00,2127,Artepola,8474,Court 4,2026-09-17,20:00 - 21:00,349000,Booked
2127_8474_21:00,2127,Artepola,8474,Court 4,2026-09-17,21:00 - 22:00,349000,Available
3781_9409_06:00,3781,Padel Venue,9409,Court 1,2026-09-17,06:00 - 07:00,150000,Available
3781_9409_07:00,3781,Padel Venue,9409,Court 1,2026-09-17,07:00 - 08:00,150000,Available
3781_9409_08:00,3781,Padel Venue,9409,Court 1,2026-09-17,08:00 - 09:00,150000,Available
3781_9409_09:00,3781,Padel Venue,9409,Court 1,2026-09-17,09:00 - 10:00,150000,Booked
3781_9409_10:00,3781,Padel Venue,9409,Court 1,2026-09-17,10:00 - 11:00,150000,Booked
3781_9409_11:00,3781,Padel Venue,9409,Court 1,2026-09-17,11:00 - 12:00,150000,Available
3781_9409_12:00,3781,Padel Venue,9409,Court 1,2026-09-17,12:00 - 13:00,150000,Available
3781_9409_13:00,3781,Padel Venue,9409,Court 1,2026-09-17,13:00 - 14:00,150000,Available
3781_9409_14:00,3781,Padel Venue,9409,Court 1,2026-09-17,14:00 - 15:00,175000,Available
3781_9409_15:00,3781,Padel Venue,9409,Court 1,2026-09-17,15:00 - 16:00,175000,Available
3781_9409_16:00,3781,Padel Venue,9409,Court 1,2026-09-17,16:00 - 17:00,175000,Available
3781_9409_17:00,3781,Padel Venue,9409,Court 1,2026-09-17,17:00 - 18:00,175000,Available
3781_9409_18:00,3781,Padel Venue,9409,Court 1,2026-09-17,18:00 - 19:00,175000,Available
3781_9409_19:00,3781,Padel Venue,9409,Court 1,2026-09-17,19:00 - 20:00,175000,Booked
3781_9409_20:00,3781,Padel Venue,9409,Court 1,2026-09-17,20:00 - 21:00,175000,Booked
3781_9409_21:00,3781,Padel Venue,9409,Court 1,2026-09-17,21:00 - 22:00,175000,Booked
3781_9409_22:00,3781,Padel Venue,9409,Court 1,2026-09-17,22:00 - 23:00,175000,Available
3781_9410_06:00,3781,Padel Venue,9410,Court 2,2026-09-17,06:00 - 07:00,150000,Available
3781_9410_07:00,3781,Padel Venue,9410,Court 2,2026-09-17,07:00 - 08:00,150000,Available
3781_9410_08:00,3781,Padel Venue,9410,Court 2,2026-09-17,08:00 - 09:00,150000,Available
3781_9410_09:00,3781,Padel Venue,9410,Court 2,2026-09-17,09:00 - 10:00,150000,Available
3781_9410_10:00,3781,Padel Venue,9410,Court 2,2026-09-17,10:00 - 11:00,150000,Available
3781_9410_11:00,3781,Padel Venue,9410,Court 2,2026-09-17,11:00 - 12:00,150000,Available
3781_9410_12:00,3781,Padel Venue,9410,Court 2,2026-09-17,12:00 - 13:00,150000,Available
3781_9410_13:00,3781,Padel Venue,9410,Court 2,2026-09-17,13:00 - 14:00,150000,Available
3781_9410_14:00,3781,Padel Venue,9410,Court 2,2026-09-17,14:00 - 15:00,175000,Available
3781_9410_15:00,3781,Padel Venue,9410,Court 2,2026-09-17,15:00 - 16:00,175000,Available
3781_9410_16:00,3781,Padel Venue,9410,Court 2,2026-09-17,16:00 - 17:00,175000,Available
3781_9410_17:00,3781,Padel Venue,9410,Court 2,2026-09-17,17:00 - 18:00,175000,Available
3781_9410_18:00,3781,Padel Venue,9410,Court 2,2026-09-17,18:00 - 19:00,175000,Available
3781_9410_19:00,3781,Padel Venue,9410,Court 2,2026-09-17,19:00 - 20:00,175000,Booked
3781_9410_20:00,3781,Padel Venue,9410,Court 2,2026-09-17,20:00 - 21:00,175000,Booked
3781_9410_21:00,3781,Padel Venue,9410,Court 2,2026-09-17,21:00 - 22:00,175000,Booked
3781_9410_22:00,3781,Padel Venue,9410,Court 2,2026-09-17,22:00 - 23:00,175000,Available
3781_9411_06:00,3781,Padel Venue,9411,Court 3,2026-09-17,06:00 - 07:00,150000,Available
3781_9411_07:00,3781,Padel Venue,9411,Court 3,2026-09-17,07:00 - 08:00,150000,Available
3781_9411_08:00,3781,Padel Venue,9411,Court 3,2026-09-17,08:00 - 09:00,150000,Available
3781_9411_09:00,3781,Padel Venue,9411,Court 3,2026-09-17,09:00 - 10:00,150000,Available
3781_9411_10:00,3781,Padel Venue,9411,Court 3,2026-09-17,10:00 - 11:00,150000,Available
3781_9411_11:00,3781,Padel Venue,9411,Court 3,2026-09-17,11:00 - 12:00,150000,Available
3781_9411_12:00,3781,Padel Venue,9411,Court 3,2026-09-17,12:00 - 13:00,150000,Available
3781_9411_13:00,3781,Padel Venue,9411,Court 3,2026-09-17,13:00 - 14:00,150000,Available
3781_9411_14:00,3781,Padel Venue,9411,Court 3,2026-09-17,14:00 - 15:00,175000,Available
3781_9411_15:00,3781,Padel Venue,9411,Court 3,2026-09-17,15:00 - 16:00,175000,Available
3781_9411_16:00,3781,Padel Venue,9411,Court 3,2026-09-17,16:00 - 17:00,175000,Available
3781_9411_17:00,3781,Padel Venue,9411,Court 3,2026-09-17,17:00 - 18:00,175000,Available
3781_9411_18:00,3781,Padel Venue,9411,Court 3,2026-09-17,18:00 - 19:00,175000,Available
3781_9411_19:00,3781,Padel Venue,9411,Court 3,2026-09-17,19:00 - 20:00,175000,Booked
3781_9411_20:00,3781,Padel Venue,9411,Court 3,2026-09-17,20:00 - 21:00,175000,Booked
3781_9411_21:00,3781,Padel Venue,9411,Court 3,2026-09-17,21:00 - 22:00,175000,Booked
3781_9411_22:00,3781,Padel Venue,9411,Court 3,2026-09-17,22:00 - 23:00,175000,Available
1704_3427_06:00,1704,Mr Padel Cipete,3427,Court 1,2026-09-17,06:00 - 08:00,495000,Available
1704_3427_08:00,1704,Mr Padel Cipete,3427,Court 1,2026-09-17,08:00 - 10:00,495000,Booked
1704_3427_10:00,1704,Mr Padel Cipete,3427,Court 1,2026-09-17,10:00 - 12:00,495000,Booked
1704_3427_12:00,1704,Mr Padel Cipete,3427,Court 1,2026-09-17,12:00 - 14:00,495000,Available
1704_3427_14:00,1704,Mr Padel Cipete,3427,Court 1,2026-09-17,14:00 - 16:00,495000,Available
1704_3427_16:00,1704,Mr Padel Cipete,3427,Court 1,2026-09-17,16:00 - 17:00,405000,Booked
1704_3427_17:00,1704,Mr Padel Cipete,3427,Court 1,2026-09-17,17:00 - 18:00,405000,Booked
1704_3427_18:00,1704,Mr Padel Cipete,3427,Court 1,2026-09-17,18:00 - 19:00,405000,Available
1704_3427_19:00,1704,Mr Padel Cipete,3427,Court 1,2026-09-17,19:00 - 20:00,405000,Booked
1704_3427_20:00,1704,Mr Padel Cipete,3427,Court 1,2026-09-17,20:00 - 21:00,405000,Booked
1704_3427_21:00,1704,Mr Padel Cipete,3427,Court 1,2026-09-17,21:00 - 22:00,405000,Available
1704_3427_22:00,1704,Mr Padel Cipete,3427,Court 1,2026-09-17,22:00 - 23:00,250000,Available
1704_3427_23:00,1704,Mr Padel Cipete,3427,Court 1,2026-09-17,23:00 - 00:00,250000,Available
1704_3591_06:00,1704,Mr Padel Cipete,3591,Court 2,2026-09-17,06:00 - 08:00,495000,Available
1704_3591_08:00,1704,Mr Padel Cipete,3591,Court 2,2026-09-17,08:00 - 10:00,495000,Available
1704_3591_10:00,1704,Mr Padel Cipete,3591,Court 2,2026-09-17,10:00 - 12:00,495000,Booked
1704_3591_12:00,1704,Mr Padel Cipete,3591,Court 2,2026-09-17,12:00 - 14:00,495000,Available
1704_3591_14:00,1704,Mr Padel Cipete,3591,Court 2,2026-09-17,14:00 - 16:00,495000,Available
1704_3591_16:00,1704,Mr Padel Cipete,3591,Court 2,2026-09-17,16:00 - 17:00,405000,Available
1704_3591_17:00,1704,Mr Padel Cipete,3591,Court 2,2026-09-17,17:00 - 18:00,405000,Available
1704_3591_18:00,1704,Mr Padel Cipete,3591,Court 2,2026-09-17,18:00 - 19:00,405000,Booked
1704_3591_19:00,1704,Mr Padel Cipete,3591,Court 2,2026-09-17,19:00 - 20:00,405000,Booked
1704_3591_20:00,1704,Mr Padel Cipete,3591,Court 2,2026-09-17,20:00 - 21:00,405000,Available
1704_3591_21:00,1704,Mr Padel Cipete,3591,Court 2,2026-09-17,21:00 - 22:00,405000,Available
1704_3591_22:00,1704,Mr Padel Cipete,3591,Court 2,2026-09-17,22:00 - 23:00,250000,Available
1704_3591_23:00,1704,Mr Padel Cipete,3591,Court 2,2026-09-17,23:00 - 00:00,250000,Available
1704_3592_06:00,1704,Mr Padel Cipete,3592,Court 3,2026-09-17,06:00 - 08:00,495000,Available
1704_3592_08:00,1704,Mr Padel Cipete,3592,Court 3,2026-09-17,08:00 - 10:00,495000,Booked
1704_3592_10:00,1704,Mr Padel Cipete,3592,Court 3,2026-09-17,10:00 - 12:00,495000,Booked
1704_3592_12:00,1704,Mr Padel Cipete,3592,Court 3,2026-09-17,12:00 - 14:00,495000,Available
1704_3592_14:00,1704,Mr Padel Cipete,3592,Court 3,2026-09-17,14:00 - 16:00,495000,Available
1704_3592_16:00,1704,Mr Padel Cipete,3592,Court 3,2026-09-17,16:00 - 17:00,405000,Available
1704_3592_17:00,1704,Mr Padel Cipete,3592,Court 3,2026-09-17,17:00 - 18:00,405000,Available
1704_3592_18:00,1704,Mr Padel Cipete,3592,Court 3,2026-09-17,18:00 - 19:00,405000,Booked
1704_3592_19:00,1704,Mr Padel Cipete,3592,Court 3,2026-09-17,19:00 - 20:00,405000,Booked
1704_3592_20:00,1704,Mr Padel Cipete,3592,Court 3,2026-09-17,20:00 - 21:00,405000,Available
1704_3592_21:00,1704,Mr Padel Cipete,3592,Court 3,2026-09-17,21:00 - 22:00,405000,Available
1704_3592_22:00,1704,Mr Padel Cipete,3592,Court 3,2026-09-17,22:00 - 23:00,250000,Available
1704_3592_23:00,1704,Mr Padel Cipete,3592,Court 3,2026-09-17,23:00 - 00:00,250000,Available
1704_3593_06:00,1704,Mr Padel Cipete,3593,Court 4,2026-09-17,06:00 - 08:00,495000,Available
1704_3593_08:00,1704,Mr Padel Cipete,3593,Court 4,2026-09-17,08:00 - 10:00,495000,Available
1704_3593_10:00,1704,Mr Padel Cipete,3593,Court 4,2026-09-17,10:00 - 12:00,495000,Booked
1704_3593_12:00,1704,Mr Padel Cipete,3593,Court 4,2026-09-17,12:00 - 14:00,495000,Available
1704_3593_14:00,1704,Mr Padel Cipete,3593,Court 4,2026-09-17,14:00 - 16:00,495000,Available
1704_3593_16:00,1704,Mr Padel Cipete,3593,Court 4,2026-09-17,16:00 - 17:00,405000,Available
1704_3593_17:00,1704,Mr Padel Cipete,3593,Court 4,2026-09-17,17:00 - 18:00,405000,Available
1704_3593_18:00,1704,Mr Padel Cipete,3593,Court 4,2026-09-17,18:00 - 19:00,405000,Booked
1704_3593_19:00,1704,Mr Padel Cipete,3593,Court 4,2026-09-17,19:00 - 20:00,405000,Booked
1704_3593_20:00,1704,Mr Padel Cipete,3593,Court 4,2026-09-17,20:00 - 21:00,405000,Booked
1704_3593_21:00,1704,Mr Padel Cipete,3593,Court 4,2026-09-17,21:00 - 22:00,405000,Available
1704_3593_22:00,1704,Mr Padel Cipete,3593,Court 4,2026-09-17,22:00 - 23:00,475000,Available
1704_3593_23:00,1704,Mr Padel Cipete,3593,Court 4,2026-09-17,23:00 - 00:00,475000,Available
1704_3594_06:00,1704,Mr Padel Cipete,3594,Court 5,2026-09-17,06:00 - 08:00,495000,Available
1704_3594_08:00,1704,Mr Padel Cipete,3594,Court 5,2026-09-17,08:00 - 10:00,495000,Available
1704_3594_10:00,1704,Mr Padel Cipete,3594,Court 5,2026-09-17,10:00 - 12:00,495000,Available
1704_3594_12:00,1704,Mr Padel Cipete,3594,Court 5,2026-09-17,12:00 - 14:00,495000,Available
1704_3594_14:00,1704,Mr Padel Cipete,3594,Court 5,2026-09-17,14:00 - 16:00,495000,Available
1704_3594_16:00,1704,Mr Padel Cipete,3594,Court 5,2026-09-17,16:00 - 17:00,405000,Available
1704_3594_17:00,1704,Mr Padel Cipete,3594,Court 5,2026-09-17,17:00 - 18:00,405000,Available
1704_3594_18:00,1704,Mr Padel Cipete,3594,Court 5,2026-09-17,18:00 - 19:00,405000,Available
1704_3594_19:00,1704,Mr Padel Cipete,3594,Court 5,2026-09-17,19:00 - 20:00,405000,Available
1704_3594_20:00,1704,Mr Padel Cipete,3594,Court 5,2026-09-17,20:00 - 21:00,405000,Available
1704_3594_21:00,1704,Mr Padel Cipete,3594,Court 5,2026-09-17,21:00 - 22:00,405000,Available
1704_3594_22:00,1704,Mr Padel Cipete,3594,Court 5,2026-09-17,22:00 - 23:00,475000,Available
1704_3594_23:00,1704,Mr Padel Cipete,3594,Court 5,2026-09-17,23:00 - 00:00,475000,Available
2168_4480_06:00,2168,The Estate Padel Club - Kemang,4480,Court Wondr,2026-09-17,06:00 - 07:00,200000,Available
2168_4480_07:00,2168,The Estate Padel Club - Kemang,4480,Court Wondr,2026-09-17,07:00 - 08:00,200000,Available
2168_4480_08:00,2168,The Estate Padel Club - Kemang,4480,Court Wondr,2026-09-17,08:00 - 09:00,250000,Available
2168_4480_09:00,2168,The Estate Padel Club - Kemang,4480,Court Wondr,2026-09-17,09:00 - 10:00,250000,Available
2168_4480_10:00,2168,The Estate Padel Club - Kemang,4480,Court Wondr,2026-09-17,10:00 - 11:00,250000,Booked
2168_4480_11:00,2168,The Estate Padel Club - Kemang,4480,Court Wondr,2026-09-17,11:00 - 12:00,250000,Booked
2168_4480_12:00,2168,The Estate Padel Club - Kemang,4480,Court Wondr,2026-09-17,12:00 - 13:00,250000,Available
2168_4480_13:00,2168,The Estate Padel Club - Kemang,4480,Court Wondr,2026-09-17,13:00 - 14:00,250000,Available
2168_4480_14:00,2168,The Estate Padel Club - Kemang,4480,Court Wondr,2026-09-17,14:00 - 15:00,250000,Available
2168_4480_15:00,2168,The Estate Padel Club - Kemang,4480,Court Wondr,2026-09-17,15:00 - 16:00,250000,Booked
2168_4480_16:00,2168,The Estate Padel Club - Kemang,4480,Court Wondr,2026-09-17,16:00 - 17:00,325000,Booked
2168_4480_17:00,2168,The Estate Padel Club - Kemang,4480,Court Wondr,2026-09-17,17:00 - 18:00,325000,Booked
2168_4480_18:00,2168,The Estate Padel Club - Kemang,4480,Court Wondr,2026-09-17,18:00 - 19:00,325000,Booked
2168_4480_19:00,2168,The Estate Padel Club - Kemang,4480,Court Wondr,2026-09-17,19:00 - 20:00,325000,Booked
2168_4480_20:00,2168,The Estate Padel Club - Kemang,4480,Court Wondr,2026-09-17,20:00 - 21:00,325000,Booked
2168_4480_21:00,2168,The Estate Padel Club - Kemang,4480,Court Wondr,2026-09-17,21:00 - 22:00,325000,Booked
2168_4480_22:00,2168,The Estate Padel Club - Kemang,4480,Court Wondr,2026-09-17,22:00 - 23:00,250000,Available
2168_4480_23:00,2168,The Estate Padel Club - Kemang,4480,Court Wondr,2026-09-17,23:00 - 00:00,250000,Available
2168_6502_06:00,2168,The Estate Padel Club - Kemang,6502,Court Kahf,2026-09-17,06:00 - 07:00,200000,Booked
2168_6502_07:00,2168,The Estate Padel Club - Kemang,6502,Court Kahf,2026-09-17,07:00 - 08:00,200000,Booked
2168_6502_08:00,2168,The Estate Padel Club - Kemang,6502,Court Kahf,2026-09-17,08:00 - 09:00,250000,Available
2168_6502_09:00,2168,The Estate Padel Club - Kemang,6502,Court Kahf,2026-09-17,09:00 - 10:00,250000,Available
2168_6502_10:00,2168,The Estate Padel Club - Kemang,6502,Court Kahf,2026-09-17,10:00 - 11:00,250000,Available
2168_6502_11:00,2168,The Estate Padel Club - Kemang,6502,Court Kahf,2026-09-17,11:00 - 12:00,250000,Available
2168_6502_12:00,2168,The Estate Padel Club - Kemang,6502,Court Kahf,2026-09-17,12:00 - 13:00,250000,Available
2168_6502_13:00,2168,The Estate Padel Club - Kemang,6502,Court Kahf,2026-09-17,13:00 - 14:00,250000,Available
2168_6502_14:00,2168,The Estate Padel Club - Kemang,6502,Court Kahf,2026-09-17,14:00 - 15:00,250000,Available
2168_6502_15:00,2168,The Estate Padel Club - Kemang,6502,Court Kahf,2026-09-17,15:00 - 16:00,250000,Booked
2168_6502_16:00,2168,The Estate Padel Club - Kemang,6502,Court Kahf,2026-09-17,16:00 - 17:00,325000,Booked
2168_6502_17:00,2168,The Estate Padel Club - Kemang,6502,Court Kahf,2026-09-17,17:00 - 18:00,325000,Booked
2168_6502_18:00,2168,The Estate Padel Club - Kemang,6502,Court Kahf,2026-09-17,18:00 - 19:00,325000,Booked
2168_6502_19:00,2168,The Estate Padel Club - Kemang,6502,Court Kahf,2026-09-17,19:00 - 20:00,325000,Booked
2168_6502_20:00,2168,The Estate Padel Club - Kemang,6502,Court Kahf,2026-09-17,20:00 - 21:00,325000,Booked
2168_6502_21:00,2168,The Estate Padel Club - Kemang,6502,Court Kahf,2026-09-17,21:00 - 22:00,325000,Available
2168_6502_22:00,2168,The Estate Padel Club - Kemang,6502,Court Kahf,2026-09-17,22:00 - 23:00,250000,Available
2168_6502_23:00,2168,The Estate Padel Club - Kemang,6502,Court Kahf,2026-09-17,23:00 - 00:00,250000,Available
3255_7792_06:00,3255,GOAT Arena Cibis,7792,Macchiato Court,2026-09-17,06:00 - 07:00,300000,Available
3255_7792_07:00,3255,GOAT Arena Cibis,7792,Macchiato Court,2026-09-17,07:00 - 08:00,300000,Available
3255_7792_08:00,3255,GOAT Arena Cibis,7792,Macchiato Court,2026-09-17,08:00 - 09:00,300000,Available
3255_7792_09:00,3255,GOAT Arena Cibis,7792,Macchiato Court,2026-09-17,09:00 - 10:00,300000,Available
3255_7792_10:00,3255,GOAT Arena Cibis,7792,Macchiato Court,2026-09-17,10:00 - 11:00,300000,Available
3255_7792_11:00,3255,GOAT Arena Cibis,7792,Macchiato Court,2026-09-17,11:00 - 12:00,300000,Available
3255_7792_12:00,3255,GOAT Arena Cibis,7792,Macchiato Court,2026-09-17,12:00 - 13:00,300000,Booked
3255_7792_13:00,3255,GOAT Arena Cibis,7792,Macchiato Court,2026-09-17,13:00 - 14:00,300000,Booked
3255_7792_14:00,3255,GOAT Arena Cibis,7792,Macchiato Court,2026-09-17,14:00 - 15:00,300000,Available
3255_7792_15:00,3255,GOAT Arena Cibis,7792,Macchiato Court,2026-09-17,15:00 - 16:00,300000,Booked
3255_7792_16:00,3255,GOAT Arena Cibis,7792,Macchiato Court,2026-09-17,16:00 - 17:00,396000,Available
3255_7792_17:00,3255,GOAT Arena Cibis,7792,Macchiato Court,2026-09-17,17:00 - 18:00,396000,Booked
3255_7792_18:00,3255,GOAT Arena Cibis,7792,Macchiato Court,2026-09-17,18:00 - 19:00,396000,Booked
3255_7792_19:00,3255,GOAT Arena Cibis,7792,Macchiato Court,2026-09-17,19:00 - 20:00,396000,Booked
3255_7792_20:00,3255,GOAT Arena Cibis,7792,Macchiato Court,2026-09-17,20:00 - 21:00,396000,Booked
3255_7792_21:00,3255,GOAT Arena Cibis,7792,Macchiato Court,2026-09-17,21:00 - 22:00,396000,Booked
3255_7792_22:00,3255,GOAT Arena Cibis,7792,Macchiato Court,2026-09-17,22:00 - 23:00,396000,Available
3255_7792_23:00,3255,GOAT Arena Cibis,7792,Macchiato Court,2026-09-17,23:00 - 00:00,396000,Available
3255_7913_06:00,3255,GOAT Arena Cibis,7913,Cappucino Court,2026-09-17,06:00 - 07:00,300000,Available
3255_7913_07:00,3255,GOAT Arena Cibis,7913,Cappucino Court,2026-09-17,07:00 - 08:00,300000,Available
3255_7913_08:00,3255,GOAT Arena Cibis,7913,Cappucino Court,2026-09-17,08:00 - 09:00,300000,Booked
3255_7913_09:00,3255,GOAT Arena Cibis,7913,Cappucino Court,2026-09-17,09:00 - 10:00,300000,Booked
3255_7913_10:00,3255,GOAT Arena Cibis,7913,Cappucino Court,2026-09-17,10:00 - 11:00,300000,Available
3255_7913_11:00,3255,GOAT Arena Cibis,7913,Cappucino Court,2026-09-17,11:00 - 12:00,300000,Booked
3255_7913_12:00,3255,GOAT Arena Cibis,7913,Cappucino Court,2026-09-17,12:00 - 13:00,300000,Available
3255_7913_13:00,3255,GOAT Arena Cibis,7913,Cappucino Court,2026-09-17,13:00 - 14:00,300000,Booked
3255_7913_14:00,3255,GOAT Arena Cibis,7913,Cappucino Court,2026-09-17,14:00 - 15:00,300000,Booked
3255_7913_15:00,3255,GOAT Arena Cibis,7913,Cappucino Court,2026-09-17,15:00 - 16:00,300000,Booked
3255_7913_16:00,3255,GOAT Arena Cibis,7913,Cappucino Court,2026-09-17,16:00 - 17:00,396000,Booked
3255_7913_17:00,3255,GOAT Arena Cibis,7913,Cappucino Court,2026-09-17,17:00 - 18:00,396000,Booked
3255_7913_18:00,3255,GOAT Arena Cibis,7913,Cappucino Court,2026-09-17,18:00 - 19:00,396000,Booked
3255_7913_19:00,3255,GOAT Arena Cibis,7913,Cappucino Court,2026-09-17,19:00 - 20:00,396000,Booked
3255_7913_20:00,3255,GOAT Arena Cibis,7913,Cappucino Court,2026-09-17,20:00 - 21:00,396000,Booked
3255_7913_21:00,3255,GOAT Arena Cibis,7913,Cappucino Court,2026-09-17,21:00 - 22:00,396000,Booked
3255_7913_22:00,3255,GOAT Arena Cibis,7913,Cappucino Court,2026-09-17,22:00 - 23:00,396000,Available
3255_7913_23:00,3255,GOAT Arena Cibis,7913,Cappucino Court,2026-09-17,23:00 - 00:00,396000,Available
3255_7914_06:00,3255,GOAT Arena Cibis,7914,Doppio Court,2026-09-17,06:00 - 07:00,300000,Available
3255_7914_07:00,3255,GOAT Arena Cibis,7914,Doppio Court,2026-09-17,07:00 - 08:00,300000,Available
3255_7914_08:00,3255,GOAT Arena Cibis,7914,Doppio Court,2026-09-17,08:00 - 09:00,300000,Available
3255_7914_09:00,3255,GOAT Arena Cibis,7914,Doppio Court,2026-09-17,09:00 - 10:00,300000,Available
3255_7914_10:00,3255,GOAT Arena Cibis,7914,Doppio Court,2026-09-17,10:00 - 11:00,300000,Available
3255_7914_11:00,3255,GOAT Arena Cibis,7914,Doppio Court,2026-09-17,11:00 - 12:00,300000,Available
3255_7914_12:00,3255,GOAT Arena Cibis,7914,Doppio Court,2026-09-17,12:00 - 13:00,300000,Available
3255_7914_13:00,3255,GOAT Arena Cibis,7914,Doppio Court,2026-09-17,13:00 - 14:00,300000,Available
3255_7914_14:00,3255,GOAT Arena Cibis,7914,Doppio Court,2026-09-17,14:00 - 15:00,300000,Available
3255_7914_15:00,3255,GOAT Arena Cibis,7914,Doppio Court,2026-09-17,15:00 - 16:00,300000,Available
3255_7914_16:00,3255,GOAT Arena Cibis,7914,Doppio Court,2026-09-17,16:00 - 17:00,396000,Booked
3255_7914_17:00,3255,GOAT Arena Cibis,7914,Doppio Court,2026-09-17,17:00 - 18:00,396000,Booked
3255_7914_18:00,3255,GOAT Arena Cibis,7914,Doppio Court,2026-09-17,18:00 - 19:00,396000,Booked
3255_7914_19:00,3255,GOAT Arena Cibis,7914,Doppio Court,2026-09-17,19:00 - 20:00,396000,Booked
3255_7914_20:00,3255,GOAT Arena Cibis,7914,Doppio Court,2026-09-17,20:00 - 21:00,396000,Booked
3255_7914_21:00,3255,GOAT Arena Cibis,7914,Doppio Court,2026-09-17,21:00 - 22:00,396000,Available
3255_7914_22:00,3255,GOAT Arena Cibis,7914,Doppio Court,2026-09-17,22:00 - 23:00,396000,Available
3255_7914_23:00,3255,GOAT Arena Cibis,7914,Doppio Court,2026-09-17,23:00 - 00:00,396000,Available
3255_7915_06:00,3255,GOAT Arena Cibis,7915,Espresso Court,2026-09-17,06:00 - 07:00,300000,Available
3255_7915_07:00,3255,GOAT Arena Cibis,7915,Espresso Court,2026-09-17,07:00 - 08:00,300000,Available
3255_7915_08:00,3255,GOAT Arena Cibis,7915,Espresso Court,2026-09-17,08:00 - 09:00,300000,Available
3255_7915_09:00,3255,GOAT Arena Cibis,7915,Espresso Court,2026-09-17,09:00 - 10:00,300000,Available
3255_7915_10:00,3255,GOAT Arena Cibis,7915,Espresso Court,2026-09-17,10:00 - 11:00,300000,Available
3255_7915_11:00,3255,GOAT Arena Cibis,7915,Espresso Court,2026-09-17,11:00 - 12:00,300000,Available
3255_7915_12:00,3255,GOAT Arena Cibis,7915,Espresso Court,2026-09-17,12:00 - 13:00,300000,Available
3255_7915_13:00,3255,GOAT Arena Cibis,7915,Espresso Court,2026-09-17,13:00 - 14:00,300000,Available
3255_7915_14:00,3255,GOAT Arena Cibis,7915,Espresso Court,2026-09-17,14:00 - 15:00,300000,Available
3255_7915_15:00,3255,GOAT Arena Cibis,7915,Espresso Court,2026-09-17,15:00 - 16:00,300000,Available
3255_7915_16:00,3255,GOAT Arena Cibis,7915,Espresso Court,2026-09-17,16:00 - 17:00,396000,Available
3255_7915_17:00,3255,GOAT Arena Cibis,7915,Espresso Court,2026-09-17,17:00 - 18:00,396000,Booked
3255_7915_18:00,3255,GOAT Arena Cibis,7915,Espresso Court,2026-09-17,18:00 - 19:00,396000,Booked
3255_7915_19:00,3255,GOAT Arena Cibis,7915,Espresso Court,2026-09-17,19:00 - 20:00,396000,Booked
3255_7915_20:00,3255,GOAT Arena Cibis,7915,Espresso Court,2026-09-17,20:00 - 21:00,396000,Booked
3255_7915_21:00,3255,GOAT Arena Cibis,7915,Espresso Court,2026-09-17,21:00 - 22:00,396000,Booked
3255_7915_22:00,3255,GOAT Arena Cibis,7915,Espresso Court,2026-09-17,22:00 - 23:00,396000,Available
3255_7915_23:00,3255,GOAT Arena Cibis,7915,Espresso Court,2026-09-17,23:00 - 00:00,396000,Available
1279_4474_06:00,1279,PLAY! Court At Vasaka Solterra - Pejaten,4474,Padel Court A,2026-09-17,06:00 - 07:00,199000,Available
1279_4474_07:00,1279,PLAY! Court At Vasaka Solterra - Pejaten,4474,Padel Court A,2026-09-17,07:00 - 08:00,199000,Available
1279_4474_08:00,1279,PLAY! Court At Vasaka Solterra - Pejaten,4474,Padel Court A,2026-09-17,08:00 - 09:00,199000,Available
1279_4474_09:00,1279,PLAY! Court At Vasaka Solterra - Pejaten,4474,Padel Court A,2026-09-17,09:00 - 10:00,199000,Available
1279_4474_10:00,1279,PLAY! Court At Vasaka Solterra - Pejaten,4474,Padel Court A,2026-09-17,10:00 - 11:00,199000,Available
1279_4474_11:00,1279,PLAY! Court At Vasaka Solterra - Pejaten,4474,Padel Court A,2026-09-17,11:00 - 12:00,199000,Available
1279_4474_12:00,1279,PLAY! Court At Vasaka Solterra - Pejaten,4474,Padel Court A,2026-09-17,12:00 - 13:00,99000,Available
1279_4474_13:00,1279,PLAY! Court At Vasaka Solterra - Pejaten,4474,Padel Court A,2026-09-17,13:00 - 14:00,99000,Available
1279_4474_14:00,1279,PLAY! Court At Vasaka Solterra - Pejaten,4474,Padel Court A,2026-09-17,14:00 - 15:00,99000,Available
1279_4474_15:00,1279,PLAY! Court At Vasaka Solterra - Pejaten,4474,Padel Court A,2026-09-17,15:00 - 16:00,99000,Available
1279_4474_16:00,1279,PLAY! Court At Vasaka Solterra - Pejaten,4474,Padel Court A,2026-09-17,16:00 - 17:00,350000,Available
1279_4474_17:00,1279,PLAY! Court At Vasaka Solterra - Pejaten,4474,Padel Court A,2026-09-17,17:00 - 18:00,350000,Available
1279_4474_18:00,1279,PLAY! Court At Vasaka Solterra - Pejaten,4474,Padel Court A,2026-09-17,18:00 - 19:00,350000,Available
1279_4474_19:00,1279,PLAY! Court At Vasaka Solterra - Pejaten,4474,Padel Court A,2026-09-17,19:00 - 20:00,350000,Available
1279_4474_20:00,1279,PLAY! Court At Vasaka Solterra - Pejaten,4474,Padel Court A,2026-09-17,20:00 - 21:00,350000,Available
1279_4474_21:00,1279,PLAY! Court At Vasaka Solterra - Pejaten,4474,Padel Court A,2026-09-17,21:00 - 22:00,350000,Available
1279_4474_22:00,1279,PLAY! Court At Vasaka Solterra - Pejaten,4474,Padel Court A,2026-09-17,22:00 - 23:00,199000,Available
1279_4474_23:00,1279,PLAY! Court At Vasaka Solterra - Pejaten,4474,Padel Court A,2026-09-17,23:00 - 00:00,199000,Available
1279_4460_06:00,1279,PLAY! Court At Vasaka Solterra - Pejaten,4460,Padel Court B,2026-09-17,06:00 - 07:00,199000,Available
1279_4460_07:00,1279,PLAY! Court At Vasaka Solterra - Pejaten,4460,Padel Court B,2026-09-17,07:00 - 08:00,199000,Available
1279_4460_08:00,1279,PLAY! Court At Vasaka Solterra - Pejaten,4460,Padel Court B,2026-09-17,08:00 - 09:00,199000,Available
1279_4460_09:00,1279,PLAY! Court At Vasaka Solterra - Pejaten,4460,Padel Court B,2026-09-17,09:00 - 10:00,199000,Available
1279_4460_10:00,1279,PLAY! Court At Vasaka Solterra - Pejaten,4460,Padel Court B,2026-09-17,10:00 - 11:00,199000,Available
1279_4460_11:00,1279,PLAY! Court At Vasaka Solterra - Pejaten,4460,Padel Court B,2026-09-17,11:00 - 12:00,199000,Available
1279_4460_12:00,1279,PLAY! Court At Vasaka Solterra - Pejaten,4460,Padel Court B,2026-09-17,12:00 - 13:00,99000,Available
1279_4460_13:00,1279,PLAY! Court At Vasaka Solterra - Pejaten,4460,Padel Court B,2026-09-17,13:00 - 14:00,99000,Available
1279_4460_14:00,1279,PLAY! Court At Vasaka Solterra - Pejaten,4460,Padel Court B,2026-09-17,14:00 - 15:00,99000,Available
1279_4460_15:00,1279,PLAY! Court At Vasaka Solterra - Pejaten,4460,Padel Court B,2026-09-17,15:00 - 16:00,99000,Available
1279_4460_16:00,1279,PLAY! Court At Vasaka Solterra - Pejaten,4460,Padel Court B,2026-09-17,16:00 - 17:00,350000,Available
1279_4460_17:00,1279,PLAY! Court At Vasaka Solterra - Pejaten,4460,Padel Court B,2026-09-17,17:00 - 18:00,350000,Available
1279_4460_18:00,1279,PLAY! Court At Vasaka Solterra - Pejaten,4460,Padel Court B,2026-09-17,18:00 - 19:00,350000,Available
1279_4460_19:00,1279,PLAY! Court At Vasaka Solterra - Pejaten,4460,Padel Court B,2026-09-17,19:00 - 20:00,350000,Available
1279_4460_20:00,1279,PLAY! Court At Vasaka Solterra - Pejaten,4460,Padel Court B,2026-09-17,20:00 - 21:00,350000,Available
1279_4460_21:00,1279,PLAY! Court At Vasaka Solterra - Pejaten,4460,Padel Court B,2026-09-17,21:00 - 22:00,350000,Available
1279_4460_22:00,1279,PLAY! Court At Vasaka Solterra - Pejaten,4460,Padel Court B,2026-09-17,22:00 - 23:00,199000,Available
1279_4460_23:00,1279,PLAY! Court At Vasaka Solterra - Pejaten,4460,Padel Court B,2026-09-17,23:00 - 00:00,199000,Available
1279_4473_06:00,1279,PLAY! Court At Vasaka Solterra - Pejaten,4473,Padel Court C,2026-09-17,06:00 - 07:00,199000,Available
1279_4473_07:00,1279,PLAY! Court At Vasaka Solterra - Pejaten,4473,Padel Court C,2026-09-17,07:00 - 08:00,199000,Available
1279_4473_08:00,1279,PLAY! Court At Vasaka Solterra - Pejaten,4473,Padel Court C,2026-09-17,08:00 - 09:00,199000,Available
1279_4473_09:00,1279,PLAY! Court At Vasaka Solterra - Pejaten,4473,Padel Court C,2026-09-17,09:00 - 10:00,199000,Available
1279_4473_10:00,1279,PLAY! Court At Vasaka Solterra - Pejaten,4473,Padel Court C,2026-09-17,10:00 - 11:00,199000,Available
1279_4473_11:00,1279,PLAY! Court At Vasaka Solterra - Pejaten,4473,Padel Court C,2026-09-17,11:00 - 12:00,199000,Available
1279_4473_12:00,1279,PLAY! Court At Vasaka Solterra - Pejaten,4473,Padel Court C,2026-09-17,12:00 - 13:00,99000,Available
1279_4473_13:00,1279,PLAY! Court At Vasaka Solterra - Pejaten,4473,Padel Court C,2026-09-17,13:00 - 14:00,99000,Available
1279_4473_14:00,1279,PLAY! Court At Vasaka Solterra - Pejaten,4473,Padel Court C,2026-09-17,14:00 - 15:00,99000,Available
1279_4473_15:00,1279,PLAY! Court At Vasaka Solterra - Pejaten,4473,Padel Court C,2026-09-17,15:00 - 16:00,99000,Available
1279_4473_16:00,1279,PLAY! Court At Vasaka Solterra - Pejaten,4473,Padel Court C,2026-09-17,16:00 - 17:00,350000,Available
1279_4473_17:00,1279,PLAY! Court At Vasaka Solterra - Pejaten,4473,Padel Court C,2026-09-17,17:00 - 18:00,350000,Available
1279_4473_18:00,1279,PLAY! Court At Vasaka Solterra - Pejaten,4473,Padel Court C,2026-09-17,18:00 - 19:00,350000,Available
1279_4473_19:00,1279,PLAY! Court At Vasaka Solterra - Pejaten,4473,Padel Court C,2026-09-17,19:00 - 20:00,350000,Available
1279_4473_20:00,1279,PLAY! Court At Vasaka Solterra - Pejaten,4473,Padel Court C,2026-09-17,20:00 - 21:00,350000,Available
1279_4473_21:00,1279,PLAY! Court At Vasaka Solterra - Pejaten,4473,Padel Court C,2026-09-17,21:00 - 22:00,350000,Available
1279_4473_22:00,1279,PLAY! Court At Vasaka Solterra - Pejaten,4473,Padel Court C,2026-09-17,22:00 - 23:00,199000,Available
1279_4473_23:00,1279,PLAY! Court At Vasaka Solterra - Pejaten,4473,Padel Court C,2026-09-17,23:00 - 00:00,199000,Available
1279_4475_06:00,1279,PLAY! Court At Vasaka Solterra - Pejaten,4475,Padel Court D,2026-09-17,06:00 - 07:00,199000,Available
1279_4475_07:00,1279,PLAY! Court At Vasaka Solterra - Pejaten,4475,Padel Court D,2026-09-17,07:00 - 08:00,199000,Available
1279_4475_08:00,1279,PLAY! Court At Vasaka Solterra - Pejaten,4475,Padel Court D,2026-09-17,08:00 - 09:00,199000,Available
1279_4475_09:00,1279,PLAY! Court At Vasaka Solterra - Pejaten,4475,Padel Court D,2026-09-17,09:00 - 10:00,199000,Available
1279_4475_10:00,1279,PLAY! Court At Vasaka Solterra - Pejaten,4475,Padel Court D,2026-09-17,10:00 - 11:00,199000,Available
1279_4475_11:00,1279,PLAY! Court At Vasaka Solterra - Pejaten,4475,Padel Court D,2026-09-17,11:00 - 12:00,199000,Available
1279_4475_12:00,1279,PLAY! Court At Vasaka Solterra - Pejaten,4475,Padel Court D,2026-09-17,12:00 - 13:00,99000,Available
1279_4475_13:00,1279,PLAY! Court At Vasaka Solterra - Pejaten,4475,Padel Court D,2026-09-17,13:00 - 14:00,99000,Available
1279_4475_14:00,1279,PLAY! Court At Vasaka Solterra - Pejaten,4475,Padel Court D,2026-09-17,14:00 - 15:00,99000,Available
1279_4475_15:00,1279,PLAY! Court At Vasaka Solterra - Pejaten,4475,Padel Court D,2026-09-17,15:00 - 16:00,99000,Available
1279_4475_16:00,1279,PLAY! Court At Vasaka Solterra - Pejaten,4475,Padel Court D,2026-09-17,16:00 - 17:00,350000,Available
1279_4475_17:00,1279,PLAY! Court At Vasaka Solterra - Pejaten,4475,Padel Court D,2026-09-17,17:00 - 18:00,350000,Available
1279_4475_18:00,1279,PLAY! Court At Vasaka Solterra - Pejaten,4475,Padel Court D,2026-09-17,18:00 - 19:00,350000,Available
1279_4475_19:00,1279,PLAY! Court At Vasaka Solterra - Pejaten,4475,Padel Court D,2026-09-17,19:00 - 20:00,350000,Available
1279_4475_20:00,1279,PLAY! Court At Vasaka Solterra - Pejaten,4475,Padel Court D,2026-09-17,20:00 - 21:00,350000,Available
1279_4475_21:00,1279,PLAY! Court At Vasaka Solterra - Pejaten,4475,Padel Court D,2026-09-17,21:00 - 22:00,350000,Available
1279_4475_22:00,1279,PLAY! Court At Vasaka Solterra - Pejaten,4475,Padel Court D,2026-09-17,22:00 - 23:00,199000,Available
1279_4475_23:00,1279,PLAY! Court At Vasaka Solterra - Pejaten,4475,Padel Court D,2026-09-17,23:00 - 00:00,199000,Available
1279_2686_06:00,1279,PLAY! Court At Vasaka Solterra - Pejaten,2686,Pickleball Court A,2026-09-17,06:00 - 07:00,125000,Available
1279_2686_07:00,1279,PLAY! Court At Vasaka Solterra - Pejaten,2686,Pickleball Court A,2026-09-17,07:00 - 08:00,125000,Available
1279_2686_08:00,1279,PLAY! Court At Vasaka Solterra - Pejaten,2686,Pickleball Court A,2026-09-17,08:00 - 09:00,125000,Available
1279_2686_09:00,1279,PLAY! Court At Vasaka Solterra - Pejaten,2686,Pickleball Court A,2026-09-17,09:00 - 10:00,125000,Available
1279_2686_10:00,1279,PLAY! Court At Vasaka Solterra - Pejaten,2686,Pickleball Court A,2026-09-17,10:00 - 11:00,125000,Available
1279_2686_11:00,1279,PLAY! Court At Vasaka Solterra - Pejaten,2686,Pickleball Court A,2026-09-17,11:00 - 12:00,125000,Available
1279_2686_12:00,1279,PLAY! Court At Vasaka Solterra - Pejaten,2686,Pickleball Court A,2026-09-17,12:00 - 13:00,49000,Available
1279_2686_13:00,1279,PLAY! Court At Vasaka Solterra - Pejaten,2686,Pickleball Court A,2026-09-17,13:00 - 14:00,49000,Available
1279_2686_14:00,1279,PLAY! Court At Vasaka Solterra - Pejaten,2686,Pickleball Court A,2026-09-17,14:00 - 15:00,49000,Available
1279_2686_15:00,1279,PLAY! Court At Vasaka Solterra - Pejaten,2686,Pickleball Court A,2026-09-17,15:00 - 16:00,49000,Available
1279_2686_16:00,1279,PLAY! Court At Vasaka Solterra - Pejaten,2686,Pickleball Court A,2026-09-17,16:00 - 17:00,175000,Available
1279_2686_17:00,1279,PLAY! Court At Vasaka Solterra - Pejaten,2686,Pickleball Court A,2026-09-17,17:00 - 18:00,175000,Booked
1279_2686_18:00,1279,PLAY! Court At Vasaka Solterra - Pejaten,2686,Pickleball Court A,2026-09-17,18:00 - 19:00,175000,Booked
1279_2686_19:00,1279,PLAY! Court At Vasaka Solterra - Pejaten,2686,Pickleball Court A,2026-09-17,19:00 - 20:00,175000,Available
1279_2686_20:00,1279,PLAY! Court At Vasaka Solterra - Pejaten,2686,Pickleball Court A,2026-09-17,20:00 - 21:00,175000,Available
1279_2686_21:00,1279,PLAY! Court At Vasaka Solterra - Pejaten,2686,Pickleball Court A,2026-09-17,21:00 - 22:00,175000,Available
1279_2686_22:00,1279,PLAY! Court At Vasaka Solterra - Pejaten,2686,Pickleball Court A,2026-09-17,22:00 - 23:00,125000,Available
1279_2686_23:00,1279,PLAY! Court At Vasaka Solterra - Pejaten,2686,Pickleball Court A,2026-09-17,23:00 - 00:00,125000,Available
1279_4470_06:00,1279,PLAY! Court At Vasaka Solterra - Pejaten,4470,Pickleball Court B,2026-09-17,06:00 - 07:00,125000,Available
1279_4470_07:00,1279,PLAY! Court At Vasaka Solterra - Pejaten,4470,Pickleball Court B,2026-09-17,07:00 - 08:00,125000,Available
1279_4470_08:00,1279,PLAY! Court At Vasaka Solterra - Pejaten,4470,Pickleball Court B,2026-09-17,08:00 - 09:00,125000,Available
1279_4470_09:00,1279,PLAY! Court At Vasaka Solterra - Pejaten,4470,Pickleball Court B,2026-09-17,09:00 - 10:00,125000,Available
1279_4470_10:00,1279,PLAY! Court At Vasaka Solterra - Pejaten,4470,Pickleball Court B,2026-09-17,10:00 - 11:00,125000,Available
1279_4470_11:00,1279,PLAY! Court At Vasaka Solterra - Pejaten,4470,Pickleball Court B,2026-09-17,11:00 - 12:00,125000,Available
1279_4470_12:00,1279,PLAY! Court At Vasaka Solterra - Pejaten,4470,Pickleball Court B,2026-09-17,12:00 - 13:00,49000,Available
1279_4470_13:00,1279,PLAY! Court At Vasaka Solterra - Pejaten,4470,Pickleball Court B,2026-09-17,13:00 - 14:00,49000,Available
1279_4470_14:00,1279,PLAY! Court At Vasaka Solterra - Pejaten,4470,Pickleball Court B,2026-09-17,14:00 - 15:00,49000,Available
1279_4470_15:00,1279,PLAY! Court At Vasaka Solterra - Pejaten,4470,Pickleball Court B,2026-09-17,15:00 - 16:00,49000,Available
1279_4470_16:00,1279,PLAY! Court At Vasaka Solterra - Pejaten,4470,Pickleball Court B,2026-09-17,16:00 - 17:00,175000,Available
1279_4470_17:00,1279,PLAY! Court At Vasaka Solterra - Pejaten,4470,Pickleball Court B,2026-09-17,17:00 - 18:00,175000,Available
1279_4470_18:00,1279,PLAY! Court At Vasaka Solterra - Pejaten,4470,Pickleball Court B,2026-09-17,18:00 - 19:00,175000,Available
1279_4470_19:00,1279,PLAY! Court At Vasaka Solterra - Pejaten,4470,Pickleball Court B,2026-09-17,19:00 - 20:00,175000,Available
1279_4470_20:00,1279,PLAY! Court At Vasaka Solterra - Pejaten,4470,Pickleball Court B,2026-09-17,20:00 - 21:00,175000,Available
1279_4470_21:00,1279,PLAY! Court At Vasaka Solterra - Pejaten,4470,Pickleball Court B,2026-09-17,21:00 - 22:00,175000,Available
1279_4470_22:00,1279,PLAY! Court At Vasaka Solterra - Pejaten,4470,Pickleball Court B,2026-09-17,22:00 - 23:00,125000,Available
1279_4470_23:00,1279,PLAY! Court At Vasaka Solterra - Pejaten,4470,Pickleball Court B,2026-09-17,23:00 - 00:00,125000,Available
1279_4471_06:00,1279,PLAY! Court At Vasaka Solterra - Pejaten,4471,Pickleball Court C,2026-09-17,06:00 - 07:00,125000,Available
1279_4471_07:00,1279,PLAY! Court At Vasaka Solterra - Pejaten,4471,Pickleball Court C,2026-09-17,07:00 - 08:00,125000,Available
1279_4471_08:00,1279,PLAY! Court At Vasaka Solterra - Pejaten,4471,Pickleball Court C,2026-09-17,08:00 - 09:00,125000,Available
1279_4471_09:00,1279,PLAY! Court At Vasaka Solterra - Pejaten,4471,Pickleball Court C,2026-09-17,09:00 - 10:00,125000,Available
1279_4471_10:00,1279,PLAY! Court At Vasaka Solterra - Pejaten,4471,Pickleball Court C,2026-09-17,10:00 - 11:00,125000,Available
1279_4471_11:00,1279,PLAY! Court At Vasaka Solterra - Pejaten,4471,Pickleball Court C,2026-09-17,11:00 - 12:00,125000,Available
1279_4471_12:00,1279,PLAY! Court At Vasaka Solterra - Pejaten,4471,Pickleball Court C,2026-09-17,12:00 - 13:00,49000,Available
1279_4471_13:00,1279,PLAY! Court At Vasaka Solterra - Pejaten,4471,Pickleball Court C,2026-09-17,13:00 - 14:00,49000,Available
1279_4471_14:00,1279,PLAY! Court At Vasaka Solterra - Pejaten,4471,Pickleball Court C,2026-09-17,14:00 - 15:00,49000,Available
1279_4471_15:00,1279,PLAY! Court At Vasaka Solterra - Pejaten,4471,Pickleball Court C,2026-09-17,15:00 - 16:00,49000,Available
1279_4471_16:00,1279,PLAY! Court At Vasaka Solterra - Pejaten,4471,Pickleball Court C,2026-09-17,16:00 - 17:00,175000,Available
1279_4471_17:00,1279,PLAY! Court At Vasaka Solterra - Pejaten,4471,Pickleball Court C,2026-09-17,17:00 - 18:00,175000,Available
1279_4471_18:00,1279,PLAY! Court At Vasaka Solterra - Pejaten,4471,Pickleball Court C,2026-09-17,18:00 - 19:00,175000,Available
1279_4471_19:00,1279,PLAY! Court At Vasaka Solterra - Pejaten,4471,Pickleball Court C,2026-09-17,19:00 - 20:00,175000,Booked
1279_4471_20:00,1279,PLAY! Court At Vasaka Solterra - Pejaten,4471,Pickleball Court C,2026-09-17,20:00 - 21:00,175000,Booked
1279_4471_21:00,1279,PLAY! Court At Vasaka Solterra - Pejaten,4471,Pickleball Court C,2026-09-17,21:00 - 22:00,175000,Available
1279_4471_22:00,1279,PLAY! Court At Vasaka Solterra - Pejaten,4471,Pickleball Court C,2026-09-17,22:00 - 23:00,125000,Available
1279_4471_23:00,1279,PLAY! Court At Vasaka Solterra - Pejaten,4471,Pickleball Court C,2026-09-17,23:00 - 00:00,125000,Available
1279_4472_06:00,1279,PLAY! Court At Vasaka Solterra - Pejaten,4472,Pickleball Court D,2026-09-17,06:00 - 07:00,125000,Available
1279_4472_07:00,1279,PLAY! Court At Vasaka Solterra - Pejaten,4472,Pickleball Court D,2026-09-17,07:00 - 08:00,125000,Available
1279_4472_08:00,1279,PLAY! Court At Vasaka Solterra - Pejaten,4472,Pickleball Court D,2026-09-17,08:00 - 09:00,125000,Available
1279_4472_09:00,1279,PLAY! Court At Vasaka Solterra - Pejaten,4472,Pickleball Court D,2026-09-17,09:00 - 10:00,125000,Available
1279_4472_10:00,1279,PLAY! Court At Vasaka Solterra - Pejaten,4472,Pickleball Court D,2026-09-17,10:00 - 11:00,125000,Available
1279_4472_11:00,1279,PLAY! Court At Vasaka Solterra - Pejaten,4472,Pickleball Court D,2026-09-17,11:00 - 12:00,125000,Available
1279_4472_12:00,1279,PLAY! Court At Vasaka Solterra - Pejaten,4472,Pickleball Court D,2026-09-17,12:00 - 13:00,49000,Available
1279_4472_13:00,1279,PLAY! Court At Vasaka Solterra - Pejaten,4472,Pickleball Court D,2026-09-17,13:00 - 14:00,49000,Available
1279_4472_14:00,1279,PLAY! Court At Vasaka Solterra - Pejaten,4472,Pickleball Court D,2026-09-17,14:00 - 15:00,49000,Available
1279_4472_15:00,1279,PLAY! Court At Vasaka Solterra - Pejaten,4472,Pickleball Court D,2026-09-17,15:00 - 16:00,49000,Available
1279_4472_16:00,1279,PLAY! Court At Vasaka Solterra - Pejaten,4472,Pickleball Court D,2026-09-17,16:00 - 17:00,175000,Available
1279_4472_17:00,1279,PLAY! Court At Vasaka Solterra - Pejaten,4472,Pickleball Court D,2026-09-17,17:00 - 18:00,175000,Available
1279_4472_18:00,1279,PLAY! Court At Vasaka Solterra - Pejaten,4472,Pickleball Court D,2026-09-17,18:00 - 19:00,175000,Available
1279_4472_19:00,1279,PLAY! Court At Vasaka Solterra - Pejaten,4472,Pickleball Court D,2026-09-17,19:00 - 20:00,175000,Booked
1279_4472_20:00,1279,PLAY! Court At Vasaka Solterra - Pejaten,4472,Pickleball Court D,2026-09-17,20:00 - 21:00,175000,Booked
1279_4472_21:00,1279,PLAY! Court At Vasaka Solterra - Pejaten,4472,Pickleball Court D,2026-09-17,21:00 - 22:00,175000,Available
1279_4472_22:00,1279,PLAY! Court At Vasaka Solterra - Pejaten,4472,Pickleball Court D,2026-09-17,22:00 - 23:00,125000,Available
1279_4472_23:00,1279,PLAY! Court At Vasaka Solterra - Pejaten,4472,Pickleball Court D,2026-09-17,23:00 - 00:00,125000,Available
1857_3794_06:00,1857,Padl Out,3794,Court 1,2026-09-17,06:00 - 07:00,280000,Booked
1857_3794_07:00,1857,Padl Out,3794,Court 1,2026-09-17,07:00 - 08:00,280000,Available
1857_3794_08:00,1857,Padl Out,3794,Court 1,2026-09-17,08:00 - 09:00,280000,Booked
1857_3794_09:00,1857,Padl Out,3794,Court 1,2026-09-17,09:00 - 10:00,280000,Available
1857_3794_10:00,1857,Padl Out,3794,Court 1,2026-09-17,10:00 - 11:00,280000,Available
1857_3794_11:00,1857,Padl Out,3794,Court 1,2026-09-17,11:00 - 12:00,280000,Available
1857_3794_12:00,1857,Padl Out,3794,Court 1,2026-09-17,12:00 - 13:00,280000,Available
1857_3794_13:00,1857,Padl Out,3794,Court 1,2026-09-17,13:00 - 14:00,280000,Available
1857_3794_14:00,1857,Padl Out,3794,Court 1,2026-09-17,14:00 - 15:00,280000,Available
1857_3794_15:00,1857,Padl Out,3794,Court 1,2026-09-17,15:00 - 16:00,280000,Available
1857_3794_16:00,1857,Padl Out,3794,Court 1,2026-09-17,16:00 - 17:00,350000,Available
1857_3794_17:00,1857,Padl Out,3794,Court 1,2026-09-17,17:00 - 18:00,350000,Booked
1857_3794_18:00,1857,Padl Out,3794,Court 1,2026-09-17,18:00 - 19:00,350000,Booked
1857_3794_19:00,1857,Padl Out,3794,Court 1,2026-09-17,19:00 - 20:00,350000,Booked
1857_3794_20:00,1857,Padl Out,3794,Court 1,2026-09-17,20:00 - 21:00,350000,Booked
1857_3794_21:00,1857,Padl Out,3794,Court 1,2026-09-17,21:00 - 22:00,350000,Available
1857_3794_22:00,1857,Padl Out,3794,Court 1,2026-09-17,22:00 - 23:00,195000,Available
1857_3794_23:00,1857,Padl Out,3794,Court 1,2026-09-17,23:00 - 00:00,195000,Available
1857_3795_06:00,1857,Padl Out,3795,Court 2,2026-09-17,06:00 - 07:00,280000,Available
1857_3795_07:00,1857,Padl Out,3795,Court 2,2026-09-17,07:00 - 08:00,280000,Available
1857_3795_08:00,1857,Padl Out,3795,Court 2,2026-09-17,08:00 - 09:00,280000,Available
1857_3795_09:00,1857,Padl Out,3795,Court 2,2026-09-17,09:00 - 10:00,280000,Available
1857_3795_10:00,1857,Padl Out,3795,Court 2,2026-09-17,10:00 - 11:00,280000,Available
1857_3795_11:00,1857,Padl Out,3795,Court 2,2026-09-17,11:00 - 12:00,280000,Available
1857_3795_12:00,1857,Padl Out,3795,Court 2,2026-09-17,12:00 - 13:00,280000,Available
1857_3795_13:00,1857,Padl Out,3795,Court 2,2026-09-17,13:00 - 14:00,280000,Available
1857_3795_14:00,1857,Padl Out,3795,Court 2,2026-09-17,14:00 - 15:00,280000,Available
1857_3795_15:00,1857,Padl Out,3795,Court 2,2026-09-17,15:00 - 16:00,280000,Available
1857_3795_16:00,1857,Padl Out,3795,Court 2,2026-09-17,16:00 - 17:00,350000,Available
1857_3795_17:00,1857,Padl Out,3795,Court 2,2026-09-17,17:00 - 18:00,350000,Booked
1857_3795_18:00,1857,Padl Out,3795,Court 2,2026-09-17,18:00 - 19:00,350000,Booked
1857_3795_19:00,1857,Padl Out,3795,Court 2,2026-09-17,19:00 - 20:00,350000,Booked
1857_3795_20:00,1857,Padl Out,3795,Court 2,2026-09-17,20:00 - 21:00,350000,Booked
1857_3795_21:00,1857,Padl Out,3795,Court 2,2026-09-17,21:00 - 22:00,350000,Available
1857_3795_22:00,1857,Padl Out,3795,Court 2,2026-09-17,22:00 - 23:00,195000,Available
1857_3795_23:00,1857,Padl Out,3795,Court 2,2026-09-17,23:00 - 00:00,195000,Available
2961_6891_06:00,2961,Boenny Padel Society,6891,Court A,2026-09-17,06:00 - 07:00,175000,Available
2961_6891_07:00,2961,Boenny Padel Society,6891,Court A,2026-09-17,07:00 - 08:00,175000,Available
2961_6891_08:00,2961,Boenny Padel Society,6891,Court A,2026-09-17,08:00 - 09:00,175000,Available
2961_6891_09:00,2961,Boenny Padel Society,6891,Court A,2026-09-17,09:00 - 10:00,175000,Booked
2961_6891_10:00,2961,Boenny Padel Society,6891,Court A,2026-09-17,10:00 - 11:00,175000,Booked
2961_6891_11:00,2961,Boenny Padel Society,6891,Court A,2026-09-17,11:00 - 12:00,175000,Available
2961_6891_12:00,2961,Boenny Padel Society,6891,Court A,2026-09-17,12:00 - 13:00,175000,Available
2961_6891_13:00,2961,Boenny Padel Society,6891,Court A,2026-09-17,13:00 - 14:00,175000,Available
2961_6891_14:00,2961,Boenny Padel Society,6891,Court A,2026-09-17,14:00 - 15:00,175000,Available
2961_6891_15:00,2961,Boenny Padel Society,6891,Court A,2026-09-17,15:00 - 16:00,175000,Available
2961_6891_16:00,2961,Boenny Padel Society,6891,Court A,2026-09-17,16:00 - 17:00,300000,Available
2961_6891_17:00,2961,Boenny Padel Society,6891,Court A,2026-09-17,17:00 - 18:00,300000,Available
2961_6891_18:00,2961,Boenny Padel Society,6891,Court A,2026-09-17,18:00 - 19:00,300000,Booked
2961_6891_19:00,2961,Boenny Padel Society,6891,Court A,2026-09-17,19:00 - 20:00,300000,Booked
2961_6891_20:00,2961,Boenny Padel Society,6891,Court A,2026-09-17,20:00 - 21:00,300000,Booked
2961_6891_21:00,2961,Boenny Padel Society,6891,Court A,2026-09-17,21:00 - 22:00,300000,Available
2961_7802_06:00,2961,Boenny Padel Society,7802,Court B,2026-09-17,06:00 - 07:00,175000,Available
2961_7802_07:00,2961,Boenny Padel Society,7802,Court B,2026-09-17,07:00 - 08:00,175000,Available
2961_7802_08:00,2961,Boenny Padel Society,7802,Court B,2026-09-17,08:00 - 09:00,175000,Available
2961_7802_09:00,2961,Boenny Padel Society,7802,Court B,2026-09-17,09:00 - 10:00,175000,Available
2961_7802_10:00,2961,Boenny Padel Society,7802,Court B,2026-09-17,10:00 - 11:00,175000,Available
2961_7802_11:00,2961,Boenny Padel Society,7802,Court B,2026-09-17,11:00 - 12:00,175000,Available
2961_7802_12:00,2961,Boenny Padel Society,7802,Court B,2026-09-17,12:00 - 13:00,175000,Available
2961_7802_13:00,2961,Boenny Padel Society,7802,Court B,2026-09-17,13:00 - 14:00,175000,Available
2961_7802_14:00,2961,Boenny Padel Society,7802,Court B,2026-09-17,14:00 - 15:00,175000,Available
2961_7802_15:00,2961,Boenny Padel Society,7802,Court B,2026-09-17,15:00 - 16:00,175000,Available
2961_7802_16:00,2961,Boenny Padel Society,7802,Court B,2026-09-17,16:00 - 17:00,300000,Available
2961_7802_17:00,2961,Boenny Padel Society,7802,Court B,2026-09-17,17:00 - 18:00,300000,Available
2961_7802_18:00,2961,Boenny Padel Society,7802,Court B,2026-09-17,18:00 - 19:00,300000,Available
2961_7802_19:00,2961,Boenny Padel Society,7802,Court B,2026-09-17,19:00 - 20:00,300000,Booked
2961_7802_20:00,2961,Boenny Padel Society,7802,Court B,2026-09-17,20:00 - 21:00,300000,Booked
2961_7802_21:00,2961,Boenny Padel Society,7802,Court B,2026-09-17,21:00 - 22:00,300000,Available
2961_7803_06:00,2961,Boenny Padel Society,7803,Court C,2026-09-17,06:00 - 07:00,175000,Available
2961_7803_07:00,2961,Boenny Padel Society,7803,Court C,2026-09-17,07:00 - 08:00,175000,Available
2961_7803_08:00,2961,Boenny Padel Society,7803,Court C,2026-09-17,08:00 - 09:00,175000,Available
2961_7803_09:00,2961,Boenny Padel Society,7803,Court C,2026-09-17,09:00 - 10:00,175000,Available
2961_7803_10:00,2961,Boenny Padel Society,7803,Court C,2026-09-17,10:00 - 11:00,175000,Available
2961_7803_11:00,2961,Boenny Padel Society,7803,Court C,2026-09-17,11:00 - 12:00,175000,Available
2961_7803_12:00,2961,Boenny Padel Society,7803,Court C,2026-09-17,12:00 - 13:00,175000,Available
2961_7803_13:00,2961,Boenny Padel Society,7803,Court C,2026-09-17,13:00 - 14:00,175000,Available
2961_7803_14:00,2961,Boenny Padel Society,7803,Court C,2026-09-17,14:00 - 15:00,175000,Available
2961_7803_15:00,2961,Boenny Padel Society,7803,Court C,2026-09-17,15:00 - 16:00,175000,Available
2961_7803_16:00,2961,Boenny Padel Society,7803,Court C,2026-09-17,16:00 - 17:00,300000,Available
2961_7803_17:00,2961,Boenny Padel Society,7803,Court C,2026-09-17,17:00 - 18:00,300000,Available
2961_7803_18:00,2961,Boenny Padel Society,7803,Court C,2026-09-17,18:00 - 19:00,300000,Booked
2961_7803_19:00,2961,Boenny Padel Society,7803,Court C,2026-09-17,19:00 - 20:00,300000,Booked
2961_7803_20:00,2961,Boenny Padel Society,7803,Court C,2026-09-17,20:00 - 21:00,300000,Available
2961_7803_21:00,2961,Boenny Padel Society,7803,Court C,2026-09-17,21:00 - 22:00,300000,Available
2961_7804_06:00,2961,Boenny Padel Society,7804,Court D,2026-09-17,06:00 - 07:00,175000,Available
2961_7804_07:00,2961,Boenny Padel Society,7804,Court D,2026-09-17,07:00 - 08:00,175000,Available
2961_7804_08:00,2961,Boenny Padel Society,7804,Court D,2026-09-17,08:00 - 09:00,175000,Available
2961_7804_09:00,2961,Boenny Padel Society,7804,Court D,2026-09-17,09:00 - 10:00,175000,Available
2961_7804_10:00,2961,Boenny Padel Society,7804,Court D,2026-09-17,10:00 - 11:00,175000,Available
2961_7804_11:00,2961,Boenny Padel Society,7804,Court D,2026-09-17,11:00 - 12:00,175000,Available
2961_7804_12:00,2961,Boenny Padel Society,7804,Court D,2026-09-17,12:00 - 13:00,175000,Available
2961_7804_13:00,2961,Boenny Padel Society,7804,Court D,2026-09-17,13:00 - 14:00,175000,Available
2961_7804_14:00,2961,Boenny Padel Society,7804,Court D,2026-09-17,14:00 - 15:00,175000,Available
2961_7804_15:00,2961,Boenny Padel Society,7804,Court D,2026-09-17,15:00 - 16:00,175000,Available
2961_7804_16:00,2961,Boenny Padel Society,7804,Court D,2026-09-17,16:00 - 17:00,300000,Available
2961_7804_17:00,2961,Boenny Padel Society,7804,Court D,2026-09-17,17:00 - 18:00,300000,Available
2961_7804_18:00,2961,Boenny Padel Society,7804,Court D,2026-09-17,18:00 - 19:00,300000,Booked
2961_7804_19:00,2961,Boenny Padel Society,7804,Court D,2026-09-17,19:00 - 20:00,300000,Booked
2961_7804_20:00,2961,Boenny Padel Society,7804,Court D,2026-09-17,20:00 - 21:00,300000,Available
2961_7804_21:00,2961,Boenny Padel Society,7804,Court D,2026-09-17,21:00 - 22:00,300000,Available
2859_6558_06:00,2859,Victoria Social Club - Kemang,6558,Reguler Court 1,2026-09-17,06:00 - 07:00,300000,Available
2859_6558_07:00,2859,Victoria Social Club - Kemang,6558,Reguler Court 1,2026-09-17,07:00 - 08:00,300000,Available
2859_6558_08:00,2859,Victoria Social Club - Kemang,6558,Reguler Court 1,2026-09-17,08:00 - 09:00,300000,Booked
2859_6558_09:00,2859,Victoria Social Club - Kemang,6558,Reguler Court 1,2026-09-17,09:00 - 12:00,499000,Available
2859_6558_12:00,2859,Victoria Social Club - Kemang,6558,Reguler Court 1,2026-09-17,12:00 - 15:00,499000,Available
2859_6558_15:00,2859,Victoria Social Club - Kemang,6558,Reguler Court 1,2026-09-17,15:00 - 16:00,300000,Available
2859_6558_16:00,2859,Victoria Social Club - Kemang,6558,Reguler Court 1,2026-09-17,16:00 - 17:00,300000,Available
2859_6558_17:00,2859,Victoria Social Club - Kemang,6558,Reguler Court 1,2026-09-17,17:00 - 18:00,300000,Available
2859_6558_18:00,2859,Victoria Social Club - Kemang,6558,Reguler Court 1,2026-09-17,18:00 - 19:00,300000,Available
2859_6558_19:00,2859,Victoria Social Club - Kemang,6558,Reguler Court 1,2026-09-17,19:00 - 20:00,300000,Booked
2859_6558_20:00,2859,Victoria Social Club - Kemang,6558,Reguler Court 1,2026-09-17,20:00 - 21:00,300000,Booked
2859_6558_21:00,2859,Victoria Social Club - Kemang,6558,Reguler Court 1,2026-09-17,21:00 - 22:00,300000,Available
2859_6558_22:00,2859,Victoria Social Club - Kemang,6558,Reguler Court 1,2026-09-17,22:00 - 23:00,300000,Available
2859_6559_06:00,2859,Victoria Social Club - Kemang,6559,Reguler Court 2,2026-09-17,06:00 - 07:00,300000,Available
2859_6559_07:00,2859,Victoria Social Club - Kemang,6559,Reguler Court 2,2026-09-17,07:00 - 08:00,300000,Available
2859_6559_08:00,2859,Victoria Social Club - Kemang,6559,Reguler Court 2,2026-09-17,08:00 - 09:00,300000,Available
2859_6559_09:00,2859,Victoria Social Club - Kemang,6559,Reguler Court 2,2026-09-17,09:00 - 12:00,499000,Available
2859_6559_12:00,2859,Victoria Social Club - Kemang,6559,Reguler Court 2,2026-09-17,12:00 - 15:00,499000,Available
2859_6559_15:00,2859,Victoria Social Club - Kemang,6559,Reguler Court 2,2026-09-17,15:00 - 16:00,300000,Available
2859_6559_16:00,2859,Victoria Social Club - Kemang,6559,Reguler Court 2,2026-09-17,16:00 - 17:00,300000,Available
2859_6559_17:00,2859,Victoria Social Club - Kemang,6559,Reguler Court 2,2026-09-17,17:00 - 18:00,300000,Available
2859_6559_18:00,2859,Victoria Social Club - Kemang,6559,Reguler Court 2,2026-09-17,18:00 - 19:00,300000,Available
2859_6559_19:00,2859,Victoria Social Club - Kemang,6559,Reguler Court 2,2026-09-17,19:00 - 20:00,300000,Booked
2859_6559_20:00,2859,Victoria Social Club - Kemang,6559,Reguler Court 2,2026-09-17,20:00 - 21:00,300000,Booked
2859_6559_21:00,2859,Victoria Social Club - Kemang,6559,Reguler Court 2,2026-09-17,21:00 - 22:00,300000,Available
2859_6559_22:00,2859,Victoria Social Club - Kemang,6559,Reguler Court 2,2026-09-17,22:00 - 23:00,300000,Available
2859_6560_06:00,2859,Victoria Social Club - Kemang,6560,Reguler Court 3,2026-09-17,06:00 - 07:00,300000,Available
2859_6560_07:00,2859,Victoria Social Club - Kemang,6560,Reguler Court 3,2026-09-17,07:00 - 08:00,300000,Available
2859_6560_08:00,2859,Victoria Social Club - Kemang,6560,Reguler Court 3,2026-09-17,08:00 - 09:00,300000,Available
2859_6560_09:00,2859,Victoria Social Club - Kemang,6560,Reguler Court 3,2026-09-17,09:00 - 12:00,499000,Available
2859_6560_12:00,2859,Victoria Social Club - Kemang,6560,Reguler Court 3,2026-09-17,12:00 - 15:00,499000,Available
2859_6560_15:00,2859,Victoria Social Club - Kemang,6560,Reguler Court 3,2026-09-17,15:00 - 16:00,300000,Available
2859_6560_16:00,2859,Victoria Social Club - Kemang,6560,Reguler Court 3,2026-09-17,16:00 - 17:00,300000,Available
2859_6560_17:00,2859,Victoria Social Club - Kemang,6560,Reguler Court 3,2026-09-17,17:00 - 18:00,300000,Available
2859_6560_18:00,2859,Victoria Social Club - Kemang,6560,Reguler Court 3,2026-09-17,18:00 - 19:00,300000,Available
2859_6560_19:00,2859,Victoria Social Club - Kemang,6560,Reguler Court 3,2026-09-17,19:00 - 20:00,300000,Booked
2859_6560_20:00,2859,Victoria Social Club - Kemang,6560,Reguler Court 3,2026-09-17,20:00 - 21:00,300000,Booked
2859_6560_21:00,2859,Victoria Social Club - Kemang,6560,Reguler Court 3,2026-09-17,21:00 - 22:00,300000,Booked
2859_6560_22:00,2859,Victoria Social Club - Kemang,6560,Reguler Court 3,2026-09-17,22:00 - 23:00,300000,Available
2859_6561_06:00,2859,Victoria Social Club - Kemang,6561,VIP by Bank Victoria,2026-09-17,06:00 - 07:00,300000,Available
2859_6561_07:00,2859,Victoria Social Club - Kemang,6561,VIP by Bank Victoria,2026-09-17,07:00 - 08:00,300000,Available
2859_6561_08:00,2859,Victoria Social Club - Kemang,6561,VIP by Bank Victoria,2026-09-17,08:00 - 09:00,300000,Available
2859_6561_09:00,2859,Victoria Social Club - Kemang,6561,VIP by Bank Victoria,2026-09-17,09:00 - 12:00,499000,Available
2859_6561_12:00,2859,Victoria Social Club - Kemang,6561,VIP by Bank Victoria,2026-09-17,12:00 - 15:00,499000,Available
2859_6561_15:00,2859,Victoria Social Club - Kemang,6561,VIP by Bank Victoria,2026-09-17,15:00 - 16:00,300000,Available
2859_6561_16:00,2859,Victoria Social Club - Kemang,6561,VIP by Bank Victoria,2026-09-17,16:00 - 17:00,300000,Available
2859_6561_17:00,2859,Victoria Social Club - Kemang,6561,VIP by Bank Victoria,2026-09-17,17:00 - 18:00,300000,Available
2859_6561_18:00,2859,Victoria Social Club - Kemang,6561,VIP by Bank Victoria,2026-09-17,18:00 - 19:00,300000,Booked
2859_6561_19:00,2859,Victoria Social Club - Kemang,6561,VIP by Bank Victoria,2026-09-17,19:00 - 20:00,300000,Booked
2859_6561_20:00,2859,Victoria Social Club - Kemang,6561,VIP by Bank Victoria,2026-09-17,20:00 - 21:00,300000,Booked
2859_6561_21:00,2859,Victoria Social Club - Kemang,6561,VIP by Bank Victoria,2026-09-17,21:00 - 22:00,300000,Available
2859_6561_22:00,2859,Victoria Social Club - Kemang,6561,VIP by Bank Victoria,2026-09-17,22:00 - 23:00,300000,Available
1203_2164_06:00,1203,Sport One,2164,Lapangan 1,2026-09-17,06:00 - 07:00,150000,Available
1203_2164_07:00,1203,Sport One,2164,Lapangan 1,2026-09-17,07:00 - 08:00,135000,Available
1203_2164_08:00,1203,Sport One,2164,Lapangan 1,2026-09-17,08:00 - 09:00,135000,Available
1203_2164_09:00,1203,Sport One,2164,Lapangan 1,2026-09-17,09:00 - 10:00,135000,Available
1203_2164_10:00,1203,Sport One,2164,Lapangan 1,2026-09-17,10:00 - 11:00,135000,Available
1203_2164_11:00,1203,Sport One,2164,Lapangan 1,2026-09-17,11:00 - 12:00,135000,Available
1203_2164_12:00,1203,Sport One,2164,Lapangan 1,2026-09-17,12:00 - 13:00,135000,Available
1203_2164_13:00,1203,Sport One,2164,Lapangan 1,2026-09-17,13:00 - 14:00,135000,Available
1203_2164_14:00,1203,Sport One,2164,Lapangan 1,2026-09-17,14:00 - 15:00,135000,Available
1203_2164_15:00,1203,Sport One,2164,Lapangan 1,2026-09-17,15:00 - 16:00,135000,Available
1203_2164_16:00,1203,Sport One,2164,Lapangan 1,2026-09-17,16:00 - 17:00,150000,Available
1203_2164_17:00,1203,Sport One,2164,Lapangan 1,2026-09-17,17:00 - 18:00,150000,Available
1203_2164_18:00,1203,Sport One,2164,Lapangan 1,2026-09-17,18:00 - 19:00,150000,Booked
1203_2164_19:00,1203,Sport One,2164,Lapangan 1,2026-09-17,19:00 - 20:00,150000,Booked
1203_2164_20:00,1203,Sport One,2164,Lapangan 1,2026-09-17,20:00 - 21:00,150000,Booked
1203_2164_21:00,1203,Sport One,2164,Lapangan 1,2026-09-17,21:00 - 22:00,150000,Booked
1203_2164_22:00,1203,Sport One,2164,Lapangan 1,2026-09-17,22:00 - 23:00,150000,Booked
1203_2164_23:00,1203,Sport One,2164,Lapangan 1,2026-09-17,23:00 - 00:00,150000,Available
1203_2165_06:00,1203,Sport One,2165,Lapangan 2,2026-09-17,06:00 - 07:00,150000,Available
1203_2165_07:00,1203,Sport One,2165,Lapangan 2,2026-09-17,07:00 - 08:00,135000,Available
1203_2165_08:00,1203,Sport One,2165,Lapangan 2,2026-09-17,08:00 - 09:00,135000,Available
1203_2165_09:00,1203,Sport One,2165,Lapangan 2,2026-09-17,09:00 - 10:00,135000,Available
1203_2165_10:00,1203,Sport One,2165,Lapangan 2,2026-09-17,10:00 - 11:00,135000,Available
1203_2165_11:00,1203,Sport One,2165,Lapangan 2,2026-09-17,11:00 - 12:00,135000,Available
1203_2165_12:00,1203,Sport One,2165,Lapangan 2,2026-09-17,12:00 - 13:00,135000,Available
1203_2165_13:00,1203,Sport One,2165,Lapangan 2,2026-09-17,13:00 - 14:00,135000,Available
1203_2165_14:00,1203,Sport One,2165,Lapangan 2,2026-09-17,14:00 - 15:00,135000,Available
1203_2165_15:00,1203,Sport One,2165,Lapangan 2,2026-09-17,15:00 - 16:00,135000,Available
1203_2165_16:00,1203,Sport One,2165,Lapangan 2,2026-09-17,16:00 - 17:00,150000,Available
1203_2165_17:00,1203,Sport One,2165,Lapangan 2,2026-09-17,17:00 - 18:00,150000,Available
1203_2165_18:00,1203,Sport One,2165,Lapangan 2,2026-09-17,18:00 - 19:00,150000,Booked
1203_2165_19:00,1203,Sport One,2165,Lapangan 2,2026-09-17,19:00 - 20:00,150000,Booked
1203_2165_20:00,1203,Sport One,2165,Lapangan 2,2026-09-17,20:00 - 21:00,150000,Booked
1203_2165_21:00,1203,Sport One,2165,Lapangan 2,2026-09-17,21:00 - 22:00,150000,Booked
1203_2165_22:00,1203,Sport One,2165,Lapangan 2,2026-09-17,22:00 - 23:00,150000,Booked
1203_2165_23:00,1203,Sport One,2165,Lapangan 2,2026-09-17,23:00 - 00:00,150000,Available
1203_2166_06:00,1203,Sport One,2166,Lapangan 3,2026-09-17,06:00 - 07:00,150000,Available
1203_2166_07:00,1203,Sport One,2166,Lapangan 3,2026-09-17,07:00 - 08:00,135000,Available
1203_2166_08:00,1203,Sport One,2166,Lapangan 3,2026-09-17,08:00 - 09:00,135000,Available
1203_2166_09:00,1203,Sport One,2166,Lapangan 3,2026-09-17,09:00 - 10:00,135000,Available
1203_2166_10:00,1203,Sport One,2166,Lapangan 3,2026-09-17,10:00 - 11:00,135000,Available
1203_2166_11:00,1203,Sport One,2166,Lapangan 3,2026-09-17,11:00 - 12:00,135000,Available
1203_2166_12:00,1203,Sport One,2166,Lapangan 3,2026-09-17,12:00 - 13:00,135000,Available
1203_2166_13:00,1203,Sport One,2166,Lapangan 3,2026-09-17,13:00 - 14:00,135000,Available
1203_2166_14:00,1203,Sport One,2166,Lapangan 3,2026-09-17,14:00 - 15:00,135000,Available
1203_2166_15:00,1203,Sport One,2166,Lapangan 3,2026-09-17,15:00 - 16:00,135000,Available
1203_2166_16:00,1203,Sport One,2166,Lapangan 3,2026-09-17,16:00 - 17:00,150000,Available
1203_2166_17:00,1203,Sport One,2166,Lapangan 3,2026-09-17,17:00 - 18:00,150000,Available
1203_2166_18:00,1203,Sport One,2166,Lapangan 3,2026-09-17,18:00 - 19:00,150000,Booked
1203_2166_19:00,1203,Sport One,2166,Lapangan 3,2026-09-17,19:00 - 20:00,150000,Booked
1203_2166_20:00,1203,Sport One,2166,Lapangan 3,2026-09-17,20:00 - 21:00,150000,Booked
1203_2166_21:00,1203,Sport One,2166,Lapangan 3,2026-09-17,21:00 - 22:00,150000,Booked
1203_2166_22:00,1203,Sport One,2166,Lapangan 3,2026-09-17,22:00 - 23:00,150000,Available
1203_2166_23:00,1203,Sport One,2166,Lapangan 3,2026-09-17,23:00 - 00:00,150000,Available
1203_2167_06:00,1203,Sport One,2167,Lapangan 4,2026-09-17,06:00 - 07:00,150000,Available
1203_2167_07:00,1203,Sport One,2167,Lapangan 4,2026-09-17,07:00 - 08:00,135000,Available
1203_2167_08:00,1203,Sport One,2167,Lapangan 4,2026-09-17,08:00 - 09:00,135000,Available
1203_2167_09:00,1203,Sport One,2167,Lapangan 4,2026-09-17,09:00 - 10:00,135000,Available
1203_2167_10:00,1203,Sport One,2167,Lapangan 4,2026-09-17,10:00 - 11:00,135000,Available
1203_2167_11:00,1203,Sport One,2167,Lapangan 4,2026-09-17,11:00 - 12:00,135000,Available
1203_2167_12:00,1203,Sport One,2167,Lapangan 4,2026-09-17,12:00 - 13:00,135000,Available
1203_2167_13:00,1203,Sport One,2167,Lapangan 4,2026-09-17,13:00 - 14:00,135000,Available
1203_2167_14:00,1203,Sport One,2167,Lapangan 4,2026-09-17,14:00 - 15:00,135000,Available
1203_2167_15:00,1203,Sport One,2167,Lapangan 4,2026-09-17,15:00 - 16:00,135000,Available
1203_2167_16:00,1203,Sport One,2167,Lapangan 4,2026-09-17,16:00 - 17:00,150000,Available
1203_2167_17:00,1203,Sport One,2167,Lapangan 4,2026-09-17,17:00 - 18:00,150000,Booked
1203_2167_18:00,1203,Sport One,2167,Lapangan 4,2026-09-17,18:00 - 19:00,150000,Booked
1203_2167_19:00,1203,Sport One,2167,Lapangan 4,2026-09-17,19:00 - 20:00,150000,Booked
1203_2167_20:00,1203,Sport One,2167,Lapangan 4,2026-09-17,20:00 - 21:00,150000,Booked
1203_2167_21:00,1203,Sport One,2167,Lapangan 4,2026-09-17,21:00 - 22:00,150000,Booked
1203_2167_22:00,1203,Sport One,2167,Lapangan 4,2026-09-17,22:00 - 23:00,150000,Available
1203_2167_23:00,1203,Sport One,2167,Lapangan 4,2026-09-17,23:00 - 00:00,150000,Available
1203_2168_06:00,1203,Sport One,2168,Lapangan 5,2026-09-17,06:00 - 07:00,150000,Available
1203_2168_07:00,1203,Sport One,2168,Lapangan 5,2026-09-17,07:00 - 08:00,135000,Available
1203_2168_08:00,1203,Sport One,2168,Lapangan 5,2026-09-17,08:00 - 09:00,135000,Available
1203_2168_09:00,1203,Sport One,2168,Lapangan 5,2026-09-17,09:00 - 10:00,135000,Available
1203_2168_10:00,1203,Sport One,2168,Lapangan 5,2026-09-17,10:00 - 11:00,135000,Available
1203_2168_11:00,1203,Sport One,2168,Lapangan 5,2026-09-17,11:00 - 12:00,135000,Available
1203_2168_12:00,1203,Sport One,2168,Lapangan 5,2026-09-17,12:00 - 13:00,135000,Available
1203_2168_13:00,1203,Sport One,2168,Lapangan 5,2026-09-17,13:00 - 14:00,135000,Available
1203_2168_14:00,1203,Sport One,2168,Lapangan 5,2026-09-17,14:00 - 15:00,135000,Available
1203_2168_15:00,1203,Sport One,2168,Lapangan 5,2026-09-17,15:00 - 16:00,135000,Booked
1203_2168_16:00,1203,Sport One,2168,Lapangan 5,2026-09-17,16:00 - 17:00,150000,Booked
1203_2168_17:00,1203,Sport One,2168,Lapangan 5,2026-09-17,17:00 - 18:00,150000,Available
1203_2168_18:00,1203,Sport One,2168,Lapangan 5,2026-09-17,18:00 - 19:00,150000,Booked
1203_2168_19:00,1203,Sport One,2168,Lapangan 5,2026-09-17,19:00 - 20:00,150000,Booked
1203_2168_20:00,1203,Sport One,2168,Lapangan 5,2026-09-17,20:00 - 21:00,150000,Booked
1203_2168_21:00,1203,Sport One,2168,Lapangan 5,2026-09-17,21:00 - 22:00,150000,Booked
1203_2168_22:00,1203,Sport One,2168,Lapangan 5,2026-09-17,22:00 - 23:00,150000,Available
1203_2168_23:00,1203,Sport One,2168,Lapangan 5,2026-09-17,23:00 - 00:00,150000,Available
1203_7057_06:00,1203,Sport One,7057,Lapangan Pickle  1,2026-09-17,06:00 - 07:00,135000,Available
1203_7057_07:00,1203,Sport One,7057,Lapangan Pickle  1,2026-09-17,07:00 - 08:00,135000,Available
1203_7057_08:00,1203,Sport One,7057,Lapangan Pickle  1,2026-09-17,08:00 - 09:00,135000,Available
1203_7057_09:00,1203,Sport One,7057,Lapangan Pickle  1,2026-09-17,09:00 - 10:00,135000,Available
1203_7057_10:00,1203,Sport One,7057,Lapangan Pickle  1,2026-09-17,10:00 - 11:00,135000,Available
1203_7057_11:00,1203,Sport One,7057,Lapangan Pickle  1,2026-09-17,11:00 - 12:00,135000,Available
1203_7057_12:00,1203,Sport One,7057,Lapangan Pickle  1,2026-09-17,12:00 - 13:00,135000,Available
1203_7057_13:00,1203,Sport One,7057,Lapangan Pickle  1,2026-09-17,13:00 - 14:00,135000,Available
1203_7057_14:00,1203,Sport One,7057,Lapangan Pickle  1,2026-09-17,14:00 - 15:00,135000,Available
1203_7057_15:00,1203,Sport One,7057,Lapangan Pickle  1,2026-09-17,15:00 - 16:00,200000,Available
1203_7057_16:00,1203,Sport One,7057,Lapangan Pickle  1,2026-09-17,16:00 - 17:00,200000,Available
1203_7057_17:00,1203,Sport One,7057,Lapangan Pickle  1,2026-09-17,17:00 - 18:00,200000,Booked
1203_7057_18:00,1203,Sport One,7057,Lapangan Pickle  1,2026-09-17,18:00 - 19:00,200000,Booked
1203_7057_19:00,1203,Sport One,7057,Lapangan Pickle  1,2026-09-17,19:00 - 20:00,200000,Booked
1203_7057_20:00,1203,Sport One,7057,Lapangan Pickle  1,2026-09-17,20:00 - 21:00,200000,Booked
1203_7057_21:00,1203,Sport One,7057,Lapangan Pickle  1,2026-09-17,21:00 - 22:00,200000,Booked
1203_7057_22:00,1203,Sport One,7057,Lapangan Pickle  1,2026-09-17,22:00 - 23:00,200000,Available
1203_7057_23:00,1203,Sport One,7057,Lapangan Pickle  1,2026-09-17,23:00 - 00:00,200000,Available
1203_7058_06:00,1203,Sport One,7058,Lapangan Pickle 2,2026-09-17,06:00 - 07:00,135000,Available
1203_7058_07:00,1203,Sport One,7058,Lapangan Pickle 2,2026-09-17,07:00 - 08:00,135000,Available
1203_7058_08:00,1203,Sport One,7058,Lapangan Pickle 2,2026-09-17,08:00 - 09:00,135000,Available
1203_7058_09:00,1203,Sport One,7058,Lapangan Pickle 2,2026-09-17,09:00 - 10:00,135000,Available
1203_7058_10:00,1203,Sport One,7058,Lapangan Pickle 2,2026-09-17,10:00 - 11:00,135000,Available
1203_7058_11:00,1203,Sport One,7058,Lapangan Pickle 2,2026-09-17,11:00 - 12:00,135000,Available
1203_7058_12:00,1203,Sport One,7058,Lapangan Pickle 2,2026-09-17,12:00 - 13:00,135000,Available
1203_7058_13:00,1203,Sport One,7058,Lapangan Pickle 2,2026-09-17,13:00 - 14:00,135000,Available
1203_7058_14:00,1203,Sport One,7058,Lapangan Pickle 2,2026-09-17,14:00 - 15:00,135000,Available
1203_7058_15:00,1203,Sport One,7058,Lapangan Pickle 2,2026-09-17,15:00 - 16:00,200000,Booked
1203_7058_16:00,1203,Sport One,7058,Lapangan Pickle 2,2026-09-17,16:00 - 17:00,200000,Booked
1203_7058_17:00,1203,Sport One,7058,Lapangan Pickle 2,2026-09-17,17:00 - 18:00,200000,Available
1203_7058_18:00,1203,Sport One,7058,Lapangan Pickle 2,2026-09-17,18:00 - 19:00,200000,Booked
1203_7058_19:00,1203,Sport One,7058,Lapangan Pickle 2,2026-09-17,19:00 - 20:00,200000,Booked
1203_7058_20:00,1203,Sport One,7058,Lapangan Pickle 2,2026-09-17,20:00 - 21:00,200000,Booked
1203_7058_21:00,1203,Sport One,7058,Lapangan Pickle 2,2026-09-17,21:00 - 22:00,200000,Booked
1203_7058_22:00,1203,Sport One,7058,Lapangan Pickle 2,2026-09-17,22:00 - 23:00,200000,Available
1203_7058_23:00,1203,Sport One,7058,Lapangan Pickle 2,2026-09-17,23:00 - 00:00,200000,Available
1203_7059_06:00,1203,Sport One,7059,Court 1 Padel,2026-09-17,06:00 - 07:00,150000,Available
1203_7059_07:00,1203,Sport One,7059,Court 1 Padel,2026-09-17,07:00 - 08:00,150000,Available
1203_7059_08:00,1203,Sport One,7059,Court 1 Padel,2026-09-17,08:00 - 09:00,150000,Available
1203_7059_09:00,1203,Sport One,7059,Court 1 Padel,2026-09-17,09:00 - 10:00,150000,Available
1203_7059_10:00,1203,Sport One,7059,Court 1 Padel,2026-09-17,10:00 - 11:00,150000,Available
1203_7059_11:00,1203,Sport One,7059,Court 1 Padel,2026-09-17,11:00 - 12:00,150000,Available
1203_7059_12:00,1203,Sport One,7059,Court 1 Padel,2026-09-17,12:00 - 13:00,150000,Available
1203_7059_13:00,1203,Sport One,7059,Court 1 Padel,2026-09-17,13:00 - 14:00,150000,Available
1203_7059_14:00,1203,Sport One,7059,Court 1 Padel,2026-09-17,14:00 - 15:00,150000,Available
1203_7059_15:00,1203,Sport One,7059,Court 1 Padel,2026-09-17,15:00 - 16:00,200000,Available
1203_7059_16:00,1203,Sport One,7059,Court 1 Padel,2026-09-17,16:00 - 17:00,200000,Available
1203_7059_17:00,1203,Sport One,7059,Court 1 Padel,2026-09-17,17:00 - 18:00,200000,Available
1203_7059_18:00,1203,Sport One,7059,Court 1 Padel,2026-09-17,18:00 - 19:00,200000,Booked
1203_7059_19:00,1203,Sport One,7059,Court 1 Padel,2026-09-17,19:00 - 20:00,200000,Available
1203_7059_20:00,1203,Sport One,7059,Court 1 Padel,2026-09-17,20:00 - 21:00,200000,Available
1203_7059_21:00,1203,Sport One,7059,Court 1 Padel,2026-09-17,21:00 - 22:00,200000,Available
1203_7059_22:00,1203,Sport One,7059,Court 1 Padel,2026-09-17,22:00 - 23:00,200000,Available
1203_7059_23:00,1203,Sport One,7059,Court 1 Padel,2026-09-17,23:00 - 00:00,200000,Available
1203_7060_06:00,1203,Sport One,7060,Court 2 Padel,2026-09-17,06:00 - 07:00,150000,Available
1203_7060_07:00,1203,Sport One,7060,Court 2 Padel,2026-09-17,07:00 - 08:00,150000,Available
1203_7060_08:00,1203,Sport One,7060,Court 2 Padel,2026-09-17,08:00 - 09:00,150000,Available
1203_7060_09:00,1203,Sport One,7060,Court 2 Padel,2026-09-17,09:00 - 10:00,150000,Available
1203_7060_10:00,1203,Sport One,7060,Court 2 Padel,2026-09-17,10:00 - 11:00,150000,Available
1203_7060_11:00,1203,Sport One,7060,Court 2 Padel,2026-09-17,11:00 - 12:00,150000,Available
1203_7060_12:00,1203,Sport One,7060,Court 2 Padel,2026-09-17,12:00 - 13:00,150000,Available
1203_7060_13:00,1203,Sport One,7060,Court 2 Padel,2026-09-17,13:00 - 14:00,150000,Available
1203_7060_14:00,1203,Sport One,7060,Court 2 Padel,2026-09-17,14:00 - 15:00,150000,Available
1203_7060_15:00,1203,Sport One,7060,Court 2 Padel,2026-09-17,15:00 - 16:00,200000,Available
1203_7060_16:00,1203,Sport One,7060,Court 2 Padel,2026-09-17,16:00 - 17:00,200000,Available
1203_7060_17:00,1203,Sport One,7060,Court 2 Padel,2026-09-17,17:00 - 18:00,200000,Available
1203_7060_18:00,1203,Sport One,7060,Court 2 Padel,2026-09-17,18:00 - 19:00,200000,Booked
1203_7060_19:00,1203,Sport One,7060,Court 2 Padel,2026-09-17,19:00 - 20:00,200000,Booked
1203_7060_20:00,1203,Sport One,7060,Court 2 Padel,2026-09-17,20:00 - 21:00,200000,Booked
1203_7060_21:00,1203,Sport One,7060,Court 2 Padel,2026-09-17,21:00 - 22:00,200000,Available
1203_7060_22:00,1203,Sport One,7060,Court 2 Padel,2026-09-17,22:00 - 23:00,200000,Booked
1203_7060_23:00,1203,Sport One,7060,Court 2 Padel,2026-09-17,23:00 - 00:00,200000,Booked
2418_5102_06:00,2418,Padel Mezcal,5102,Court 1 ( Blue ),2026-09-17,06:00 - 07:00,150000,Available
2418_5102_07:00,2418,Padel Mezcal,5102,Court 1 ( Blue ),2026-09-17,07:00 - 08:00,150000,Available
2418_5102_08:00,2418,Padel Mezcal,5102,Court 1 ( Blue ),2026-09-17,08:00 - 09:00,175000,Available
2418_5102_09:00,2418,Padel Mezcal,5102,Court 1 ( Blue ),2026-09-17,09:00 - 10:00,175000,Booked
2418_5102_10:00,2418,Padel Mezcal,5102,Court 1 ( Blue ),2026-09-17,10:00 - 11:00,175000,Booked
2418_5102_11:00,2418,Padel Mezcal,5102,Court 1 ( Blue ),2026-09-17,11:00 - 12:00,175000,Available
2418_5102_12:00,2418,Padel Mezcal,5102,Court 1 ( Blue ),2026-09-17,12:00 - 13:00,150000,Available
2418_5102_13:00,2418,Padel Mezcal,5102,Court 1 ( Blue ),2026-09-17,13:00 - 14:00,150000,Available
2418_5102_14:00,2418,Padel Mezcal,5102,Court 1 ( Blue ),2026-09-17,14:00 - 15:00,150000,Available
2418_5102_15:00,2418,Padel Mezcal,5102,Court 1 ( Blue ),2026-09-17,15:00 - 16:00,150000,Available
2418_5102_16:00,2418,Padel Mezcal,5102,Court 1 ( Blue ),2026-09-17,16:00 - 17:00,250000,Booked
2418_5102_17:00,2418,Padel Mezcal,5102,Court 1 ( Blue ),2026-09-17,17:00 - 18:00,250000,Booked
2418_5102_18:00,2418,Padel Mezcal,5102,Court 1 ( Blue ),2026-09-17,18:00 - 19:00,250000,Available
2418_5102_19:00,2418,Padel Mezcal,5102,Court 1 ( Blue ),2026-09-17,19:00 - 20:00,250000,Available
2418_5102_20:00,2418,Padel Mezcal,5102,Court 1 ( Blue ),2026-09-17,20:00 - 21:00,250000,Booked
2418_5102_21:00,2418,Padel Mezcal,5102,Court 1 ( Blue ),2026-09-17,21:00 - 22:00,250000,Booked
2418_5102_22:00,2418,Padel Mezcal,5102,Court 1 ( Blue ),2026-09-17,22:00 - 23:00,200000,Available
2418_5102_23:00,2418,Padel Mezcal,5102,Court 1 ( Blue ),2026-09-17,23:00 - 00:00,200000,Available
2418_5172_06:00,2418,Padel Mezcal,5172,Court 2 ( Blue ),2026-09-17,06:00 - 07:00,150000,Available
2418_5172_07:00,2418,Padel Mezcal,5172,Court 2 ( Blue ),2026-09-17,07:00 - 08:00,150000,Available
2418_5172_08:00,2418,Padel Mezcal,5172,Court 2 ( Blue ),2026-09-17,08:00 - 09:00,175000,Available
2418_5172_09:00,2418,Padel Mezcal,5172,Court 2 ( Blue ),2026-09-17,09:00 - 10:00,175000,Booked
2418_5172_10:00,2418,Padel Mezcal,5172,Court 2 ( Blue ),2026-09-17,10:00 - 11:00,175000,Booked
2418_5172_11:00,2418,Padel Mezcal,5172,Court 2 ( Blue ),2026-09-17,11:00 - 12:00,175000,Available
2418_5172_12:00,2418,Padel Mezcal,5172,Court 2 ( Blue ),2026-09-17,12:00 - 13:00,150000,Available
2418_5172_13:00,2418,Padel Mezcal,5172,Court 2 ( Blue ),2026-09-17,13:00 - 14:00,150000,Available
2418_5172_14:00,2418,Padel Mezcal,5172,Court 2 ( Blue ),2026-09-17,14:00 - 15:00,150000,Available
2418_5172_15:00,2418,Padel Mezcal,5172,Court 2 ( Blue ),2026-09-17,15:00 - 16:00,150000,Available
2418_5172_16:00,2418,Padel Mezcal,5172,Court 2 ( Blue ),2026-09-17,16:00 - 17:00,250000,Booked
2418_5172_17:00,2418,Padel Mezcal,5172,Court 2 ( Blue ),2026-09-17,17:00 - 18:00,250000,Booked
2418_5172_18:00,2418,Padel Mezcal,5172,Court 2 ( Blue ),2026-09-17,18:00 - 19:00,250000,Available
2418_5172_19:00,2418,Padel Mezcal,5172,Court 2 ( Blue ),2026-09-17,19:00 - 20:00,250000,Booked
2418_5172_20:00,2418,Padel Mezcal,5172,Court 2 ( Blue ),2026-09-17,20:00 - 21:00,250000,Booked
2418_5172_21:00,2418,Padel Mezcal,5172,Court 2 ( Blue ),2026-09-17,21:00 - 22:00,250000,Available
2418_5172_22:00,2418,Padel Mezcal,5172,Court 2 ( Blue ),2026-09-17,22:00 - 23:00,200000,Available
2418_5172_23:00,2418,Padel Mezcal,5172,Court 2 ( Blue ),2026-09-17,23:00 - 00:00,200000,Available
2418_5173_06:00,2418,Padel Mezcal,5173,Court 3 ( Blue ),2026-09-17,06:00 - 07:00,150000,Available
2418_5173_07:00,2418,Padel Mezcal,5173,Court 3 ( Blue ),2026-09-17,07:00 - 08:00,150000,Available
2418_5173_08:00,2418,Padel Mezcal,5173,Court 3 ( Blue ),2026-09-17,08:00 - 09:00,175000,Available
2418_5173_09:00,2418,Padel Mezcal,5173,Court 3 ( Blue ),2026-09-17,09:00 - 10:00,175000,Booked
2418_5173_10:00,2418,Padel Mezcal,5173,Court 3 ( Blue ),2026-09-17,10:00 - 11:00,175000,Booked
2418_5173_11:00,2418,Padel Mezcal,5173,Court 3 ( Blue ),2026-09-17,11:00 - 12:00,175000,Available
2418_5173_12:00,2418,Padel Mezcal,5173,Court 3 ( Blue ),2026-09-17,12:00 - 13:00,150000,Available
2418_5173_13:00,2418,Padel Mezcal,5173,Court 3 ( Blue ),2026-09-17,13:00 - 14:00,150000,Available
2418_5173_14:00,2418,Padel Mezcal,5173,Court 3 ( Blue ),2026-09-17,14:00 - 15:00,150000,Booked
2418_5173_15:00,2418,Padel Mezcal,5173,Court 3 ( Blue ),2026-09-17,15:00 - 16:00,150000,Booked
2418_5173_16:00,2418,Padel Mezcal,5173,Court 3 ( Blue ),2026-09-17,16:00 - 17:00,250000,Booked
2418_5173_17:00,2418,Padel Mezcal,5173,Court 3 ( Blue ),2026-09-17,17:00 - 18:00,250000,Booked
2418_5173_18:00,2418,Padel Mezcal,5173,Court 3 ( Blue ),2026-09-17,18:00 - 19:00,250000,Available
2418_5173_19:00,2418,Padel Mezcal,5173,Court 3 ( Blue ),2026-09-17,19:00 - 20:00,250000,Booked
2418_5173_20:00,2418,Padel Mezcal,5173,Court 3 ( Blue ),2026-09-17,20:00 - 21:00,250000,Booked
2418_5173_21:00,2418,Padel Mezcal,5173,Court 3 ( Blue ),2026-09-17,21:00 - 22:00,250000,Available
2418_5173_22:00,2418,Padel Mezcal,5173,Court 3 ( Blue ),2026-09-17,22:00 - 23:00,200000,Available
2418_5173_23:00,2418,Padel Mezcal,5173,Court 3 ( Blue ),2026-09-17,23:00 - 00:00,200000,Available
2418_5174_06:00,2418,Padel Mezcal,5174,Court 4 ( Terracotta ),2026-09-17,06:00 - 07:00,150000,Available
2418_5174_07:00,2418,Padel Mezcal,5174,Court 4 ( Terracotta ),2026-09-17,07:00 - 08:00,150000,Available
2418_5174_08:00,2418,Padel Mezcal,5174,Court 4 ( Terracotta ),2026-09-17,08:00 - 09:00,175000,Available
2418_5174_09:00,2418,Padel Mezcal,5174,Court 4 ( Terracotta ),2026-09-17,09:00 - 10:00,175000,Booked
2418_5174_10:00,2418,Padel Mezcal,5174,Court 4 ( Terracotta ),2026-09-17,10:00 - 11:00,175000,Booked
2418_5174_11:00,2418,Padel Mezcal,5174,Court 4 ( Terracotta ),2026-09-17,11:00 - 12:00,175000,Available
2418_5174_12:00,2418,Padel Mezcal,5174,Court 4 ( Terracotta ),2026-09-17,12:00 - 13:00,150000,Available
2418_5174_13:00,2418,Padel Mezcal,5174,Court 4 ( Terracotta ),2026-09-17,13:00 - 14:00,150000,Available
2418_5174_14:00,2418,Padel Mezcal,5174,Court 4 ( Terracotta ),2026-09-17,14:00 - 15:00,150000,Available
2418_5174_15:00,2418,Padel Mezcal,5174,Court 4 ( Terracotta ),2026-09-17,15:00 - 16:00,150000,Available
2418_5174_16:00,2418,Padel Mezcal,5174,Court 4 ( Terracotta ),2026-09-17,16:00 - 17:00,250000,Booked
2418_5174_17:00,2418,Padel Mezcal,5174,Court 4 ( Terracotta ),2026-09-17,17:00 - 18:00,250000,Booked
2418_5174_18:00,2418,Padel Mezcal,5174,Court 4 ( Terracotta ),2026-09-17,18:00 - 19:00,250000,Available
2418_5174_19:00,2418,Padel Mezcal,5174,Court 4 ( Terracotta ),2026-09-17,19:00 - 20:00,250000,Booked
2418_5174_20:00,2418,Padel Mezcal,5174,Court 4 ( Terracotta ),2026-09-17,20:00 - 21:00,250000,Booked
2418_5174_21:00,2418,Padel Mezcal,5174,Court 4 ( Terracotta ),2026-09-17,21:00 - 22:00,250000,Available
2418_5174_22:00,2418,Padel Mezcal,5174,Court 4 ( Terracotta ),2026-09-17,22:00 - 23:00,200000,Available
2418_5174_23:00,2418,Padel Mezcal,5174,Court 4 ( Terracotta ),2026-09-17,23:00 - 00:00,200000,Available
2418_5175_06:00,2418,Padel Mezcal,5175,Court 5 ( Terracotta ),2026-09-17,06:00 - 07:00,150000,Available
2418_5175_07:00,2418,Padel Mezcal,5175,Court 5 ( Terracotta ),2026-09-17,07:00 - 08:00,150000,Available
2418_5175_08:00,2418,Padel Mezcal,5175,Court 5 ( Terracotta ),2026-09-17,08:00 - 09:00,175000,Available
2418_5175_09:00,2418,Padel Mezcal,5175,Court 5 ( Terracotta ),2026-09-17,09:00 - 10:00,175000,Booked
2418_5175_10:00,2418,Padel Mezcal,5175,Court 5 ( Terracotta ),2026-09-17,10:00 - 11:00,175000,Booked
2418_5175_11:00,2418,Padel Mezcal,5175,Court 5 ( Terracotta ),2026-09-17,11:00 - 12:00,175000,Available
2418_5175_12:00,2418,Padel Mezcal,5175,Court 5 ( Terracotta ),2026-09-17,12:00 - 13:00,150000,Available
2418_5175_13:00,2418,Padel Mezcal,5175,Court 5 ( Terracotta ),2026-09-17,13:00 - 14:00,150000,Available
2418_5175_14:00,2418,Padel Mezcal,5175,Court 5 ( Terracotta ),2026-09-17,14:00 - 15:00,150000,Available
2418_5175_15:00,2418,Padel Mezcal,5175,Court 5 ( Terracotta ),2026-09-17,15:00 - 16:00,150000,Available
2418_5175_16:00,2418,Padel Mezcal,5175,Court 5 ( Terracotta ),2026-09-17,16:00 - 17:00,250000,Available
2418_5175_17:00,2418,Padel Mezcal,5175,Court 5 ( Terracotta ),2026-09-17,17:00 - 18:00,250000,Available
2418_5175_18:00,2418,Padel Mezcal,5175,Court 5 ( Terracotta ),2026-09-17,18:00 - 19:00,250000,Available
2418_5175_19:00,2418,Padel Mezcal,5175,Court 5 ( Terracotta ),2026-09-17,19:00 - 20:00,250000,Available
2418_5175_20:00,2418,Padel Mezcal,5175,Court 5 ( Terracotta ),2026-09-17,20:00 - 21:00,250000,Available
2418_5175_21:00,2418,Padel Mezcal,5175,Court 5 ( Terracotta ),2026-09-17,21:00 - 22:00,250000,Available
2418_5175_22:00,2418,Padel Mezcal,5175,Court 5 ( Terracotta ),2026-09-17,22:00 - 23:00,200000,Available
2418_5175_23:00,2418,Padel Mezcal,5175,Court 5 ( Terracotta ),2026-09-17,23:00 - 00:00,200000,Available
2845_6489_06:00,2845,The Rooftop Kyzn Kuningan,6489,Court 1,2026-09-17,06:00 - 07:00,300000,Available
2845_6489_07:00,2845,The Rooftop Kyzn Kuningan,6489,Court 1,2026-09-17,07:00 - 08:00,300000,Available
2845_6489_08:00,2845,The Rooftop Kyzn Kuningan,6489,Court 1,2026-09-17,08:00 - 09:00,300000,Available
2845_6489_09:00,2845,The Rooftop Kyzn Kuningan,6489,Court 1,2026-09-17,09:00 - 10:00,300000,Available
2845_6489_10:00,2845,The Rooftop Kyzn Kuningan,6489,Court 1,2026-09-17,10:00 - 11:00,300000,Available
2845_6489_11:00,2845,The Rooftop Kyzn Kuningan,6489,Court 1,2026-09-17,11:00 - 12:00,300000,Available
2845_6489_12:00,2845,The Rooftop Kyzn Kuningan,6489,Court 1,2026-09-17,12:00 - 13:00,300000,Available
2845_6489_13:00,2845,The Rooftop Kyzn Kuningan,6489,Court 1,2026-09-17,13:00 - 14:00,300000,Available
2845_6489_14:00,2845,The Rooftop Kyzn Kuningan,6489,Court 1,2026-09-17,14:00 - 15:00,300000,Available
2845_6489_15:00,2845,The Rooftop Kyzn Kuningan,6489,Court 1,2026-09-17,15:00 - 16:00,300000,Available
2845_6489_16:00,2845,The Rooftop Kyzn Kuningan,6489,Court 1,2026-09-17,16:00 - 18:00,1000000,Booked
2845_6489_18:00,2845,The Rooftop Kyzn Kuningan,6489,Court 1,2026-09-17,18:00 - 20:00,1000000,Booked
2845_6489_20:00,2845,The Rooftop Kyzn Kuningan,6489,Court 1,2026-09-17,20:00 - 21:00,500000,Booked
2845_6489_21:00,2845,The Rooftop Kyzn Kuningan,6489,Court 1,2026-09-17,21:00 - 22:00,300000,Booked
2845_6489_22:00,2845,The Rooftop Kyzn Kuningan,6489,Court 1,2026-09-17,22:00 - 23:00,300000,Available
2845_6489_23:00,2845,The Rooftop Kyzn Kuningan,6489,Court 1,2026-09-17,23:00 - 00:00,300000,Available
2845_6490_06:00,2845,The Rooftop Kyzn Kuningan,6490,Court 2,2026-09-17,06:00 - 07:00,300000,Available
2845_6490_07:00,2845,The Rooftop Kyzn Kuningan,6490,Court 2,2026-09-17,07:00 - 08:00,300000,Available
2845_6490_08:00,2845,The Rooftop Kyzn Kuningan,6490,Court 2,2026-09-17,08:00 - 09:00,300000,Available
2845_6490_09:00,2845,The Rooftop Kyzn Kuningan,6490,Court 2,2026-09-17,09:00 - 10:00,300000,Available
2845_6490_10:00,2845,The Rooftop Kyzn Kuningan,6490,Court 2,2026-09-17,10:00 - 11:00,300000,Available
2845_6490_11:00,2845,The Rooftop Kyzn Kuningan,6490,Court 2,2026-09-17,11:00 - 12:00,300000,Available
2845_6490_12:00,2845,The Rooftop Kyzn Kuningan,6490,Court 2,2026-09-17,12:00 - 13:00,300000,Available
2845_6490_13:00,2845,The Rooftop Kyzn Kuningan,6490,Court 2,2026-09-17,13:00 - 14:00,300000,Available
2845_6490_14:00,2845,The Rooftop Kyzn Kuningan,6490,Court 2,2026-09-17,14:00 - 15:00,300000,Available
2845_6490_15:00,2845,The Rooftop Kyzn Kuningan,6490,Court 2,2026-09-17,15:00 - 16:00,300000,Available
2845_6490_16:00,2845,The Rooftop Kyzn Kuningan,6490,Court 2,2026-09-17,16:00 - 18:00,1000000,Booked
2845_6490_18:00,2845,The Rooftop Kyzn Kuningan,6490,Court 2,2026-09-17,18:00 - 20:00,1000000,Booked
2845_6490_20:00,2845,The Rooftop Kyzn Kuningan,6490,Court 2,2026-09-17,20:00 - 21:00,500000,Booked
2845_6490_21:00,2845,The Rooftop Kyzn Kuningan,6490,Court 2,2026-09-17,21:00 - 22:00,300000,Booked
2845_6490_22:00,2845,The Rooftop Kyzn Kuningan,6490,Court 2,2026-09-17,22:00 - 23:00,300000,Available
2845_6490_23:00,2845,The Rooftop Kyzn Kuningan,6490,Court 2,2026-09-17,23:00 - 00:00,300000,Available
2555_6593_06:00,2555,La Corte de Padel,6593,Court A,2026-09-17,06:00 - 07:00,169000,Available
2555_6593_07:00,2555,La Corte de Padel,6593,Court A,2026-09-17,07:00 - 08:00,169000,Available
2555_6593_08:00,2555,La Corte de Padel,6593,Court A,2026-09-17,08:00 - 09:00,169000,Available
2555_6593_09:00,2555,La Corte de Padel,6593,Court A,2026-09-17,09:00 - 10:00,169000,Available
2555_6593_10:00,2555,La Corte de Padel,6593,Court A,2026-09-17,10:00 - 11:00,169000,Available
2555_6593_11:00,2555,La Corte de Padel,6593,Court A,2026-09-17,11:00 - 12:00,169000,Available
2555_6593_12:00,2555,La Corte de Padel,6593,Court A,2026-09-17,12:00 - 13:00,169000,Available
2555_6593_13:00,2555,La Corte de Padel,6593,Court A,2026-09-17,13:00 - 14:00,169000,Available
2555_6593_14:00,2555,La Corte de Padel,6593,Court A,2026-09-17,14:00 - 15:00,169000,Available
2555_6593_15:00,2555,La Corte de Padel,6593,Court A,2026-09-17,15:00 - 16:00,169000,Available
2555_6593_16:00,2555,La Corte de Padel,6593,Court A,2026-09-17,16:00 - 17:00,189000,Available
2555_6593_17:00,2555,La Corte de Padel,6593,Court A,2026-09-17,17:00 - 18:00,189000,Booked
2555_6593_18:00,2555,La Corte de Padel,6593,Court A,2026-09-17,18:00 - 19:00,189000,Booked
2555_6593_19:00,2555,La Corte de Padel,6593,Court A,2026-09-17,19:00 - 20:00,189000,Available
2555_7094_06:00,2555,La Corte de Padel,7094,Court B,2026-09-17,06:00 - 07:00,169000,Available
2555_7094_07:00,2555,La Corte de Padel,7094,Court B,2026-09-17,07:00 - 08:00,169000,Available
2555_7094_08:00,2555,La Corte de Padel,7094,Court B,2026-09-17,08:00 - 09:00,169000,Available
2555_7094_09:00,2555,La Corte de Padel,7094,Court B,2026-09-17,09:00 - 10:00,169000,Available
2555_7094_10:00,2555,La Corte de Padel,7094,Court B,2026-09-17,10:00 - 11:00,169000,Available
2555_7094_11:00,2555,La Corte de Padel,7094,Court B,2026-09-17,11:00 - 12:00,169000,Available
2555_7094_12:00,2555,La Corte de Padel,7094,Court B,2026-09-17,12:00 - 13:00,169000,Available
2555_7094_13:00,2555,La Corte de Padel,7094,Court B,2026-09-17,13:00 - 14:00,169000,Available
2555_7094_14:00,2555,La Corte de Padel,7094,Court B,2026-09-17,14:00 - 15:00,169000,Available
2555_7094_15:00,2555,La Corte de Padel,7094,Court B,2026-09-17,15:00 - 16:00,169000,Available
2555_7094_16:00,2555,La Corte de Padel,7094,Court B,2026-09-17,16:00 - 17:00,189000,Booked
2555_7094_17:00,2555,La Corte de Padel,7094,Court B,2026-09-17,17:00 - 18:00,189000,Booked
2555_7094_18:00,2555,La Corte de Padel,7094,Court B,2026-09-17,18:00 - 19:00,189000,Booked
2555_7094_19:00,2555,La Corte de Padel,7094,Court B,2026-09-17,19:00 - 20:00,189000,Booked
1190_6229_06:00,1190,Sunrise Padel - Permata Hijau,6229,Garden Court,2026-09-17,06:00 - 07:00,180000,Available
1190_6229_07:00,1190,Sunrise Padel - Permata Hijau,6229,Garden Court,2026-09-17,07:00 - 08:00,180000,Available
1190_6229_08:00,1190,Sunrise Padel - Permata Hijau,6229,Garden Court,2026-09-17,08:00 - 09:00,180000,Available
1190_6229_09:00,1190,Sunrise Padel - Permata Hijau,6229,Garden Court,2026-09-17,09:00 - 10:00,180000,Available
1190_6229_10:00,1190,Sunrise Padel - Permata Hijau,6229,Garden Court,2026-09-17,10:00 - 11:00,180000,Available
1190_6229_11:00,1190,Sunrise Padel - Permata Hijau,6229,Garden Court,2026-09-17,11:00 - 12:00,180000,Available
1190_6229_12:00,1190,Sunrise Padel - Permata Hijau,6229,Garden Court,2026-09-17,12:00 - 13:00,180000,Available
1190_6229_13:00,1190,Sunrise Padel - Permata Hijau,6229,Garden Court,2026-09-17,13:00 - 14:00,180000,Available
1190_6229_14:00,1190,Sunrise Padel - Permata Hijau,6229,Garden Court,2026-09-17,14:00 - 15:00,180000,Available
1190_6229_15:00,1190,Sunrise Padel - Permata Hijau,6229,Garden Court,2026-09-17,15:00 - 16:00,180000,Available
1190_6229_16:00,1190,Sunrise Padel - Permata Hijau,6229,Garden Court,2026-09-17,16:00 - 17:00,295000,Available
1190_6229_17:00,1190,Sunrise Padel - Permata Hijau,6229,Garden Court,2026-09-17,17:00 - 18:00,295000,Available
1190_6229_18:00,1190,Sunrise Padel - Permata Hijau,6229,Garden Court,2026-09-17,18:00 - 19:00,295000,Available
1190_6229_19:00,1190,Sunrise Padel - Permata Hijau,6229,Garden Court,2026-09-17,19:00 - 20:00,295000,Booked
1190_6229_20:00,1190,Sunrise Padel - Permata Hijau,6229,Garden Court,2026-09-17,20:00 - 21:00,295000,Booked
1190_6229_21:00,1190,Sunrise Padel - Permata Hijau,6229,Garden Court,2026-09-17,21:00 - 22:00,295000,Available
1190_6229_22:00,1190,Sunrise Padel - Permata Hijau,6229,Garden Court,2026-09-17,22:00 - 23:00,295000,Available
1190_6230_06:00,1190,Sunrise Padel - Permata Hijau,6230,Inferno Court,2026-09-17,06:00 - 07:00,180000,Available
1190_6230_07:00,1190,Sunrise Padel - Permata Hijau,6230,Inferno Court,2026-09-17,07:00 - 08:00,180000,Available
1190_6230_08:00,1190,Sunrise Padel - Permata Hijau,6230,Inferno Court,2026-09-17,08:00 - 09:00,180000,Available
1190_6230_09:00,1190,Sunrise Padel - Permata Hijau,6230,Inferno Court,2026-09-17,09:00 - 10:00,180000,Available
1190_6230_10:00,1190,Sunrise Padel - Permata Hijau,6230,Inferno Court,2026-09-17,10:00 - 11:00,180000,Available
1190_6230_11:00,1190,Sunrise Padel - Permata Hijau,6230,Inferno Court,2026-09-17,11:00 - 12:00,180000,Available
1190_6230_12:00,1190,Sunrise Padel - Permata Hijau,6230,Inferno Court,2026-09-17,12:00 - 13:00,180000,Available
1190_6230_13:00,1190,Sunrise Padel - Permata Hijau,6230,Inferno Court,2026-09-17,13:00 - 14:00,180000,Available
1190_6230_14:00,1190,Sunrise Padel - Permata Hijau,6230,Inferno Court,2026-09-17,14:00 - 15:00,180000,Available
1190_6230_15:00,1190,Sunrise Padel - Permata Hijau,6230,Inferno Court,2026-09-17,15:00 - 16:00,180000,Available
1190_6230_16:00,1190,Sunrise Padel - Permata Hijau,6230,Inferno Court,2026-09-17,16:00 - 17:00,295000,Available
1190_6230_17:00,1190,Sunrise Padel - Permata Hijau,6230,Inferno Court,2026-09-17,17:00 - 18:00,295000,Available
1190_6230_18:00,1190,Sunrise Padel - Permata Hijau,6230,Inferno Court,2026-09-17,18:00 - 19:00,295000,Available
1190_6230_19:00,1190,Sunrise Padel - Permata Hijau,6230,Inferno Court,2026-09-17,19:00 - 20:00,295000,Available
1190_6230_20:00,1190,Sunrise Padel - Permata Hijau,6230,Inferno Court,2026-09-17,20:00 - 21:00,295000,Available
1190_6230_21:00,1190,Sunrise Padel - Permata Hijau,6230,Inferno Court,2026-09-17,21:00 - 22:00,295000,Available
1190_6230_22:00,1190,Sunrise Padel - Permata Hijau,6230,Inferno Court,2026-09-17,22:00 - 23:00,295000,Available
1190_6231_06:00,1190,Sunrise Padel - Permata Hijau,6231,Orchid Court,2026-09-17,06:00 - 07:00,180000,Available
1190_6231_07:00,1190,Sunrise Padel - Permata Hijau,6231,Orchid Court,2026-09-17,07:00 - 08:00,180000,Available
1190_6231_08:00,1190,Sunrise Padel - Permata Hijau,6231,Orchid Court,2026-09-17,08:00 - 09:00,180000,Available
1190_6231_09:00,1190,Sunrise Padel - Permata Hijau,6231,Orchid Court,2026-09-17,09:00 - 10:00,180000,Available
1190_6231_10:00,1190,Sunrise Padel - Permata Hijau,6231,Orchid Court,2026-09-17,10:00 - 11:00,180000,Available
1190_6231_11:00,1190,Sunrise Padel - Permata Hijau,6231,Orchid Court,2026-09-17,11:00 - 12:00,180000,Available
1190_6231_12:00,1190,Sunrise Padel - Permata Hijau,6231,Orchid Court,2026-09-17,12:00 - 13:00,180000,Booked
1190_6231_13:00,1190,Sunrise Padel - Permata Hijau,6231,Orchid Court,2026-09-17,13:00 - 14:00,180000,Available
1190_6231_14:00,1190,Sunrise Padel - Permata Hijau,6231,Orchid Court,2026-09-17,14:00 - 15:00,180000,Available
1190_6231_15:00,1190,Sunrise Padel - Permata Hijau,6231,Orchid Court,2026-09-17,15:00 - 16:00,180000,Available
1190_6231_16:00,1190,Sunrise Padel - Permata Hijau,6231,Orchid Court,2026-09-17,16:00 - 17:00,295000,Available
1190_6231_17:00,1190,Sunrise Padel - Permata Hijau,6231,Orchid Court,2026-09-17,17:00 - 18:00,295000,Available
1190_6231_18:00,1190,Sunrise Padel - Permata Hijau,6231,Orchid Court,2026-09-17,18:00 - 19:00,295000,Available
1190_6231_19:00,1190,Sunrise Padel - Permata Hijau,6231,Orchid Court,2026-09-17,19:00 - 20:00,295000,Available
1190_6231_20:00,1190,Sunrise Padel - Permata Hijau,6231,Orchid Court,2026-09-17,20:00 - 21:00,295000,Available
1190_6231_21:00,1190,Sunrise Padel - Permata Hijau,6231,Orchid Court,2026-09-17,21:00 - 22:00,295000,Available
1190_6231_22:00,1190,Sunrise Padel - Permata Hijau,6231,Orchid Court,2026-09-17,22:00 - 23:00,295000,Available
3040_7132_06:00,3040,MMS ARENA,7132,LAPANGAN PADEL MERAH ( COURT 2 ) MMS ARENA,2026-09-17,06:00 - 07:00,350000,Available
3040_7132_07:00,3040,MMS ARENA,7132,LAPANGAN PADEL MERAH ( COURT 2 ) MMS ARENA,2026-09-17,07:00 - 08:00,350000,Available
3040_7132_08:00,3040,MMS ARENA,7132,LAPANGAN PADEL MERAH ( COURT 2 ) MMS ARENA,2026-09-17,08:00 - 09:00,350000,Available
3040_7132_09:00,3040,MMS ARENA,7132,LAPANGAN PADEL MERAH ( COURT 2 ) MMS ARENA,2026-09-17,09:00 - 10:00,350000,Available
3040_7132_10:00,3040,MMS ARENA,7132,LAPANGAN PADEL MERAH ( COURT 2 ) MMS ARENA,2026-09-17,10:00 - 11:00,350000,Available
3040_7132_11:00,3040,MMS ARENA,7132,LAPANGAN PADEL MERAH ( COURT 2 ) MMS ARENA,2026-09-17,11:00 - 12:00,350000,Available
3040_7132_12:00,3040,MMS ARENA,7132,LAPANGAN PADEL MERAH ( COURT 2 ) MMS ARENA,2026-09-17,12:00 - 13:00,350000,Available
3040_7132_13:00,3040,MMS ARENA,7132,LAPANGAN PADEL MERAH ( COURT 2 ) MMS ARENA,2026-09-17,13:00 - 14:00,350000,Available
3040_7132_14:00,3040,MMS ARENA,7132,LAPANGAN PADEL MERAH ( COURT 2 ) MMS ARENA,2026-09-17,14:00 - 15:00,350000,Available
3040_7132_15:00,3040,MMS ARENA,7132,LAPANGAN PADEL MERAH ( COURT 2 ) MMS ARENA,2026-09-17,15:00 - 16:00,350000,Available
3040_7132_16:00,3040,MMS ARENA,7132,LAPANGAN PADEL MERAH ( COURT 2 ) MMS ARENA,2026-09-17,16:00 - 17:00,350000,Booked
3040_7132_17:00,3040,MMS ARENA,7132,LAPANGAN PADEL MERAH ( COURT 2 ) MMS ARENA,2026-09-17,17:00 - 18:00,350000,Booked
3040_7132_18:00,3040,MMS ARENA,7132,LAPANGAN PADEL MERAH ( COURT 2 ) MMS ARENA,2026-09-17,18:00 - 19:00,350000,Booked
3040_7132_19:00,3040,MMS ARENA,7132,LAPANGAN PADEL MERAH ( COURT 2 ) MMS ARENA,2026-09-17,19:00 - 20:00,350000,Booked
3040_7132_20:00,3040,MMS ARENA,7132,LAPANGAN PADEL MERAH ( COURT 2 ) MMS ARENA,2026-09-17,20:00 - 21:00,350000,Booked
3040_7132_21:00,3040,MMS ARENA,7132,LAPANGAN PADEL MERAH ( COURT 2 ) MMS ARENA,2026-09-17,21:00 - 22:00,350000,Available
3040_7132_22:00,3040,MMS ARENA,7132,LAPANGAN PADEL MERAH ( COURT 2 ) MMS ARENA,2026-09-17,22:00 - 23:00,350000,Available
3040_7133_06:00,3040,MMS ARENA,7133,LAPANGAN PADEL BIRU ( COURT 1 ) MMS ARENA,2026-09-17,06:00 - 07:00,350000,Available
3040_7133_07:00,3040,MMS ARENA,7133,LAPANGAN PADEL BIRU ( COURT 1 ) MMS ARENA,2026-09-17,07:00 - 08:00,350000,Available
3040_7133_08:00,3040,MMS ARENA,7133,LAPANGAN PADEL BIRU ( COURT 1 ) MMS ARENA,2026-09-17,08:00 - 09:00,350000,Available
3040_7133_09:00,3040,MMS ARENA,7133,LAPANGAN PADEL BIRU ( COURT 1 ) MMS ARENA,2026-09-17,09:00 - 10:00,350000,Available
3040_7133_10:00,3040,MMS ARENA,7133,LAPANGAN PADEL BIRU ( COURT 1 ) MMS ARENA,2026-09-17,10:00 - 11:00,350000,Available
3040_7133_11:00,3040,MMS ARENA,7133,LAPANGAN PADEL BIRU ( COURT 1 ) MMS ARENA,2026-09-17,11:00 - 12:00,350000,Available
3040_7133_12:00,3040,MMS ARENA,7133,LAPANGAN PADEL BIRU ( COURT 1 ) MMS ARENA,2026-09-17,12:00 - 13:00,350000,Available
3040_7133_13:00,3040,MMS ARENA,7133,LAPANGAN PADEL BIRU ( COURT 1 ) MMS ARENA,2026-09-17,13:00 - 14:00,350000,Available
3040_7133_14:00,3040,MMS ARENA,7133,LAPANGAN PADEL BIRU ( COURT 1 ) MMS ARENA,2026-09-17,14:00 - 15:00,350000,Available
3040_7133_15:00,3040,MMS ARENA,7133,LAPANGAN PADEL BIRU ( COURT 1 ) MMS ARENA,2026-09-17,15:00 - 16:00,350000,Available
3040_7133_16:00,3040,MMS ARENA,7133,LAPANGAN PADEL BIRU ( COURT 1 ) MMS ARENA,2026-09-17,16:00 - 17:00,350000,Booked
3040_7133_17:00,3040,MMS ARENA,7133,LAPANGAN PADEL BIRU ( COURT 1 ) MMS ARENA,2026-09-17,17:00 - 18:00,350000,Booked
3040_7133_18:00,3040,MMS ARENA,7133,LAPANGAN PADEL BIRU ( COURT 1 ) MMS ARENA,2026-09-17,18:00 - 19:00,350000,Booked
3040_7133_19:00,3040,MMS ARENA,7133,LAPANGAN PADEL BIRU ( COURT 1 ) MMS ARENA,2026-09-17,19:00 - 20:00,350000,Booked
3040_7133_20:00,3040,MMS ARENA,7133,LAPANGAN PADEL BIRU ( COURT 1 ) MMS ARENA,2026-09-17,20:00 - 21:00,350000,Booked
3040_7133_21:00,3040,MMS ARENA,7133,LAPANGAN PADEL BIRU ( COURT 1 ) MMS ARENA,2026-09-17,21:00 - 22:00,350000,Available
3040_7133_22:00,3040,MMS ARENA,7133,LAPANGAN PADEL BIRU ( COURT 1 ) MMS ARENA,2026-09-17,22:00 - 23:00,350000,Available
3040_7134_06:00,3040,MMS ARENA,7134,LAPANGAN BASKET ( Court Only) - INDOOR,2026-09-17,06:00 - 07:00,550000,Booked
3040_7134_07:00,3040,MMS ARENA,7134,LAPANGAN BASKET ( Court Only) - INDOOR,2026-09-17,07:00 - 09:00,1100000,Available
3040_7134_09:00,3040,MMS ARENA,7134,LAPANGAN BASKET ( Court Only) - INDOOR,2026-09-17,09:00 - 11:00,1100000,Available
3040_7134_11:00,3040,MMS ARENA,7134,LAPANGAN BASKET ( Court Only) - INDOOR,2026-09-17,11:00 - 13:00,1100000,Available
3040_7134_13:00,3040,MMS ARENA,7134,LAPANGAN BASKET ( Court Only) - INDOOR,2026-09-17,13:00 - 15:00,1100000,Available
3040_7134_15:00,3040,MMS ARENA,7134,LAPANGAN BASKET ( Court Only) - INDOOR,2026-09-17,15:00 - 17:00,1100000,Available
3040_7134_17:00,3040,MMS ARENA,7134,LAPANGAN BASKET ( Court Only) - INDOOR,2026-09-17,17:00 - 19:00,1100000,Booked
3040_7134_19:00,3040,MMS ARENA,7134,LAPANGAN BASKET ( Court Only) - INDOOR,2026-09-17,19:00 - 21:00,1100000,Booked
3040_7134_21:00,3040,MMS ARENA,7134,LAPANGAN BASKET ( Court Only) - INDOOR,2026-09-17,21:00 - 23:00,1100000,Available
3040_7826_06:00,3040,MMS ARENA,7826,TENNIS ( Court Only) - Outdoor,2026-09-17,06:00 - 07:00,350000,Available
3040_7826_07:00,3040,MMS ARENA,7826,TENNIS ( Court Only) - Outdoor,2026-09-17,07:00 - 08:00,350000,Available
3040_7826_08:00,3040,MMS ARENA,7826,TENNIS ( Court Only) - Outdoor,2026-09-17,08:00 - 09:00,350000,Available
3040_7826_09:00,3040,MMS ARENA,7826,TENNIS ( Court Only) - Outdoor,2026-09-17,09:00 - 10:00,250000,Available
3040_7826_10:00,3040,MMS ARENA,7826,TENNIS ( Court Only) - Outdoor,2026-09-17,10:00 - 11:00,250000,Available
3040_7826_11:00,3040,MMS ARENA,7826,TENNIS ( Court Only) - Outdoor,2026-09-17,11:00 - 12:00,250000,Available
3040_7826_12:00,3040,MMS ARENA,7826,TENNIS ( Court Only) - Outdoor,2026-09-17,12:00 - 13:00,250000,Available
3040_7826_13:00,3040,MMS ARENA,7826,TENNIS ( Court Only) - Outdoor,2026-09-17,13:00 - 14:00,250000,Available
3040_7826_14:00,3040,MMS ARENA,7826,TENNIS ( Court Only) - Outdoor,2026-09-17,14:00 - 15:00,250000,Available
3040_7826_15:00,3040,MMS ARENA,7826,TENNIS ( Court Only) - Outdoor,2026-09-17,15:00 - 16:00,350000,Available
3040_7826_16:00,3040,MMS ARENA,7826,TENNIS ( Court Only) - Outdoor,2026-09-17,16:00 - 17:00,350000,Available
3040_7826_17:00,3040,MMS ARENA,7826,TENNIS ( Court Only) - Outdoor,2026-09-17,17:00 - 18:00,350000,Booked
3040_7826_18:00,3040,MMS ARENA,7826,TENNIS ( Court Only) - Outdoor,2026-09-17,18:00 - 19:00,350000,Booked
3040_7826_19:00,3040,MMS ARENA,7826,TENNIS ( Court Only) - Outdoor,2026-09-17,19:00 - 20:00,350000,Booked
3040_7826_20:00,3040,MMS ARENA,7826,TENNIS ( Court Only) - Outdoor,2026-09-17,20:00 - 21:00,350000,Booked
3040_7826_21:00,3040,MMS ARENA,7826,TENNIS ( Court Only) - Outdoor,2026-09-17,21:00 - 22:00,350000,Booked
3040_7826_22:00,3040,MMS ARENA,7826,TENNIS ( Court Only) - Outdoor,2026-09-17,22:00 - 23:00,350000,Booked
3040_7827_06:00,3040,MMS ARENA,7827,FUTSAL ( Court Only) - Outdoor,2026-09-17,06:00 - 07:00,300000,Available
3040_7827_07:00,3040,MMS ARENA,7827,FUTSAL ( Court Only) - Outdoor,2026-09-17,07:00 - 08:00,300000,Available
3040_7827_08:00,3040,MMS ARENA,7827,FUTSAL ( Court Only) - Outdoor,2026-09-17,08:00 - 09:00,300000,Available
3040_7827_09:00,3040,MMS ARENA,7827,FUTSAL ( Court Only) - Outdoor,2026-09-17,09:00 - 10:00,300000,Available
3040_7827_10:00,3040,MMS ARENA,7827,FUTSAL ( Court Only) - Outdoor,2026-09-17,10:00 - 11:00,300000,Available
3040_7827_11:00,3040,MMS ARENA,7827,FUTSAL ( Court Only) - Outdoor,2026-09-17,11:00 - 12:00,300000,Available
3040_7827_12:00,3040,MMS ARENA,7827,FUTSAL ( Court Only) - Outdoor,2026-09-17,12:00 - 13:00,300000,Available
3040_7827_13:00,3040,MMS ARENA,7827,FUTSAL ( Court Only) - Outdoor,2026-09-17,13:00 - 14:00,300000,Available
3040_7827_14:00,3040,MMS ARENA,7827,FUTSAL ( Court Only) - Outdoor,2026-09-17,14:00 - 15:00,300000,Available
3040_7827_15:00,3040,MMS ARENA,7827,FUTSAL ( Court Only) - Outdoor,2026-09-17,15:00 - 16:00,300000,Available
3040_7827_16:00,3040,MMS ARENA,7827,FUTSAL ( Court Only) - Outdoor,2026-09-17,16:00 - 17:00,300000,Available
3040_7827_17:00,3040,MMS ARENA,7827,FUTSAL ( Court Only) - Outdoor,2026-09-17,17:00 - 18:00,300000,Booked
3040_7827_18:00,3040,MMS ARENA,7827,FUTSAL ( Court Only) - Outdoor,2026-09-17,18:00 - 19:00,300000,Booked
3040_7827_19:00,3040,MMS ARENA,7827,FUTSAL ( Court Only) - Outdoor,2026-09-17,19:00 - 20:00,300000,Booked
3040_7827_20:00,3040,MMS ARENA,7827,FUTSAL ( Court Only) - Outdoor,2026-09-17,20:00 - 21:00,300000,Booked
3040_7827_21:00,3040,MMS ARENA,7827,FUTSAL ( Court Only) - Outdoor,2026-09-17,21:00 - 22:00,300000,Booked
3040_7827_22:00,3040,MMS ARENA,7827,FUTSAL ( Court Only) - Outdoor,2026-09-17,22:00 - 23:00,300000,Booked
1710_3443_06:00,1710,Bumi Padel Kemang,3443,Court Harsa,2026-09-17,06:00 - 07:00,200000,Booked
1710_3443_07:00,1710,Bumi Padel Kemang,3443,Court Harsa,2026-09-17,07:00 - 08:00,200000,Booked
1710_3443_08:00,1710,Bumi Padel Kemang,3443,Court Harsa,2026-09-17,08:00 - 09:00,200000,Booked
1710_3443_09:00,1710,Bumi Padel Kemang,3443,Court Harsa,2026-09-17,09:00 - 10:00,200000,Booked
1710_3443_10:00,1710,Bumi Padel Kemang,3443,Court Harsa,2026-09-17,10:00 - 11:00,200000,Booked
1710_3443_11:00,1710,Bumi Padel Kemang,3443,Court Harsa,2026-09-17,11:00 - 12:00,200000,Booked
1710_3443_12:00,1710,Bumi Padel Kemang,3443,Court Harsa,2026-09-17,12:00 - 13:00,200000,Available
1710_3443_13:00,1710,Bumi Padel Kemang,3443,Court Harsa,2026-09-17,13:00 - 14:00,200000,Available
1710_3443_14:00,1710,Bumi Padel Kemang,3443,Court Harsa,2026-09-17,14:00 - 15:00,200000,Available
1710_3443_15:00,1710,Bumi Padel Kemang,3443,Court Harsa,2026-09-17,15:00 - 16:00,200000,Booked
1710_3443_16:00,1710,Bumi Padel Kemang,3443,Court Harsa,2026-09-17,16:00 - 17:00,225000,Booked
1710_3443_17:00,1710,Bumi Padel Kemang,3443,Court Harsa,2026-09-17,17:00 - 18:00,225000,Booked
1710_3443_18:00,1710,Bumi Padel Kemang,3443,Court Harsa,2026-09-17,18:00 - 19:00,300000,Booked
1710_3443_19:00,1710,Bumi Padel Kemang,3443,Court Harsa,2026-09-17,19:00 - 20:00,300000,Booked
1710_3443_20:00,1710,Bumi Padel Kemang,3443,Court Harsa,2026-09-17,20:00 - 21:00,300000,Booked
1710_3443_21:00,1710,Bumi Padel Kemang,3443,Court Harsa,2026-09-17,21:00 - 22:00,300000,Booked
1710_3443_22:00,1710,Bumi Padel Kemang,3443,Court Harsa,2026-09-17,22:00 - 23:00,200000,Booked
1710_3443_23:00,1710,Bumi Padel Kemang,3443,Court Harsa,2026-09-17,23:00 - 00:00,200000,Booked
1710_3444_06:00,1710,Bumi Padel Kemang,3444,Court Kiran,2026-09-17,06:00 - 07:00,200000,Available
1710_3444_07:00,1710,Bumi Padel Kemang,3444,Court Kiran,2026-09-17,07:00 - 08:00,200000,Booked
1710_3444_08:00,1710,Bumi Padel Kemang,3444,Court Kiran,2026-09-17,08:00 - 09:00,200000,Booked
1710_3444_09:00,1710,Bumi Padel Kemang,3444,Court Kiran,2026-09-17,09:00 - 10:00,200000,Available
1710_3444_10:00,1710,Bumi Padel Kemang,3444,Court Kiran,2026-09-17,10:00 - 11:00,200000,Available
1710_3444_11:00,1710,Bumi Padel Kemang,3444,Court Kiran,2026-09-17,11:00 - 12:00,200000,Available
1710_3444_12:00,1710,Bumi Padel Kemang,3444,Court Kiran,2026-09-17,12:00 - 13:00,200000,Available
1710_3444_13:00,1710,Bumi Padel Kemang,3444,Court Kiran,2026-09-17,13:00 - 14:00,200000,Available
1710_3444_14:00,1710,Bumi Padel Kemang,3444,Court Kiran,2026-09-17,14:00 - 15:00,200000,Available
1710_3444_15:00,1710,Bumi Padel Kemang,3444,Court Kiran,2026-09-17,15:00 - 16:00,200000,Available
1710_3444_16:00,1710,Bumi Padel Kemang,3444,Court Kiran,2026-09-17,16:00 - 17:00,225000,Available
1710_3444_17:00,1710,Bumi Padel Kemang,3444,Court Kiran,2026-09-17,17:00 - 18:00,225000,Available
1710_3444_18:00,1710,Bumi Padel Kemang,3444,Court Kiran,2026-09-17,18:00 - 19:00,300000,Available
1710_3444_19:00,1710,Bumi Padel Kemang,3444,Court Kiran,2026-09-17,19:00 - 20:00,300000,Booked
1710_3444_20:00,1710,Bumi Padel Kemang,3444,Court Kiran,2026-09-17,20:00 - 21:00,300000,Booked
1710_3444_21:00,1710,Bumi Padel Kemang,3444,Court Kiran,2026-09-17,21:00 - 22:00,300000,Available
1710_3444_22:00,1710,Bumi Padel Kemang,3444,Court Kiran,2026-09-17,22:00 - 23:00,200000,Available
1710_3444_23:00,1710,Bumi Padel Kemang,3444,Court Kiran,2026-09-17,23:00 - 00:00,200000,Available
1710_3445_06:00,1710,Bumi Padel Kemang,3445,Court Gaia,2026-09-17,06:00 - 07:00,200000,Available
1710_3445_07:00,1710,Bumi Padel Kemang,3445,Court Gaia,2026-09-17,07:00 - 08:00,200000,Available
1710_3445_08:00,1710,Bumi Padel Kemang,3445,Court Gaia,2026-09-17,08:00 - 09:00,200000,Available
1710_3445_09:00,1710,Bumi Padel Kemang,3445,Court Gaia,2026-09-17,09:00 - 10:00,200000,Available
1710_3445_10:00,1710,Bumi Padel Kemang,3445,Court Gaia,2026-09-17,10:00 - 11:00,200000,Booked
1710_3445_11:00,1710,Bumi Padel Kemang,3445,Court Gaia,2026-09-17,11:00 - 12:00,200000,Available
1710_3445_12:00,1710,Bumi Padel Kemang,3445,Court Gaia,2026-09-17,12:00 - 13:00,200000,Booked
1710_3445_13:00,1710,Bumi Padel Kemang,3445,Court Gaia,2026-09-17,13:00 - 14:00,200000,Booked
1710_3445_14:00,1710,Bumi Padel Kemang,3445,Court Gaia,2026-09-17,14:00 - 15:00,200000,Booked
1710_3445_15:00,1710,Bumi Padel Kemang,3445,Court Gaia,2026-09-17,15:00 - 16:00,200000,Booked
1710_3445_16:00,1710,Bumi Padel Kemang,3445,Court Gaia,2026-09-17,16:00 - 17:00,225000,Booked
1710_3445_17:00,1710,Bumi Padel Kemang,3445,Court Gaia,2026-09-17,17:00 - 18:00,225000,Available
1710_3445_18:00,1710,Bumi Padel Kemang,3445,Court Gaia,2026-09-17,18:00 - 19:00,300000,Available
1710_3445_19:00,1710,Bumi Padel Kemang,3445,Court Gaia,2026-09-17,19:00 - 20:00,300000,Available
1710_3445_20:00,1710,Bumi Padel Kemang,3445,Court Gaia,2026-09-17,20:00 - 21:00,300000,Available
1710_3445_21:00,1710,Bumi Padel Kemang,3445,Court Gaia,2026-09-17,21:00 - 22:00,300000,Available
1710_3445_22:00,1710,Bumi Padel Kemang,3445,Court Gaia,2026-09-17,22:00 - 23:00,200000,Available
1710_3445_23:00,1710,Bumi Padel Kemang,3445,Court Gaia,2026-09-17,23:00 - 00:00,200000,Available
3211_7613_07:00,3211,Desimal Padel,7613,Court 1,2026-09-17,07:00 - 08:00,125000,Available
3211_7613_08:00,3211,Desimal Padel,7613,Court 1,2026-09-17,08:00 - 09:00,125000,Available
3211_7613_09:00,3211,Desimal Padel,7613,Court 1,2026-09-17,09:00 - 10:00,125000,Available
3211_7613_10:00,3211,Desimal Padel,7613,Court 1,2026-09-17,10:00 - 11:00,125000,Booked
3211_7613_11:00,3211,Desimal Padel,7613,Court 1,2026-09-17,11:00 - 12:00,125000,Booked
3211_7613_12:00,3211,Desimal Padel,7613,Court 1,2026-09-17,12:00 - 13:00,125000,Available
3211_7613_13:00,3211,Desimal Padel,7613,Court 1,2026-09-17,13:00 - 14:00,125000,Available
3211_7613_14:00,3211,Desimal Padel,7613,Court 1,2026-09-17,14:00 - 15:00,125000,Available
3211_7613_15:00,3211,Desimal Padel,7613,Court 1,2026-09-17,15:00 - 16:00,125000,Booked
3211_7613_16:00,3211,Desimal Padel,7613,Court 1,2026-09-17,16:00 - 17:00,125000,Booked
3211_7613_17:00,3211,Desimal Padel,7613,Court 1,2026-09-17,17:00 - 18:00,125000,Available
3211_7613_18:00,3211,Desimal Padel,7613,Court 1,2026-09-17,18:00 - 19:00,250000,Available
3211_7613_19:00,3211,Desimal Padel,7613,Court 1,2026-09-17,19:00 - 20:00,250000,Available
3211_7613_20:00,3211,Desimal Padel,7613,Court 1,2026-09-17,20:00 - 21:00,250000,Booked
3211_7613_21:00,3211,Desimal Padel,7613,Court 1,2026-09-17,21:00 - 22:00,250000,Booked
3211_7613_22:00,3211,Desimal Padel,7613,Court 1,2026-09-17,22:00 - 23:00,125000,Available
3211_8704_07:00,3211,Desimal Padel,8704,Court 2,2026-09-17,07:00 - 08:00,125000,Available
3211_8704_08:00,3211,Desimal Padel,8704,Court 2,2026-09-17,08:00 - 09:00,125000,Available
3211_8704_09:00,3211,Desimal Padel,8704,Court 2,2026-09-17,09:00 - 10:00,125000,Available
3211_8704_10:00,3211,Desimal Padel,8704,Court 2,2026-09-17,10:00 - 11:00,125000,Available
3211_8704_11:00,3211,Desimal Padel,8704,Court 2,2026-09-17,11:00 - 12:00,125000,Available
3211_8704_12:00,3211,Desimal Padel,8704,Court 2,2026-09-17,12:00 - 13:00,125000,Available
3211_8704_13:00,3211,Desimal Padel,8704,Court 2,2026-09-17,13:00 - 14:00,125000,Available
3211_8704_14:00,3211,Desimal Padel,8704,Court 2,2026-09-17,14:00 - 15:00,125000,Available
3211_8704_15:00,3211,Desimal Padel,8704,Court 2,2026-09-17,15:00 - 16:00,125000,Available
3211_8704_16:00,3211,Desimal Padel,8704,Court 2,2026-09-17,16:00 - 17:00,125000,Available
3211_8704_17:00,3211,Desimal Padel,8704,Court 2,2026-09-17,17:00 - 18:00,125000,Available
3211_8704_18:00,3211,Desimal Padel,8704,Court 2,2026-09-17,18:00 - 19:00,250000,Available
3211_8704_19:00,3211,Desimal Padel,8704,Court 2,2026-09-17,19:00 - 20:00,250000,Available
3211_8704_20:00,3211,Desimal Padel,8704,Court 2,2026-09-17,20:00 - 21:00,250000,Available
3211_8704_21:00,3211,Desimal Padel,8704,Court 2,2026-09-17,21:00 - 22:00,250000,Available
3211_8704_22:00,3211,Desimal Padel,8704,Court 2,2026-09-17,22:00 - 23:00,125000,Available
3211_8705_07:00,3211,Desimal Padel,8705,Court 3,2026-09-17,07:00 - 08:00,125000,Available
3211_8705_08:00,3211,Desimal Padel,8705,Court 3,2026-09-17,08:00 - 09:00,125000,Available
3211_8705_09:00,3211,Desimal Padel,8705,Court 3,2026-09-17,09:00 - 10:00,125000,Available
3211_8705_10:00,3211,Desimal Padel,8705,Court 3,2026-09-17,10:00 - 11:00,125000,Available
3211_8705_11:00,3211,Desimal Padel,8705,Court 3,2026-09-17,11:00 - 12:00,125000,Available
3211_8705_12:00,3211,Desimal Padel,8705,Court 3,2026-09-17,12:00 - 13:00,125000,Available
3211_8705_13:00,3211,Desimal Padel,8705,Court 3,2026-09-17,13:00 - 14:00,125000,Available
3211_8705_14:00,3211,Desimal Padel,8705,Court 3,2026-09-17,14:00 - 15:00,125000,Available
3211_8705_15:00,3211,Desimal Padel,8705,Court 3,2026-09-17,15:00 - 16:00,125000,Available
3211_8705_16:00,3211,Desimal Padel,8705,Court 3,2026-09-17,16:00 - 17:00,125000,Available
3211_8705_17:00,3211,Desimal Padel,8705,Court 3,2026-09-17,17:00 - 18:00,125000,Available
3211_8705_18:00,3211,Desimal Padel,8705,Court 3,2026-09-17,18:00 - 19:00,250000,Available
3211_8705_19:00,3211,Desimal Padel,8705,Court 3,2026-09-17,19:00 - 20:00,250000,Available
3211_8705_20:00,3211,Desimal Padel,8705,Court 3,2026-09-17,20:00 - 21:00,250000,Available
3211_8705_21:00,3211,Desimal Padel,8705,Court 3,2026-09-17,21:00 - 22:00,250000,Available
3211_8705_22:00,3211,Desimal Padel,8705,Court 3,2026-09-17,22:00 - 23:00,125000,Available
3211_8706_07:00,3211,Desimal Padel,8706,Court 4,2026-09-17,07:00 - 08:00,125000,Available
3211_8706_08:00,3211,Desimal Padel,8706,Court 4,2026-09-17,08:00 - 09:00,125000,Available
3211_8706_09:00,3211,Desimal Padel,8706,Court 4,2026-09-17,09:00 - 10:00,125000,Available
3211_8706_10:00,3211,Desimal Padel,8706,Court 4,2026-09-17,10:00 - 11:00,125000,Available
3211_8706_11:00,3211,Desimal Padel,8706,Court 4,2026-09-17,11:00 - 12:00,125000,Available
3211_8706_12:00,3211,Desimal Padel,8706,Court 4,2026-09-17,12:00 - 13:00,125000,Available
3211_8706_13:00,3211,Desimal Padel,8706,Court 4,2026-09-17,13:00 - 14:00,125000,Available
3211_8706_14:00,3211,Desimal Padel,8706,Court 4,2026-09-17,14:00 - 15:00,125000,Available
3211_8706_15:00,3211,Desimal Padel,8706,Court 4,2026-09-17,15:00 - 16:00,125000,Available
3211_8706_16:00,3211,Desimal Padel,8706,Court 4,2026-09-17,16:00 - 17:00,125000,Booked
3211_8706_17:00,3211,Desimal Padel,8706,Court 4,2026-09-17,17:00 - 18:00,125000,Booked
3211_8706_18:00,3211,Desimal Padel,8706,Court 4,2026-09-17,18:00 - 19:00,250000,Available
3211_8706_19:00,3211,Desimal Padel,8706,Court 4,2026-09-17,19:00 - 20:00,250000,Available
3211_8706_20:00,3211,Desimal Padel,8706,Court 4,2026-09-17,20:00 - 21:00,250000,Available
3211_8706_21:00,3211,Desimal Padel,8706,Court 4,2026-09-17,21:00 - 22:00,250000,Available
3211_8706_22:00,3211,Desimal Padel,8706,Court 4,2026-09-17,22:00 - 23:00,125000,Available
3211_8707_07:00,3211,Desimal Padel,8707,Court 5,2026-09-17,07:00 - 08:00,125000,Available
3211_8707_08:00,3211,Desimal Padel,8707,Court 5,2026-09-17,08:00 - 09:00,125000,Available
3211_8707_09:00,3211,Desimal Padel,8707,Court 5,2026-09-17,09:00 - 10:00,125000,Available
3211_8707_10:00,3211,Desimal Padel,8707,Court 5,2026-09-17,10:00 - 11:00,125000,Available
3211_8707_11:00,3211,Desimal Padel,8707,Court 5,2026-09-17,11:00 - 12:00,125000,Available
3211_8707_12:00,3211,Desimal Padel,8707,Court 5,2026-09-17,12:00 - 13:00,125000,Available
3211_8707_13:00,3211,Desimal Padel,8707,Court 5,2026-09-17,13:00 - 14:00,125000,Available
3211_8707_14:00,3211,Desimal Padel,8707,Court 5,2026-09-17,14:00 - 15:00,125000,Available
3211_8707_15:00,3211,Desimal Padel,8707,Court 5,2026-09-17,15:00 - 16:00,125000,Available
3211_8707_16:00,3211,Desimal Padel,8707,Court 5,2026-09-17,16:00 - 17:00,125000,Available
3211_8707_17:00,3211,Desimal Padel,8707,Court 5,2026-09-17,17:00 - 18:00,125000,Available
3211_8707_18:00,3211,Desimal Padel,8707,Court 5,2026-09-17,18:00 - 19:00,250000,Available
3211_8707_19:00,3211,Desimal Padel,8707,Court 5,2026-09-17,19:00 - 20:00,250000,Available
3211_8707_20:00,3211,Desimal Padel,8707,Court 5,2026-09-17,20:00 - 21:00,250000,Booked
3211_8707_21:00,3211,Desimal Padel,8707,Court 5,2026-09-17,21:00 - 22:00,250000,Booked
3211_8707_22:00,3211,Desimal Padel,8707,Court 5,2026-09-17,22:00 - 23:00,125000,Available
2533_5747_08:00,2533,Padelplay,5747,Padel Court 1,2026-09-17,08:00 - 09:00,200000,Available
2533_5747_09:00,2533,Padelplay,5747,Padel Court 1,2026-09-17,09:00 - 10:00,200000,Available
2533_5747_10:00,2533,Padelplay,5747,Padel Court 1,2026-09-17,10:00 - 11:00,200000,Available
2533_5747_11:00,2533,Padelplay,5747,Padel Court 1,2026-09-17,11:00 - 12:00,200000,Available
2533_5747_12:00,2533,Padelplay,5747,Padel Court 1,2026-09-17,12:00 - 13:00,160000,Available
2533_5747_13:00,2533,Padelplay,5747,Padel Court 1,2026-09-17,13:00 - 14:00,160000,Available
2533_5747_14:00,2533,Padelplay,5747,Padel Court 1,2026-09-17,14:00 - 15:00,160000,Available
2533_5747_15:00,2533,Padelplay,5747,Padel Court 1,2026-09-17,15:00 - 16:00,160000,Available
2533_5747_16:00,2533,Padelplay,5747,Padel Court 1,2026-09-17,16:00 - 17:00,200000,Booked
2533_5747_17:00,2533,Padelplay,5747,Padel Court 1,2026-09-17,17:00 - 18:00,200000,Booked
2533_5747_18:00,2533,Padelplay,5747,Padel Court 1,2026-09-17,18:00 - 19:00,250000,Available
2533_5747_19:00,2533,Padelplay,5747,Padel Court 1,2026-09-17,19:00 - 20:00,250000,Available
2533_5747_20:00,2533,Padelplay,5747,Padel Court 1,2026-09-17,20:00 - 21:00,250000,Booked
2533_5747_21:00,2533,Padelplay,5747,Padel Court 1,2026-09-17,21:00 - 22:00,250000,Booked
2533_5748_08:00,2533,Padelplay,5748,Padel Court 2,2026-09-17,08:00 - 09:00,200000,Available
2533_5748_09:00,2533,Padelplay,5748,Padel Court 2,2026-09-17,09:00 - 10:00,200000,Available
2533_5748_10:00,2533,Padelplay,5748,Padel Court 2,2026-09-17,10:00 - 11:00,200000,Available
2533_5748_11:00,2533,Padelplay,5748,Padel Court 2,2026-09-17,11:00 - 12:00,200000,Available
2533_5748_12:00,2533,Padelplay,5748,Padel Court 2,2026-09-17,12:00 - 13:00,160000,Available
2533_5748_13:00,2533,Padelplay,5748,Padel Court 2,2026-09-17,13:00 - 14:00,160000,Available
2533_5748_14:00,2533,Padelplay,5748,Padel Court 2,2026-09-17,14:00 - 15:00,160000,Available
2533_5748_15:00,2533,Padelplay,5748,Padel Court 2,2026-09-17,15:00 - 16:00,160000,Available
2533_5748_16:00,2533,Padelplay,5748,Padel Court 2,2026-09-17,16:00 - 17:00,200000,Available
2533_5748_17:00,2533,Padelplay,5748,Padel Court 2,2026-09-17,17:00 - 18:00,200000,Available
2533_5748_18:00,2533,Padelplay,5748,Padel Court 2,2026-09-17,18:00 - 19:00,250000,Available
2533_5748_19:00,2533,Padelplay,5748,Padel Court 2,2026-09-17,19:00 - 20:00,250000,Booked
2533_5748_20:00,2533,Padelplay,5748,Padel Court 2,2026-09-17,20:00 - 21:00,250000,Booked
2533_5748_21:00,2533,Padelplay,5748,Padel Court 2,2026-09-17,21:00 - 22:00,250000,Available
2533_9919_08:00,2533,Padelplay,9919,Padel Court 3,2026-09-17,08:00 - 09:00,200000,Available
2533_9919_09:00,2533,Padelplay,9919,Padel Court 3,2026-09-17,09:00 - 10:00,200000,Available
2533_9919_10:00,2533,Padelplay,9919,Padel Court 3,2026-09-17,10:00 - 11:00,200000,Available
2533_9919_11:00,2533,Padelplay,9919,Padel Court 3,2026-09-17,11:00 - 12:00,200000,Available
2533_9919_12:00,2533,Padelplay,9919,Padel Court 3,2026-09-17,12:00 - 13:00,160000,Available
2533_9919_13:00,2533,Padelplay,9919,Padel Court 3,2026-09-17,13:00 - 14:00,160000,Available
2533_9919_14:00,2533,Padelplay,9919,Padel Court 3,2026-09-17,14:00 - 15:00,160000,Available
2533_9919_15:00,2533,Padelplay,9919,Padel Court 3,2026-09-17,15:00 - 16:00,160000,Available
2533_9919_16:00,2533,Padelplay,9919,Padel Court 3,2026-09-17,16:00 - 17:00,200000,Available
2533_9919_17:00,2533,Padelplay,9919,Padel Court 3,2026-09-17,17:00 - 18:00,200000,Available
2533_9919_18:00,2533,Padelplay,9919,Padel Court 3,2026-09-17,18:00 - 19:00,250000,Available
2533_9919_19:00,2533,Padelplay,9919,Padel Court 3,2026-09-17,19:00 - 20:00,250000,Booked
2533_9919_20:00,2533,Padelplay,9919,Padel Court 3,2026-09-17,20:00 - 21:00,250000,Available
2533_9919_21:00,2533,Padelplay,9919,Padel Court 3,2026-09-17,21:00 - 22:00,250000,Available
2533_10171_08:00,2533,Padelplay,10171,Padel Court 4,2026-09-17,08:00 - 09:00,200000,Available
2533_10171_09:00,2533,Padelplay,10171,Padel Court 4,2026-09-17,09:00 - 10:00,200000,Available
2533_10171_10:00,2533,Padelplay,10171,Padel Court 4,2026-09-17,10:00 - 11:00,200000,Available
2533_10171_11:00,2533,Padelplay,10171,Padel Court 4,2026-09-17,11:00 - 12:00,200000,Available
2533_10171_12:00,2533,Padelplay,10171,Padel Court 4,2026-09-17,12:00 - 13:00,160000,Available
2533_10171_13:00,2533,Padelplay,10171,Padel Court 4,2026-09-17,13:00 - 14:00,160000,Available
2533_10171_14:00,2533,Padelplay,10171,Padel Court 4,2026-09-17,14:00 - 15:00,160000,Available
2533_10171_15:00,2533,Padelplay,10171,Padel Court 4,2026-09-17,15:00 - 16:00,160000,Available
2533_10171_16:00,2533,Padelplay,10171,Padel Court 4,2026-09-17,16:00 - 17:00,200000,Available
2533_10171_17:00,2533,Padelplay,10171,Padel Court 4,2026-09-17,17:00 - 18:00,200000,Available
2533_10171_18:00,2533,Padelplay,10171,Padel Court 4,2026-09-17,18:00 - 19:00,250000,Available
2533_10171_19:00,2533,Padelplay,10171,Padel Court 4,2026-09-17,19:00 - 20:00,250000,Booked
2533_10171_20:00,2533,Padelplay,10171,Padel Court 4,2026-09-17,20:00 - 21:00,250000,Booked
2533_10171_21:00,2533,Padelplay,10171,Padel Court 4,2026-09-17,21:00 - 22:00,250000,Available
2533_10130_08:00,2533,Padelplay,10130,Padel Court 5,2026-09-17,08:00 - 09:00,200000,Available
2533_10130_09:00,2533,Padelplay,10130,Padel Court 5,2026-09-17,09:00 - 10:00,200000,Available
2533_10130_10:00,2533,Padelplay,10130,Padel Court 5,2026-09-17,10:00 - 11:00,200000,Available
2533_10130_11:00,2533,Padelplay,10130,Padel Court 5,2026-09-17,11:00 - 12:00,200000,Available
2533_10130_12:00,2533,Padelplay,10130,Padel Court 5,2026-09-17,12:00 - 13:00,160000,Available
2533_10130_13:00,2533,Padelplay,10130,Padel Court 5,2026-09-17,13:00 - 14:00,160000,Available
2533_10130_14:00,2533,Padelplay,10130,Padel Court 5,2026-09-17,14:00 - 15:00,160000,Available
2533_10130_15:00,2533,Padelplay,10130,Padel Court 5,2026-09-17,15:00 - 16:00,160000,Available
2533_10130_16:00,2533,Padelplay,10130,Padel Court 5,2026-09-17,16:00 - 17:00,200000,Available
2533_10130_17:00,2533,Padelplay,10130,Padel Court 5,2026-09-17,17:00 - 18:00,200000,Available
2533_10130_18:00,2533,Padelplay,10130,Padel Court 5,2026-09-17,18:00 - 19:00,250000,Available
2533_10130_19:00,2533,Padelplay,10130,Padel Court 5,2026-09-17,19:00 - 20:00,250000,Booked
2533_10130_20:00,2533,Padelplay,10130,Padel Court 5,2026-09-17,20:00 - 21:00,250000,Booked
2533_10130_21:00,2533,Padelplay,10130,Padel Court 5,2026-09-17,21:00 - 22:00,250000,Available
2328_4889_06:00,2328,The Court Cirendeu,4889,Court 1,2026-09-17,06:00 - 07:00,99000,Available
2328_4889_07:00,2328,The Court Cirendeu,4889,Court 1,2026-09-17,07:00 - 08:00,99000,Available
2328_4889_08:00,2328,The Court Cirendeu,4889,Court 1,2026-09-17,08:00 - 09:00,200000,Available
2328_4889_09:00,2328,The Court Cirendeu,4889,Court 1,2026-09-17,09:00 - 10:00,200000,Available
2328_4889_10:00,2328,The Court Cirendeu,4889,Court 1,2026-09-17,10:00 - 11:00,200000,Available
2328_4889_11:00,2328,The Court Cirendeu,4889,Court 1,2026-09-17,11:00 - 12:00,200000,Available
2328_4889_12:00,2328,The Court Cirendeu,4889,Court 1,2026-09-17,12:00 - 13:00,99000,Available
2328_4889_13:00,2328,The Court Cirendeu,4889,Court 1,2026-09-17,13:00 - 14:00,99000,Available
2328_4889_14:00,2328,The Court Cirendeu,4889,Court 1,2026-09-17,14:00 - 15:00,99000,Available
2328_4889_15:00,2328,The Court Cirendeu,4889,Court 1,2026-09-17,15:00 - 16:00,200000,Available
2328_4889_16:00,2328,The Court Cirendeu,4889,Court 1,2026-09-17,16:00 - 17:00,200000,Booked
2328_4889_17:00,2328,The Court Cirendeu,4889,Court 1,2026-09-17,17:00 - 18:00,200000,Available
2328_4889_18:00,2328,The Court Cirendeu,4889,Court 1,2026-09-17,18:00 - 19:00,200000,Available
2328_4889_19:00,2328,The Court Cirendeu,4889,Court 1,2026-09-17,19:00 - 20:00,200000,Available
2328_4889_20:00,2328,The Court Cirendeu,4889,Court 1,2026-09-17,20:00 - 21:00,200000,Booked
2328_4889_21:00,2328,The Court Cirendeu,4889,Court 1,2026-09-17,21:00 - 22:00,200000,Booked
2328_4889_22:00,2328,The Court Cirendeu,4889,Court 1,2026-09-17,22:00 - 23:00,200000,Available
2328_4889_23:00,2328,The Court Cirendeu,4889,Court 1,2026-09-17,23:00 - 00:00,200000,Available
2328_7467_06:00,2328,The Court Cirendeu,7467,Court 2,2026-09-17,06:00 - 07:00,99000,Available
2328_7467_07:00,2328,The Court Cirendeu,7467,Court 2,2026-09-17,07:00 - 08:00,99000,Available
2328_7467_08:00,2328,The Court Cirendeu,7467,Court 2,2026-09-17,08:00 - 09:00,200000,Available
2328_7467_09:00,2328,The Court Cirendeu,7467,Court 2,2026-09-17,09:00 - 10:00,200000,Available
2328_7467_10:00,2328,The Court Cirendeu,7467,Court 2,2026-09-17,10:00 - 11:00,200000,Available
2328_7467_11:00,2328,The Court Cirendeu,7467,Court 2,2026-09-17,11:00 - 12:00,200000,Available
2328_7467_12:00,2328,The Court Cirendeu,7467,Court 2,2026-09-17,12:00 - 13:00,99000,Available
2328_7467_13:00,2328,The Court Cirendeu,7467,Court 2,2026-09-17,13:00 - 14:00,99000,Available
2328_7467_14:00,2328,The Court Cirendeu,7467,Court 2,2026-09-17,14:00 - 15:00,99000,Available
2328_7467_15:00,2328,The Court Cirendeu,7467,Court 2,2026-09-17,15:00 - 16:00,200000,Available
2328_7467_16:00,2328,The Court Cirendeu,7467,Court 2,2026-09-17,16:00 - 17:00,200000,Available
2328_7467_17:00,2328,The Court Cirendeu,7467,Court 2,2026-09-17,17:00 - 18:00,200000,Available
2328_7467_18:00,2328,The Court Cirendeu,7467,Court 2,2026-09-17,18:00 - 19:00,200000,Available
2328_7467_19:00,2328,The Court Cirendeu,7467,Court 2,2026-09-17,19:00 - 20:00,200000,Available
2328_7467_20:00,2328,The Court Cirendeu,7467,Court 2,2026-09-17,20:00 - 21:00,200000,Available
2328_7467_21:00,2328,The Court Cirendeu,7467,Court 2,2026-09-17,21:00 - 22:00,200000,Available
2328_7467_22:00,2328,The Court Cirendeu,7467,Court 2,2026-09-17,22:00 - 23:00,200000,Available
2328_7467_23:00,2328,The Court Cirendeu,7467,Court 2,2026-09-17,23:00 - 00:00,200000,Available
2328_7468_06:00,2328,The Court Cirendeu,7468,Court 3,2026-09-17,06:00 - 07:00,99000,Available
2328_7468_07:00,2328,The Court Cirendeu,7468,Court 3,2026-09-17,07:00 - 08:00,99000,Available
2328_7468_08:00,2328,The Court Cirendeu,7468,Court 3,2026-09-17,08:00 - 09:00,200000,Available
2328_7468_09:00,2328,The Court Cirendeu,7468,Court 3,2026-09-17,09:00 - 10:00,200000,Available
2328_7468_10:00,2328,The Court Cirendeu,7468,Court 3,2026-09-17,10:00 - 11:00,200000,Available
2328_7468_11:00,2328,The Court Cirendeu,7468,Court 3,2026-09-17,11:00 - 12:00,200000,Available
2328_7468_12:00,2328,The Court Cirendeu,7468,Court 3,2026-09-17,12:00 - 13:00,99000,Available
2328_7468_13:00,2328,The Court Cirendeu,7468,Court 3,2026-09-17,13:00 - 14:00,99000,Booked
2328_7468_14:00,2328,The Court Cirendeu,7468,Court 3,2026-09-17,14:00 - 15:00,99000,Booked
2328_7468_15:00,2328,The Court Cirendeu,7468,Court 3,2026-09-17,15:00 - 16:00,200000,Available
2328_7468_16:00,2328,The Court Cirendeu,7468,Court 3,2026-09-17,16:00 - 17:00,200000,Available
2328_7468_17:00,2328,The Court Cirendeu,7468,Court 3,2026-09-17,17:00 - 18:00,200000,Available
2328_7468_18:00,2328,The Court Cirendeu,7468,Court 3,2026-09-17,18:00 - 19:00,200000,Booked
2328_7468_19:00,2328,The Court Cirendeu,7468,Court 3,2026-09-17,19:00 - 20:00,200000,Booked
2328_7468_20:00,2328,The Court Cirendeu,7468,Court 3,2026-09-17,20:00 - 21:00,200000,Available
2328_7468_21:00,2328,The Court Cirendeu,7468,Court 3,2026-09-17,21:00 - 22:00,200000,Available
2328_7468_22:00,2328,The Court Cirendeu,7468,Court 3,2026-09-17,22:00 - 23:00,200000,Available
2328_7468_23:00,2328,The Court Cirendeu,7468,Court 3,2026-09-17,23:00 - 00:00,200000,Available
2328_7469_06:00,2328,The Court Cirendeu,7469,Pickleball,2026-09-17,06:00 - 07:00,50000,Available
2328_7469_07:00,2328,The Court Cirendeu,7469,Pickleball,2026-09-17,07:00 - 08:00,50000,Available
2328_7469_08:00,2328,The Court Cirendeu,7469,Pickleball,2026-09-17,08:00 - 09:00,50000,Booked
2328_7469_09:00,2328,The Court Cirendeu,7469,Pickleball,2026-09-17,09:00 - 10:00,50000,Available
2328_7469_10:00,2328,The Court Cirendeu,7469,Pickleball,2026-09-17,10:00 - 11:00,50000,Available
2328_7469_11:00,2328,The Court Cirendeu,7469,Pickleball,2026-09-17,11:00 - 12:00,50000,Available
2328_7469_12:00,2328,The Court Cirendeu,7469,Pickleball,2026-09-17,12:00 - 13:00,50000,Available
2328_7469_13:00,2328,The Court Cirendeu,7469,Pickleball,2026-09-17,13:00 - 14:00,50000,Available
2328_7469_14:00,2328,The Court Cirendeu,7469,Pickleball,2026-09-17,14:00 - 15:00,50000,Available
2328_7469_15:00,2328,The Court Cirendeu,7469,Pickleball,2026-09-17,15:00 - 16:00,50000,Available
2328_7469_16:00,2328,The Court Cirendeu,7469,Pickleball,2026-09-17,16:00 - 17:00,50000,Booked
2328_7469_17:00,2328,The Court Cirendeu,7469,Pickleball,2026-09-17,17:00 - 18:00,50000,Booked
2328_7469_18:00,2328,The Court Cirendeu,7469,Pickleball,2026-09-17,18:00 - 19:00,50000,Available
2328_7469_19:00,2328,The Court Cirendeu,7469,Pickleball,2026-09-17,19:00 - 20:00,50000,Booked
2328_7469_20:00,2328,The Court Cirendeu,7469,Pickleball,2026-09-17,20:00 - 21:00,50000,Booked
2328_7469_21:00,2328,The Court Cirendeu,7469,Pickleball,2026-09-17,21:00 - 22:00,50000,Booked
2328_7469_22:00,2328,The Court Cirendeu,7469,Pickleball,2026-09-17,22:00 - 23:00,50000,Available
2328_7469_23:00,2328,The Court Cirendeu,7469,Pickleball,2026-09-17,23:00 - 00:00,50000,Available
1167_2154_06:00,1167,Republic Padel TB Simatupang,2154,Court 1,2026-09-17,06:00 - 08:00,250000,Available
1167_2154_08:00,1167,Republic Padel TB Simatupang,2154,Court 1,2026-09-17,08:00 - 10:00,250000,Available
1167_2154_10:00,1167,Republic Padel TB Simatupang,2154,Court 1,2026-09-17,10:00 - 11:00,250000,Available
1167_2154_11:00,1167,Republic Padel TB Simatupang,2154,Court 1,2026-09-17,11:00 - 12:00,250000,Available
1167_2154_12:00,1167,Republic Padel TB Simatupang,2154,Court 1,2026-09-17,12:00 - 13:00,250000,Booked
1167_2154_13:00,1167,Republic Padel TB Simatupang,2154,Court 1,2026-09-17,13:00 - 14:00,250000,Booked
1167_2154_14:00,1167,Republic Padel TB Simatupang,2154,Court 1,2026-09-17,14:00 - 15:00,250000,Available
1167_2154_15:00,1167,Republic Padel TB Simatupang,2154,Court 1,2026-09-17,15:00 - 16:00,250000,Available
1167_2154_16:00,1167,Republic Padel TB Simatupang,2154,Court 1,2026-09-17,16:00 - 17:00,350000,Available
1167_2154_17:00,1167,Republic Padel TB Simatupang,2154,Court 1,2026-09-17,17:00 - 18:00,350000,Available
1167_2154_18:00,1167,Republic Padel TB Simatupang,2154,Court 1,2026-09-17,18:00 - 19:00,350000,Available
1167_2154_19:00,1167,Republic Padel TB Simatupang,2154,Court 1,2026-09-17,19:00 - 20:00,350000,Available
1167_2154_20:00,1167,Republic Padel TB Simatupang,2154,Court 1,2026-09-17,20:00 - 21:00,350000,Available
1167_2154_21:00,1167,Republic Padel TB Simatupang,2154,Court 1,2026-09-17,21:00 - 22:00,350000,Available
1167_2154_22:00,1167,Republic Padel TB Simatupang,2154,Court 1,2026-09-17,22:00 - 23:00,250000,Available
1167_2154_23:00,1167,Republic Padel TB Simatupang,2154,Court 1,2026-09-17,23:00 - 00:00,250000,Available
1167_2155_06:00,1167,Republic Padel TB Simatupang,2155,Court 2,2026-09-17,06:00 - 08:00,250000,Available
1167_2155_08:00,1167,Republic Padel TB Simatupang,2155,Court 2,2026-09-17,08:00 - 10:00,250000,Booked
1167_2155_10:00,1167,Republic Padel TB Simatupang,2155,Court 2,2026-09-17,10:00 - 11:00,250000,Booked
1167_2155_11:00,1167,Republic Padel TB Simatupang,2155,Court 2,2026-09-17,11:00 - 12:00,250000,Booked
1167_2155_12:00,1167,Republic Padel TB Simatupang,2155,Court 2,2026-09-17,12:00 - 13:00,250000,Booked
1167_2155_13:00,1167,Republic Padel TB Simatupang,2155,Court 2,2026-09-17,13:00 - 14:00,250000,Available
1167_2155_14:00,1167,Republic Padel TB Simatupang,2155,Court 2,2026-09-17,14:00 - 15:00,250000,Available
1167_2155_15:00,1167,Republic Padel TB Simatupang,2155,Court 2,2026-09-17,15:00 - 16:00,250000,Available
1167_2155_16:00,1167,Republic Padel TB Simatupang,2155,Court 2,2026-09-17,16:00 - 17:00,350000,Available
1167_2155_17:00,1167,Republic Padel TB Simatupang,2155,Court 2,2026-09-17,17:00 - 18:00,350000,Available
1167_2155_18:00,1167,Republic Padel TB Simatupang,2155,Court 2,2026-09-17,18:00 - 19:00,350000,Available
1167_2155_19:00,1167,Republic Padel TB Simatupang,2155,Court 2,2026-09-17,19:00 - 20:00,350000,Available
1167_2155_20:00,1167,Republic Padel TB Simatupang,2155,Court 2,2026-09-17,20:00 - 21:00,350000,Available
1167_2155_21:00,1167,Republic Padel TB Simatupang,2155,Court 2,2026-09-17,21:00 - 22:00,350000,Available
1167_2155_22:00,1167,Republic Padel TB Simatupang,2155,Court 2,2026-09-17,22:00 - 23:00,250000,Available
1167_2155_23:00,1167,Republic Padel TB Simatupang,2155,Court 2,2026-09-17,23:00 - 00:00,250000,Available
1167_2156_06:00,1167,Republic Padel TB Simatupang,2156,Court 3,2026-09-17,06:00 - 08:00,250000,Available
1167_2156_08:00,1167,Republic Padel TB Simatupang,2156,Court 3,2026-09-17,08:00 - 10:00,250000,Booked
1167_2156_10:00,1167,Republic Padel TB Simatupang,2156,Court 3,2026-09-17,10:00 - 11:00,250000,Booked
1167_2156_11:00,1167,Republic Padel TB Simatupang,2156,Court 3,2026-09-17,11:00 - 12:00,250000,Booked
1167_2156_12:00,1167,Republic Padel TB Simatupang,2156,Court 3,2026-09-17,12:00 - 13:00,250000,Booked
1167_2156_13:00,1167,Republic Padel TB Simatupang,2156,Court 3,2026-09-17,13:00 - 14:00,250000,Available
1167_2156_14:00,1167,Republic Padel TB Simatupang,2156,Court 3,2026-09-17,14:00 - 15:00,250000,Available
1167_2156_15:00,1167,Republic Padel TB Simatupang,2156,Court 3,2026-09-17,15:00 - 16:00,250000,Available
1167_2156_16:00,1167,Republic Padel TB Simatupang,2156,Court 3,2026-09-17,16:00 - 17:00,350000,Available
1167_2156_17:00,1167,Republic Padel TB Simatupang,2156,Court 3,2026-09-17,17:00 - 18:00,350000,Available
1167_2156_18:00,1167,Republic Padel TB Simatupang,2156,Court 3,2026-09-17,18:00 - 19:00,350000,Booked
1167_2156_19:00,1167,Republic Padel TB Simatupang,2156,Court 3,2026-09-17,19:00 - 20:00,350000,Booked
1167_2156_20:00,1167,Republic Padel TB Simatupang,2156,Court 3,2026-09-17,20:00 - 21:00,350000,Booked
1167_2156_21:00,1167,Republic Padel TB Simatupang,2156,Court 3,2026-09-17,21:00 - 22:00,350000,Booked
1167_2156_22:00,1167,Republic Padel TB Simatupang,2156,Court 3,2026-09-17,22:00 - 23:00,250000,Available
1167_2156_23:00,1167,Republic Padel TB Simatupang,2156,Court 3,2026-09-17,23:00 - 00:00,250000,Available
1167_2157_06:00,1167,Republic Padel TB Simatupang,2157,Court 4,2026-09-17,06:00 - 08:00,250000,Available
1167_2157_08:00,1167,Republic Padel TB Simatupang,2157,Court 4,2026-09-17,08:00 - 10:00,250000,Booked
1167_2157_10:00,1167,Republic Padel TB Simatupang,2157,Court 4,2026-09-17,10:00 - 11:00,250000,Booked
1167_2157_11:00,1167,Republic Padel TB Simatupang,2157,Court 4,2026-09-17,11:00 - 12:00,250000,Booked
1167_2157_12:00,1167,Republic Padel TB Simatupang,2157,Court 4,2026-09-17,12:00 - 13:00,250000,Booked
1167_2157_13:00,1167,Republic Padel TB Simatupang,2157,Court 4,2026-09-17,13:00 - 14:00,250000,Available
1167_2157_14:00,1167,Republic Padel TB Simatupang,2157,Court 4,2026-09-17,14:00 - 15:00,250000,Available
1167_2157_15:00,1167,Republic Padel TB Simatupang,2157,Court 4,2026-09-17,15:00 - 16:00,250000,Available
1167_2157_16:00,1167,Republic Padel TB Simatupang,2157,Court 4,2026-09-17,16:00 - 17:00,350000,Available
1167_2157_17:00,1167,Republic Padel TB Simatupang,2157,Court 4,2026-09-17,17:00 - 18:00,350000,Available
1167_2157_18:00,1167,Republic Padel TB Simatupang,2157,Court 4,2026-09-17,18:00 - 19:00,350000,Booked
1167_2157_19:00,1167,Republic Padel TB Simatupang,2157,Court 4,2026-09-17,19:00 - 20:00,350000,Booked
1167_2157_20:00,1167,Republic Padel TB Simatupang,2157,Court 4,2026-09-17,20:00 - 21:00,350000,Booked
1167_2157_21:00,1167,Republic Padel TB Simatupang,2157,Court 4,2026-09-17,21:00 - 22:00,350000,Booked
1167_2157_22:00,1167,Republic Padel TB Simatupang,2157,Court 4,2026-09-17,22:00 - 23:00,250000,Available
1167_2157_23:00,1167,Republic Padel TB Simatupang,2157,Court 4,2026-09-17,23:00 - 00:00,250000,Available
1167_2158_06:00,1167,Republic Padel TB Simatupang,2158,Court 5,2026-09-17,06:00 - 08:00,250000,Available
1167_2158_08:00,1167,Republic Padel TB Simatupang,2158,Court 5,2026-09-17,08:00 - 10:00,250000,Booked
1167_2158_10:00,1167,Republic Padel TB Simatupang,2158,Court 5,2026-09-17,10:00 - 11:00,250000,Booked
1167_2158_11:00,1167,Republic Padel TB Simatupang,2158,Court 5,2026-09-17,11:00 - 12:00,250000,Booked
1167_2158_12:00,1167,Republic Padel TB Simatupang,2158,Court 5,2026-09-17,12:00 - 13:00,250000,Booked
1167_2158_13:00,1167,Republic Padel TB Simatupang,2158,Court 5,2026-09-17,13:00 - 14:00,250000,Available
1167_2158_14:00,1167,Republic Padel TB Simatupang,2158,Court 5,2026-09-17,14:00 - 15:00,250000,Available
1167_2158_15:00,1167,Republic Padel TB Simatupang,2158,Court 5,2026-09-17,15:00 - 16:00,250000,Available
1167_2158_16:00,1167,Republic Padel TB Simatupang,2158,Court 5,2026-09-17,16:00 - 17:00,350000,Available
1167_2158_17:00,1167,Republic Padel TB Simatupang,2158,Court 5,2026-09-17,17:00 - 18:00,350000,Available
1167_2158_18:00,1167,Republic Padel TB Simatupang,2158,Court 5,2026-09-17,18:00 - 19:00,350000,Available
1167_2158_19:00,1167,Republic Padel TB Simatupang,2158,Court 5,2026-09-17,19:00 - 20:00,350000,Available
1167_2158_20:00,1167,Republic Padel TB Simatupang,2158,Court 5,2026-09-17,20:00 - 21:00,350000,Available
1167_2158_21:00,1167,Republic Padel TB Simatupang,2158,Court 5,2026-09-17,21:00 - 22:00,350000,Available
1167_2158_22:00,1167,Republic Padel TB Simatupang,2158,Court 5,2026-09-17,22:00 - 23:00,250000,Available
1167_2158_23:00,1167,Republic Padel TB Simatupang,2158,Court 5,2026-09-17,23:00 - 00:00,250000,Available
1167_2159_06:00,1167,Republic Padel TB Simatupang,2159,Court 6,2026-09-17,06:00 - 08:00,250000,Booked
1167_2159_08:00,1167,Republic Padel TB Simatupang,2159,Court 6,2026-09-17,08:00 - 10:00,250000,Booked
1167_2159_10:00,1167,Republic Padel TB Simatupang,2159,Court 6,2026-09-17,10:00 - 11:00,250000,Booked
1167_2159_11:00,1167,Republic Padel TB Simatupang,2159,Court 6,2026-09-17,11:00 - 12:00,250000,Booked
1167_2159_12:00,1167,Republic Padel TB Simatupang,2159,Court 6,2026-09-17,12:00 - 13:00,250000,Booked
1167_2159_13:00,1167,Republic Padel TB Simatupang,2159,Court 6,2026-09-17,13:00 - 14:00,250000,Booked
1167_2159_14:00,1167,Republic Padel TB Simatupang,2159,Court 6,2026-09-17,14:00 - 15:00,250000,Booked
1167_2159_15:00,1167,Republic Padel TB Simatupang,2159,Court 6,2026-09-17,15:00 - 16:00,250000,Booked
1167_2159_16:00,1167,Republic Padel TB Simatupang,2159,Court 6,2026-09-17,16:00 - 17:00,350000,Booked
1167_2159_17:00,1167,Republic Padel TB Simatupang,2159,Court 6,2026-09-17,17:00 - 18:00,350000,Booked
1167_2159_18:00,1167,Republic Padel TB Simatupang,2159,Court 6,2026-09-17,18:00 - 19:00,350000,Booked
1167_2159_19:00,1167,Republic Padel TB Simatupang,2159,Court 6,2026-09-17,19:00 - 20:00,350000,Booked
1167_2159_20:00,1167,Republic Padel TB Simatupang,2159,Court 6,2026-09-17,20:00 - 21:00,350000,Booked
1167_2159_21:00,1167,Republic Padel TB Simatupang,2159,Court 6,2026-09-17,21:00 - 22:00,350000,Booked
1167_2159_22:00,1167,Republic Padel TB Simatupang,2159,Court 6,2026-09-17,22:00 - 23:00,250000,Booked
1167_2159_23:00,1167,Republic Padel TB Simatupang,2159,Court 6,2026-09-17,23:00 - 00:00,250000,Booked
2204_4594_07:00,2204,Ribens Padel Fatmawati,4594,Court 1,2026-09-17,07:00 - 08:00,200000,Available
2204_4594_08:00,2204,Ribens Padel Fatmawati,4594,Court 1,2026-09-17,08:00 - 09:00,200000,Available
2204_4594_09:00,2204,Ribens Padel Fatmawati,4594,Court 1,2026-09-17,09:00 - 10:00,200000,Available
2204_4594_10:00,2204,Ribens Padel Fatmawati,4594,Court 1,2026-09-17,10:00 - 11:00,200000,Available
2204_4594_11:00,2204,Ribens Padel Fatmawati,4594,Court 1,2026-09-17,11:00 - 12:00,200000,Available
2204_4594_12:00,2204,Ribens Padel Fatmawati,4594,Court 1,2026-09-17,12:00 - 13:00,200000,Available
2204_4594_13:00,2204,Ribens Padel Fatmawati,4594,Court 1,2026-09-17,13:00 - 14:00,200000,Available
2204_4594_14:00,2204,Ribens Padel Fatmawati,4594,Court 1,2026-09-17,14:00 - 15:00,200000,Available
2204_4594_15:00,2204,Ribens Padel Fatmawati,4594,Court 1,2026-09-17,15:00 - 16:00,200000,Available
2204_4594_16:00,2204,Ribens Padel Fatmawati,4594,Court 1,2026-09-17,16:00 - 17:00,200000,Available
2204_4594_17:00,2204,Ribens Padel Fatmawati,4594,Court 1,2026-09-17,17:00 - 18:00,300000,Available
2204_4594_18:00,2204,Ribens Padel Fatmawati,4594,Court 1,2026-09-17,18:00 - 19:00,300000,Available
2204_4594_19:00,2204,Ribens Padel Fatmawati,4594,Court 1,2026-09-17,19:00 - 20:00,300000,Booked
2204_4594_20:00,2204,Ribens Padel Fatmawati,4594,Court 1,2026-09-17,20:00 - 21:00,300000,Booked
2204_4594_21:00,2204,Ribens Padel Fatmawati,4594,Court 1,2026-09-17,21:00 - 22:00,300000,Available
2204_4595_07:00,2204,Ribens Padel Fatmawati,4595,Court 2,2026-09-17,07:00 - 08:00,200000,Available
2204_4595_08:00,2204,Ribens Padel Fatmawati,4595,Court 2,2026-09-17,08:00 - 09:00,200000,Available
2204_4595_09:00,2204,Ribens Padel Fatmawati,4595,Court 2,2026-09-17,09:00 - 10:00,200000,Available
2204_4595_10:00,2204,Ribens Padel Fatmawati,4595,Court 2,2026-09-17,10:00 - 11:00,200000,Available
2204_4595_11:00,2204,Ribens Padel Fatmawati,4595,Court 2,2026-09-17,11:00 - 12:00,200000,Available
2204_4595_12:00,2204,Ribens Padel Fatmawati,4595,Court 2,2026-09-17,12:00 - 13:00,200000,Available
2204_4595_13:00,2204,Ribens Padel Fatmawati,4595,Court 2,2026-09-17,13:00 - 14:00,200000,Available
2204_4595_14:00,2204,Ribens Padel Fatmawati,4595,Court 2,2026-09-17,14:00 - 15:00,200000,Available
2204_4595_15:00,2204,Ribens Padel Fatmawati,4595,Court 2,2026-09-17,15:00 - 16:00,200000,Available
2204_4595_16:00,2204,Ribens Padel Fatmawati,4595,Court 2,2026-09-17,16:00 - 17:00,200000,Available
2204_4595_17:00,2204,Ribens Padel Fatmawati,4595,Court 2,2026-09-17,17:00 - 18:00,300000,Available
2204_4595_18:00,2204,Ribens Padel Fatmawati,4595,Court 2,2026-09-17,18:00 - 19:00,300000,Available
2204_4595_19:00,2204,Ribens Padel Fatmawati,4595,Court 2,2026-09-17,19:00 - 20:00,300000,Booked
2204_4595_20:00,2204,Ribens Padel Fatmawati,4595,Court 2,2026-09-17,20:00 - 21:00,300000,Booked
2204_4595_21:00,2204,Ribens Padel Fatmawati,4595,Court 2,2026-09-17,21:00 - 22:00,300000,Available
3201_7573_06:00,3201,Binakarsa Green Courts,7573,Court 1,2026-09-17,06:00 - 07:00,250000,Available
3201_7573_07:00,3201,Binakarsa Green Courts,7573,Court 1,2026-09-17,07:00 - 08:00,250000,Available
3201_7573_08:00,3201,Binakarsa Green Courts,7573,Court 1,2026-09-17,08:00 - 09:00,250000,Available
3201_7573_09:00,3201,Binakarsa Green Courts,7573,Court 1,2026-09-17,09:00 - 10:00,250000,Available
3201_7573_10:00,3201,Binakarsa Green Courts,7573,Court 1,2026-09-17,10:00 - 11:00,250000,Available
3201_7573_11:00,3201,Binakarsa Green Courts,7573,Court 1,2026-09-17,11:00 - 12:00,250000,Available
3201_7573_12:00,3201,Binakarsa Green Courts,7573,Court 1,2026-09-17,12:00 - 13:00,250000,Available
3201_7573_13:00,3201,Binakarsa Green Courts,7573,Court 1,2026-09-17,13:00 - 14:00,250000,Available
3201_7573_14:00,3201,Binakarsa Green Courts,7573,Court 1,2026-09-17,14:00 - 15:00,250000,Available
3201_7573_15:00,3201,Binakarsa Green Courts,7573,Court 1,2026-09-17,15:00 - 16:00,250000,Available
3201_7573_16:00,3201,Binakarsa Green Courts,7573,Court 1,2026-09-17,16:00 - 17:00,332000,Booked
3201_7573_17:00,3201,Binakarsa Green Courts,7573,Court 1,2026-09-17,17:00 - 18:00,332000,Booked
3201_7573_18:00,3201,Binakarsa Green Courts,7573,Court 1,2026-09-17,18:00 - 19:00,332000,Booked
3201_7573_19:00,3201,Binakarsa Green Courts,7573,Court 1,2026-09-17,19:00 - 20:00,332000,Booked
3201_7573_20:00,3201,Binakarsa Green Courts,7573,Court 1,2026-09-17,20:00 - 21:00,332000,Booked
3201_7573_21:00,3201,Binakarsa Green Courts,7573,Court 1,2026-09-17,21:00 - 22:00,332000,Booked
3201_8000_06:00,3201,Binakarsa Green Courts,8000,Court 2,2026-09-17,06:00 - 07:00,250000,Available
3201_8000_07:00,3201,Binakarsa Green Courts,8000,Court 2,2026-09-17,07:00 - 08:00,250000,Available
3201_8000_08:00,3201,Binakarsa Green Courts,8000,Court 2,2026-09-17,08:00 - 09:00,250000,Available
3201_8000_09:00,3201,Binakarsa Green Courts,8000,Court 2,2026-09-17,09:00 - 10:00,250000,Available
3201_8000_10:00,3201,Binakarsa Green Courts,8000,Court 2,2026-09-17,10:00 - 11:00,250000,Available
3201_8000_11:00,3201,Binakarsa Green Courts,8000,Court 2,2026-09-17,11:00 - 12:00,250000,Available
3201_8000_12:00,3201,Binakarsa Green Courts,8000,Court 2,2026-09-17,12:00 - 13:00,250000,Available
3201_8000_13:00,3201,Binakarsa Green Courts,8000,Court 2,2026-09-17,13:00 - 14:00,250000,Available
3201_8000_14:00,3201,Binakarsa Green Courts,8000,Court 2,2026-09-17,14:00 - 15:00,250000,Available
3201_8000_15:00,3201,Binakarsa Green Courts,8000,Court 2,2026-09-17,15:00 - 16:00,250000,Available
3201_8000_16:00,3201,Binakarsa Green Courts,8000,Court 2,2026-09-17,16:00 - 17:00,332000,Available
3201_8000_17:00,3201,Binakarsa Green Courts,8000,Court 2,2026-09-17,17:00 - 18:00,332000,Available
3201_8000_18:00,3201,Binakarsa Green Courts,8000,Court 2,2026-09-17,18:00 - 19:00,332000,Booked
3201_8000_19:00,3201,Binakarsa Green Courts,8000,Court 2,2026-09-17,19:00 - 20:00,332000,Booked
3201_8000_20:00,3201,Binakarsa Green Courts,8000,Court 2,2026-09-17,20:00 - 21:00,332000,Booked
3201_8000_21:00,3201,Binakarsa Green Courts,8000,Court 2,2026-09-17,21:00 - 22:00,332000,Booked
3563_10406_06:00,3563,"Lifestyle Capital Club (LCC): Padel Court, Padel/Tennis/Golf Simulator, Cafe & Working Space",10406,Court 1,2026-09-17,06:00 - 07:00,300000,Booked
3563_10406_07:00,3563,"Lifestyle Capital Club (LCC): Padel Court, Padel/Tennis/Golf Simulator, Cafe & Working Space",10406,Court 1,2026-09-17,07:00 - 08:00,300000,Booked
3563_10406_08:00,3563,"Lifestyle Capital Club (LCC): Padel Court, Padel/Tennis/Golf Simulator, Cafe & Working Space",10406,Court 1,2026-09-17,08:00 - 09:00,300000,Booked
3563_10406_09:00,3563,"Lifestyle Capital Club (LCC): Padel Court, Padel/Tennis/Golf Simulator, Cafe & Working Space",10406,Court 1,2026-09-17,09:00 - 10:00,300000,Booked
3563_10406_10:00,3563,"Lifestyle Capital Club (LCC): Padel Court, Padel/Tennis/Golf Simulator, Cafe & Working Space",10406,Court 1,2026-09-17,10:00 - 11:00,300000,Available
3563_10406_11:00,3563,"Lifestyle Capital Club (LCC): Padel Court, Padel/Tennis/Golf Simulator, Cafe & Working Space",10406,Court 1,2026-09-17,11:00 - 12:00,300000,Available
3563_10406_12:00,3563,"Lifestyle Capital Club (LCC): Padel Court, Padel/Tennis/Golf Simulator, Cafe & Working Space",10406,Court 1,2026-09-17,12:00 - 13:00,300000,Available
3563_10406_13:00,3563,"Lifestyle Capital Club (LCC): Padel Court, Padel/Tennis/Golf Simulator, Cafe & Working Space",10406,Court 1,2026-09-17,13:00 - 14:00,300000,Available
3563_10406_14:00,3563,"Lifestyle Capital Club (LCC): Padel Court, Padel/Tennis/Golf Simulator, Cafe & Working Space",10406,Court 1,2026-09-17,14:00 - 15:00,300000,Available
3563_10406_15:00,3563,"Lifestyle Capital Club (LCC): Padel Court, Padel/Tennis/Golf Simulator, Cafe & Working Space",10406,Court 1,2026-09-17,15:00 - 16:00,300000,Available
3563_10406_16:00,3563,"Lifestyle Capital Club (LCC): Padel Court, Padel/Tennis/Golf Simulator, Cafe & Working Space",10406,Court 1,2026-09-17,16:00 - 17:00,350000,Available
3563_10406_17:00,3563,"Lifestyle Capital Club (LCC): Padel Court, Padel/Tennis/Golf Simulator, Cafe & Working Space",10406,Court 1,2026-09-17,17:00 - 18:00,350000,Available
3563_10406_18:00,3563,"Lifestyle Capital Club (LCC): Padel Court, Padel/Tennis/Golf Simulator, Cafe & Working Space",10406,Court 1,2026-09-17,18:00 - 19:00,350000,Booked
3563_10406_19:00,3563,"Lifestyle Capital Club (LCC): Padel Court, Padel/Tennis/Golf Simulator, Cafe & Working Space",10406,Court 1,2026-09-17,19:00 - 20:00,350000,Booked
3563_10406_20:00,3563,"Lifestyle Capital Club (LCC): Padel Court, Padel/Tennis/Golf Simulator, Cafe & Working Space",10406,Court 1,2026-09-17,20:00 - 21:00,350000,Available
3563_10406_21:00,3563,"Lifestyle Capital Club (LCC): Padel Court, Padel/Tennis/Golf Simulator, Cafe & Working Space",10406,Court 1,2026-09-17,21:00 - 22:00,350000,Booked
3563_10406_22:00,3563,"Lifestyle Capital Club (LCC): Padel Court, Padel/Tennis/Golf Simulator, Cafe & Working Space",10406,Court 1,2026-09-17,22:00 - 23:00,300000,Booked
3563_10406_23:00,3563,"Lifestyle Capital Club (LCC): Padel Court, Padel/Tennis/Golf Simulator, Cafe & Working Space",10406,Court 1,2026-09-17,23:00 - 00:00,300000,Available
3563_10472_06:00,3563,"Lifestyle Capital Club (LCC): Padel Court, Padel/Tennis/Golf Simulator, Cafe & Working Space",10472,Court 2,2026-09-17,06:00 - 07:00,300000,Available
3563_10472_07:00,3563,"Lifestyle Capital Club (LCC): Padel Court, Padel/Tennis/Golf Simulator, Cafe & Working Space",10472,Court 2,2026-09-17,07:00 - 08:00,300000,Available
3563_10472_08:00,3563,"Lifestyle Capital Club (LCC): Padel Court, Padel/Tennis/Golf Simulator, Cafe & Working Space",10472,Court 2,2026-09-17,08:00 - 09:00,300000,Booked
3563_10472_09:00,3563,"Lifestyle Capital Club (LCC): Padel Court, Padel/Tennis/Golf Simulator, Cafe & Working Space",10472,Court 2,2026-09-17,09:00 - 10:00,300000,Booked
3563_10472_10:00,3563,"Lifestyle Capital Club (LCC): Padel Court, Padel/Tennis/Golf Simulator, Cafe & Working Space",10472,Court 2,2026-09-17,10:00 - 11:00,300000,Available
3563_10472_11:00,3563,"Lifestyle Capital Club (LCC): Padel Court, Padel/Tennis/Golf Simulator, Cafe & Working Space",10472,Court 2,2026-09-17,11:00 - 12:00,300000,Available
3563_10472_12:00,3563,"Lifestyle Capital Club (LCC): Padel Court, Padel/Tennis/Golf Simulator, Cafe & Working Space",10472,Court 2,2026-09-17,12:00 - 13:00,300000,Available
3563_10472_13:00,3563,"Lifestyle Capital Club (LCC): Padel Court, Padel/Tennis/Golf Simulator, Cafe & Working Space",10472,Court 2,2026-09-17,13:00 - 14:00,300000,Available
3563_10472_14:00,3563,"Lifestyle Capital Club (LCC): Padel Court, Padel/Tennis/Golf Simulator, Cafe & Working Space",10472,Court 2,2026-09-17,14:00 - 15:00,300000,Available
3563_10472_15:00,3563,"Lifestyle Capital Club (LCC): Padel Court, Padel/Tennis/Golf Simulator, Cafe & Working Space",10472,Court 2,2026-09-17,15:00 - 16:00,300000,Available
3563_10472_16:00,3563,"Lifestyle Capital Club (LCC): Padel Court, Padel/Tennis/Golf Simulator, Cafe & Working Space",10472,Court 2,2026-09-17,16:00 - 17:00,350000,Available
3563_10472_17:00,3563,"Lifestyle Capital Club (LCC): Padel Court, Padel/Tennis/Golf Simulator, Cafe & Working Space",10472,Court 2,2026-09-17,17:00 - 18:00,350000,Available
3563_10472_18:00,3563,"Lifestyle Capital Club (LCC): Padel Court, Padel/Tennis/Golf Simulator, Cafe & Working Space",10472,Court 2,2026-09-17,18:00 - 19:00,350000,Booked
3563_10472_19:00,3563,"Lifestyle Capital Club (LCC): Padel Court, Padel/Tennis/Golf Simulator, Cafe & Working Space",10472,Court 2,2026-09-17,19:00 - 20:00,350000,Booked
3563_10472_20:00,3563,"Lifestyle Capital Club (LCC): Padel Court, Padel/Tennis/Golf Simulator, Cafe & Working Space",10472,Court 2,2026-09-17,20:00 - 21:00,350000,Available
3563_10472_21:00,3563,"Lifestyle Capital Club (LCC): Padel Court, Padel/Tennis/Golf Simulator, Cafe & Working Space",10472,Court 2,2026-09-17,21:00 - 22:00,350000,Booked
3563_10472_22:00,3563,"Lifestyle Capital Club (LCC): Padel Court, Padel/Tennis/Golf Simulator, Cafe & Working Space",10472,Court 2,2026-09-17,22:00 - 23:00,300000,Booked
3563_10472_23:00,3563,"Lifestyle Capital Club (LCC): Padel Court, Padel/Tennis/Golf Simulator, Cafe & Working Space",10472,Court 2,2026-09-17,23:00 - 00:00,300000,Available
3563_10473_06:00,3563,"Lifestyle Capital Club (LCC): Padel Court, Padel/Tennis/Golf Simulator, Cafe & Working Space",10473,Court 3,2026-09-17,06:00 - 07:00,300000,Available
3563_10473_07:00,3563,"Lifestyle Capital Club (LCC): Padel Court, Padel/Tennis/Golf Simulator, Cafe & Working Space",10473,Court 3,2026-09-17,07:00 - 08:00,300000,Available
3563_10473_08:00,3563,"Lifestyle Capital Club (LCC): Padel Court, Padel/Tennis/Golf Simulator, Cafe & Working Space",10473,Court 3,2026-09-17,08:00 - 09:00,300000,Available
3563_10473_09:00,3563,"Lifestyle Capital Club (LCC): Padel Court, Padel/Tennis/Golf Simulator, Cafe & Working Space",10473,Court 3,2026-09-17,09:00 - 10:00,300000,Available
3563_10473_10:00,3563,"Lifestyle Capital Club (LCC): Padel Court, Padel/Tennis/Golf Simulator, Cafe & Working Space",10473,Court 3,2026-09-17,10:00 - 11:00,300000,Available
3563_10473_11:00,3563,"Lifestyle Capital Club (LCC): Padel Court, Padel/Tennis/Golf Simulator, Cafe & Working Space",10473,Court 3,2026-09-17,11:00 - 12:00,300000,Available
3563_10473_12:00,3563,"Lifestyle Capital Club (LCC): Padel Court, Padel/Tennis/Golf Simulator, Cafe & Working Space",10473,Court 3,2026-09-17,12:00 - 13:00,300000,Available
3563_10473_13:00,3563,"Lifestyle Capital Club (LCC): Padel Court, Padel/Tennis/Golf Simulator, Cafe & Working Space",10473,Court 3,2026-09-17,13:00 - 14:00,300000,Available
3563_10473_14:00,3563,"Lifestyle Capital Club (LCC): Padel Court, Padel/Tennis/Golf Simulator, Cafe & Working Space",10473,Court 3,2026-09-17,14:00 - 15:00,300000,Available
3563_10473_15:00,3563,"Lifestyle Capital Club (LCC): Padel Court, Padel/Tennis/Golf Simulator, Cafe & Working Space",10473,Court 3,2026-09-17,15:00 - 16:00,300000,Booked
3563_10473_16:00,3563,"Lifestyle Capital Club (LCC): Padel Court, Padel/Tennis/Golf Simulator, Cafe & Working Space",10473,Court 3,2026-09-17,16:00 - 17:00,350000,Booked
3563_10473_17:00,3563,"Lifestyle Capital Club (LCC): Padel Court, Padel/Tennis/Golf Simulator, Cafe & Working Space",10473,Court 3,2026-09-17,17:00 - 18:00,350000,Available
3563_10473_18:00,3563,"Lifestyle Capital Club (LCC): Padel Court, Padel/Tennis/Golf Simulator, Cafe & Working Space",10473,Court 3,2026-09-17,18:00 - 19:00,350000,Booked
3563_10473_19:00,3563,"Lifestyle Capital Club (LCC): Padel Court, Padel/Tennis/Golf Simulator, Cafe & Working Space",10473,Court 3,2026-09-17,19:00 - 20:00,350000,Booked
3563_10473_20:00,3563,"Lifestyle Capital Club (LCC): Padel Court, Padel/Tennis/Golf Simulator, Cafe & Working Space",10473,Court 3,2026-09-17,20:00 - 21:00,350000,Available
3563_10473_21:00,3563,"Lifestyle Capital Club (LCC): Padel Court, Padel/Tennis/Golf Simulator, Cafe & Working Space",10473,Court 3,2026-09-17,21:00 - 22:00,350000,Available
3563_10473_22:00,3563,"Lifestyle Capital Club (LCC): Padel Court, Padel/Tennis/Golf Simulator, Cafe & Working Space",10473,Court 3,2026-09-17,22:00 - 23:00,300000,Available
3563_10473_23:00,3563,"Lifestyle Capital Club (LCC): Padel Court, Padel/Tennis/Golf Simulator, Cafe & Working Space",10473,Court 3,2026-09-17,23:00 - 00:00,300000,Available
3563_10486_06:00,3563,"Lifestyle Capital Club (LCC): Padel Court, Padel/Tennis/Golf Simulator, Cafe & Working Space",10486,Padel & Mini Tennis Simulator 2,2026-09-17,06:00 - 07:00,200000,Available
3563_10486_07:00,3563,"Lifestyle Capital Club (LCC): Padel Court, Padel/Tennis/Golf Simulator, Cafe & Working Space",10486,Padel & Mini Tennis Simulator 2,2026-09-17,07:00 - 08:00,200000,Available
3563_10486_08:00,3563,"Lifestyle Capital Club (LCC): Padel Court, Padel/Tennis/Golf Simulator, Cafe & Working Space",10486,Padel & Mini Tennis Simulator 2,2026-09-17,08:00 - 09:00,200000,Available
3563_10486_09:00,3563,"Lifestyle Capital Club (LCC): Padel Court, Padel/Tennis/Golf Simulator, Cafe & Working Space",10486,Padel & Mini Tennis Simulator 2,2026-09-17,09:00 - 10:00,200000,Available
3563_10486_10:00,3563,"Lifestyle Capital Club (LCC): Padel Court, Padel/Tennis/Golf Simulator, Cafe & Working Space",10486,Padel & Mini Tennis Simulator 2,2026-09-17,10:00 - 11:00,200000,Available
3563_10486_11:00,3563,"Lifestyle Capital Club (LCC): Padel Court, Padel/Tennis/Golf Simulator, Cafe & Working Space",10486,Padel & Mini Tennis Simulator 2,2026-09-17,11:00 - 12:00,200000,Available
3563_10486_12:00,3563,"Lifestyle Capital Club (LCC): Padel Court, Padel/Tennis/Golf Simulator, Cafe & Working Space",10486,Padel & Mini Tennis Simulator 2,2026-09-17,12:00 - 13:00,200000,Available
3563_10486_13:00,3563,"Lifestyle Capital Club (LCC): Padel Court, Padel/Tennis/Golf Simulator, Cafe & Working Space",10486,Padel & Mini Tennis Simulator 2,2026-09-17,13:00 - 14:00,200000,Available
3563_10486_14:00,3563,"Lifestyle Capital Club (LCC): Padel Court, Padel/Tennis/Golf Simulator, Cafe & Working Space",10486,Padel & Mini Tennis Simulator 2,2026-09-17,14:00 - 15:00,200000,Available
3563_10486_15:00,3563,"Lifestyle Capital Club (LCC): Padel Court, Padel/Tennis/Golf Simulator, Cafe & Working Space",10486,Padel & Mini Tennis Simulator 2,2026-09-17,15:00 - 16:00,200000,Available
3563_10486_16:00,3563,"Lifestyle Capital Club (LCC): Padel Court, Padel/Tennis/Golf Simulator, Cafe & Working Space",10486,Padel & Mini Tennis Simulator 2,2026-09-17,16:00 - 17:00,200000,Available
3563_10486_17:00,3563,"Lifestyle Capital Club (LCC): Padel Court, Padel/Tennis/Golf Simulator, Cafe & Working Space",10486,Padel & Mini Tennis Simulator 2,2026-09-17,17:00 - 18:00,200000,Available
3563_10486_18:00,3563,"Lifestyle Capital Club (LCC): Padel Court, Padel/Tennis/Golf Simulator, Cafe & Working Space",10486,Padel & Mini Tennis Simulator 2,2026-09-17,18:00 - 19:00,200000,Available
3563_10486_19:00,3563,"Lifestyle Capital Club (LCC): Padel Court, Padel/Tennis/Golf Simulator, Cafe & Working Space",10486,Padel & Mini Tennis Simulator 2,2026-09-17,19:00 - 20:00,200000,Available
3563_10486_20:00,3563,"Lifestyle Capital Club (LCC): Padel Court, Padel/Tennis/Golf Simulator, Cafe & Working Space",10486,Padel & Mini Tennis Simulator 2,2026-09-17,20:00 - 21:00,200000,Available
3563_10486_21:00,3563,"Lifestyle Capital Club (LCC): Padel Court, Padel/Tennis/Golf Simulator, Cafe & Working Space",10486,Padel & Mini Tennis Simulator 2,2026-09-17,21:00 - 22:00,200000,Available
3563_10486_22:00,3563,"Lifestyle Capital Club (LCC): Padel Court, Padel/Tennis/Golf Simulator, Cafe & Working Space",10486,Padel & Mini Tennis Simulator 2,2026-09-17,22:00 - 23:00,200000,Available
3563_10486_23:00,3563,"Lifestyle Capital Club (LCC): Padel Court, Padel/Tennis/Golf Simulator, Cafe & Working Space",10486,Padel & Mini Tennis Simulator 2,2026-09-17,23:00 - 00:00,200000,Available
3563_10415_06:00,3563,"Lifestyle Capital Club (LCC): Padel Court, Padel/Tennis/Golf Simulator, Cafe & Working Space",10415,Simulator Golf 1,2026-09-17,06:00 - 07:00,150000,Available
3563_10415_07:00,3563,"Lifestyle Capital Club (LCC): Padel Court, Padel/Tennis/Golf Simulator, Cafe & Working Space",10415,Simulator Golf 1,2026-09-17,07:00 - 08:00,150000,Available
3563_10415_08:00,3563,"Lifestyle Capital Club (LCC): Padel Court, Padel/Tennis/Golf Simulator, Cafe & Working Space",10415,Simulator Golf 1,2026-09-17,08:00 - 09:00,150000,Available
3563_10415_09:00,3563,"Lifestyle Capital Club (LCC): Padel Court, Padel/Tennis/Golf Simulator, Cafe & Working Space",10415,Simulator Golf 1,2026-09-17,09:00 - 10:00,150000,Available
3563_10415_10:00,3563,"Lifestyle Capital Club (LCC): Padel Court, Padel/Tennis/Golf Simulator, Cafe & Working Space",10415,Simulator Golf 1,2026-09-17,10:00 - 11:00,150000,Available
3563_10415_11:00,3563,"Lifestyle Capital Club (LCC): Padel Court, Padel/Tennis/Golf Simulator, Cafe & Working Space",10415,Simulator Golf 1,2026-09-17,11:00 - 12:00,150000,Available
3563_10415_12:00,3563,"Lifestyle Capital Club (LCC): Padel Court, Padel/Tennis/Golf Simulator, Cafe & Working Space",10415,Simulator Golf 1,2026-09-17,12:00 - 13:00,150000,Available
3563_10415_13:00,3563,"Lifestyle Capital Club (LCC): Padel Court, Padel/Tennis/Golf Simulator, Cafe & Working Space",10415,Simulator Golf 1,2026-09-17,13:00 - 14:00,150000,Available
3563_10415_14:00,3563,"Lifestyle Capital Club (LCC): Padel Court, Padel/Tennis/Golf Simulator, Cafe & Working Space",10415,Simulator Golf 1,2026-09-17,14:00 - 15:00,150000,Available
3563_10415_15:00,3563,"Lifestyle Capital Club (LCC): Padel Court, Padel/Tennis/Golf Simulator, Cafe & Working Space",10415,Simulator Golf 1,2026-09-17,15:00 - 16:00,150000,Available
3563_10415_16:00,3563,"Lifestyle Capital Club (LCC): Padel Court, Padel/Tennis/Golf Simulator, Cafe & Working Space",10415,Simulator Golf 1,2026-09-17,16:00 - 17:00,150000,Available
3563_10415_17:00,3563,"Lifestyle Capital Club (LCC): Padel Court, Padel/Tennis/Golf Simulator, Cafe & Working Space",10415,Simulator Golf 1,2026-09-17,17:00 - 18:00,150000,Available
3563_10415_18:00,3563,"Lifestyle Capital Club (LCC): Padel Court, Padel/Tennis/Golf Simulator, Cafe & Working Space",10415,Simulator Golf 1,2026-09-17,18:00 - 19:00,150000,Available
3563_10415_19:00,3563,"Lifestyle Capital Club (LCC): Padel Court, Padel/Tennis/Golf Simulator, Cafe & Working Space",10415,Simulator Golf 1,2026-09-17,19:00 - 20:00,150000,Available
3563_10415_20:00,3563,"Lifestyle Capital Club (LCC): Padel Court, Padel/Tennis/Golf Simulator, Cafe & Working Space",10415,Simulator Golf 1,2026-09-17,20:00 - 21:00,150000,Available
3563_10415_21:00,3563,"Lifestyle Capital Club (LCC): Padel Court, Padel/Tennis/Golf Simulator, Cafe & Working Space",10415,Simulator Golf 1,2026-09-17,21:00 - 22:00,150000,Available
3563_10415_22:00,3563,"Lifestyle Capital Club (LCC): Padel Court, Padel/Tennis/Golf Simulator, Cafe & Working Space",10415,Simulator Golf 1,2026-09-17,22:00 - 23:00,150000,Available
3563_10415_23:00,3563,"Lifestyle Capital Club (LCC): Padel Court, Padel/Tennis/Golf Simulator, Cafe & Working Space",10415,Simulator Golf 1,2026-09-17,23:00 - 00:00,150000,Available
3563_10883_06:00,3563,"Lifestyle Capital Club (LCC): Padel Court, Padel/Tennis/Golf Simulator, Cafe & Working Space",10883,VIP 1 Room Only,2026-09-17,06:00 - 07:00,350000,Available
3563_10883_07:00,3563,"Lifestyle Capital Club (LCC): Padel Court, Padel/Tennis/Golf Simulator, Cafe & Working Space",10883,VIP 1 Room Only,2026-09-17,07:00 - 08:00,350000,Available
3563_10883_08:00,3563,"Lifestyle Capital Club (LCC): Padel Court, Padel/Tennis/Golf Simulator, Cafe & Working Space",10883,VIP 1 Room Only,2026-09-17,08:00 - 09:00,350000,Available
3563_10883_09:00,3563,"Lifestyle Capital Club (LCC): Padel Court, Padel/Tennis/Golf Simulator, Cafe & Working Space",10883,VIP 1 Room Only,2026-09-17,09:00 - 10:00,350000,Available
3563_10883_10:00,3563,"Lifestyle Capital Club (LCC): Padel Court, Padel/Tennis/Golf Simulator, Cafe & Working Space",10883,VIP 1 Room Only,2026-09-17,10:00 - 11:00,350000,Available
3563_10883_11:00,3563,"Lifestyle Capital Club (LCC): Padel Court, Padel/Tennis/Golf Simulator, Cafe & Working Space",10883,VIP 1 Room Only,2026-09-17,11:00 - 12:00,350000,Available
3563_10883_12:00,3563,"Lifestyle Capital Club (LCC): Padel Court, Padel/Tennis/Golf Simulator, Cafe & Working Space",10883,VIP 1 Room Only,2026-09-17,12:00 - 13:00,350000,Available
3563_10883_13:00,3563,"Lifestyle Capital Club (LCC): Padel Court, Padel/Tennis/Golf Simulator, Cafe & Working Space",10883,VIP 1 Room Only,2026-09-17,13:00 - 14:00,350000,Available
3563_10883_14:00,3563,"Lifestyle Capital Club (LCC): Padel Court, Padel/Tennis/Golf Simulator, Cafe & Working Space",10883,VIP 1 Room Only,2026-09-17,14:00 - 15:00,350000,Available
3563_10883_15:00,3563,"Lifestyle Capital Club (LCC): Padel Court, Padel/Tennis/Golf Simulator, Cafe & Working Space",10883,VIP 1 Room Only,2026-09-17,15:00 - 16:00,350000,Available
3563_10883_16:00,3563,"Lifestyle Capital Club (LCC): Padel Court, Padel/Tennis/Golf Simulator, Cafe & Working Space",10883,VIP 1 Room Only,2026-09-17,16:00 - 17:00,350000,Available
3563_10883_17:00,3563,"Lifestyle Capital Club (LCC): Padel Court, Padel/Tennis/Golf Simulator, Cafe & Working Space",10883,VIP 1 Room Only,2026-09-17,17:00 - 18:00,350000,Available
3563_10883_18:00,3563,"Lifestyle Capital Club (LCC): Padel Court, Padel/Tennis/Golf Simulator, Cafe & Working Space",10883,VIP 1 Room Only,2026-09-17,18:00 - 19:00,350000,Available
3563_10883_19:00,3563,"Lifestyle Capital Club (LCC): Padel Court, Padel/Tennis/Golf Simulator, Cafe & Working Space",10883,VIP 1 Room Only,2026-09-17,19:00 - 20:00,350000,Available
3563_10883_20:00,3563,"Lifestyle Capital Club (LCC): Padel Court, Padel/Tennis/Golf Simulator, Cafe & Working Space",10883,VIP 1 Room Only,2026-09-17,20:00 - 21:00,350000,Available
3563_10883_21:00,3563,"Lifestyle Capital Club (LCC): Padel Court, Padel/Tennis/Golf Simulator, Cafe & Working Space",10883,VIP 1 Room Only,2026-09-17,21:00 - 22:00,350000,Available
3563_10883_22:00,3563,"Lifestyle Capital Club (LCC): Padel Court, Padel/Tennis/Golf Simulator, Cafe & Working Space",10883,VIP 1 Room Only,2026-09-17,22:00 - 23:00,350000,Available
3563_10883_23:00,3563,"Lifestyle Capital Club (LCC): Padel Court, Padel/Tennis/Golf Simulator, Cafe & Working Space",10883,VIP 1 Room Only,2026-09-17,23:00 - 00:00,350000,Available
3563_10882_06:00,3563,"Lifestyle Capital Club (LCC): Padel Court, Padel/Tennis/Golf Simulator, Cafe & Working Space",10882,VVIP Room Only,2026-09-17,06:00 - 07:00,500000,Available
3563_10882_07:00,3563,"Lifestyle Capital Club (LCC): Padel Court, Padel/Tennis/Golf Simulator, Cafe & Working Space",10882,VVIP Room Only,2026-09-17,07:00 - 08:00,500000,Available
3563_10882_08:00,3563,"Lifestyle Capital Club (LCC): Padel Court, Padel/Tennis/Golf Simulator, Cafe & Working Space",10882,VVIP Room Only,2026-09-17,08:00 - 09:00,500000,Available
3563_10882_09:00,3563,"Lifestyle Capital Club (LCC): Padel Court, Padel/Tennis/Golf Simulator, Cafe & Working Space",10882,VVIP Room Only,2026-09-17,09:00 - 10:00,500000,Available
3563_10882_10:00,3563,"Lifestyle Capital Club (LCC): Padel Court, Padel/Tennis/Golf Simulator, Cafe & Working Space",10882,VVIP Room Only,2026-09-17,10:00 - 11:00,500000,Available
3563_10882_11:00,3563,"Lifestyle Capital Club (LCC): Padel Court, Padel/Tennis/Golf Simulator, Cafe & Working Space",10882,VVIP Room Only,2026-09-17,11:00 - 12:00,500000,Available
3563_10882_12:00,3563,"Lifestyle Capital Club (LCC): Padel Court, Padel/Tennis/Golf Simulator, Cafe & Working Space",10882,VVIP Room Only,2026-09-17,12:00 - 13:00,500000,Available
3563_10882_13:00,3563,"Lifestyle Capital Club (LCC): Padel Court, Padel/Tennis/Golf Simulator, Cafe & Working Space",10882,VVIP Room Only,2026-09-17,13:00 - 14:00,500000,Available
3563_10882_14:00,3563,"Lifestyle Capital Club (LCC): Padel Court, Padel/Tennis/Golf Simulator, Cafe & Working Space",10882,VVIP Room Only,2026-09-17,14:00 - 15:00,500000,Available
3563_10882_15:00,3563,"Lifestyle Capital Club (LCC): Padel Court, Padel/Tennis/Golf Simulator, Cafe & Working Space",10882,VVIP Room Only,2026-09-17,15:00 - 16:00,500000,Available
3563_10882_16:00,3563,"Lifestyle Capital Club (LCC): Padel Court, Padel/Tennis/Golf Simulator, Cafe & Working Space",10882,VVIP Room Only,2026-09-17,16:00 - 17:00,500000,Available
3563_10882_17:00,3563,"Lifestyle Capital Club (LCC): Padel Court, Padel/Tennis/Golf Simulator, Cafe & Working Space",10882,VVIP Room Only,2026-09-17,17:00 - 18:00,500000,Available
3563_10882_18:00,3563,"Lifestyle Capital Club (LCC): Padel Court, Padel/Tennis/Golf Simulator, Cafe & Working Space",10882,VVIP Room Only,2026-09-17,18:00 - 19:00,500000,Available
3563_10882_19:00,3563,"Lifestyle Capital Club (LCC): Padel Court, Padel/Tennis/Golf Simulator, Cafe & Working Space",10882,VVIP Room Only,2026-09-17,19:00 - 20:00,500000,Available
3563_10882_20:00,3563,"Lifestyle Capital Club (LCC): Padel Court, Padel/Tennis/Golf Simulator, Cafe & Working Space",10882,VVIP Room Only,2026-09-17,20:00 - 21:00,500000,Available
3563_10882_21:00,3563,"Lifestyle Capital Club (LCC): Padel Court, Padel/Tennis/Golf Simulator, Cafe & Working Space",10882,VVIP Room Only,2026-09-17,21:00 - 22:00,500000,Available
3563_10882_22:00,3563,"Lifestyle Capital Club (LCC): Padel Court, Padel/Tennis/Golf Simulator, Cafe & Working Space",10882,VVIP Room Only,2026-09-17,22:00 - 23:00,500000,Available
3563_10882_23:00,3563,"Lifestyle Capital Club (LCC): Padel Court, Padel/Tennis/Golf Simulator, Cafe & Working Space",10882,VVIP Room Only,2026-09-17,23:00 - 00:00,500000,Available
2097_4352_06:00,2097,Gilapadel Kebayoran Lama,4352,Padel Indoor,2026-09-17,06:00 - 07:00,80000,Available
2097_4352_07:00,2097,Gilapadel Kebayoran Lama,4352,Padel Indoor,2026-09-17,07:00 - 08:00,80000,Available
2097_4352_08:00,2097,Gilapadel Kebayoran Lama,4352,Padel Indoor,2026-09-17,08:00 - 09:00,80000,Available
2097_4352_09:00,2097,Gilapadel Kebayoran Lama,4352,Padel Indoor,2026-09-17,09:00 - 10:00,80000,Available
2097_4352_10:00,2097,Gilapadel Kebayoran Lama,4352,Padel Indoor,2026-09-17,10:00 - 11:00,80000,Available
2097_4352_11:00,2097,Gilapadel Kebayoran Lama,4352,Padel Indoor,2026-09-17,11:00 - 12:00,80000,Available
2097_4352_12:00,2097,Gilapadel Kebayoran Lama,4352,Padel Indoor,2026-09-17,12:00 - 13:00,80000,Available
2097_4352_13:00,2097,Gilapadel Kebayoran Lama,4352,Padel Indoor,2026-09-17,13:00 - 14:00,80000,Available
2097_4352_14:00,2097,Gilapadel Kebayoran Lama,4352,Padel Indoor,2026-09-17,14:00 - 15:00,80000,Available
2097_4352_15:00,2097,Gilapadel Kebayoran Lama,4352,Padel Indoor,2026-09-17,15:00 - 16:00,80000,Available
2097_4352_16:00,2097,Gilapadel Kebayoran Lama,4352,Padel Indoor,2026-09-17,16:00 - 17:00,80000,Available
2097_4352_17:00,2097,Gilapadel Kebayoran Lama,4352,Padel Indoor,2026-09-17,17:00 - 18:00,80000,Available
2097_4352_18:00,2097,Gilapadel Kebayoran Lama,4352,Padel Indoor,2026-09-17,18:00 - 19:00,120000,Available
2097_4352_19:00,2097,Gilapadel Kebayoran Lama,4352,Padel Indoor,2026-09-17,19:00 - 20:00,120000,Booked
2097_4352_20:00,2097,Gilapadel Kebayoran Lama,4352,Padel Indoor,2026-09-17,20:00 - 21:00,120000,Booked
2097_4352_21:00,2097,Gilapadel Kebayoran Lama,4352,Padel Indoor,2026-09-17,21:00 - 22:00,120000,Available
2097_4352_22:00,2097,Gilapadel Kebayoran Lama,4352,Padel Indoor,2026-09-17,22:00 - 23:00,120000,Available
1827_3999_06:00,1827,Club De Padel,3999,Court Padel,2026-09-17,06:00 - 07:00,299000,Available
1827_3999_07:00,1827,Club De Padel,3999,Court Padel,2026-09-17,07:00 - 08:00,299000,Available
1827_3999_08:00,1827,Club De Padel,3999,Court Padel,2026-09-17,08:00 - 09:00,299000,Available
1827_3999_09:00,1827,Club De Padel,3999,Court Padel,2026-09-17,09:00 - 10:00,299000,Booked
1827_3999_10:00,1827,Club De Padel,3999,Court Padel,2026-09-17,10:00 - 11:00,299000,Booked
1827_3999_11:00,1827,Club De Padel,3999,Court Padel,2026-09-17,11:00 - 12:00,299000,Booked
1827_3999_12:00,1827,Club De Padel,3999,Court Padel,2026-09-17,12:00 - 13:00,299000,Available
1827_3999_13:00,1827,Club De Padel,3999,Court Padel,2026-09-17,13:00 - 14:00,299000,Available
1827_3999_14:00,1827,Club De Padel,3999,Court Padel,2026-09-17,14:00 - 15:00,299000,Available
1827_3999_15:00,1827,Club De Padel,3999,Court Padel,2026-09-17,15:00 - 16:00,299000,Available
1827_3999_16:00,1827,Club De Padel,3999,Court Padel,2026-09-17,16:00 - 17:00,349000,Available
1827_3999_17:00,1827,Club De Padel,3999,Court Padel,2026-09-17,17:00 - 18:00,349000,Booked
1827_3999_18:00,1827,Club De Padel,3999,Court Padel,2026-09-17,18:00 - 19:00,349000,Booked
1827_3999_19:00,1827,Club De Padel,3999,Court Padel,2026-09-17,19:00 - 20:00,349000,Booked
1827_3999_20:00,1827,Club De Padel,3999,Court Padel,2026-09-17,20:00 - 21:00,349000,Booked
1827_3999_21:00,1827,Club De Padel,3999,Court Padel,2026-09-17,21:00 - 22:00,349000,Available
4180_10350_06:00,4180,Padel Parc Arkadia,10350,Court 1,2026-09-17,06:00 - 07:00,270000,Available
4180_10350_07:00,4180,Padel Parc Arkadia,10350,Court 1,2026-09-17,07:00 - 08:00,270000,Available
4180_10350_08:00,4180,Padel Parc Arkadia,10350,Court 1,2026-09-17,08:00 - 09:00,270000,Available
4180_10350_09:00,4180,Padel Parc Arkadia,10350,Court 1,2026-09-17,09:00 - 10:00,270000,Available
4180_10350_10:00,4180,Padel Parc Arkadia,10350,Court 1,2026-09-17,10:00 - 11:00,180000,Available
4180_10350_11:00,4180,Padel Parc Arkadia,10350,Court 1,2026-09-17,11:00 - 12:00,180000,Available
4180_10350_12:00,4180,Padel Parc Arkadia,10350,Court 1,2026-09-17,12:00 - 13:00,180000,Available
4180_10350_13:00,4180,Padel Parc Arkadia,10350,Court 1,2026-09-17,13:00 - 14:00,180000,Available
4180_10350_14:00,4180,Padel Parc Arkadia,10350,Court 1,2026-09-17,14:00 - 15:00,180000,Available
4180_10350_15:00,4180,Padel Parc Arkadia,10350,Court 1,2026-09-17,15:00 - 16:00,180000,Available
4180_10350_16:00,4180,Padel Parc Arkadia,10350,Court 1,2026-09-17,16:00 - 17:00,297000,Available
4180_10350_17:00,4180,Padel Parc Arkadia,10350,Court 1,2026-09-17,17:00 - 18:00,297000,Available
4180_10350_18:00,4180,Padel Parc Arkadia,10350,Court 1,2026-09-17,18:00 - 19:00,297000,Booked
4180_10350_19:00,4180,Padel Parc Arkadia,10350,Court 1,2026-09-17,19:00 - 20:00,297000,Booked
4180_10350_20:00,4180,Padel Parc Arkadia,10350,Court 1,2026-09-17,20:00 - 21:00,297000,Booked
4180_10350_21:00,4180,Padel Parc Arkadia,10350,Court 1,2026-09-17,21:00 - 22:00,297000,Booked
4180_10350_22:00,4180,Padel Parc Arkadia,10350,Court 1,2026-09-17,22:00 - 23:00,297000,Booked
4180_10351_06:00,4180,Padel Parc Arkadia,10351,Court 2,2026-09-17,06:00 - 07:00,270000,Available
4180_10351_07:00,4180,Padel Parc Arkadia,10351,Court 2,2026-09-17,07:00 - 08:00,270000,Available
4180_10351_08:00,4180,Padel Parc Arkadia,10351,Court 2,2026-09-17,08:00 - 09:00,270000,Available
4180_10351_09:00,4180,Padel Parc Arkadia,10351,Court 2,2026-09-17,09:00 - 10:00,270000,Available
4180_10351_10:00,4180,Padel Parc Arkadia,10351,Court 2,2026-09-17,10:00 - 11:00,180000,Available
4180_10351_11:00,4180,Padel Parc Arkadia,10351,Court 2,2026-09-17,11:00 - 12:00,180000,Available
4180_10351_12:00,4180,Padel Parc Arkadia,10351,Court 2,2026-09-17,12:00 - 13:00,180000,Available
4180_10351_13:00,4180,Padel Parc Arkadia,10351,Court 2,2026-09-17,13:00 - 14:00,180000,Available
4180_10351_14:00,4180,Padel Parc Arkadia,10351,Court 2,2026-09-17,14:00 - 15:00,180000,Available
4180_10351_15:00,4180,Padel Parc Arkadia,10351,Court 2,2026-09-17,15:00 - 16:00,180000,Available
4180_10351_16:00,4180,Padel Parc Arkadia,10351,Court 2,2026-09-17,16:00 - 17:00,297000,Available
4180_10351_17:00,4180,Padel Parc Arkadia,10351,Court 2,2026-09-17,17:00 - 18:00,297000,Booked
4180_10351_18:00,4180,Padel Parc Arkadia,10351,Court 2,2026-09-17,18:00 - 19:00,297000,Booked
4180_10351_19:00,4180,Padel Parc Arkadia,10351,Court 2,2026-09-17,19:00 - 20:00,297000,Booked
4180_10351_20:00,4180,Padel Parc Arkadia,10351,Court 2,2026-09-17,20:00 - 21:00,297000,Booked
4180_10351_21:00,4180,Padel Parc Arkadia,10351,Court 2,2026-09-17,21:00 - 22:00,297000,Available
4180_10351_22:00,4180,Padel Parc Arkadia,10351,Court 2,2026-09-17,22:00 - 23:00,297000,Available
4180_10352_06:00,4180,Padel Parc Arkadia,10352,Court 3,2026-09-17,06:00 - 07:00,270000,Available
4180_10352_07:00,4180,Padel Parc Arkadia,10352,Court 3,2026-09-17,07:00 - 08:00,270000,Available
4180_10352_08:00,4180,Padel Parc Arkadia,10352,Court 3,2026-09-17,08:00 - 09:00,270000,Available
4180_10352_09:00,4180,Padel Parc Arkadia,10352,Court 3,2026-09-17,09:00 - 10:00,270000,Available
4180_10352_10:00,4180,Padel Parc Arkadia,10352,Court 3,2026-09-17,10:00 - 11:00,180000,Available
4180_10352_11:00,4180,Padel Parc Arkadia,10352,Court 3,2026-09-17,11:00 - 12:00,180000,Booked
4180_10352_12:00,4180,Padel Parc Arkadia,10352,Court 3,2026-09-17,12:00 - 13:00,180000,Available
4180_10352_13:00,4180,Padel Parc Arkadia,10352,Court 3,2026-09-17,13:00 - 14:00,180000,Available
4180_10352_14:00,4180,Padel Parc Arkadia,10352,Court 3,2026-09-17,14:00 - 15:00,180000,Available
4180_10352_15:00,4180,Padel Parc Arkadia,10352,Court 3,2026-09-17,15:00 - 16:00,180000,Available
4180_10352_16:00,4180,Padel Parc Arkadia,10352,Court 3,2026-09-17,16:00 - 17:00,297000,Available
4180_10352_17:00,4180,Padel Parc Arkadia,10352,Court 3,2026-09-17,17:00 - 18:00,297000,Available
4180_10352_18:00,4180,Padel Parc Arkadia,10352,Court 3,2026-09-17,18:00 - 19:00,297000,Available
4180_10352_19:00,4180,Padel Parc Arkadia,10352,Court 3,2026-09-17,19:00 - 20:00,297000,Booked
4180_10352_20:00,4180,Padel Parc Arkadia,10352,Court 3,2026-09-17,20:00 - 21:00,297000,Booked
4180_10352_21:00,4180,Padel Parc Arkadia,10352,Court 3,2026-09-17,21:00 - 22:00,297000,Booked
4180_10352_22:00,4180,Padel Parc Arkadia,10352,Court 3,2026-09-17,22:00 - 23:00,297000,Booked
4180_10353_06:00,4180,Padel Parc Arkadia,10353,Court 4,2026-09-17,06:00 - 07:00,270000,Available
4180_10353_07:00,4180,Padel Parc Arkadia,10353,Court 4,2026-09-17,07:00 - 08:00,270000,Available
4180_10353_08:00,4180,Padel Parc Arkadia,10353,Court 4,2026-09-17,08:00 - 09:00,270000,Available
4180_10353_09:00,4180,Padel Parc Arkadia,10353,Court 4,2026-09-17,09:00 - 10:00,270000,Available
4180_10353_10:00,4180,Padel Parc Arkadia,10353,Court 4,2026-09-17,10:00 - 11:00,180000,Available
4180_10353_11:00,4180,Padel Parc Arkadia,10353,Court 4,2026-09-17,11:00 - 12:00,180000,Available
4180_10353_12:00,4180,Padel Parc Arkadia,10353,Court 4,2026-09-17,12:00 - 13:00,180000,Available
4180_10353_13:00,4180,Padel Parc Arkadia,10353,Court 4,2026-09-17,13:00 - 14:00,180000,Available
4180_10353_14:00,4180,Padel Parc Arkadia,10353,Court 4,2026-09-17,14:00 - 15:00,180000,Available
4180_10353_15:00,4180,Padel Parc Arkadia,10353,Court 4,2026-09-17,15:00 - 16:00,180000,Available
4180_10353_16:00,4180,Padel Parc Arkadia,10353,Court 4,2026-09-17,16:00 - 17:00,297000,Available
4180_10353_17:00,4180,Padel Parc Arkadia,10353,Court 4,2026-09-17,17:00 - 18:00,297000,Available
4180_10353_18:00,4180,Padel Parc Arkadia,10353,Court 4,2026-09-17,18:00 - 19:00,297000,Booked
4180_10353_19:00,4180,Padel Parc Arkadia,10353,Court 4,2026-09-17,19:00 - 20:00,297000,Booked
4180_10353_20:00,4180,Padel Parc Arkadia,10353,Court 4,2026-09-17,20:00 - 21:00,297000,Available
4180_10353_21:00,4180,Padel Parc Arkadia,10353,Court 4,2026-09-17,21:00 - 22:00,297000,Available
4180_10353_22:00,4180,Padel Parc Arkadia,10353,Court 4,2026-09-17,22:00 - 23:00,297000,Available
4180_10354_06:00,4180,Padel Parc Arkadia,10354,Court 5,2026-09-17,06:00 - 07:00,270000,Available
4180_10354_07:00,4180,Padel Parc Arkadia,10354,Court 5,2026-09-17,07:00 - 08:00,270000,Available
4180_10354_08:00,4180,Padel Parc Arkadia,10354,Court 5,2026-09-17,08:00 - 09:00,270000,Available
4180_10354_09:00,4180,Padel Parc Arkadia,10354,Court 5,2026-09-17,09:00 - 10:00,270000,Available
4180_10354_10:00,4180,Padel Parc Arkadia,10354,Court 5,2026-09-17,10:00 - 11:00,180000,Available
4180_10354_11:00,4180,Padel Parc Arkadia,10354,Court 5,2026-09-17,11:00 - 12:00,180000,Available
4180_10354_12:00,4180,Padel Parc Arkadia,10354,Court 5,2026-09-17,12:00 - 13:00,180000,Available
4180_10354_13:00,4180,Padel Parc Arkadia,10354,Court 5,2026-09-17,13:00 - 14:00,180000,Available
4180_10354_14:00,4180,Padel Parc Arkadia,10354,Court 5,2026-09-17,14:00 - 15:00,180000,Available
4180_10354_15:00,4180,Padel Parc Arkadia,10354,Court 5,2026-09-17,15:00 - 16:00,180000,Available
4180_10354_16:00,4180,Padel Parc Arkadia,10354,Court 5,2026-09-17,16:00 - 17:00,297000,Available
4180_10354_17:00,4180,Padel Parc Arkadia,10354,Court 5,2026-09-17,17:00 - 18:00,297000,Available
4180_10354_18:00,4180,Padel Parc Arkadia,10354,Court 5,2026-09-17,18:00 - 19:00,297000,Available
4180_10354_19:00,4180,Padel Parc Arkadia,10354,Court 5,2026-09-17,19:00 - 20:00,297000,Available
4180_10354_20:00,4180,Padel Parc Arkadia,10354,Court 5,2026-09-17,20:00 - 21:00,297000,Booked
4180_10354_21:00,4180,Padel Parc Arkadia,10354,Court 5,2026-09-17,21:00 - 22:00,297000,Booked
4180_10354_22:00,4180,Padel Parc Arkadia,10354,Court 5,2026-09-17,22:00 - 23:00,297000,Booked
4180_10355_06:00,4180,Padel Parc Arkadia,10355,Court 6,2026-09-17,06:00 - 07:00,270000,Available
4180_10355_07:00,4180,Padel Parc Arkadia,10355,Court 6,2026-09-17,07:00 - 08:00,270000,Available
4180_10355_08:00,4180,Padel Parc Arkadia,10355,Court 6,2026-09-17,08:00 - 09:00,270000,Available
4180_10355_09:00,4180,Padel Parc Arkadia,10355,Court 6,2026-09-17,09:00 - 10:00,270000,Available
4180_10355_10:00,4180,Padel Parc Arkadia,10355,Court 6,2026-09-17,10:00 - 11:00,180000,Available
4180_10355_11:00,4180,Padel Parc Arkadia,10355,Court 6,2026-09-17,11:00 - 12:00,180000,Available
4180_10355_12:00,4180,Padel Parc Arkadia,10355,Court 6,2026-09-17,12:00 - 13:00,180000,Available
4180_10355_13:00,4180,Padel Parc Arkadia,10355,Court 6,2026-09-17,13:00 - 14:00,180000,Available
4180_10355_14:00,4180,Padel Parc Arkadia,10355,Court 6,2026-09-17,14:00 - 15:00,180000,Available
4180_10355_15:00,4180,Padel Parc Arkadia,10355,Court 6,2026-09-17,15:00 - 16:00,180000,Available
4180_10355_16:00,4180,Padel Parc Arkadia,10355,Court 6,2026-09-17,16:00 - 17:00,297000,Available
4180_10355_17:00,4180,Padel Parc Arkadia,10355,Court 6,2026-09-17,17:00 - 18:00,297000,Booked
4180_10355_18:00,4180,Padel Parc Arkadia,10355,Court 6,2026-09-17,18:00 - 19:00,297000,Booked
4180_10355_19:00,4180,Padel Parc Arkadia,10355,Court 6,2026-09-17,19:00 - 20:00,297000,Booked
4180_10355_20:00,4180,Padel Parc Arkadia,10355,Court 6,2026-09-17,20:00 - 21:00,297000,Booked
4180_10355_21:00,4180,Padel Parc Arkadia,10355,Court 6,2026-09-17,21:00 - 22:00,297000,Available
4180_10355_22:00,4180,Padel Parc Arkadia,10355,Court 6,2026-09-17,22:00 - 23:00,297000,Available
3918_9646_07:00,3918,Oasis Padel Kuningan,9646,Court 1,2026-09-17,07:00 - 08:00,300000,Available
3918_9646_08:00,3918,Oasis Padel Kuningan,9646,Court 1,2026-09-17,08:00 - 09:00,300000,Available
3918_9646_09:00,3918,Oasis Padel Kuningan,9646,Court 1,2026-09-17,09:00 - 10:00,300000,Available
3918_9646_10:00,3918,Oasis Padel Kuningan,9646,Court 1,2026-09-17,10:00 - 11:00,300000,Available
3918_9646_11:00,3918,Oasis Padel Kuningan,9646,Court 1,2026-09-17,11:00 - 12:00,300000,Available
3918_9646_12:00,3918,Oasis Padel Kuningan,9646,Court 1,2026-09-17,12:00 - 13:00,300000,Available
3918_9646_13:00,3918,Oasis Padel Kuningan,9646,Court 1,2026-09-17,13:00 - 14:00,300000,Available
3918_9646_14:00,3918,Oasis Padel Kuningan,9646,Court 1,2026-09-17,14:00 - 15:00,300000,Available
3918_9646_15:00,3918,Oasis Padel Kuningan,9646,Court 1,2026-09-17,15:00 - 16:00,300000,Available
3918_9646_16:00,3918,Oasis Padel Kuningan,9646,Court 1,2026-09-17,16:00 - 17:00,300000,Booked
3918_9646_17:00,3918,Oasis Padel Kuningan,9646,Court 1,2026-09-17,17:00 - 18:00,475000,Available
3918_9646_18:00,3918,Oasis Padel Kuningan,9646,Court 1,2026-09-17,18:00 - 19:00,475000,Booked
3918_9646_19:00,3918,Oasis Padel Kuningan,9646,Court 1,2026-09-17,19:00 - 20:00,475000,Booked
3918_9646_20:00,3918,Oasis Padel Kuningan,9646,Court 1,2026-09-17,20:00 - 21:00,475000,Booked
3918_9646_21:00,3918,Oasis Padel Kuningan,9646,Court 1,2026-09-17,21:00 - 22:00,475000,Booked
3918_11945_07:00,3918,Oasis Padel Kuningan,11945,Court 2,2026-09-17,07:00 - 08:00,300000,Available
3918_11945_08:00,3918,Oasis Padel Kuningan,11945,Court 2,2026-09-17,08:00 - 09:00,300000,Available
3918_11945_09:00,3918,Oasis Padel Kuningan,11945,Court 2,2026-09-17,09:00 - 10:00,300000,Available
3918_11945_10:00,3918,Oasis Padel Kuningan,11945,Court 2,2026-09-17,10:00 - 11:00,300000,Available
3918_11945_11:00,3918,Oasis Padel Kuningan,11945,Court 2,2026-09-17,11:00 - 12:00,300000,Available
3918_11945_12:00,3918,Oasis Padel Kuningan,11945,Court 2,2026-09-17,12:00 - 13:00,300000,Available
3918_11945_13:00,3918,Oasis Padel Kuningan,11945,Court 2,2026-09-17,13:00 - 14:00,300000,Available
3918_11945_14:00,3918,Oasis Padel Kuningan,11945,Court 2,2026-09-17,14:00 - 15:00,300000,Available
3918_11945_15:00,3918,Oasis Padel Kuningan,11945,Court 2,2026-09-17,15:00 - 16:00,300000,Available
3918_11945_16:00,3918,Oasis Padel Kuningan,11945,Court 2,2026-09-17,16:00 - 17:00,300000,Available
3918_11945_17:00,3918,Oasis Padel Kuningan,11945,Court 2,2026-09-17,17:00 - 18:00,475000,Available
3918_11945_18:00,3918,Oasis Padel Kuningan,11945,Court 2,2026-09-17,18:00 - 19:00,475000,Booked
3918_11945_19:00,3918,Oasis Padel Kuningan,11945,Court 2,2026-09-17,19:00 - 20:00,475000,Booked
3918_11945_20:00,3918,Oasis Padel Kuningan,11945,Court 2,2026-09-17,20:00 - 21:00,475000,Booked
3918_11945_21:00,3918,Oasis Padel Kuningan,11945,Court 2,2026-09-17,21:00 - 22:00,475000,Booked
3918_11946_07:00,3918,Oasis Padel Kuningan,11946,Court 3,2026-09-17,07:00 - 08:00,300000,Available
3918_11946_08:00,3918,Oasis Padel Kuningan,11946,Court 3,2026-09-17,08:00 - 09:00,300000,Available
3918_11946_09:00,3918,Oasis Padel Kuningan,11946,Court 3,2026-09-17,09:00 - 10:00,300000,Available
3918_11946_10:00,3918,Oasis Padel Kuningan,11946,Court 3,2026-09-17,10:00 - 11:00,300000,Available
3918_11946_11:00,3918,Oasis Padel Kuningan,11946,Court 3,2026-09-17,11:00 - 12:00,300000,Available
3918_11946_12:00,3918,Oasis Padel Kuningan,11946,Court 3,2026-09-17,12:00 - 13:00,300000,Available
3918_11946_13:00,3918,Oasis Padel Kuningan,11946,Court 3,2026-09-17,13:00 - 14:00,300000,Available
3918_11946_14:00,3918,Oasis Padel Kuningan,11946,Court 3,2026-09-17,14:00 - 15:00,300000,Available
3918_11946_15:00,3918,Oasis Padel Kuningan,11946,Court 3,2026-09-17,15:00 - 16:00,300000,Available
3918_11946_16:00,3918,Oasis Padel Kuningan,11946,Court 3,2026-09-17,16:00 - 17:00,300000,Available
3918_11946_17:00,3918,Oasis Padel Kuningan,11946,Court 3,2026-09-17,17:00 - 18:00,475000,Available
3918_11946_18:00,3918,Oasis Padel Kuningan,11946,Court 3,2026-09-17,18:00 - 19:00,475000,Booked
3918_11946_19:00,3918,Oasis Padel Kuningan,11946,Court 3,2026-09-17,19:00 - 20:00,475000,Booked
3918_11946_20:00,3918,Oasis Padel Kuningan,11946,Court 3,2026-09-17,20:00 - 21:00,475000,Available
3918_11946_21:00,3918,Oasis Padel Kuningan,11946,Court 3,2026-09-17,21:00 - 22:00,475000,Available
2329_5237_06:00,2329,Padel Bros,5237,Type R,2026-09-17,06:00 - 07:00,275000,Available
2329_5237_07:00,2329,Padel Bros,5237,Type R,2026-09-17,07:00 - 08:00,275000,Available
2329_5237_08:00,2329,Padel Bros,5237,Type R,2026-09-17,08:00 - 09:00,275000,Available
2329_5237_09:00,2329,Padel Bros,5237,Type R,2026-09-17,09:00 - 10:00,275000,Available
2329_5237_10:00,2329,Padel Bros,5237,Type R,2026-09-17,10:00 - 11:00,275000,Available
2329_5237_11:00,2329,Padel Bros,5237,Type R,2026-09-17,11:00 - 12:00,200000,Available
2329_5237_12:00,2329,Padel Bros,5237,Type R,2026-09-17,12:00 - 13:00,200000,Available
2329_5237_13:00,2329,Padel Bros,5237,Type R,2026-09-17,13:00 - 14:00,200000,Available
2329_5237_14:00,2329,Padel Bros,5237,Type R,2026-09-17,14:00 - 15:00,200000,Available
2329_5237_15:00,2329,Padel Bros,5237,Type R,2026-09-17,15:00 - 16:00,200000,Available
2329_5237_16:00,2329,Padel Bros,5237,Type R,2026-09-17,16:00 - 17:00,375000,Available
2329_5237_17:00,2329,Padel Bros,5237,Type R,2026-09-17,17:00 - 18:00,375000,Available
2329_5237_18:00,2329,Padel Bros,5237,Type R,2026-09-17,18:00 - 19:00,375000,Available
2329_5237_19:00,2329,Padel Bros,5237,Type R,2026-09-17,19:00 - 20:00,375000,Available
2329_5237_20:00,2329,Padel Bros,5237,Type R,2026-09-17,20:00 - 21:00,375000,Available
2329_5237_21:00,2329,Padel Bros,5237,Type R,2026-09-17,21:00 - 22:00,375000,Available
2329_5550_06:00,2329,Padel Bros,5550,Type S,2026-09-17,06:00 - 07:00,275000,Available
2329_5550_07:00,2329,Padel Bros,5550,Type S,2026-09-17,07:00 - 08:00,275000,Available
2329_5550_08:00,2329,Padel Bros,5550,Type S,2026-09-17,08:00 - 09:00,275000,Available
2329_5550_09:00,2329,Padel Bros,5550,Type S,2026-09-17,09:00 - 10:00,275000,Available
2329_5550_10:00,2329,Padel Bros,5550,Type S,2026-09-17,10:00 - 11:00,275000,Available
2329_5550_11:00,2329,Padel Bros,5550,Type S,2026-09-17,11:00 - 12:00,200000,Available
2329_5550_12:00,2329,Padel Bros,5550,Type S,2026-09-17,12:00 - 13:00,200000,Available
2329_5550_13:00,2329,Padel Bros,5550,Type S,2026-09-17,13:00 - 14:00,200000,Available
2329_5550_14:00,2329,Padel Bros,5550,Type S,2026-09-17,14:00 - 15:00,200000,Available
2329_5550_15:00,2329,Padel Bros,5550,Type S,2026-09-17,15:00 - 16:00,200000,Available
2329_5550_16:00,2329,Padel Bros,5550,Type S,2026-09-17,16:00 - 17:00,375000,Available
2329_5550_17:00,2329,Padel Bros,5550,Type S,2026-09-17,17:00 - 18:00,375000,Available
2329_5550_18:00,2329,Padel Bros,5550,Type S,2026-09-17,18:00 - 19:00,375000,Available
2329_5550_19:00,2329,Padel Bros,5550,Type S,2026-09-17,19:00 - 20:00,375000,Available
2329_5550_20:00,2329,Padel Bros,5550,Type S,2026-09-17,20:00 - 21:00,375000,Available
2329_5550_21:00,2329,Padel Bros,5550,Type S,2026-09-17,21:00 - 22:00,375000,Available
4628_11850_08:00,4628,PPPLATZ,11850,Eins,2026-09-17,08:00 - 09:00,200000,Booked
4628_11850_09:00,4628,PPPLATZ,11850,Eins,2026-09-17,09:00 - 10:00,200000,Booked
4628_11850_10:00,4628,PPPLATZ,11850,Eins,2026-09-17,10:00 - 11:00,200000,Available
4628_11850_11:00,4628,PPPLATZ,11850,Eins,2026-09-17,11:00 - 12:00,200000,Available
4628_11850_12:00,4628,PPPLATZ,11850,Eins,2026-09-17,12:00 - 13:00,200000,Booked
4628_11850_13:00,4628,PPPLATZ,11850,Eins,2026-09-17,13:00 - 14:00,200000,Available
4628_11850_14:00,4628,PPPLATZ,11850,Eins,2026-09-17,14:00 - 15:00,200000,Available
4628_11850_15:00,4628,PPPLATZ,11850,Eins,2026-09-17,15:00 - 16:00,200000,Available
4628_11850_16:00,4628,PPPLATZ,11850,Eins,2026-09-17,16:00 - 17:00,200000,Booked
4628_11850_17:00,4628,PPPLATZ,11850,Eins,2026-09-17,17:00 - 18:00,200000,Booked
4628_11850_18:00,4628,PPPLATZ,11850,Eins,2026-09-17,18:00 - 19:00,200000,Booked
4628_11850_19:00,4628,PPPLATZ,11850,Eins,2026-09-17,19:00 - 20:00,200000,Booked
4628_11850_20:00,4628,PPPLATZ,11850,Eins,2026-09-17,20:00 - 21:00,200000,Booked
4628_11850_21:00,4628,PPPLATZ,11850,Eins,2026-09-17,21:00 - 22:00,200000,Booked
4628_11851_08:00,4628,PPPLATZ,11851,Zwei,2026-09-17,08:00 - 09:00,200000,Booked
4628_11851_09:00,4628,PPPLATZ,11851,Zwei,2026-09-17,09:00 - 10:00,200000,Booked
4628_11851_10:00,4628,PPPLATZ,11851,Zwei,2026-09-17,10:00 - 11:00,200000,Available
4628_11851_11:00,4628,PPPLATZ,11851,Zwei,2026-09-17,11:00 - 12:00,200000,Available
4628_11851_12:00,4628,PPPLATZ,11851,Zwei,2026-09-17,12:00 - 13:00,200000,Available
4628_11851_13:00,4628,PPPLATZ,11851,Zwei,2026-09-17,13:00 - 14:00,200000,Available
4628_11851_14:00,4628,PPPLATZ,11851,Zwei,2026-09-17,14:00 - 15:00,200000,Available
4628_11851_15:00,4628,PPPLATZ,11851,Zwei,2026-09-17,15:00 - 16:00,200000,Available
4628_11851_16:00,4628,PPPLATZ,11851,Zwei,2026-09-17,16:00 - 17:00,200000,Booked
4628_11851_17:00,4628,PPPLATZ,11851,Zwei,2026-09-17,17:00 - 18:00,200000,Booked
4628_11851_18:00,4628,PPPLATZ,11851,Zwei,2026-09-17,18:00 - 19:00,200000,Booked
4628_11851_19:00,4628,PPPLATZ,11851,Zwei,2026-09-17,19:00 - 20:00,200000,Booked
4628_11851_20:00,4628,PPPLATZ,11851,Zwei,2026-09-17,20:00 - 21:00,200000,Booked
4628_11851_21:00,4628,PPPLATZ,11851,Zwei,2026-09-17,21:00 - 22:00,200000,Booked
1848_3791_06:00,1848,Look Padel Kahfi I Jaksel,3791,Super Panoramic Court A,2026-09-17,06:00 - 07:00,135000,Available
1848_3791_07:00,1848,Look Padel Kahfi I Jaksel,3791,Super Panoramic Court A,2026-09-17,07:00 - 08:00,135000,Available
1848_3791_08:00,1848,Look Padel Kahfi I Jaksel,3791,Super Panoramic Court A,2026-09-17,08:00 - 09:00,165000,Available
1848_3791_09:00,1848,Look Padel Kahfi I Jaksel,3791,Super Panoramic Court A,2026-09-17,09:00 - 10:00,165000,Available
1848_3791_10:00,1848,Look Padel Kahfi I Jaksel,3791,Super Panoramic Court A,2026-09-17,10:00 - 11:00,165000,Available
1848_3791_11:00,1848,Look Padel Kahfi I Jaksel,3791,Super Panoramic Court A,2026-09-17,11:00 - 12:00,165000,Available
1848_3791_12:00,1848,Look Padel Kahfi I Jaksel,3791,Super Panoramic Court A,2026-09-17,12:00 - 13:00,165000,Available
1848_3791_13:00,1848,Look Padel Kahfi I Jaksel,3791,Super Panoramic Court A,2026-09-17,13:00 - 14:00,165000,Available
1848_3791_14:00,1848,Look Padel Kahfi I Jaksel,3791,Super Panoramic Court A,2026-09-17,14:00 - 15:00,165000,Booked
1848_3791_15:00,1848,Look Padel Kahfi I Jaksel,3791,Super Panoramic Court A,2026-09-17,15:00 - 16:00,165000,Available
1848_3791_16:00,1848,Look Padel Kahfi I Jaksel,3791,Super Panoramic Court A,2026-09-17,16:00 - 17:00,195000,Booked
1848_3791_17:00,1848,Look Padel Kahfi I Jaksel,3791,Super Panoramic Court A,2026-09-17,17:00 - 18:00,195000,Booked
1848_3791_18:00,1848,Look Padel Kahfi I Jaksel,3791,Super Panoramic Court A,2026-09-17,18:00 - 19:00,195000,Available
1848_3791_19:00,1848,Look Padel Kahfi I Jaksel,3791,Super Panoramic Court A,2026-09-17,19:00 - 20:00,195000,Booked
1848_3791_20:00,1848,Look Padel Kahfi I Jaksel,3791,Super Panoramic Court A,2026-09-17,20:00 - 21:00,195000,Booked
1848_3791_21:00,1848,Look Padel Kahfi I Jaksel,3791,Super Panoramic Court A,2026-09-17,21:00 - 22:00,195000,Booked
1848_3791_22:00,1848,Look Padel Kahfi I Jaksel,3791,Super Panoramic Court A,2026-09-17,22:00 - 23:00,195000,Available
1848_5036_06:00,1848,Look Padel Kahfi I Jaksel,5036,Super Panoramic Court B,2026-09-17,06:00 - 07:00,135000,Available
1848_5036_07:00,1848,Look Padel Kahfi I Jaksel,5036,Super Panoramic Court B,2026-09-17,07:00 - 08:00,135000,Available
1848_5036_08:00,1848,Look Padel Kahfi I Jaksel,5036,Super Panoramic Court B,2026-09-17,08:00 - 09:00,165000,Booked
1848_5036_09:00,1848,Look Padel Kahfi I Jaksel,5036,Super Panoramic Court B,2026-09-17,09:00 - 10:00,165000,Booked
1848_5036_10:00,1848,Look Padel Kahfi I Jaksel,5036,Super Panoramic Court B,2026-09-17,10:00 - 11:00,165000,Available
1848_5036_11:00,1848,Look Padel Kahfi I Jaksel,5036,Super Panoramic Court B,2026-09-17,11:00 - 12:00,165000,Available
1848_5036_12:00,1848,Look Padel Kahfi I Jaksel,5036,Super Panoramic Court B,2026-09-17,12:00 - 13:00,165000,Available
1848_5036_13:00,1848,Look Padel Kahfi I Jaksel,5036,Super Panoramic Court B,2026-09-17,13:00 - 14:00,165000,Booked
1848_5036_14:00,1848,Look Padel Kahfi I Jaksel,5036,Super Panoramic Court B,2026-09-17,14:00 - 15:00,165000,Booked
1848_5036_15:00,1848,Look Padel Kahfi I Jaksel,5036,Super Panoramic Court B,2026-09-17,15:00 - 16:00,165000,Available
1848_5036_16:00,1848,Look Padel Kahfi I Jaksel,5036,Super Panoramic Court B,2026-09-17,16:00 - 17:00,195000,Booked
1848_5036_17:00,1848,Look Padel Kahfi I Jaksel,5036,Super Panoramic Court B,2026-09-17,17:00 - 18:00,195000,Booked
1848_5036_18:00,1848,Look Padel Kahfi I Jaksel,5036,Super Panoramic Court B,2026-09-17,18:00 - 19:00,195000,Booked
1848_5036_19:00,1848,Look Padel Kahfi I Jaksel,5036,Super Panoramic Court B,2026-09-17,19:00 - 20:00,195000,Booked
1848_5036_20:00,1848,Look Padel Kahfi I Jaksel,5036,Super Panoramic Court B,2026-09-17,20:00 - 21:00,195000,Booked
1848_5036_21:00,1848,Look Padel Kahfi I Jaksel,5036,Super Panoramic Court B,2026-09-17,21:00 - 22:00,195000,Booked
1848_5036_22:00,1848,Look Padel Kahfi I Jaksel,5036,Super Panoramic Court B,2026-09-17,22:00 - 23:00,195000,Available
3824_9426_07:00,3824,4-Play Padel Simulator,9426,Court 1,2026-09-17,07:00 - 07:30,120000,Available
3824_9426_07:30,3824,4-Play Padel Simulator,9426,Court 1,2026-09-17,07:30 - 08:00,120000,Available
3824_9426_08:00,3824,4-Play Padel Simulator,9426,Court 1,2026-09-17,08:00 - 08:30,120000,Available
3824_9426_08:30,3824,4-Play Padel Simulator,9426,Court 1,2026-09-17,08:30 - 09:00,120000,Available
3824_9426_09:00,3824,4-Play Padel Simulator,9426,Court 1,2026-09-17,09:00 - 09:30,120000,Available
3824_9426_09:30,3824,4-Play Padel Simulator,9426,Court 1,2026-09-17,09:30 - 10:00,120000,Available
3824_9426_10:00,3824,4-Play Padel Simulator,9426,Court 1,2026-09-17,10:00 - 10:30,120000,Available
3824_9426_10:30,3824,4-Play Padel Simulator,9426,Court 1,2026-09-17,10:30 - 11:00,120000,Available
3824_9426_11:00,3824,4-Play Padel Simulator,9426,Court 1,2026-09-17,11:00 - 11:30,120000,Available
3824_9426_11:30,3824,4-Play Padel Simulator,9426,Court 1,2026-09-17,11:30 - 12:00,120000,Available
3824_9426_12:00,3824,4-Play Padel Simulator,9426,Court 1,2026-09-17,12:00 - 12:30,120000,Available
3824_9426_12:30,3824,4-Play Padel Simulator,9426,Court 1,2026-09-17,12:30 - 13:00,120000,Available
3824_9426_13:00,3824,4-Play Padel Simulator,9426,Court 1,2026-09-17,13:00 - 13:30,120000,Available
3824_9426_13:30,3824,4-Play Padel Simulator,9426,Court 1,2026-09-17,13:30 - 14:00,120000,Available
3824_9426_14:00,3824,4-Play Padel Simulator,9426,Court 1,2026-09-17,14:00 - 14:30,120000,Available
3824_9426_14:30,3824,4-Play Padel Simulator,9426,Court 1,2026-09-17,14:30 - 15:00,120000,Available
3824_9426_15:00,3824,4-Play Padel Simulator,9426,Court 1,2026-09-17,15:00 - 15:30,120000,Available
3824_9426_15:30,3824,4-Play Padel Simulator,9426,Court 1,2026-09-17,15:30 - 16:00,120000,Available
3824_9426_16:00,3824,4-Play Padel Simulator,9426,Court 1,2026-09-17,16:00 - 16:30,120000,Available
3824_9426_16:30,3824,4-Play Padel Simulator,9426,Court 1,2026-09-17,16:30 - 17:00,120000,Available
3824_9426_17:00,3824,4-Play Padel Simulator,9426,Court 1,2026-09-17,17:00 - 17:30,120000,Available
3824_9426_17:30,3824,4-Play Padel Simulator,9426,Court 1,2026-09-17,17:30 - 18:00,120000,Available
3824_9426_18:00,3824,4-Play Padel Simulator,9426,Court 1,2026-09-17,18:00 - 18:30,120000,Available
3824_9426_18:30,3824,4-Play Padel Simulator,9426,Court 1,2026-09-17,18:30 - 19:00,120000,Available
3824_9426_19:00,3824,4-Play Padel Simulator,9426,Court 1,2026-09-17,19:00 - 19:30,120000,Available
3824_9426_19:30,3824,4-Play Padel Simulator,9426,Court 1,2026-09-17,19:30 - 20:00,120000,Available
3824_9426_20:00,3824,4-Play Padel Simulator,9426,Court 1,2026-09-17,20:00 - 20:30,120000,Available
3824_9426_20:30,3824,4-Play Padel Simulator,9426,Court 1,2026-09-17,20:30 - 21:00,120000,Available
3824_9426_21:00,3824,4-Play Padel Simulator,9426,Court 1,2026-09-17,21:00 - 21:30,120000,Available
3824_9426_21:30,3824,4-Play Padel Simulator,9426,Court 1,2026-09-17,21:30 - 22:00,120000,Available
3824_9426_22:00,3824,4-Play Padel Simulator,9426,Court 1,2026-09-17,22:00 - 22:30,120000,Available
3824_9436_07:00,3824,4-Play Padel Simulator,9436,Court 2,2026-09-17,07:00 - 07:30,120000,Available
3824_9436_07:30,3824,4-Play Padel Simulator,9436,Court 2,2026-09-17,07:30 - 08:00,120000,Booked
3824_9436_08:00,3824,4-Play Padel Simulator,9436,Court 2,2026-09-17,08:00 - 08:30,120000,Booked
3824_9436_08:30,3824,4-Play Padel Simulator,9436,Court 2,2026-09-17,08:30 - 09:00,120000,Booked
3824_9436_09:00,3824,4-Play Padel Simulator,9436,Court 2,2026-09-17,09:00 - 09:30,120000,Booked
3824_9436_09:30,3824,4-Play Padel Simulator,9436,Court 2,2026-09-17,09:30 - 10:00,120000,Booked
3824_9436_10:00,3824,4-Play Padel Simulator,9436,Court 2,2026-09-17,10:00 - 10:30,120000,Booked
3824_9436_10:30,3824,4-Play Padel Simulator,9436,Court 2,2026-09-17,10:30 - 11:00,120000,Available
3824_9436_11:00,3824,4-Play Padel Simulator,9436,Court 2,2026-09-17,11:00 - 11:30,120000,Available
3824_9436_11:30,3824,4-Play Padel Simulator,9436,Court 2,2026-09-17,11:30 - 12:00,120000,Booked
3824_9436_12:00,3824,4-Play Padel Simulator,9436,Court 2,2026-09-17,12:00 - 12:30,120000,Booked
3824_9436_12:30,3824,4-Play Padel Simulator,9436,Court 2,2026-09-17,12:30 - 13:00,120000,Booked
3824_9436_13:00,3824,4-Play Padel Simulator,9436,Court 2,2026-09-17,13:00 - 13:30,120000,Booked
3824_9436_13:30,3824,4-Play Padel Simulator,9436,Court 2,2026-09-17,13:30 - 14:00,120000,Booked
3824_9436_14:00,3824,4-Play Padel Simulator,9436,Court 2,2026-09-17,14:00 - 14:30,120000,Booked
3824_9436_14:30,3824,4-Play Padel Simulator,9436,Court 2,2026-09-17,14:30 - 15:00,120000,Booked
3824_9436_15:00,3824,4-Play Padel Simulator,9436,Court 2,2026-09-17,15:00 - 15:30,120000,Available
3824_9436_15:30,3824,4-Play Padel Simulator,9436,Court 2,2026-09-17,15:30 - 16:00,120000,Available
3824_9436_16:00,3824,4-Play Padel Simulator,9436,Court 2,2026-09-17,16:00 - 16:30,120000,Available
3824_9436_16:30,3824,4-Play Padel Simulator,9436,Court 2,2026-09-17,16:30 - 17:00,120000,Booked
3824_9436_17:00,3824,4-Play Padel Simulator,9436,Court 2,2026-09-17,17:00 - 17:30,120000,Booked
3824_9436_17:30,3824,4-Play Padel Simulator,9436,Court 2,2026-09-17,17:30 - 18:00,120000,Booked
3824_9436_18:00,3824,4-Play Padel Simulator,9436,Court 2,2026-09-17,18:00 - 18:30,120000,Booked
3824_9436_18:30,3824,4-Play Padel Simulator,9436,Court 2,2026-09-17,18:30 - 19:00,120000,Booked
3824_9436_19:00,3824,4-Play Padel Simulator,9436,Court 2,2026-09-17,19:00 - 19:30,120000,Booked
3824_9436_19:30,3824,4-Play Padel Simulator,9436,Court 2,2026-09-17,19:30 - 20:00,120000,Booked
3824_9436_20:00,3824,4-Play Padel Simulator,9436,Court 2,2026-09-17,20:00 - 20:30,120000,Available
3824_9436_20:30,3824,4-Play Padel Simulator,9436,Court 2,2026-09-17,20:30 - 21:00,120000,Available
3824_9436_21:00,3824,4-Play Padel Simulator,9436,Court 2,2026-09-17,21:00 - 21:30,120000,Available
3824_9436_21:30,3824,4-Play Padel Simulator,9436,Court 2,2026-09-17,21:30 - 22:00,120000,Available
3824_9436_22:00,3824,4-Play Padel Simulator,9436,Court 2,2026-09-17,22:00 - 22:30,120000,Available
3824_9437_07:00,3824,4-Play Padel Simulator,9437,Court 3,2026-09-17,07:00 - 07:30,100000,Available
3824_9437_07:30,3824,4-Play Padel Simulator,9437,Court 3,2026-09-17,07:30 - 08:00,100000,Available
3824_9437_08:00,3824,4-Play Padel Simulator,9437,Court 3,2026-09-17,08:00 - 08:30,100000,Available
3824_9437_08:30,3824,4-Play Padel Simulator,9437,Court 3,2026-09-17,08:30 - 09:00,100000,Available
3824_9437_09:00,3824,4-Play Padel Simulator,9437,Court 3,2026-09-17,09:00 - 09:30,100000,Available
3824_9437_09:30,3824,4-Play Padel Simulator,9437,Court 3,2026-09-17,09:30 - 10:00,100000,Available
3824_9437_10:00,3824,4-Play Padel Simulator,9437,Court 3,2026-09-17,10:00 - 10:30,100000,Available
3824_9437_10:30,3824,4-Play Padel Simulator,9437,Court 3,2026-09-17,10:30 - 11:00,100000,Available
3824_9437_11:00,3824,4-Play Padel Simulator,9437,Court 3,2026-09-17,11:00 - 11:30,100000,Available
3824_9437_11:30,3824,4-Play Padel Simulator,9437,Court 3,2026-09-17,11:30 - 12:00,100000,Available
3824_9437_12:00,3824,4-Play Padel Simulator,9437,Court 3,2026-09-17,12:00 - 12:30,100000,Available
3824_9437_12:30,3824,4-Play Padel Simulator,9437,Court 3,2026-09-17,12:30 - 13:00,100000,Available
3824_9437_13:00,3824,4-Play Padel Simulator,9437,Court 3,2026-09-17,13:00 - 13:30,100000,Available
3824_9437_13:30,3824,4-Play Padel Simulator,9437,Court 3,2026-09-17,13:30 - 14:00,100000,Available
3824_9437_14:00,3824,4-Play Padel Simulator,9437,Court 3,2026-09-17,14:00 - 14:30,100000,Available
3824_9437_14:30,3824,4-Play Padel Simulator,9437,Court 3,2026-09-17,14:30 - 15:00,100000,Available
3824_9437_15:00,3824,4-Play Padel Simulator,9437,Court 3,2026-09-17,15:00 - 15:30,100000,Available
3824_9437_15:30,3824,4-Play Padel Simulator,9437,Court 3,2026-09-17,15:30 - 16:00,100000,Available
3824_9437_16:00,3824,4-Play Padel Simulator,9437,Court 3,2026-09-17,16:00 - 16:30,100000,Available
3824_9437_16:30,3824,4-Play Padel Simulator,9437,Court 3,2026-09-17,16:30 - 17:00,100000,Available
3824_9437_17:00,3824,4-Play Padel Simulator,9437,Court 3,2026-09-17,17:00 - 17:30,100000,Available
3824_9437_17:30,3824,4-Play Padel Simulator,9437,Court 3,2026-09-17,17:30 - 18:00,100000,Available
3824_9437_18:00,3824,4-Play Padel Simulator,9437,Court 3,2026-09-17,18:00 - 18:30,100000,Available
3824_9437_18:30,3824,4-Play Padel Simulator,9437,Court 3,2026-09-17,18:30 - 19:00,100000,Available
3824_9437_19:00,3824,4-Play Padel Simulator,9437,Court 3,2026-09-17,19:00 - 19:30,100000,Available
3824_9437_19:30,3824,4-Play Padel Simulator,9437,Court 3,2026-09-17,19:30 - 20:00,100000,Available
3824_9437_20:00,3824,4-Play Padel Simulator,9437,Court 3,2026-09-17,20:00 - 20:30,100000,Available
3824_9437_20:30,3824,4-Play Padel Simulator,9437,Court 3,2026-09-17,20:30 - 21:00,100000,Available
3824_9437_21:00,3824,4-Play Padel Simulator,9437,Court 3,2026-09-17,21:00 - 21:30,100000,Available
3824_9437_21:30,3824,4-Play Padel Simulator,9437,Court 3,2026-09-17,21:30 - 22:00,100000,Available
3824_9437_22:00,3824,4-Play Padel Simulator,9437,Court 3,2026-09-17,22:00 - 22:30,100000,Available
3824_9438_07:00,3824,4-Play Padel Simulator,9438,Court 4,2026-09-17,07:00 - 07:30,100000,Available
3824_9438_07:30,3824,4-Play Padel Simulator,9438,Court 4,2026-09-17,07:30 - 08:00,100000,Available
3824_9438_08:00,3824,4-Play Padel Simulator,9438,Court 4,2026-09-17,08:00 - 08:30,100000,Available
3824_9438_08:30,3824,4-Play Padel Simulator,9438,Court 4,2026-09-17,08:30 - 09:00,100000,Available
3824_9438_09:00,3824,4-Play Padel Simulator,9438,Court 4,2026-09-17,09:00 - 09:30,100000,Available
3824_9438_09:30,3824,4-Play Padel Simulator,9438,Court 4,2026-09-17,09:30 - 10:00,100000,Available
3824_9438_10:00,3824,4-Play Padel Simulator,9438,Court 4,2026-09-17,10:00 - 10:30,100000,Available
3824_9438_10:30,3824,4-Play Padel Simulator,9438,Court 4,2026-09-17,10:30 - 11:00,100000,Available
3824_9438_11:00,3824,4-Play Padel Simulator,9438,Court 4,2026-09-17,11:00 - 11:30,100000,Available
3824_9438_11:30,3824,4-Play Padel Simulator,9438,Court 4,2026-09-17,11:30 - 12:00,100000,Available
3824_9438_12:00,3824,4-Play Padel Simulator,9438,Court 4,2026-09-17,12:00 - 12:30,100000,Available
3824_9438_12:30,3824,4-Play Padel Simulator,9438,Court 4,2026-09-17,12:30 - 13:00,100000,Booked
3824_9438_13:00,3824,4-Play Padel Simulator,9438,Court 4,2026-09-17,13:00 - 13:30,100000,Booked
3824_9438_13:30,3824,4-Play Padel Simulator,9438,Court 4,2026-09-17,13:30 - 14:00,100000,Booked
3824_9438_14:00,3824,4-Play Padel Simulator,9438,Court 4,2026-09-17,14:00 - 14:30,100000,Booked
3824_9438_14:30,3824,4-Play Padel Simulator,9438,Court 4,2026-09-17,14:30 - 15:00,100000,Booked
3824_9438_15:00,3824,4-Play Padel Simulator,9438,Court 4,2026-09-17,15:00 - 15:30,100000,Available
3824_9438_15:30,3824,4-Play Padel Simulator,9438,Court 4,2026-09-17,15:30 - 16:00,100000,Available
3824_9438_16:00,3824,4-Play Padel Simulator,9438,Court 4,2026-09-17,16:00 - 16:30,100000,Available
3824_9438_16:30,3824,4-Play Padel Simulator,9438,Court 4,2026-09-17,16:30 - 17:00,100000,Available
3824_9438_17:00,3824,4-Play Padel Simulator,9438,Court 4,2026-09-17,17:00 - 17:30,100000,Available
3824_9438_17:30,3824,4-Play Padel Simulator,9438,Court 4,2026-09-17,17:30 - 18:00,100000,Available
3824_9438_18:00,3824,4-Play Padel Simulator,9438,Court 4,2026-09-17,18:00 - 18:30,100000,Available
3824_9438_18:30,3824,4-Play Padel Simulator,9438,Court 4,2026-09-17,18:30 - 19:00,100000,Available
3824_9438_19:00,3824,4-Play Padel Simulator,9438,Court 4,2026-09-17,19:00 - 19:30,100000,Available
3824_9438_19:30,3824,4-Play Padel Simulator,9438,Court 4,2026-09-17,19:30 - 20:00,100000,Available
3824_9438_20:00,3824,4-Play Padel Simulator,9438,Court 4,2026-09-17,20:00 - 20:30,100000,Available
3824_9438_20:30,3824,4-Play Padel Simulator,9438,Court 4,2026-09-17,20:30 - 21:00,100000,Available
3824_9438_21:00,3824,4-Play Padel Simulator,9438,Court 4,2026-09-17,21:00 - 21:30,100000,Available
3824_9438_21:30,3824,4-Play Padel Simulator,9438,Court 4,2026-09-17,21:30 - 22:00,100000,Available
3824_9438_22:00,3824,4-Play Padel Simulator,9438,Court 4,2026-09-17,22:00 - 22:30,100000,Available
1640_3324_06:00,1640,Bounce Padel,3324,VIP Court,2026-09-17,06:00 - 07:00,99000,Available
1640_3324_07:00,1640,Bounce Padel,3324,VIP Court,2026-09-17,07:00 - 08:00,99000,Available
1640_3324_08:00,1640,Bounce Padel,3324,VIP Court,2026-09-17,08:00 - 09:00,175000,Booked
1640_3324_09:00,1640,Bounce Padel,3324,VIP Court,2026-09-17,09:00 - 10:00,175000,Available
1640_3324_10:00,1640,Bounce Padel,3324,VIP Court,2026-09-17,10:00 - 11:00,175000,Available
1640_3324_11:00,1640,Bounce Padel,3324,VIP Court,2026-09-17,11:00 - 12:00,175000,Available
1640_3324_12:00,1640,Bounce Padel,3324,VIP Court,2026-09-17,12:00 - 13:00,175000,Available
1640_3324_13:00,1640,Bounce Padel,3324,VIP Court,2026-09-17,13:00 - 14:00,175000,Available
1640_3324_14:00,1640,Bounce Padel,3324,VIP Court,2026-09-17,14:00 - 15:00,175000,Available
1640_3324_15:00,1640,Bounce Padel,3324,VIP Court,2026-09-17,15:00 - 16:00,175000,Available
1640_3324_16:00,1640,Bounce Padel,3324,VIP Court,2026-09-17,16:00 - 17:00,175000,Available
1640_3324_17:00,1640,Bounce Padel,3324,VIP Court,2026-09-17,17:00 - 18:00,175000,Available
1640_3324_18:00,1640,Bounce Padel,3324,VIP Court,2026-09-17,18:00 - 19:00,175000,Available
1640_3324_19:00,1640,Bounce Padel,3324,VIP Court,2026-09-17,19:00 - 20:00,175000,Available
1640_7961_06:00,1640,Bounce Padel,7961,Court 2,2026-09-17,06:00 - 07:00,99000,Available
1640_7961_07:00,1640,Bounce Padel,7961,Court 2,2026-09-17,07:00 - 08:00,99000,Booked
1640_7961_08:00,1640,Bounce Padel,7961,Court 2,2026-09-17,08:00 - 09:00,175000,Booked
1640_7961_09:00,1640,Bounce Padel,7961,Court 2,2026-09-17,09:00 - 10:00,175000,Available
1640_7961_10:00,1640,Bounce Padel,7961,Court 2,2026-09-17,10:00 - 11:00,175000,Available
1640_7961_11:00,1640,Bounce Padel,7961,Court 2,2026-09-17,11:00 - 12:00,175000,Available
1640_7961_12:00,1640,Bounce Padel,7961,Court 2,2026-09-17,12:00 - 13:00,175000,Available
1640_7961_13:00,1640,Bounce Padel,7961,Court 2,2026-09-17,13:00 - 14:00,175000,Available
1640_7961_14:00,1640,Bounce Padel,7961,Court 2,2026-09-17,14:00 - 15:00,175000,Available
1640_7961_15:00,1640,Bounce Padel,7961,Court 2,2026-09-17,15:00 - 16:00,175000,Available
1640_7961_16:00,1640,Bounce Padel,7961,Court 2,2026-09-17,16:00 - 17:00,175000,Available
1640_7961_17:00,1640,Bounce Padel,7961,Court 2,2026-09-17,17:00 - 18:00,175000,Available
1640_7961_18:00,1640,Bounce Padel,7961,Court 2,2026-09-17,18:00 - 19:00,175000,Available
1640_7961_19:00,1640,Bounce Padel,7961,Court 2,2026-09-17,19:00 - 20:00,175000,Booked
1640_9908_06:00,1640,Bounce Padel,9908,Court 3,2026-09-17,06:00 - 07:00,99000,Available
1640_9908_07:00,1640,Bounce Padel,9908,Court 3,2026-09-17,07:00 - 08:00,99000,Booked
1640_9908_08:00,1640,Bounce Padel,9908,Court 3,2026-09-17,08:00 - 09:00,175000,Booked
1640_9908_09:00,1640,Bounce Padel,9908,Court 3,2026-09-17,09:00 - 10:00,175000,Booked
1640_9908_10:00,1640,Bounce Padel,9908,Court 3,2026-09-17,10:00 - 11:00,175000,Booked
1640_9908_11:00,1640,Bounce Padel,9908,Court 3,2026-09-17,11:00 - 12:00,175000,Available
1640_9908_12:00,1640,Bounce Padel,9908,Court 3,2026-09-17,12:00 - 13:00,175000,Available
1640_9908_13:00,1640,Bounce Padel,9908,Court 3,2026-09-17,13:00 - 14:00,175000,Available
1640_9908_14:00,1640,Bounce Padel,9908,Court 3,2026-09-17,14:00 - 15:00,175000,Available
1640_9908_15:00,1640,Bounce Padel,9908,Court 3,2026-09-17,15:00 - 16:00,175000,Available
1640_9908_16:00,1640,Bounce Padel,9908,Court 3,2026-09-17,16:00 - 17:00,175000,Available
1640_9908_17:00,1640,Bounce Padel,9908,Court 3,2026-09-17,17:00 - 18:00,175000,Available
1640_9908_18:00,1640,Bounce Padel,9908,Court 3,2026-09-17,18:00 - 19:00,175000,Booked
1640_9908_19:00,1640,Bounce Padel,9908,Court 3,2026-09-17,19:00 - 20:00,175000,Booked
1640_9909_06:00,1640,Bounce Padel,9909,Court 4,2026-09-17,06:00 - 07:00,99000,Available
1640_9909_07:00,1640,Bounce Padel,9909,Court 4,2026-09-17,07:00 - 08:00,99000,Booked
1640_9909_08:00,1640,Bounce Padel,9909,Court 4,2026-09-17,08:00 - 09:00,175000,Booked
1640_9909_09:00,1640,Bounce Padel,9909,Court 4,2026-09-17,09:00 - 10:00,175000,Booked
1640_9909_10:00,1640,Bounce Padel,9909,Court 4,2026-09-17,10:00 - 11:00,175000,Booked
1640_9909_11:00,1640,Bounce Padel,9909,Court 4,2026-09-17,11:00 - 12:00,175000,Available
1640_9909_12:00,1640,Bounce Padel,9909,Court 4,2026-09-17,12:00 - 13:00,175000,Available
1640_9909_13:00,1640,Bounce Padel,9909,Court 4,2026-09-17,13:00 - 14:00,175000,Available
1640_9909_14:00,1640,Bounce Padel,9909,Court 4,2026-09-17,14:00 - 15:00,175000,Available
1640_9909_15:00,1640,Bounce Padel,9909,Court 4,2026-09-17,15:00 - 16:00,175000,Available
1640_9909_16:00,1640,Bounce Padel,9909,Court 4,2026-09-17,16:00 - 17:00,175000,Available
1640_9909_17:00,1640,Bounce Padel,9909,Court 4,2026-09-17,17:00 - 18:00,175000,Available
1640_9909_18:00,1640,Bounce Padel,9909,Court 4,2026-09-17,18:00 - 19:00,175000,Available
1640_9909_19:00,1640,Bounce Padel,9909,Court 4,2026-09-17,19:00 - 20:00,175000,Available
1640_9910_06:00,1640,Bounce Padel,9910,Court 5,2026-09-17,06:00 - 07:00,99000,Available
1640_9910_07:00,1640,Bounce Padel,9910,Court 5,2026-09-17,07:00 - 08:00,99000,Available
1640_9910_08:00,1640,Bounce Padel,9910,Court 5,2026-09-17,08:00 - 09:00,175000,Available
1640_9910_09:00,1640,Bounce Padel,9910,Court 5,2026-09-17,09:00 - 10:00,175000,Available
1640_9910_10:00,1640,Bounce Padel,9910,Court 5,2026-09-17,10:00 - 11:00,175000,Available
1640_9910_11:00,1640,Bounce Padel,9910,Court 5,2026-09-17,11:00 - 12:00,175000,Available
1640_9910_12:00,1640,Bounce Padel,9910,Court 5,2026-09-17,12:00 - 13:00,175000,Available
1640_9910_13:00,1640,Bounce Padel,9910,Court 5,2026-09-17,13:00 - 14:00,175000,Available
1640_9910_14:00,1640,Bounce Padel,9910,Court 5,2026-09-17,14:00 - 15:00,175000,Available
1640_9910_15:00,1640,Bounce Padel,9910,Court 5,2026-09-17,15:00 - 16:00,175000,Available
1640_9910_16:00,1640,Bounce Padel,9910,Court 5,2026-09-17,16:00 - 17:00,175000,Available
1640_9910_17:00,1640,Bounce Padel,9910,Court 5,2026-09-17,17:00 - 18:00,175000,Available
1640_9910_18:00,1640,Bounce Padel,9910,Court 5,2026-09-17,18:00 - 19:00,175000,Available
1640_9910_19:00,1640,Bounce Padel,9910,Court 5,2026-09-17,19:00 - 20:00,175000,Available
2486_5473_06:00,2486,K30 Padel,5473,K30 Padel,2026-09-17,06:00 - 07:00,250000,Available
2486_5473_07:00,2486,K30 Padel,5473,K30 Padel,2026-09-17,07:00 - 08:00,250000,Available
2486_5473_08:00,2486,K30 Padel,5473,K30 Padel,2026-09-17,08:00 - 09:00,250000,Available
2486_5473_09:00,2486,K30 Padel,5473,K30 Padel,2026-09-17,09:00 - 10:00,250000,Booked
2486_5473_10:00,2486,K30 Padel,5473,K30 Padel,2026-09-17,10:00 - 11:00,250000,Available
2486_5473_11:00,2486,K30 Padel,5473,K30 Padel,2026-09-17,11:00 - 12:00,250000,Available
2486_5473_12:00,2486,K30 Padel,5473,K30 Padel,2026-09-17,12:00 - 13:00,250000,Available
2486_5473_13:00,2486,K30 Padel,5473,K30 Padel,2026-09-17,13:00 - 14:00,250000,Available
2486_5473_14:00,2486,K30 Padel,5473,K30 Padel,2026-09-17,14:00 - 15:00,250000,Available
2486_5473_15:00,2486,K30 Padel,5473,K30 Padel,2026-09-17,15:00 - 16:00,250000,Booked
2486_5473_16:00,2486,K30 Padel,5473,K30 Padel,2026-09-17,16:00 - 17:00,250000,Booked
2486_5473_17:00,2486,K30 Padel,5473,K30 Padel,2026-09-17,17:00 - 18:00,250000,Booked
2486_5473_18:00,2486,K30 Padel,5473,K30 Padel,2026-09-17,18:00 - 19:00,250000,Available
2486_5473_19:00,2486,K30 Padel,5473,K30 Padel,2026-09-17,19:00 - 20:00,250000,Available
3128_7362_07:30,3128,Fourthwall,7362,Fourthwall Court,2026-09-17,07:30 - 09:30,1200000,Available
3128_7362_10:00,3128,Fourthwall,7362,Fourthwall Court,2026-09-17,10:00 - 12:00,1200000,Booked
3128_7362_12:30,3128,Fourthwall,7362,Fourthwall Court,2026-09-17,12:30 - 14:30,1200000,Available
3128_7362_15:00,3128,Fourthwall,7362,Fourthwall Court,2026-09-17,15:00 - 17:00,1200000,Booked
3128_7362_17:30,3128,Fourthwall,7362,Fourthwall Court,2026-09-17,17:30 - 19:30,1200000,Available
3128_7362_20:00,3128,Fourthwall,7362,Fourthwall Court,2026-09-17,20:00 - 22:00,1200000,Available
3520_8661_07:00,3520,Clubhouse Gandaria,8661,Court 1,2026-09-17,07:00 - 08:00,350000,Available
3520_8661_08:00,3520,Clubhouse Gandaria,8661,Court 1,2026-09-17,08:00 - 09:00,350000,Available
3520_8661_09:00,3520,Clubhouse Gandaria,8661,Court 1,2026-09-17,09:00 - 10:00,250000,Available
3520_8661_10:00,3520,Clubhouse Gandaria,8661,Court 1,2026-09-17,10:00 - 11:00,250000,Available
3520_8661_11:00,3520,Clubhouse Gandaria,8661,Court 1,2026-09-17,11:00 - 12:00,250000,Available
3520_8661_12:00,3520,Clubhouse Gandaria,8661,Court 1,2026-09-17,12:00 - 13:00,250000,Available
3520_8661_13:00,3520,Clubhouse Gandaria,8661,Court 1,2026-09-17,13:00 - 14:00,250000,Available
3520_8661_14:00,3520,Clubhouse Gandaria,8661,Court 1,2026-09-17,14:00 - 15:00,250000,Booked
3520_8661_15:00,3520,Clubhouse Gandaria,8661,Court 1,2026-09-17,15:00 - 16:00,250000,Available
3520_8661_16:00,3520,Clubhouse Gandaria,8661,Court 1,2026-09-17,16:00 - 17:00,250000,Available
3520_8661_17:00,3520,Clubhouse Gandaria,8661,Court 1,2026-09-17,17:00 - 18:00,350000,Available
3520_8661_18:00,3520,Clubhouse Gandaria,8661,Court 1,2026-09-17,18:00 - 19:00,350000,Available
3520_8661_19:00,3520,Clubhouse Gandaria,8661,Court 1,2026-09-17,19:00 - 20:00,350000,Booked
3520_8661_20:00,3520,Clubhouse Gandaria,8661,Court 1,2026-09-17,20:00 - 21:00,350000,Booked
3520_8661_21:00,3520,Clubhouse Gandaria,8661,Court 1,2026-09-17,21:00 - 22:00,350000,Booked
3520_8662_07:00,3520,Clubhouse Gandaria,8662,Court 2,2026-09-17,07:00 - 08:00,350000,Available
3520_8662_08:00,3520,Clubhouse Gandaria,8662,Court 2,2026-09-17,08:00 - 09:00,350000,Booked
3520_8662_09:00,3520,Clubhouse Gandaria,8662,Court 2,2026-09-17,09:00 - 10:00,250000,Available
3520_8662_10:00,3520,Clubhouse Gandaria,8662,Court 2,2026-09-17,10:00 - 11:00,250000,Available
3520_8662_11:00,3520,Clubhouse Gandaria,8662,Court 2,2026-09-17,11:00 - 12:00,250000,Available
3520_8662_12:00,3520,Clubhouse Gandaria,8662,Court 2,2026-09-17,12:00 - 13:00,250000,Available
3520_8662_13:00,3520,Clubhouse Gandaria,8662,Court 2,2026-09-17,13:00 - 14:00,250000,Available
3520_8662_14:00,3520,Clubhouse Gandaria,8662,Court 2,2026-09-17,14:00 - 15:00,250000,Available
3520_8662_15:00,3520,Clubhouse Gandaria,8662,Court 2,2026-09-17,15:00 - 16:00,250000,Available
3520_8662_16:00,3520,Clubhouse Gandaria,8662,Court 2,2026-09-17,16:00 - 17:00,250000,Available
3520_8662_17:00,3520,Clubhouse Gandaria,8662,Court 2,2026-09-17,17:00 - 18:00,350000,Available
3520_8662_18:00,3520,Clubhouse Gandaria,8662,Court 2,2026-09-17,18:00 - 19:00,350000,Available
3520_8662_19:00,3520,Clubhouse Gandaria,8662,Court 2,2026-09-17,19:00 - 20:00,350000,Booked
3520_8662_20:00,3520,Clubhouse Gandaria,8662,Court 2,2026-09-17,20:00 - 21:00,350000,Booked
3520_8662_21:00,3520,Clubhouse Gandaria,8662,Court 2,2026-09-17,21:00 - 22:00,350000,Booked
3520_8663_07:00,3520,Clubhouse Gandaria,8663,Court 3,2026-09-17,07:00 - 08:00,350000,Available
3520_8663_08:00,3520,Clubhouse Gandaria,8663,Court 3,2026-09-17,08:00 - 09:00,350000,Available
3520_8663_09:00,3520,Clubhouse Gandaria,8663,Court 3,2026-09-17,09:00 - 10:00,250000,Available
3520_8663_10:00,3520,Clubhouse Gandaria,8663,Court 3,2026-09-17,10:00 - 11:00,250000,Available
3520_8663_11:00,3520,Clubhouse Gandaria,8663,Court 3,2026-09-17,11:00 - 12:00,250000,Available
3520_8663_12:00,3520,Clubhouse Gandaria,8663,Court 3,2026-09-17,12:00 - 13:00,250000,Available
3520_8663_13:00,3520,Clubhouse Gandaria,8663,Court 3,2026-09-17,13:00 - 14:00,250000,Available
3520_8663_14:00,3520,Clubhouse Gandaria,8663,Court 3,2026-09-17,14:00 - 15:00,250000,Available
3520_8663_15:00,3520,Clubhouse Gandaria,8663,Court 3,2026-09-17,15:00 - 16:00,250000,Available
3520_8663_16:00,3520,Clubhouse Gandaria,8663,Court 3,2026-09-17,16:00 - 17:00,250000,Available
3520_8663_17:00,3520,Clubhouse Gandaria,8663,Court 3,2026-09-17,17:00 - 18:00,350000,Available
3520_8663_18:00,3520,Clubhouse Gandaria,8663,Court 3,2026-09-17,18:00 - 19:00,350000,Available
3520_8663_19:00,3520,Clubhouse Gandaria,8663,Court 3,2026-09-17,19:00 - 20:00,350000,Available
3520_8663_20:00,3520,Clubhouse Gandaria,8663,Court 3,2026-09-17,20:00 - 21:00,350000,Available
3520_8663_21:00,3520,Clubhouse Gandaria,8663,Court 3,2026-09-17,21:00 - 22:00,350000,Available
3520_8664_07:00,3520,Clubhouse Gandaria,8664,Court 4,2026-09-17,07:00 - 08:00,350000,Available
3520_8664_08:00,3520,Clubhouse Gandaria,8664,Court 4,2026-09-17,08:00 - 09:00,350000,Available
3520_8664_09:00,3520,Clubhouse Gandaria,8664,Court 4,2026-09-17,09:00 - 10:00,250000,Available
3520_8664_10:00,3520,Clubhouse Gandaria,8664,Court 4,2026-09-17,10:00 - 11:00,250000,Available
3520_8664_11:00,3520,Clubhouse Gandaria,8664,Court 4,2026-09-17,11:00 - 12:00,250000,Available
3520_8664_12:00,3520,Clubhouse Gandaria,8664,Court 4,2026-09-17,12:00 - 13:00,250000,Available
3520_8664_13:00,3520,Clubhouse Gandaria,8664,Court 4,2026-09-17,13:00 - 14:00,250000,Available
3520_8664_14:00,3520,Clubhouse Gandaria,8664,Court 4,2026-09-17,14:00 - 15:00,250000,Available
3520_8664_15:00,3520,Clubhouse Gandaria,8664,Court 4,2026-09-17,15:00 - 16:00,250000,Available
3520_8664_16:00,3520,Clubhouse Gandaria,8664,Court 4,2026-09-17,16:00 - 17:00,250000,Available
3520_8664_17:00,3520,Clubhouse Gandaria,8664,Court 4,2026-09-17,17:00 - 18:00,350000,Available
3520_8664_18:00,3520,Clubhouse Gandaria,8664,Court 4,2026-09-17,18:00 - 19:00,350000,Booked
3520_8664_19:00,3520,Clubhouse Gandaria,8664,Court 4,2026-09-17,19:00 - 20:00,350000,Available
3520_8664_20:00,3520,Clubhouse Gandaria,8664,Court 4,2026-09-17,20:00 - 21:00,350000,Available
3520_8664_21:00,3520,Clubhouse Gandaria,8664,Court 4,2026-09-17,21:00 - 22:00,350000,Available
2652_5884_06:00,2652,Padel Court 57 Kemang,5884,Court 1,2026-09-17,06:00 - 07:00,250000,Available
2652_5884_07:00,2652,Padel Court 57 Kemang,5884,Court 1,2026-09-17,07:00 - 08:00,250000,Available
2652_5884_08:00,2652,Padel Court 57 Kemang,5884,Court 1,2026-09-17,08:00 - 09:00,250000,Available
2652_5884_09:00,2652,Padel Court 57 Kemang,5884,Court 1,2026-09-17,09:00 - 10:00,250000,Available
2652_5884_10:00,2652,Padel Court 57 Kemang,5884,Court 1,2026-09-17,10:00 - 11:00,250000,Available
2652_5884_11:00,2652,Padel Court 57 Kemang,5884,Court 1,2026-09-17,11:00 - 12:00,250000,Available
2652_5884_12:00,2652,Padel Court 57 Kemang,5884,Court 1,2026-09-17,12:00 - 13:00,250000,Available
2652_5884_13:00,2652,Padel Court 57 Kemang,5884,Court 1,2026-09-17,13:00 - 14:00,250000,Available
2652_5884_14:00,2652,Padel Court 57 Kemang,5884,Court 1,2026-09-17,14:00 - 15:00,250000,Available
2652_5884_15:00,2652,Padel Court 57 Kemang,5884,Court 1,2026-09-17,15:00 - 16:00,250000,Available
2652_5884_16:00,2652,Padel Court 57 Kemang,5884,Court 1,2026-09-17,16:00 - 17:00,350000,Available
2652_5884_17:00,2652,Padel Court 57 Kemang,5884,Court 1,2026-09-17,17:00 - 18:00,350000,Available
2652_5884_18:00,2652,Padel Court 57 Kemang,5884,Court 1,2026-09-17,18:00 - 19:00,350000,Available
2652_5884_19:00,2652,Padel Court 57 Kemang,5884,Court 1,2026-09-17,19:00 - 20:00,350000,Available
2652_5884_20:00,2652,Padel Court 57 Kemang,5884,Court 1,2026-09-17,20:00 - 21:00,350000,Available
2652_5884_21:00,2652,Padel Court 57 Kemang,5884,Court 1,2026-09-17,21:00 - 22:00,350000,Available
2652_5885_06:00,2652,Padel Court 57 Kemang,5885,Court 2,2026-09-17,06:00 - 07:00,250000,Available
2652_5885_07:00,2652,Padel Court 57 Kemang,5885,Court 2,2026-09-17,07:00 - 08:00,250000,Available
2652_5885_08:00,2652,Padel Court 57 Kemang,5885,Court 2,2026-09-17,08:00 - 09:00,250000,Available
2652_5885_09:00,2652,Padel Court 57 Kemang,5885,Court 2,2026-09-17,09:00 - 10:00,250000,Available
2652_5885_10:00,2652,Padel Court 57 Kemang,5885,Court 2,2026-09-17,10:00 - 11:00,250000,Available
2652_5885_11:00,2652,Padel Court 57 Kemang,5885,Court 2,2026-09-17,11:00 - 12:00,250000,Available
2652_5885_12:00,2652,Padel Court 57 Kemang,5885,Court 2,2026-09-17,12:00 - 13:00,250000,Available
2652_5885_13:00,2652,Padel Court 57 Kemang,5885,Court 2,2026-09-17,13:00 - 14:00,250000,Available
2652_5885_14:00,2652,Padel Court 57 Kemang,5885,Court 2,2026-09-17,14:00 - 15:00,250000,Available
2652_5885_15:00,2652,Padel Court 57 Kemang,5885,Court 2,2026-09-17,15:00 - 16:00,250000,Available
2652_5885_16:00,2652,Padel Court 57 Kemang,5885,Court 2,2026-09-17,16:00 - 17:00,350000,Available
2652_5885_17:00,2652,Padel Court 57 Kemang,5885,Court 2,2026-09-17,17:00 - 18:00,350000,Available
2652_5885_18:00,2652,Padel Court 57 Kemang,5885,Court 2,2026-09-17,18:00 - 19:00,350000,Available
2652_5885_19:00,2652,Padel Court 57 Kemang,5885,Court 2,2026-09-17,19:00 - 20:00,350000,Available
2652_5885_20:00,2652,Padel Court 57 Kemang,5885,Court 2,2026-09-17,20:00 - 21:00,350000,Available
2652_5885_21:00,2652,Padel Court 57 Kemang,5885,Court 2,2026-09-17,21:00 - 22:00,350000,Available
1513_7285_06:00,1513,911 Court Syndicate.jkt,7285,Court 1,2026-09-17,06:00 - 07:00,225000,Available
1513_7285_07:00,1513,911 Court Syndicate.jkt,7285,Court 1,2026-09-17,07:00 - 08:00,225000,Booked
1513_7285_08:00,1513,911 Court Syndicate.jkt,7285,Court 1,2026-09-17,08:00 - 09:00,225000,Booked
1513_7285_09:00,1513,911 Court Syndicate.jkt,7285,Court 1,2026-09-17,09:00 - 10:00,225000,Booked
1513_7285_10:00,1513,911 Court Syndicate.jkt,7285,Court 1,2026-09-17,10:00 - 11:00,225000,Available
1513_7285_11:00,1513,911 Court Syndicate.jkt,7285,Court 1,2026-09-17,11:00 - 12:00,225000,Booked
1513_7285_12:00,1513,911 Court Syndicate.jkt,7285,Court 1,2026-09-17,12:00 - 13:00,225000,Booked
1513_7285_13:00,1513,911 Court Syndicate.jkt,7285,Court 1,2026-09-17,13:00 - 14:00,225000,Available
1513_7285_14:00,1513,911 Court Syndicate.jkt,7285,Court 1,2026-09-17,14:00 - 15:00,225000,Available
1513_7285_15:00,1513,911 Court Syndicate.jkt,7285,Court 1,2026-09-17,15:00 - 16:00,225000,Available
1513_7285_16:00,1513,911 Court Syndicate.jkt,7285,Court 1,2026-09-17,16:00 - 18:00,750000,Booked
1513_7285_18:00,1513,911 Court Syndicate.jkt,7285,Court 1,2026-09-17,18:00 - 20:00,750000,Booked
1513_7285_20:00,1513,911 Court Syndicate.jkt,7285,Court 1,2026-09-17,20:00 - 22:00,750000,Booked
1513_7285_22:00,1513,911 Court Syndicate.jkt,7285,Court 1,2026-09-17,22:00 - 23:00,200000,Booked
1513_7285_23:00,1513,911 Court Syndicate.jkt,7285,Court 1,2026-09-17,23:00 - 00:00,200000,Booked
1513_3044_06:00,1513,911 Court Syndicate.jkt,3044,Court 2,2026-09-17,06:00 - 07:00,225000,Available
1513_3044_07:00,1513,911 Court Syndicate.jkt,3044,Court 2,2026-09-17,07:00 - 08:00,225000,Available
1513_3044_08:00,1513,911 Court Syndicate.jkt,3044,Court 2,2026-09-17,08:00 - 09:00,225000,Available
1513_3044_09:00,1513,911 Court Syndicate.jkt,3044,Court 2,2026-09-17,09:00 - 10:00,225000,Available
1513_3044_10:00,1513,911 Court Syndicate.jkt,3044,Court 2,2026-09-17,10:00 - 11:00,225000,Available
1513_3044_11:00,1513,911 Court Syndicate.jkt,3044,Court 2,2026-09-17,11:00 - 12:00,225000,Available
1513_3044_12:00,1513,911 Court Syndicate.jkt,3044,Court 2,2026-09-17,12:00 - 13:00,225000,Available
1513_3044_13:00,1513,911 Court Syndicate.jkt,3044,Court 2,2026-09-17,13:00 - 14:00,225000,Available
1513_3044_14:00,1513,911 Court Syndicate.jkt,3044,Court 2,2026-09-17,14:00 - 15:00,225000,Available
1513_3044_15:00,1513,911 Court Syndicate.jkt,3044,Court 2,2026-09-17,15:00 - 16:00,225000,Available
1513_3044_16:00,1513,911 Court Syndicate.jkt,3044,Court 2,2026-09-17,16:00 - 18:00,750000,Booked
1513_3044_18:00,1513,911 Court Syndicate.jkt,3044,Court 2,2026-09-17,18:00 - 20:00,750000,Booked
1513_3044_20:00,1513,911 Court Syndicate.jkt,3044,Court 2,2026-09-17,20:00 - 22:00,750000,Booked
1513_3044_22:00,1513,911 Court Syndicate.jkt,3044,Court 2,2026-09-17,22:00 - 23:00,200000,Available
1513_3044_23:00,1513,911 Court Syndicate.jkt,3044,Court 2,2026-09-17,23:00 - 00:00,200000,Available
1513_3045_06:00,1513,911 Court Syndicate.jkt,3045,Pickleball,2026-09-17,06:00 - 07:00,125000,Available
1513_3045_07:00,1513,911 Court Syndicate.jkt,3045,Pickleball,2026-09-17,07:00 - 08:00,125000,Available
1513_3045_08:00,1513,911 Court Syndicate.jkt,3045,Pickleball,2026-09-17,08:00 - 09:00,125000,Available
1513_3045_09:00,1513,911 Court Syndicate.jkt,3045,Pickleball,2026-09-17,09:00 - 10:00,125000,Available
1513_3045_10:00,1513,911 Court Syndicate.jkt,3045,Pickleball,2026-09-17,10:00 - 11:00,125000,Available
1513_3045_11:00,1513,911 Court Syndicate.jkt,3045,Pickleball,2026-09-17,11:00 - 12:00,125000,Available
1513_3045_12:00,1513,911 Court Syndicate.jkt,3045,Pickleball,2026-09-17,12:00 - 13:00,125000,Available
1513_3045_13:00,1513,911 Court Syndicate.jkt,3045,Pickleball,2026-09-17,13:00 - 14:00,125000,Available
1513_3045_14:00,1513,911 Court Syndicate.jkt,3045,Pickleball,2026-09-17,14:00 - 15:00,125000,Available
1513_3045_15:00,1513,911 Court Syndicate.jkt,3045,Pickleball,2026-09-17,15:00 - 16:00,125000,Available
1513_3045_16:00,1513,911 Court Syndicate.jkt,3045,Pickleball,2026-09-17,16:00 - 17:00,125000,Available
1513_3045_17:00,1513,911 Court Syndicate.jkt,3045,Pickleball,2026-09-17,17:00 - 18:00,125000,Available
1513_3045_18:00,1513,911 Court Syndicate.jkt,3045,Pickleball,2026-09-17,18:00 - 19:00,125000,Booked
1513_3045_19:00,1513,911 Court Syndicate.jkt,3045,Pickleball,2026-09-17,19:00 - 20:00,125000,Booked
1513_3045_20:00,1513,911 Court Syndicate.jkt,3045,Pickleball,2026-09-17,20:00 - 21:00,125000,Available
1513_3045_21:00,1513,911 Court Syndicate.jkt,3045,Pickleball,2026-09-17,21:00 - 22:00,125000,Available
1513_3045_22:00,1513,911 Court Syndicate.jkt,3045,Pickleball,2026-09-17,22:00 - 23:00,125000,Available
1513_3045_23:00,1513,911 Court Syndicate.jkt,3045,Pickleball,2026-09-17,23:00 - 00:00,125000,Available
3967_9724_07:00,3967,Jungle Padel Jakarta,9724,Court 1,2026-09-17,07:00 - 08:00,600000,Booked
3967_9724_08:00,3967,Jungle Padel Jakarta,9724,Court 1,2026-09-17,08:00 - 09:00,600000,Booked
3967_9724_09:00,3967,Jungle Padel Jakarta,9724,Court 1,2026-09-17,09:00 - 10:00,600000,Available
3967_9724_10:00,3967,Jungle Padel Jakarta,9724,Court 1,2026-09-17,10:00 - 11:00,600000,Available
3967_9724_11:00,3967,Jungle Padel Jakarta,9724,Court 1,2026-09-17,11:00 - 12:00,600000,Available
3967_9724_12:00,3967,Jungle Padel Jakarta,9724,Court 1,2026-09-17,12:00 - 13:00,600000,Available
3967_9724_13:00,3967,Jungle Padel Jakarta,9724,Court 1,2026-09-17,13:00 - 14:00,600000,Available
3967_9724_14:00,3967,Jungle Padel Jakarta,9724,Court 1,2026-09-17,14:00 - 15:00,600000,Available
3967_9724_15:00,3967,Jungle Padel Jakarta,9724,Court 1,2026-09-17,15:00 - 16:00,600000,Available
3967_9724_16:00,3967,Jungle Padel Jakarta,9724,Court 1,2026-09-17,16:00 - 17:00,600000,Booked
3967_9724_17:00,3967,Jungle Padel Jakarta,9724,Court 1,2026-09-17,17:00 - 18:00,600000,Booked
3967_9724_18:00,3967,Jungle Padel Jakarta,9724,Court 1,2026-09-17,18:00 - 19:00,600000,Booked
3967_9724_19:00,3967,Jungle Padel Jakarta,9724,Court 1,2026-09-17,19:00 - 20:00,600000,Booked
3967_9724_20:00,3967,Jungle Padel Jakarta,9724,Court 1,2026-09-17,20:00 - 21:00,600000,Booked
3967_9724_21:00,3967,Jungle Padel Jakarta,9724,Court 1,2026-09-17,21:00 - 22:00,600000,Booked
3967_9724_22:00,3967,Jungle Padel Jakarta,9724,Court 1,2026-09-17,22:00 - 23:00,600000,Available
3967_9725_07:00,3967,Jungle Padel Jakarta,9725,Court 2,2026-09-17,07:00 - 08:00,600000,Booked
3967_9725_08:00,3967,Jungle Padel Jakarta,9725,Court 2,2026-09-17,08:00 - 09:00,600000,Available
3967_9725_09:00,3967,Jungle Padel Jakarta,9725,Court 2,2026-09-17,09:00 - 10:00,600000,Available
3967_9725_10:00,3967,Jungle Padel Jakarta,9725,Court 2,2026-09-17,10:00 - 11:00,600000,Available
3967_9725_11:00,3967,Jungle Padel Jakarta,9725,Court 2,2026-09-17,11:00 - 12:00,600000,Available
3967_9725_12:00,3967,Jungle Padel Jakarta,9725,Court 2,2026-09-17,12:00 - 13:00,600000,Available
3967_9725_13:00,3967,Jungle Padel Jakarta,9725,Court 2,2026-09-17,13:00 - 14:00,600000,Available
3967_9725_14:00,3967,Jungle Padel Jakarta,9725,Court 2,2026-09-17,14:00 - 15:00,600000,Available
3967_9725_15:00,3967,Jungle Padel Jakarta,9725,Court 2,2026-09-17,15:00 - 16:00,600000,Available
3967_9725_16:00,3967,Jungle Padel Jakarta,9725,Court 2,2026-09-17,16:00 - 17:00,600000,Booked
3967_9725_17:00,3967,Jungle Padel Jakarta,9725,Court 2,2026-09-17,17:00 - 18:00,600000,Booked
3967_9725_18:00,3967,Jungle Padel Jakarta,9725,Court 2,2026-09-17,18:00 - 19:00,600000,Booked
3967_9725_19:00,3967,Jungle Padel Jakarta,9725,Court 2,2026-09-17,19:00 - 20:00,600000,Booked
3967_9725_20:00,3967,Jungle Padel Jakarta,9725,Court 2,2026-09-17,20:00 - 21:00,600000,Booked
3967_9725_21:00,3967,Jungle Padel Jakarta,9725,Court 2,2026-09-17,21:00 - 22:00,600000,Available
3967_9725_22:00,3967,Jungle Padel Jakarta,9725,Court 2,2026-09-17,22:00 - 23:00,600000,Available
3967_9726_07:00,3967,Jungle Padel Jakarta,9726,Court 3,2026-09-17,07:00 - 08:00,600000,Available
3967_9726_08:00,3967,Jungle Padel Jakarta,9726,Court 3,2026-09-17,08:00 - 09:00,600000,Available
3967_9726_09:00,3967,Jungle Padel Jakarta,9726,Court 3,2026-09-17,09:00 - 10:00,600000,Available
3967_9726_10:00,3967,Jungle Padel Jakarta,9726,Court 3,2026-09-17,10:00 - 11:00,600000,Available
3967_9726_11:00,3967,Jungle Padel Jakarta,9726,Court 3,2026-09-17,11:00 - 12:00,600000,Booked
3967_9726_12:00,3967,Jungle Padel Jakarta,9726,Court 3,2026-09-17,12:00 - 13:00,600000,Booked
3967_9726_13:00,3967,Jungle Padel Jakarta,9726,Court 3,2026-09-17,13:00 - 14:00,600000,Available
3967_9726_14:00,3967,Jungle Padel Jakarta,9726,Court 3,2026-09-17,14:00 - 15:00,600000,Available
3967_9726_15:00,3967,Jungle Padel Jakarta,9726,Court 3,2026-09-17,15:00 - 16:00,600000,Available
3967_9726_16:00,3967,Jungle Padel Jakarta,9726,Court 3,2026-09-17,16:00 - 17:00,600000,Booked
3967_9726_17:00,3967,Jungle Padel Jakarta,9726,Court 3,2026-09-17,17:00 - 18:00,600000,Booked
3967_9726_18:00,3967,Jungle Padel Jakarta,9726,Court 3,2026-09-17,18:00 - 19:00,600000,Booked
3967_9726_19:00,3967,Jungle Padel Jakarta,9726,Court 3,2026-09-17,19:00 - 20:00,600000,Booked
3967_9726_20:00,3967,Jungle Padel Jakarta,9726,Court 3,2026-09-17,20:00 - 21:00,600000,Booked
3967_9726_21:00,3967,Jungle Padel Jakarta,9726,Court 3,2026-09-17,21:00 - 22:00,600000,Available
3967_9726_22:00,3967,Jungle Padel Jakarta,9726,Court 3,2026-09-17,22:00 - 23:00,600000,Available
3967_9727_07:00,3967,Jungle Padel Jakarta,9727,Court 4,2026-09-17,07:00 - 08:00,600000,Available
3967_9727_08:00,3967,Jungle Padel Jakarta,9727,Court 4,2026-09-17,08:00 - 09:00,600000,Available
3967_9727_09:00,3967,Jungle Padel Jakarta,9727,Court 4,2026-09-17,09:00 - 10:00,600000,Available
3967_9727_10:00,3967,Jungle Padel Jakarta,9727,Court 4,2026-09-17,10:00 - 11:00,600000,Available
3967_9727_11:00,3967,Jungle Padel Jakarta,9727,Court 4,2026-09-17,11:00 - 12:00,600000,Available
3967_9727_12:00,3967,Jungle Padel Jakarta,9727,Court 4,2026-09-17,12:00 - 13:00,600000,Available
3967_9727_13:00,3967,Jungle Padel Jakarta,9727,Court 4,2026-09-17,13:00 - 14:00,600000,Available
3967_9727_14:00,3967,Jungle Padel Jakarta,9727,Court 4,2026-09-17,14:00 - 15:00,600000,Available
3967_9727_15:00,3967,Jungle Padel Jakarta,9727,Court 4,2026-09-17,15:00 - 16:00,600000,Available
3967_9727_16:00,3967,Jungle Padel Jakarta,9727,Court 4,2026-09-17,16:00 - 17:00,600000,Booked
3967_9727_17:00,3967,Jungle Padel Jakarta,9727,Court 4,2026-09-17,17:00 - 18:00,600000,Booked
3967_9727_18:00,3967,Jungle Padel Jakarta,9727,Court 4,2026-09-17,18:00 - 19:00,600000,Booked
3967_9727_19:00,3967,Jungle Padel Jakarta,9727,Court 4,2026-09-17,19:00 - 20:00,600000,Booked
3967_9727_20:00,3967,Jungle Padel Jakarta,9727,Court 4,2026-09-17,20:00 - 21:00,600000,Booked
3967_9727_21:00,3967,Jungle Padel Jakarta,9727,Court 4,2026-09-17,21:00 - 22:00,600000,Available
3967_9727_22:00,3967,Jungle Padel Jakarta,9727,Court 4,2026-09-17,22:00 - 23:00,600000,Available
3524_8683_06:00,3524,All Play Kemang | Padel & Pickle,8683,Court 1 Padel,2026-09-17,06:00 - 07:00,250000,Available
3524_8683_07:00,3524,All Play Kemang | Padel & Pickle,8683,Court 1 Padel,2026-09-17,07:00 - 08:00,250000,Available
3524_8683_08:00,3524,All Play Kemang | Padel & Pickle,8683,Court 1 Padel,2026-09-17,08:00 - 09:00,250000,Available
3524_8683_09:00,3524,All Play Kemang | Padel & Pickle,8683,Court 1 Padel,2026-09-17,09:00 - 10:00,250000,Available
3524_8683_10:00,3524,All Play Kemang | Padel & Pickle,8683,Court 1 Padel,2026-09-17,10:00 - 11:00,250000,Available
3524_8683_11:00,3524,All Play Kemang | Padel & Pickle,8683,Court 1 Padel,2026-09-17,11:00 - 12:00,250000,Available
3524_8683_12:00,3524,All Play Kemang | Padel & Pickle,8683,Court 1 Padel,2026-09-17,12:00 - 13:00,250000,Available
3524_8683_13:00,3524,All Play Kemang | Padel & Pickle,8683,Court 1 Padel,2026-09-17,13:00 - 14:00,250000,Available
3524_8683_14:00,3524,All Play Kemang | Padel & Pickle,8683,Court 1 Padel,2026-09-17,14:00 - 15:00,250000,Available
3524_8683_15:00,3524,All Play Kemang | Padel & Pickle,8683,Court 1 Padel,2026-09-17,15:00 - 16:00,360000,Available
3524_8683_16:00,3524,All Play Kemang | Padel & Pickle,8683,Court 1 Padel,2026-09-17,16:00 - 17:00,360000,Available
3524_8683_17:00,3524,All Play Kemang | Padel & Pickle,8683,Court 1 Padel,2026-09-17,17:00 - 18:00,360000,Available
3524_8683_18:00,3524,All Play Kemang | Padel & Pickle,8683,Court 1 Padel,2026-09-17,18:00 - 19:00,360000,Available
3524_8683_19:00,3524,All Play Kemang | Padel & Pickle,8683,Court 1 Padel,2026-09-17,19:00 - 20:00,360000,Booked
3524_8683_20:00,3524,All Play Kemang | Padel & Pickle,8683,Court 1 Padel,2026-09-17,20:00 - 21:00,360000,Booked
3524_8683_21:00,3524,All Play Kemang | Padel & Pickle,8683,Court 1 Padel,2026-09-17,21:00 - 22:00,360000,Booked
3524_8683_22:00,3524,All Play Kemang | Padel & Pickle,8683,Court 1 Padel,2026-09-17,22:00 - 23:00,360000,Available
3524_8683_23:00,3524,All Play Kemang | Padel & Pickle,8683,Court 1 Padel,2026-09-17,23:00 - 00:00,360000,Available
3524_8689_06:00,3524,All Play Kemang | Padel & Pickle,8689,Court 2 Padel,2026-09-17,06:00 - 07:00,250000,Available
3524_8689_07:00,3524,All Play Kemang | Padel & Pickle,8689,Court 2 Padel,2026-09-17,07:00 - 08:00,250000,Available
3524_8689_08:00,3524,All Play Kemang | Padel & Pickle,8689,Court 2 Padel,2026-09-17,08:00 - 09:00,250000,Available
3524_8689_09:00,3524,All Play Kemang | Padel & Pickle,8689,Court 2 Padel,2026-09-17,09:00 - 10:00,250000,Available
3524_8689_10:00,3524,All Play Kemang | Padel & Pickle,8689,Court 2 Padel,2026-09-17,10:00 - 11:00,250000,Available
3524_8689_11:00,3524,All Play Kemang | Padel & Pickle,8689,Court 2 Padel,2026-09-17,11:00 - 12:00,250000,Available
3524_8689_12:00,3524,All Play Kemang | Padel & Pickle,8689,Court 2 Padel,2026-09-17,12:00 - 13:00,250000,Available
3524_8689_13:00,3524,All Play Kemang | Padel & Pickle,8689,Court 2 Padel,2026-09-17,13:00 - 14:00,250000,Available
3524_8689_14:00,3524,All Play Kemang | Padel & Pickle,8689,Court 2 Padel,2026-09-17,14:00 - 15:00,250000,Available
3524_8689_15:00,3524,All Play Kemang | Padel & Pickle,8689,Court 2 Padel,2026-09-17,15:00 - 16:00,360000,Available
3524_8689_16:00,3524,All Play Kemang | Padel & Pickle,8689,Court 2 Padel,2026-09-17,16:00 - 17:00,360000,Available
3524_8689_17:00,3524,All Play Kemang | Padel & Pickle,8689,Court 2 Padel,2026-09-17,17:00 - 18:00,360000,Available
3524_8689_18:00,3524,All Play Kemang | Padel & Pickle,8689,Court 2 Padel,2026-09-17,18:00 - 19:00,360000,Available
3524_8689_19:00,3524,All Play Kemang | Padel & Pickle,8689,Court 2 Padel,2026-09-17,19:00 - 20:00,360000,Booked
3524_8689_20:00,3524,All Play Kemang | Padel & Pickle,8689,Court 2 Padel,2026-09-17,20:00 - 21:00,360000,Booked
3524_8689_21:00,3524,All Play Kemang | Padel & Pickle,8689,Court 2 Padel,2026-09-17,21:00 - 22:00,360000,Booked
3524_8689_22:00,3524,All Play Kemang | Padel & Pickle,8689,Court 2 Padel,2026-09-17,22:00 - 23:00,360000,Available
3524_8689_23:00,3524,All Play Kemang | Padel & Pickle,8689,Court 2 Padel,2026-09-17,23:00 - 00:00,360000,Available
3524_8690_06:00,3524,All Play Kemang | Padel & Pickle,8690,Court 3 Padel,2026-09-17,06:00 - 07:00,250000,Available
3524_8690_07:00,3524,All Play Kemang | Padel & Pickle,8690,Court 3 Padel,2026-09-17,07:00 - 08:00,250000,Available
3524_8690_08:00,3524,All Play Kemang | Padel & Pickle,8690,Court 3 Padel,2026-09-17,08:00 - 09:00,250000,Available
3524_8690_09:00,3524,All Play Kemang | Padel & Pickle,8690,Court 3 Padel,2026-09-17,09:00 - 10:00,250000,Available
3524_8690_10:00,3524,All Play Kemang | Padel & Pickle,8690,Court 3 Padel,2026-09-17,10:00 - 11:00,250000,Available
3524_8690_11:00,3524,All Play Kemang | Padel & Pickle,8690,Court 3 Padel,2026-09-17,11:00 - 12:00,250000,Available
3524_8690_12:00,3524,All Play Kemang | Padel & Pickle,8690,Court 3 Padel,2026-09-17,12:00 - 13:00,250000,Available
3524_8690_13:00,3524,All Play Kemang | Padel & Pickle,8690,Court 3 Padel,2026-09-17,13:00 - 14:00,250000,Available
3524_8690_14:00,3524,All Play Kemang | Padel & Pickle,8690,Court 3 Padel,2026-09-17,14:00 - 15:00,250000,Available
3524_8690_15:00,3524,All Play Kemang | Padel & Pickle,8690,Court 3 Padel,2026-09-17,15:00 - 16:00,360000,Available
3524_8690_16:00,3524,All Play Kemang | Padel & Pickle,8690,Court 3 Padel,2026-09-17,16:00 - 17:00,360000,Available
3524_8690_17:00,3524,All Play Kemang | Padel & Pickle,8690,Court 3 Padel,2026-09-17,17:00 - 18:00,360000,Available
3524_8690_18:00,3524,All Play Kemang | Padel & Pickle,8690,Court 3 Padel,2026-09-17,18:00 - 19:00,360000,Available
3524_8690_19:00,3524,All Play Kemang | Padel & Pickle,8690,Court 3 Padel,2026-09-17,19:00 - 20:00,360000,Booked
3524_8690_20:00,3524,All Play Kemang | Padel & Pickle,8690,Court 3 Padel,2026-09-17,20:00 - 21:00,360000,Booked
3524_8690_21:00,3524,All Play Kemang | Padel & Pickle,8690,Court 3 Padel,2026-09-17,21:00 - 22:00,360000,Booked
3524_8690_22:00,3524,All Play Kemang | Padel & Pickle,8690,Court 3 Padel,2026-09-17,22:00 - 23:00,360000,Available
3524_8690_23:00,3524,All Play Kemang | Padel & Pickle,8690,Court 3 Padel,2026-09-17,23:00 - 00:00,360000,Available
3524_8686_06:00,3524,All Play Kemang | Padel & Pickle,8686,Court 1 Pickle,2026-09-17,06:00 - 07:00,200000,Available
3524_8686_07:00,3524,All Play Kemang | Padel & Pickle,8686,Court 1 Pickle,2026-09-17,07:00 - 08:00,200000,Available
3524_8686_08:00,3524,All Play Kemang | Padel & Pickle,8686,Court 1 Pickle,2026-09-17,08:00 - 09:00,200000,Available
3524_8686_09:00,3524,All Play Kemang | Padel & Pickle,8686,Court 1 Pickle,2026-09-17,09:00 - 10:00,200000,Available
3524_8686_10:00,3524,All Play Kemang | Padel & Pickle,8686,Court 1 Pickle,2026-09-17,10:00 - 11:00,200000,Available
3524_8686_11:00,3524,All Play Kemang | Padel & Pickle,8686,Court 1 Pickle,2026-09-17,11:00 - 12:00,200000,Available
3524_8686_12:00,3524,All Play Kemang | Padel & Pickle,8686,Court 1 Pickle,2026-09-17,12:00 - 13:00,200000,Available
3524_8686_13:00,3524,All Play Kemang | Padel & Pickle,8686,Court 1 Pickle,2026-09-17,13:00 - 14:00,200000,Available
3524_8686_14:00,3524,All Play Kemang | Padel & Pickle,8686,Court 1 Pickle,2026-09-17,14:00 - 15:00,200000,Available
3524_8686_15:00,3524,All Play Kemang | Padel & Pickle,8686,Court 1 Pickle,2026-09-17,15:00 - 16:00,200000,Available
3524_8686_16:00,3524,All Play Kemang | Padel & Pickle,8686,Court 1 Pickle,2026-09-17,16:00 - 17:00,200000,Available
3524_8686_17:00,3524,All Play Kemang | Padel & Pickle,8686,Court 1 Pickle,2026-09-17,17:00 - 18:00,200000,Available
3524_8686_18:00,3524,All Play Kemang | Padel & Pickle,8686,Court 1 Pickle,2026-09-17,18:00 - 19:00,200000,Available
3524_8686_19:00,3524,All Play Kemang | Padel & Pickle,8686,Court 1 Pickle,2026-09-17,19:00 - 20:00,200000,Available
3524_8686_20:00,3524,All Play Kemang | Padel & Pickle,8686,Court 1 Pickle,2026-09-17,20:00 - 21:00,200000,Available
3524_8686_21:00,3524,All Play Kemang | Padel & Pickle,8686,Court 1 Pickle,2026-09-17,21:00 - 22:00,200000,Available
3524_8686_22:00,3524,All Play Kemang | Padel & Pickle,8686,Court 1 Pickle,2026-09-17,22:00 - 23:00,200000,Available
3524_8686_23:00,3524,All Play Kemang | Padel & Pickle,8686,Court 1 Pickle,2026-09-17,23:00 - 00:00,200000,Available
1879_3829_06:00,1879,Padel Station By Vsports,3829,Trial Court 1,2026-09-17,06:00 - 07:00,250000,Available
1879_3829_07:00,1879,Padel Station By Vsports,3829,Trial Court 1,2026-09-17,07:00 - 08:00,250000,Available
1879_3829_08:00,1879,Padel Station By Vsports,3829,Trial Court 1,2026-09-17,08:00 - 09:00,250000,Available
1879_3829_09:00,1879,Padel Station By Vsports,3829,Trial Court 1,2026-09-17,09:00 - 10:00,250000,Available
1879_3829_10:00,1879,Padel Station By Vsports,3829,Trial Court 1,2026-09-17,10:00 - 11:00,250000,Available
1879_3829_11:00,1879,Padel Station By Vsports,3829,Trial Court 1,2026-09-17,11:00 - 12:00,250000,Available
1879_3829_12:00,1879,Padel Station By Vsports,3829,Trial Court 1,2026-09-17,12:00 - 13:00,250000,Available
1879_3829_13:00,1879,Padel Station By Vsports,3829,Trial Court 1,2026-09-17,13:00 - 14:00,250000,Available
1879_3829_14:00,1879,Padel Station By Vsports,3829,Trial Court 1,2026-09-17,14:00 - 15:00,250000,Available
1879_3829_15:00,1879,Padel Station By Vsports,3829,Trial Court 1,2026-09-17,15:00 - 16:00,250000,Available
1879_3829_16:00,1879,Padel Station By Vsports,3829,Trial Court 1,2026-09-17,16:00 - 17:00,385000,Booked
1879_3829_17:00,1879,Padel Station By Vsports,3829,Trial Court 1,2026-09-17,17:00 - 18:00,385000,Booked
1879_3829_18:00,1879,Padel Station By Vsports,3829,Trial Court 1,2026-09-17,18:00 - 19:00,385000,Available
1879_3829_19:00,1879,Padel Station By Vsports,3829,Trial Court 1,2026-09-17,19:00 - 20:00,385000,Available
1879_3829_20:00,1879,Padel Station By Vsports,3829,Trial Court 1,2026-09-17,20:00 - 21:00,385000,Available
1879_3829_21:00,1879,Padel Station By Vsports,3829,Trial Court 1,2026-09-17,21:00 - 22:00,385000,Available
1879_3829_22:00,1879,Padel Station By Vsports,3829,Trial Court 1,2026-09-17,22:00 - 23:00,275000,Available
1879_3829_23:00,1879,Padel Station By Vsports,3829,Trial Court 1,2026-09-17,23:00 - 00:00,275000,Available
1879_3830_06:00,1879,Padel Station By Vsports,3830,Trial Court 2,2026-09-17,06:00 - 07:00,250000,Available
1879_3830_07:00,1879,Padel Station By Vsports,3830,Trial Court 2,2026-09-17,07:00 - 08:00,250000,Available
1879_3830_08:00,1879,Padel Station By Vsports,3830,Trial Court 2,2026-09-17,08:00 - 09:00,250000,Available
1879_3830_09:00,1879,Padel Station By Vsports,3830,Trial Court 2,2026-09-17,09:00 - 10:00,250000,Available
1879_3830_10:00,1879,Padel Station By Vsports,3830,Trial Court 2,2026-09-17,10:00 - 11:00,250000,Available
1879_3830_11:00,1879,Padel Station By Vsports,3830,Trial Court 2,2026-09-17,11:00 - 12:00,150000,Available
1879_3830_12:00,1879,Padel Station By Vsports,3830,Trial Court 2,2026-09-17,12:00 - 13:00,150000,Available
1879_3830_13:00,1879,Padel Station By Vsports,3830,Trial Court 2,2026-09-17,13:00 - 14:00,150000,Available
1879_3830_14:00,1879,Padel Station By Vsports,3830,Trial Court 2,2026-09-17,14:00 - 15:00,150000,Available
1879_3830_15:00,1879,Padel Station By Vsports,3830,Trial Court 2,2026-09-17,15:00 - 16:00,250000,Available
1879_3830_16:00,1879,Padel Station By Vsports,3830,Trial Court 2,2026-09-17,16:00 - 17:00,385000,Available
1879_3830_17:00,1879,Padel Station By Vsports,3830,Trial Court 2,2026-09-17,17:00 - 18:00,385000,Available
1879_3830_18:00,1879,Padel Station By Vsports,3830,Trial Court 2,2026-09-17,18:00 - 19:00,385000,Available
1879_3830_19:00,1879,Padel Station By Vsports,3830,Trial Court 2,2026-09-17,19:00 - 20:00,385000,Booked
1879_3830_20:00,1879,Padel Station By Vsports,3830,Trial Court 2,2026-09-17,20:00 - 21:00,385000,Booked
1879_3830_21:00,1879,Padel Station By Vsports,3830,Trial Court 2,2026-09-17,21:00 - 22:00,385000,Available
1879_3830_22:00,1879,Padel Station By Vsports,3830,Trial Court 2,2026-09-17,22:00 - 23:00,275000,Available
1879_3830_23:00,1879,Padel Station By Vsports,3830,Trial Court 2,2026-09-17,23:00 - 00:00,275000,Available
1879_9487_06:00,1879,Padel Station By Vsports,9487,Simple Court,2026-09-17,06:00 - 07:00,25000,Available
1879_9487_07:00,1879,Padel Station By Vsports,9487,Simple Court,2026-09-17,07:00 - 08:00,25000,Available
1879_9487_08:00,1879,Padel Station By Vsports,9487,Simple Court,2026-09-17,08:00 - 09:00,25000,Available
1879_9487_09:00,1879,Padel Station By Vsports,9487,Simple Court,2026-09-17,09:00 - 10:00,10000,Available
1879_9487_10:00,1879,Padel Station By Vsports,9487,Simple Court,2026-09-17,10:00 - 11:00,10000,Available
1879_9487_11:00,1879,Padel Station By Vsports,9487,Simple Court,2026-09-17,11:00 - 12:00,10000,Available
1879_9487_12:00,1879,Padel Station By Vsports,9487,Simple Court,2026-09-17,12:00 - 13:00,10000,Available
1879_9487_13:00,1879,Padel Station By Vsports,9487,Simple Court,2026-09-17,13:00 - 14:00,10000,Available
1879_9487_14:00,1879,Padel Station By Vsports,9487,Simple Court,2026-09-17,14:00 - 15:00,10000,Available
1879_9487_15:00,1879,Padel Station By Vsports,9487,Simple Court,2026-09-17,15:00 - 16:00,10000,Available
1879_9487_16:00,1879,Padel Station By Vsports,9487,Simple Court,2026-09-17,16:00 - 17:00,50000,Available
1879_9487_17:00,1879,Padel Station By Vsports,9487,Simple Court,2026-09-17,17:00 - 18:00,50000,Available
1879_9487_18:00,1879,Padel Station By Vsports,9487,Simple Court,2026-09-17,18:00 - 19:00,50000,Available
1879_9487_19:00,1879,Padel Station By Vsports,9487,Simple Court,2026-09-17,19:00 - 20:00,50000,Available
1879_9487_20:00,1879,Padel Station By Vsports,9487,Simple Court,2026-09-17,20:00 - 21:00,50000,Available
1879_9487_21:00,1879,Padel Station By Vsports,9487,Simple Court,2026-09-17,21:00 - 22:00,50000,Available
1879_9487_22:00,1879,Padel Station By Vsports,9487,Simple Court,2026-09-17,22:00 - 23:00,50000,Available
1879_9487_23:00,1879,Padel Station By Vsports,9487,Simple Court,2026-09-17,23:00 - 00:00,50000,Available
2980_7136_06:00,2980,TOM'S PADEL by Sira,7136,Court Canggu - Red (Right Side),2026-09-17,06:00 - 07:00,250000,Booked
2980_7136_07:00,2980,TOM'S PADEL by Sira,7136,Court Canggu - Red (Right Side),2026-09-17,07:00 - 08:00,250000,Booked
2980_7136_08:00,2980,TOM'S PADEL by Sira,7136,Court Canggu - Red (Right Side),2026-09-17,08:00 - 09:00,250000,Available
2980_7136_09:00,2980,TOM'S PADEL by Sira,7136,Court Canggu - Red (Right Side),2026-09-17,09:00 - 10:00,250000,Available
2980_7136_10:00,2980,TOM'S PADEL by Sira,7136,Court Canggu - Red (Right Side),2026-09-17,10:00 - 11:00,250000,Available
2980_7136_11:00,2980,TOM'S PADEL by Sira,7136,Court Canggu - Red (Right Side),2026-09-17,11:00 - 12:00,250000,Available
2980_7136_12:00,2980,TOM'S PADEL by Sira,7136,Court Canggu - Red (Right Side),2026-09-17,12:00 - 13:00,250000,Available
2980_7136_13:00,2980,TOM'S PADEL by Sira,7136,Court Canggu - Red (Right Side),2026-09-17,13:00 - 14:00,250000,Available
2980_7136_14:00,2980,TOM'S PADEL by Sira,7136,Court Canggu - Red (Right Side),2026-09-17,14:00 - 15:00,250000,Booked
2980_7136_15:00,2980,TOM'S PADEL by Sira,7136,Court Canggu - Red (Right Side),2026-09-17,15:00 - 16:00,250000,Booked
2980_7136_16:00,2980,TOM'S PADEL by Sira,7136,Court Canggu - Red (Right Side),2026-09-17,16:00 - 17:00,250000,Booked
2980_7136_17:00,2980,TOM'S PADEL by Sira,7136,Court Canggu - Red (Right Side),2026-09-17,17:00 - 18:00,250000,Booked
2980_7136_18:00,2980,TOM'S PADEL by Sira,7136,Court Canggu - Red (Right Side),2026-09-17,18:00 - 19:00,250000,Available
2980_7136_19:00,2980,TOM'S PADEL by Sira,7136,Court Canggu - Red (Right Side),2026-09-17,19:00 - 20:00,250000,Booked
2980_7136_20:00,2980,TOM'S PADEL by Sira,7136,Court Canggu - Red (Right Side),2026-09-17,20:00 - 21:00,250000,Booked
2980_7136_21:00,2980,TOM'S PADEL by Sira,7136,Court Canggu - Red (Right Side),2026-09-17,21:00 - 22:00,250000,Booked
2980_7266_06:00,2980,TOM'S PADEL by Sira,7266,Court Ubud - Blue (Left Side),2026-09-17,06:00 - 07:00,250000,Booked
2980_7266_07:00,2980,TOM'S PADEL by Sira,7266,Court Ubud - Blue (Left Side),2026-09-17,07:00 - 08:00,250000,Booked
2980_7266_08:00,2980,TOM'S PADEL by Sira,7266,Court Ubud - Blue (Left Side),2026-09-17,08:00 - 09:00,250000,Available
2980_7266_09:00,2980,TOM'S PADEL by Sira,7266,Court Ubud - Blue (Left Side),2026-09-17,09:00 - 10:00,250000,Available
2980_7266_10:00,2980,TOM'S PADEL by Sira,7266,Court Ubud - Blue (Left Side),2026-09-17,10:00 - 11:00,250000,Available
2980_7266_11:00,2980,TOM'S PADEL by Sira,7266,Court Ubud - Blue (Left Side),2026-09-17,11:00 - 12:00,250000,Available
2980_7266_12:00,2980,TOM'S PADEL by Sira,7266,Court Ubud - Blue (Left Side),2026-09-17,12:00 - 13:00,250000,Available
2980_7266_13:00,2980,TOM'S PADEL by Sira,7266,Court Ubud - Blue (Left Side),2026-09-17,13:00 - 14:00,250000,Available
2980_7266_14:00,2980,TOM'S PADEL by Sira,7266,Court Ubud - Blue (Left Side),2026-09-17,14:00 - 15:00,250000,Available
2980_7266_15:00,2980,TOM'S PADEL by Sira,7266,Court Ubud - Blue (Left Side),2026-09-17,15:00 - 16:00,250000,Available
2980_7266_16:00,2980,TOM'S PADEL by Sira,7266,Court Ubud - Blue (Left Side),2026-09-17,16:00 - 17:00,250000,Available
2980_7266_17:00,2980,TOM'S PADEL by Sira,7266,Court Ubud - Blue (Left Side),2026-09-17,17:00 - 18:00,250000,Available
2980_7266_18:00,2980,TOM'S PADEL by Sira,7266,Court Ubud - Blue (Left Side),2026-09-17,18:00 - 19:00,250000,Available
2980_7266_19:00,2980,TOM'S PADEL by Sira,7266,Court Ubud - Blue (Left Side),2026-09-17,19:00 - 20:00,250000,Available
2980_7266_20:00,2980,TOM'S PADEL by Sira,7266,Court Ubud - Blue (Left Side),2026-09-17,20:00 - 21:00,250000,Available
2980_7266_21:00,2980,TOM'S PADEL by Sira,7266,Court Ubud - Blue (Left Side),2026-09-17,21:00 - 22:00,250000,Available
2980_7137_06:00,2980,TOM'S PADEL by Sira,7137,Court Kuta - Red (Left Side),2026-09-17,06:00 - 07:00,250000,Available
2980_7137_07:00,2980,TOM'S PADEL by Sira,7137,Court Kuta - Red (Left Side),2026-09-17,07:00 - 08:00,250000,Available
2980_7137_08:00,2980,TOM'S PADEL by Sira,7137,Court Kuta - Red (Left Side),2026-09-17,08:00 - 09:00,250000,Available
2980_7137_09:00,2980,TOM'S PADEL by Sira,7137,Court Kuta - Red (Left Side),2026-09-17,09:00 - 10:00,250000,Booked
2980_7137_10:00,2980,TOM'S PADEL by Sira,7137,Court Kuta - Red (Left Side),2026-09-17,10:00 - 11:00,250000,Booked
2980_7137_11:00,2980,TOM'S PADEL by Sira,7137,Court Kuta - Red (Left Side),2026-09-17,11:00 - 12:00,250000,Available
2980_7137_12:00,2980,TOM'S PADEL by Sira,7137,Court Kuta - Red (Left Side),2026-09-17,12:00 - 13:00,250000,Available
2980_7137_13:00,2980,TOM'S PADEL by Sira,7137,Court Kuta - Red (Left Side),2026-09-17,13:00 - 14:00,250000,Available
2980_7137_14:00,2980,TOM'S PADEL by Sira,7137,Court Kuta - Red (Left Side),2026-09-17,14:00 - 15:00,250000,Booked
2980_7137_15:00,2980,TOM'S PADEL by Sira,7137,Court Kuta - Red (Left Side),2026-09-17,15:00 - 16:00,250000,Booked
2980_7137_16:00,2980,TOM'S PADEL by Sira,7137,Court Kuta - Red (Left Side),2026-09-17,16:00 - 17:00,250000,Booked
2980_7137_17:00,2980,TOM'S PADEL by Sira,7137,Court Kuta - Red (Left Side),2026-09-17,17:00 - 18:00,250000,Booked
2980_7137_18:00,2980,TOM'S PADEL by Sira,7137,Court Kuta - Red (Left Side),2026-09-17,18:00 - 19:00,250000,Available
2980_7137_19:00,2980,TOM'S PADEL by Sira,7137,Court Kuta - Red (Left Side),2026-09-17,19:00 - 20:00,250000,Booked
2980_7137_20:00,2980,TOM'S PADEL by Sira,7137,Court Kuta - Red (Left Side),2026-09-17,20:00 - 21:00,250000,Booked
2980_7137_21:00,2980,TOM'S PADEL by Sira,7137,Court Kuta - Red (Left Side),2026-09-17,21:00 - 22:00,250000,Booked
2980_7267_06:00,2980,TOM'S PADEL by Sira,7267,Court Sanur - Blue (Right Side),2026-09-17,06:00 - 07:00,250000,Available
2980_7267_07:00,2980,TOM'S PADEL by Sira,7267,Court Sanur - Blue (Right Side),2026-09-17,07:00 - 08:00,250000,Available
2980_7267_08:00,2980,TOM'S PADEL by Sira,7267,Court Sanur - Blue (Right Side),2026-09-17,08:00 - 09:00,250000,Available
2980_7267_09:00,2980,TOM'S PADEL by Sira,7267,Court Sanur - Blue (Right Side),2026-09-17,09:00 - 10:00,250000,Booked
2980_7267_10:00,2980,TOM'S PADEL by Sira,7267,Court Sanur - Blue (Right Side),2026-09-17,10:00 - 11:00,250000,Booked
2980_7267_11:00,2980,TOM'S PADEL by Sira,7267,Court Sanur - Blue (Right Side),2026-09-17,11:00 - 12:00,250000,Available
2980_7267_12:00,2980,TOM'S PADEL by Sira,7267,Court Sanur - Blue (Right Side),2026-09-17,12:00 - 13:00,250000,Available
2980_7267_13:00,2980,TOM'S PADEL by Sira,7267,Court Sanur - Blue (Right Side),2026-09-17,13:00 - 14:00,250000,Available
2980_7267_14:00,2980,TOM'S PADEL by Sira,7267,Court Sanur - Blue (Right Side),2026-09-17,14:00 - 15:00,250000,Booked
2980_7267_15:00,2980,TOM'S PADEL by Sira,7267,Court Sanur - Blue (Right Side),2026-09-17,15:00 - 16:00,250000,Booked
2980_7267_16:00,2980,TOM'S PADEL by Sira,7267,Court Sanur - Blue (Right Side),2026-09-17,16:00 - 17:00,250000,Booked
2980_7267_17:00,2980,TOM'S PADEL by Sira,7267,Court Sanur - Blue (Right Side),2026-09-17,17:00 - 18:00,250000,Booked
2980_7267_18:00,2980,TOM'S PADEL by Sira,7267,Court Sanur - Blue (Right Side),2026-09-17,18:00 - 19:00,250000,Available
2980_7267_19:00,2980,TOM'S PADEL by Sira,7267,Court Sanur - Blue (Right Side),2026-09-17,19:00 - 20:00,250000,Booked
2980_7267_20:00,2980,TOM'S PADEL by Sira,7267,Court Sanur - Blue (Right Side),2026-09-17,20:00 - 21:00,250000,Booked
2980_7267_21:00,2980,TOM'S PADEL by Sira,7267,Court Sanur - Blue (Right Side),2026-09-17,21:00 - 22:00,250000,Booked
3075_7188_06:00,3075,BM Padel Jagakarsa,7188,Court 1,2026-09-17,06:00 - 07:00,250000,Available
3075_7188_07:00,3075,BM Padel Jagakarsa,7188,Court 1,2026-09-17,07:00 - 08:00,250000,Available
3075_7188_08:00,3075,BM Padel Jagakarsa,7188,Court 1,2026-09-17,08:00 - 09:00,250000,Available
3075_7188_09:00,3075,BM Padel Jagakarsa,7188,Court 1,2026-09-17,09:00 - 10:00,250000,Available
3075_7188_10:00,3075,BM Padel Jagakarsa,7188,Court 1,2026-09-17,10:00 - 11:00,250000,Available
3075_7188_11:00,3075,BM Padel Jagakarsa,7188,Court 1,2026-09-17,11:00 - 12:00,250000,Available
3075_7188_12:00,3075,BM Padel Jagakarsa,7188,Court 1,2026-09-17,12:00 - 13:00,250000,Available
3075_7188_13:00,3075,BM Padel Jagakarsa,7188,Court 1,2026-09-17,13:00 - 14:00,250000,Available
3075_7188_14:00,3075,BM Padel Jagakarsa,7188,Court 1,2026-09-17,14:00 - 15:00,250000,Available
3075_7188_15:00,3075,BM Padel Jagakarsa,7188,Court 1,2026-09-17,15:00 - 16:00,250000,Available
3075_7188_16:00,3075,BM Padel Jagakarsa,7188,Court 1,2026-09-17,16:00 - 17:00,250000,Available
3075_7188_17:00,3075,BM Padel Jagakarsa,7188,Court 1,2026-09-17,17:00 - 18:00,250000,Available
3075_7188_18:00,3075,BM Padel Jagakarsa,7188,Court 1,2026-09-17,18:00 - 19:00,250000,Available
3075_7188_19:00,3075,BM Padel Jagakarsa,7188,Court 1,2026-09-17,19:00 - 20:00,250000,Available
3075_7188_20:00,3075,BM Padel Jagakarsa,7188,Court 1,2026-09-17,20:00 - 21:00,250000,Available
3075_7188_21:00,3075,BM Padel Jagakarsa,7188,Court 1,2026-09-17,21:00 - 22:00,250000,Available
3075_7188_22:00,3075,BM Padel Jagakarsa,7188,Court 1,2026-09-17,22:00 - 23:00,250000,Available
3075_7188_23:00,3075,BM Padel Jagakarsa,7188,Court 1,2026-09-17,23:00 - 00:00,250000,Available
3075_7190_06:00,3075,BM Padel Jagakarsa,7190,Court 2,2026-09-17,06:00 - 07:00,250000,Available
3075_7190_07:00,3075,BM Padel Jagakarsa,7190,Court 2,2026-09-17,07:00 - 08:00,250000,Available
3075_7190_08:00,3075,BM Padel Jagakarsa,7190,Court 2,2026-09-17,08:00 - 09:00,250000,Available
3075_7190_09:00,3075,BM Padel Jagakarsa,7190,Court 2,2026-09-17,09:00 - 10:00,250000,Available
3075_7190_10:00,3075,BM Padel Jagakarsa,7190,Court 2,2026-09-17,10:00 - 11:00,250000,Available
3075_7190_11:00,3075,BM Padel Jagakarsa,7190,Court 2,2026-09-17,11:00 - 12:00,250000,Available
3075_7190_12:00,3075,BM Padel Jagakarsa,7190,Court 2,2026-09-17,12:00 - 13:00,250000,Available
3075_7190_13:00,3075,BM Padel Jagakarsa,7190,Court 2,2026-09-17,13:00 - 14:00,250000,Available
3075_7190_14:00,3075,BM Padel Jagakarsa,7190,Court 2,2026-09-17,14:00 - 15:00,250000,Available
3075_7190_15:00,3075,BM Padel Jagakarsa,7190,Court 2,2026-09-17,15:00 - 16:00,250000,Available
3075_7190_16:00,3075,BM Padel Jagakarsa,7190,Court 2,2026-09-17,16:00 - 17:00,250000,Available
3075_7190_17:00,3075,BM Padel Jagakarsa,7190,Court 2,2026-09-17,17:00 - 18:00,250000,Available
3075_7190_18:00,3075,BM Padel Jagakarsa,7190,Court 2,2026-09-17,18:00 - 19:00,250000,Available
3075_7190_19:00,3075,BM Padel Jagakarsa,7190,Court 2,2026-09-17,19:00 - 20:00,250000,Available
3075_7190_20:00,3075,BM Padel Jagakarsa,7190,Court 2,2026-09-17,20:00 - 21:00,250000,Available
3075_7190_21:00,3075,BM Padel Jagakarsa,7190,Court 2,2026-09-17,21:00 - 22:00,250000,Available
3075_7190_22:00,3075,BM Padel Jagakarsa,7190,Court 2,2026-09-17,22:00 - 23:00,250000,Available
3075_7190_23:00,3075,BM Padel Jagakarsa,7190,Court 2,2026-09-17,23:00 - 00:00,250000,Available
3075_7191_06:00,3075,BM Padel Jagakarsa,7191,Court 3,2026-09-17,06:00 - 07:00,250000,Available
3075_7191_07:00,3075,BM Padel Jagakarsa,7191,Court 3,2026-09-17,07:00 - 08:00,250000,Available
3075_7191_08:00,3075,BM Padel Jagakarsa,7191,Court 3,2026-09-17,08:00 - 09:00,250000,Available
3075_7191_09:00,3075,BM Padel Jagakarsa,7191,Court 3,2026-09-17,09:00 - 10:00,250000,Available
3075_7191_10:00,3075,BM Padel Jagakarsa,7191,Court 3,2026-09-17,10:00 - 11:00,250000,Available
3075_7191_11:00,3075,BM Padel Jagakarsa,7191,Court 3,2026-09-17,11:00 - 12:00,250000,Available
3075_7191_12:00,3075,BM Padel Jagakarsa,7191,Court 3,2026-09-17,12:00 - 13:00,250000,Available
3075_7191_13:00,3075,BM Padel Jagakarsa,7191,Court 3,2026-09-17,13:00 - 14:00,250000,Available
3075_7191_14:00,3075,BM Padel Jagakarsa,7191,Court 3,2026-09-17,14:00 - 15:00,250000,Available
3075_7191_15:00,3075,BM Padel Jagakarsa,7191,Court 3,2026-09-17,15:00 - 16:00,250000,Available
3075_7191_16:00,3075,BM Padel Jagakarsa,7191,Court 3,2026-09-17,16:00 - 17:00,250000,Available
3075_7191_17:00,3075,BM Padel Jagakarsa,7191,Court 3,2026-09-17,17:00 - 18:00,250000,Available
3075_7191_18:00,3075,BM Padel Jagakarsa,7191,Court 3,2026-09-17,18:00 - 19:00,250000,Available
3075_7191_19:00,3075,BM Padel Jagakarsa,7191,Court 3,2026-09-17,19:00 - 20:00,250000,Available
3075_7191_20:00,3075,BM Padel Jagakarsa,7191,Court 3,2026-09-17,20:00 - 21:00,250000,Available
3075_7191_21:00,3075,BM Padel Jagakarsa,7191,Court 3,2026-09-17,21:00 - 22:00,250000,Available
3075_7191_22:00,3075,BM Padel Jagakarsa,7191,Court 3,2026-09-17,22:00 - 23:00,250000,Available
3075_7191_23:00,3075,BM Padel Jagakarsa,7191,Court 3,2026-09-17,23:00 - 00:00,250000,Available
2798_6341_07:00,2798,Second Serve Padel,6341,Court 1 - Court Only ( VIP Lounge charged separately),2026-09-17,07:00 - 08:00,275000,Available
2798_6341_08:00,2798,Second Serve Padel,6341,Court 1 - Court Only ( VIP Lounge charged separately),2026-09-17,08:00 - 09:00,275000,Available
2798_6341_09:00,2798,Second Serve Padel,6341,Court 1 - Court Only ( VIP Lounge charged separately),2026-09-17,09:00 - 10:00,275000,Available
2798_6341_10:00,2798,Second Serve Padel,6341,Court 1 - Court Only ( VIP Lounge charged separately),2026-09-17,10:00 - 11:00,275000,Available
2798_6341_11:00,2798,Second Serve Padel,6341,Court 1 - Court Only ( VIP Lounge charged separately),2026-09-17,11:00 - 12:00,275000,Available
2798_6341_12:00,2798,Second Serve Padel,6341,Court 1 - Court Only ( VIP Lounge charged separately),2026-09-17,12:00 - 13:00,275000,Available
2798_6341_13:00,2798,Second Serve Padel,6341,Court 1 - Court Only ( VIP Lounge charged separately),2026-09-17,13:00 - 14:00,275000,Available
2798_6341_14:00,2798,Second Serve Padel,6341,Court 1 - Court Only ( VIP Lounge charged separately),2026-09-17,14:00 - 15:00,275000,Available
2798_6341_15:00,2798,Second Serve Padel,6341,Court 1 - Court Only ( VIP Lounge charged separately),2026-09-17,15:00 - 16:00,275000,Available
2798_6341_16:00,2798,Second Serve Padel,6341,Court 1 - Court Only ( VIP Lounge charged separately),2026-09-17,16:00 - 17:00,375000,Booked
2798_6341_17:00,2798,Second Serve Padel,6341,Court 1 - Court Only ( VIP Lounge charged separately),2026-09-17,17:00 - 18:00,375000,Booked
2798_6341_18:00,2798,Second Serve Padel,6341,Court 1 - Court Only ( VIP Lounge charged separately),2026-09-17,18:00 - 19:00,375000,Booked
2798_6341_19:00,2798,Second Serve Padel,6341,Court 1 - Court Only ( VIP Lounge charged separately),2026-09-17,19:00 - 20:00,375000,Booked
2798_6341_20:00,2798,Second Serve Padel,6341,Court 1 - Court Only ( VIP Lounge charged separately),2026-09-17,20:00 - 21:00,375000,Booked
2798_6341_21:00,2798,Second Serve Padel,6341,Court 1 - Court Only ( VIP Lounge charged separately),2026-09-17,21:00 - 22:00,375000,Available
2798_6342_07:00,2798,Second Serve Padel,6342,Court 2,2026-09-17,07:00 - 08:00,275000,Available
2798_6342_08:00,2798,Second Serve Padel,6342,Court 2,2026-09-17,08:00 - 09:00,275000,Available
2798_6342_09:00,2798,Second Serve Padel,6342,Court 2,2026-09-17,09:00 - 10:00,275000,Available
2798_6342_10:00,2798,Second Serve Padel,6342,Court 2,2026-09-17,10:00 - 11:00,275000,Available
2798_6342_11:00,2798,Second Serve Padel,6342,Court 2,2026-09-17,11:00 - 12:00,275000,Available
2798_6342_12:00,2798,Second Serve Padel,6342,Court 2,2026-09-17,12:00 - 13:00,275000,Available
2798_6342_13:00,2798,Second Serve Padel,6342,Court 2,2026-09-17,13:00 - 14:00,275000,Available
2798_6342_14:00,2798,Second Serve Padel,6342,Court 2,2026-09-17,14:00 - 15:00,275000,Available
2798_6342_15:00,2798,Second Serve Padel,6342,Court 2,2026-09-17,15:00 - 16:00,275000,Available
2798_6342_16:00,2798,Second Serve Padel,6342,Court 2,2026-09-17,16:00 - 17:00,375000,Booked
2798_6342_17:00,2798,Second Serve Padel,6342,Court 2,2026-09-17,17:00 - 18:00,375000,Booked
2798_6342_18:00,2798,Second Serve Padel,6342,Court 2,2026-09-17,18:00 - 19:00,375000,Booked
2798_6342_19:00,2798,Second Serve Padel,6342,Court 2,2026-09-17,19:00 - 20:00,375000,Booked
2798_6342_20:00,2798,Second Serve Padel,6342,Court 2,2026-09-17,20:00 - 21:00,375000,Booked
2798_6342_21:00,2798,Second Serve Padel,6342,Court 2,2026-09-17,21:00 - 22:00,375000,Available
2798_6343_07:00,2798,Second Serve Padel,6343,Court 3,2026-09-17,07:00 - 08:00,275000,Available
2798_6343_08:00,2798,Second Serve Padel,6343,Court 3,2026-09-17,08:00 - 09:00,275000,Available
2798_6343_09:00,2798,Second Serve Padel,6343,Court 3,2026-09-17,09:00 - 10:00,275000,Available
2798_6343_10:00,2798,Second Serve Padel,6343,Court 3,2026-09-17,10:00 - 11:00,275000,Available
2798_6343_11:00,2798,Second Serve Padel,6343,Court 3,2026-09-17,11:00 - 12:00,275000,Available
2798_6343_12:00,2798,Second Serve Padel,6343,Court 3,2026-09-17,12:00 - 13:00,275000,Available
2798_6343_13:00,2798,Second Serve Padel,6343,Court 3,2026-09-17,13:00 - 14:00,275000,Available
2798_6343_14:00,2798,Second Serve Padel,6343,Court 3,2026-09-17,14:00 - 15:00,275000,Available
2798_6343_15:00,2798,Second Serve Padel,6343,Court 3,2026-09-17,15:00 - 16:00,275000,Available
2798_6343_16:00,2798,Second Serve Padel,6343,Court 3,2026-09-17,16:00 - 17:00,375000,Booked
2798_6343_17:00,2798,Second Serve Padel,6343,Court 3,2026-09-17,17:00 - 18:00,375000,Booked
2798_6343_18:00,2798,Second Serve Padel,6343,Court 3,2026-09-17,18:00 - 19:00,375000,Booked
2798_6343_19:00,2798,Second Serve Padel,6343,Court 3,2026-09-17,19:00 - 20:00,375000,Booked
2798_6343_20:00,2798,Second Serve Padel,6343,Court 3,2026-09-17,20:00 - 21:00,375000,Booked
2798_6343_21:00,2798,Second Serve Padel,6343,Court 3,2026-09-17,21:00 - 22:00,375000,Available
3102_7297_07:00,3102,Serve and Rally Reserve,7297,Reserve Court,2026-09-17,07:00 - 08:00,300000,Available
3102_7297_08:00,3102,Serve and Rally Reserve,7297,Reserve Court,2026-09-17,08:00 - 09:00,300000,Available
3102_7297_09:00,3102,Serve and Rally Reserve,7297,Reserve Court,2026-09-17,09:00 - 10:00,300000,Available
3102_7297_10:00,3102,Serve and Rally Reserve,7297,Reserve Court,2026-09-17,10:00 - 11:00,300000,Available
3102_7297_11:00,3102,Serve and Rally Reserve,7297,Reserve Court,2026-09-17,11:00 - 12:00,300000,Available
3102_7297_12:00,3102,Serve and Rally Reserve,7297,Reserve Court,2026-09-17,12:00 - 13:00,300000,Available
3102_7297_13:00,3102,Serve and Rally Reserve,7297,Reserve Court,2026-09-17,13:00 - 14:00,300000,Available
3102_7297_14:00,3102,Serve and Rally Reserve,7297,Reserve Court,2026-09-17,14:00 - 15:00,300000,Available
3102_7297_15:00,3102,Serve and Rally Reserve,7297,Reserve Court,2026-09-17,15:00 - 16:00,300000,Available
3102_7297_16:00,3102,Serve and Rally Reserve,7297,Reserve Court,2026-09-17,16:00 - 17:00,325000,Available
3102_7297_17:00,3102,Serve and Rally Reserve,7297,Reserve Court,2026-09-17,17:00 - 18:00,325000,Booked
3102_7297_18:00,3102,Serve and Rally Reserve,7297,Reserve Court,2026-09-17,18:00 - 19:00,350000,Booked
3102_7297_19:00,3102,Serve and Rally Reserve,7297,Reserve Court,2026-09-17,19:00 - 20:00,350000,Booked
3102_7297_20:00,3102,Serve and Rally Reserve,7297,Reserve Court,2026-09-17,20:00 - 21:00,350000,Booked
3849_9496_06:00,3849,Round Padel,9496,Court 1,2026-09-17,06:00 - 07:00,199000,Available
3849_9496_07:00,3849,Round Padel,9496,Court 1,2026-09-17,07:00 - 08:00,199000,Available
3849_9496_08:00,3849,Round Padel,9496,Court 1,2026-09-17,08:00 - 09:00,235000,Available
3849_9496_09:00,3849,Round Padel,9496,Court 1,2026-09-17,09:00 - 10:00,235000,Available
3849_9496_10:00,3849,Round Padel,9496,Court 1,2026-09-17,10:00 - 11:00,235000,Available
3849_9496_11:00,3849,Round Padel,9496,Court 1,2026-09-17,11:00 - 12:00,235000,Available
3849_9496_12:00,3849,Round Padel,9496,Court 1,2026-09-17,12:00 - 13:00,235000,Available
3849_9496_13:00,3849,Round Padel,9496,Court 1,2026-09-17,13:00 - 14:00,235000,Available
3849_9496_14:00,3849,Round Padel,9496,Court 1,2026-09-17,14:00 - 15:00,235000,Available
3849_9496_15:00,3849,Round Padel,9496,Court 1,2026-09-17,15:00 - 16:00,235000,Available
3849_9496_16:00,3849,Round Padel,9496,Court 1,2026-09-17,16:00 - 17:00,275000,Available
3849_9496_17:00,3849,Round Padel,9496,Court 1,2026-09-17,17:00 - 18:00,275000,Available
3849_9496_18:00,3849,Round Padel,9496,Court 1,2026-09-17,18:00 - 19:00,275000,Available
3849_9496_19:00,3849,Round Padel,9496,Court 1,2026-09-17,19:00 - 20:00,275000,Available
3849_9496_20:00,3849,Round Padel,9496,Court 1,2026-09-17,20:00 - 21:00,275000,Available
3849_9496_21:00,3849,Round Padel,9496,Court 1,2026-09-17,21:00 - 22:00,235000,Available
3849_10034_06:00,3849,Round Padel,10034,Court 2,2026-09-17,06:00 - 07:00,199000,Available
3849_10034_07:00,3849,Round Padel,10034,Court 2,2026-09-17,07:00 - 08:00,199000,Available
3849_10034_08:00,3849,Round Padel,10034,Court 2,2026-09-17,08:00 - 09:00,235000,Available
3849_10034_09:00,3849,Round Padel,10034,Court 2,2026-09-17,09:00 - 10:00,235000,Available
3849_10034_10:00,3849,Round Padel,10034,Court 2,2026-09-17,10:00 - 11:00,235000,Available
3849_10034_11:00,3849,Round Padel,10034,Court 2,2026-09-17,11:00 - 12:00,235000,Available
3849_10034_12:00,3849,Round Padel,10034,Court 2,2026-09-17,12:00 - 13:00,235000,Available
3849_10034_13:00,3849,Round Padel,10034,Court 2,2026-09-17,13:00 - 14:00,235000,Available
3849_10034_14:00,3849,Round Padel,10034,Court 2,2026-09-17,14:00 - 15:00,235000,Available
3849_10034_15:00,3849,Round Padel,10034,Court 2,2026-09-17,15:00 - 16:00,235000,Available
3849_10034_16:00,3849,Round Padel,10034,Court 2,2026-09-17,16:00 - 17:00,275000,Available
3849_10034_17:00,3849,Round Padel,10034,Court 2,2026-09-17,17:00 - 18:00,275000,Available
3849_10034_18:00,3849,Round Padel,10034,Court 2,2026-09-17,18:00 - 19:00,275000,Available
3849_10034_19:00,3849,Round Padel,10034,Court 2,2026-09-17,19:00 - 20:00,275000,Available
3849_10034_20:00,3849,Round Padel,10034,Court 2,2026-09-17,20:00 - 21:00,275000,Available
3849_10034_21:00,3849,Round Padel,10034,Court 2,2026-09-17,21:00 - 22:00,235000,Available
4456_11240_06:00,4456,T3 Sports & Lifestyle,11240,Court 1A Padel,2026-09-17,06:00 - 07:00,450000,Available
4456_11240_07:00,4456,T3 Sports & Lifestyle,11240,Court 1A Padel,2026-09-17,07:00 - 08:00,450000,Booked
4456_11240_08:00,4456,T3 Sports & Lifestyle,11240,Court 1A Padel,2026-09-17,08:00 - 09:00,450000,Available
4456_11240_09:00,4456,T3 Sports & Lifestyle,11240,Court 1A Padel,2026-09-17,09:00 - 10:00,450000,Booked
4456_11240_10:00,4456,T3 Sports & Lifestyle,11240,Court 1A Padel,2026-09-17,10:00 - 11:00,450000,Available
4456_11240_11:00,4456,T3 Sports & Lifestyle,11240,Court 1A Padel,2026-09-17,11:00 - 12:00,450000,Available
4456_11240_12:00,4456,T3 Sports & Lifestyle,11240,Court 1A Padel,2026-09-17,12:00 - 13:00,450000,Available
4456_11240_13:00,4456,T3 Sports & Lifestyle,11240,Court 1A Padel,2026-09-17,13:00 - 14:00,450000,Available
4456_11240_14:00,4456,T3 Sports & Lifestyle,11240,Court 1A Padel,2026-09-17,14:00 - 15:00,450000,Available
4456_11240_15:00,4456,T3 Sports & Lifestyle,11240,Court 1A Padel,2026-09-17,15:00 - 16:00,450000,Available
4456_11240_16:00,4456,T3 Sports & Lifestyle,11240,Court 1A Padel,2026-09-17,16:00 - 17:00,450000,Available
4456_11240_17:00,4456,T3 Sports & Lifestyle,11240,Court 1A Padel,2026-09-17,17:00 - 18:00,600000,Available
4456_11240_18:00,4456,T3 Sports & Lifestyle,11240,Court 1A Padel,2026-09-17,18:00 - 19:00,600000,Booked
4456_11240_19:00,4456,T3 Sports & Lifestyle,11240,Court 1A Padel,2026-09-17,19:00 - 20:00,600000,Booked
4456_11240_20:00,4456,T3 Sports & Lifestyle,11240,Court 1A Padel,2026-09-17,20:00 - 21:00,600000,Booked
4456_11240_21:00,4456,T3 Sports & Lifestyle,11240,Court 1A Padel,2026-09-17,21:00 - 22:00,600000,Available
4456_11241_06:00,4456,T3 Sports & Lifestyle,11241,Court 1B Padel,2026-09-17,06:00 - 07:00,450000,Available
4456_11241_07:00,4456,T3 Sports & Lifestyle,11241,Court 1B Padel,2026-09-17,07:00 - 08:00,450000,Available
4456_11241_08:00,4456,T3 Sports & Lifestyle,11241,Court 1B Padel,2026-09-17,08:00 - 09:00,450000,Available
4456_11241_09:00,4456,T3 Sports & Lifestyle,11241,Court 1B Padel,2026-09-17,09:00 - 10:00,450000,Available
4456_11241_10:00,4456,T3 Sports & Lifestyle,11241,Court 1B Padel,2026-09-17,10:00 - 11:00,450000,Booked
4456_11241_11:00,4456,T3 Sports & Lifestyle,11241,Court 1B Padel,2026-09-17,11:00 - 12:00,450000,Available
4456_11241_12:00,4456,T3 Sports & Lifestyle,11241,Court 1B Padel,2026-09-17,12:00 - 13:00,450000,Available
4456_11241_13:00,4456,T3 Sports & Lifestyle,11241,Court 1B Padel,2026-09-17,13:00 - 14:00,450000,Available
4456_11241_14:00,4456,T3 Sports & Lifestyle,11241,Court 1B Padel,2026-09-17,14:00 - 15:00,450000,Available
4456_11241_15:00,4456,T3 Sports & Lifestyle,11241,Court 1B Padel,2026-09-17,15:00 - 16:00,450000,Available
4456_11241_16:00,4456,T3 Sports & Lifestyle,11241,Court 1B Padel,2026-09-17,16:00 - 17:00,450000,Available
4456_11241_17:00,4456,T3 Sports & Lifestyle,11241,Court 1B Padel,2026-09-17,17:00 - 18:00,600000,Available
4456_11241_18:00,4456,T3 Sports & Lifestyle,11241,Court 1B Padel,2026-09-17,18:00 - 19:00,600000,Booked
4456_11241_19:00,4456,T3 Sports & Lifestyle,11241,Court 1B Padel,2026-09-17,19:00 - 20:00,600000,Booked
4456_11241_20:00,4456,T3 Sports & Lifestyle,11241,Court 1B Padel,2026-09-17,20:00 - 21:00,600000,Booked
4456_11241_21:00,4456,T3 Sports & Lifestyle,11241,Court 1B Padel,2026-09-17,21:00 - 22:00,600000,Available
4456_11242_06:00,4456,T3 Sports & Lifestyle,11242,Court 2A Padel,2026-09-17,06:00 - 07:00,450000,Available
4456_11242_07:00,4456,T3 Sports & Lifestyle,11242,Court 2A Padel,2026-09-17,07:00 - 08:00,450000,Available
4456_11242_08:00,4456,T3 Sports & Lifestyle,11242,Court 2A Padel,2026-09-17,08:00 - 09:00,450000,Available
4456_11242_09:00,4456,T3 Sports & Lifestyle,11242,Court 2A Padel,2026-09-17,09:00 - 10:00,450000,Available
4456_11242_10:00,4456,T3 Sports & Lifestyle,11242,Court 2A Padel,2026-09-17,10:00 - 11:00,450000,Available
4456_11242_11:00,4456,T3 Sports & Lifestyle,11242,Court 2A Padel,2026-09-17,11:00 - 12:00,450000,Available
4456_11242_12:00,4456,T3 Sports & Lifestyle,11242,Court 2A Padel,2026-09-17,12:00 - 13:00,450000,Available
4456_11242_13:00,4456,T3 Sports & Lifestyle,11242,Court 2A Padel,2026-09-17,13:00 - 14:00,450000,Available
4456_11242_14:00,4456,T3 Sports & Lifestyle,11242,Court 2A Padel,2026-09-17,14:00 - 15:00,450000,Available
4456_11242_15:00,4456,T3 Sports & Lifestyle,11242,Court 2A Padel,2026-09-17,15:00 - 16:00,450000,Available
4456_11242_16:00,4456,T3 Sports & Lifestyle,11242,Court 2A Padel,2026-09-17,16:00 - 17:00,450000,Available
4456_11242_17:00,4456,T3 Sports & Lifestyle,11242,Court 2A Padel,2026-09-17,17:00 - 18:00,600000,Available
4456_11242_18:00,4456,T3 Sports & Lifestyle,11242,Court 2A Padel,2026-09-17,18:00 - 19:00,600000,Available
4456_11242_19:00,4456,T3 Sports & Lifestyle,11242,Court 2A Padel,2026-09-17,19:00 - 20:00,600000,Booked
4456_11242_20:00,4456,T3 Sports & Lifestyle,11242,Court 2A Padel,2026-09-17,20:00 - 21:00,600000,Booked
4456_11242_21:00,4456,T3 Sports & Lifestyle,11242,Court 2A Padel,2026-09-17,21:00 - 22:00,600000,Available
4456_11243_06:00,4456,T3 Sports & Lifestyle,11243,Court 2B Padel,2026-09-17,06:00 - 07:00,450000,Available
4456_11243_07:00,4456,T3 Sports & Lifestyle,11243,Court 2B Padel,2026-09-17,07:00 - 08:00,450000,Available
4456_11243_08:00,4456,T3 Sports & Lifestyle,11243,Court 2B Padel,2026-09-17,08:00 - 09:00,450000,Available
4456_11243_09:00,4456,T3 Sports & Lifestyle,11243,Court 2B Padel,2026-09-17,09:00 - 10:00,450000,Available
4456_11243_10:00,4456,T3 Sports & Lifestyle,11243,Court 2B Padel,2026-09-17,10:00 - 11:00,450000,Available
4456_11243_11:00,4456,T3 Sports & Lifestyle,11243,Court 2B Padel,2026-09-17,11:00 - 12:00,450000,Available
4456_11243_12:00,4456,T3 Sports & Lifestyle,11243,Court 2B Padel,2026-09-17,12:00 - 13:00,450000,Available
4456_11243_13:00,4456,T3 Sports & Lifestyle,11243,Court 2B Padel,2026-09-17,13:00 - 14:00,450000,Available
4456_11243_14:00,4456,T3 Sports & Lifestyle,11243,Court 2B Padel,2026-09-17,14:00 - 15:00,450000,Available
4456_11243_15:00,4456,T3 Sports & Lifestyle,11243,Court 2B Padel,2026-09-17,15:00 - 16:00,450000,Available
4456_11243_16:00,4456,T3 Sports & Lifestyle,11243,Court 2B Padel,2026-09-17,16:00 - 17:00,450000,Available
4456_11243_17:00,4456,T3 Sports & Lifestyle,11243,Court 2B Padel,2026-09-17,17:00 - 18:00,600000,Available
4456_11243_18:00,4456,T3 Sports & Lifestyle,11243,Court 2B Padel,2026-09-17,18:00 - 19:00,600000,Available
4456_11243_19:00,4456,T3 Sports & Lifestyle,11243,Court 2B Padel,2026-09-17,19:00 - 20:00,600000,Booked
4456_11243_20:00,4456,T3 Sports & Lifestyle,11243,Court 2B Padel,2026-09-17,20:00 - 21:00,600000,Booked
4456_11243_21:00,4456,T3 Sports & Lifestyle,11243,Court 2B Padel,2026-09-17,21:00 - 22:00,600000,Available
4456_11244_06:00,4456,T3 Sports & Lifestyle,11244,Court 2C Padel,2026-09-17,06:00 - 07:00,450000,Available
4456_11244_07:00,4456,T3 Sports & Lifestyle,11244,Court 2C Padel,2026-09-17,07:00 - 08:00,450000,Available
4456_11244_08:00,4456,T3 Sports & Lifestyle,11244,Court 2C Padel,2026-09-17,08:00 - 09:00,450000,Available
4456_11244_09:00,4456,T3 Sports & Lifestyle,11244,Court 2C Padel,2026-09-17,09:00 - 10:00,450000,Available
4456_11244_10:00,4456,T3 Sports & Lifestyle,11244,Court 2C Padel,2026-09-17,10:00 - 11:00,450000,Available
4456_11244_11:00,4456,T3 Sports & Lifestyle,11244,Court 2C Padel,2026-09-17,11:00 - 12:00,450000,Available
4456_11244_12:00,4456,T3 Sports & Lifestyle,11244,Court 2C Padel,2026-09-17,12:00 - 13:00,450000,Booked
4456_11244_13:00,4456,T3 Sports & Lifestyle,11244,Court 2C Padel,2026-09-17,13:00 - 14:00,450000,Booked
4456_11244_14:00,4456,T3 Sports & Lifestyle,11244,Court 2C Padel,2026-09-17,14:00 - 15:00,450000,Booked
4456_11244_15:00,4456,T3 Sports & Lifestyle,11244,Court 2C Padel,2026-09-17,15:00 - 16:00,450000,Available
4456_11244_16:00,4456,T3 Sports & Lifestyle,11244,Court 2C Padel,2026-09-17,16:00 - 17:00,450000,Available
4456_11244_17:00,4456,T3 Sports & Lifestyle,11244,Court 2C Padel,2026-09-17,17:00 - 18:00,600000,Available
4456_11244_18:00,4456,T3 Sports & Lifestyle,11244,Court 2C Padel,2026-09-17,18:00 - 19:00,600000,Available
4456_11244_19:00,4456,T3 Sports & Lifestyle,11244,Court 2C Padel,2026-09-17,19:00 - 20:00,600000,Booked
4456_11244_20:00,4456,T3 Sports & Lifestyle,11244,Court 2C Padel,2026-09-17,20:00 - 21:00,600000,Booked
4456_11244_21:00,4456,T3 Sports & Lifestyle,11244,Court 2C Padel,2026-09-17,21:00 - 22:00,600000,Available
4456_11245_06:00,4456,T3 Sports & Lifestyle,11245,Court 3A Pickle,2026-09-17,06:00 - 07:00,250000,Available
4456_11245_07:00,4456,T3 Sports & Lifestyle,11245,Court 3A Pickle,2026-09-17,07:00 - 08:00,250000,Available
4456_11245_08:00,4456,T3 Sports & Lifestyle,11245,Court 3A Pickle,2026-09-17,08:00 - 09:00,250000,Booked
4456_11245_09:00,4456,T3 Sports & Lifestyle,11245,Court 3A Pickle,2026-09-17,09:00 - 10:00,250000,Booked
4456_11245_10:00,4456,T3 Sports & Lifestyle,11245,Court 3A Pickle,2026-09-17,10:00 - 11:00,200000,Booked
4456_11245_11:00,4456,T3 Sports & Lifestyle,11245,Court 3A Pickle,2026-09-17,11:00 - 12:00,200000,Available
4456_11245_12:00,4456,T3 Sports & Lifestyle,11245,Court 3A Pickle,2026-09-17,12:00 - 13:00,200000,Available
4456_11245_13:00,4456,T3 Sports & Lifestyle,11245,Court 3A Pickle,2026-09-17,13:00 - 14:00,200000,Available
4456_11245_14:00,4456,T3 Sports & Lifestyle,11245,Court 3A Pickle,2026-09-17,14:00 - 15:00,200000,Available
4456_11245_15:00,4456,T3 Sports & Lifestyle,11245,Court 3A Pickle,2026-09-17,15:00 - 16:00,200000,Available
4456_11245_16:00,4456,T3 Sports & Lifestyle,11245,Court 3A Pickle,2026-09-17,16:00 - 17:00,200000,Available
4456_11245_17:00,4456,T3 Sports & Lifestyle,11245,Court 3A Pickle,2026-09-17,17:00 - 18:00,250000,Available
4456_11245_18:00,4456,T3 Sports & Lifestyle,11245,Court 3A Pickle,2026-09-17,18:00 - 19:00,250000,Booked
4456_11245_19:00,4456,T3 Sports & Lifestyle,11245,Court 3A Pickle,2026-09-17,19:00 - 20:00,250000,Booked
4456_11245_20:00,4456,T3 Sports & Lifestyle,11245,Court 3A Pickle,2026-09-17,20:00 - 21:00,250000,Booked
4456_11245_21:00,4456,T3 Sports & Lifestyle,11245,Court 3A Pickle,2026-09-17,21:00 - 22:00,250000,Available
4456_11246_06:00,4456,T3 Sports & Lifestyle,11246,Court 3B Pickle,2026-09-17,06:00 - 07:00,250000,Available
4456_11246_07:00,4456,T3 Sports & Lifestyle,11246,Court 3B Pickle,2026-09-17,07:00 - 08:00,250000,Booked
4456_11246_08:00,4456,T3 Sports & Lifestyle,11246,Court 3B Pickle,2026-09-17,08:00 - 09:00,250000,Booked
4456_11246_09:00,4456,T3 Sports & Lifestyle,11246,Court 3B Pickle,2026-09-17,09:00 - 10:00,250000,Booked
4456_11246_10:00,4456,T3 Sports & Lifestyle,11246,Court 3B Pickle,2026-09-17,10:00 - 11:00,200000,Available
4456_11246_11:00,4456,T3 Sports & Lifestyle,11246,Court 3B Pickle,2026-09-17,11:00 - 12:00,200000,Available
4456_11246_12:00,4456,T3 Sports & Lifestyle,11246,Court 3B Pickle,2026-09-17,12:00 - 13:00,200000,Available
4456_11246_13:00,4456,T3 Sports & Lifestyle,11246,Court 3B Pickle,2026-09-17,13:00 - 14:00,200000,Available
4456_11246_14:00,4456,T3 Sports & Lifestyle,11246,Court 3B Pickle,2026-09-17,14:00 - 15:00,200000,Available
4456_11246_15:00,4456,T3 Sports & Lifestyle,11246,Court 3B Pickle,2026-09-17,15:00 - 16:00,200000,Booked
4456_11246_16:00,4456,T3 Sports & Lifestyle,11246,Court 3B Pickle,2026-09-17,16:00 - 17:00,200000,Booked
4456_11246_17:00,4456,T3 Sports & Lifestyle,11246,Court 3B Pickle,2026-09-17,17:00 - 18:00,250000,Available
4456_11246_18:00,4456,T3 Sports & Lifestyle,11246,Court 3B Pickle,2026-09-17,18:00 - 19:00,250000,Booked
4456_11246_19:00,4456,T3 Sports & Lifestyle,11246,Court 3B Pickle,2026-09-17,19:00 - 20:00,250000,Booked
4456_11246_20:00,4456,T3 Sports & Lifestyle,11246,Court 3B Pickle,2026-09-17,20:00 - 21:00,250000,Booked
4456_11246_21:00,4456,T3 Sports & Lifestyle,11246,Court 3B Pickle,2026-09-17,21:00 - 22:00,250000,Available
4456_12463_06:00,4456,T3 Sports & Lifestyle,12463,Mahjong A,2026-09-17,06:00 - 07:00,150000,Available
4456_12463_07:00,4456,T3 Sports & Lifestyle,12463,Mahjong A,2026-09-17,07:00 - 08:00,150000,Available
4456_12463_08:00,4456,T3 Sports & Lifestyle,12463,Mahjong A,2026-09-17,08:00 - 09:00,150000,Available
4456_12463_09:00,4456,T3 Sports & Lifestyle,12463,Mahjong A,2026-09-17,09:00 - 10:00,150000,Available
4456_12463_10:00,4456,T3 Sports & Lifestyle,12463,Mahjong A,2026-09-17,10:00 - 11:00,150000,Available
4456_12463_11:00,4456,T3 Sports & Lifestyle,12463,Mahjong A,2026-09-17,11:00 - 12:00,150000,Available
4456_12463_12:00,4456,T3 Sports & Lifestyle,12463,Mahjong A,2026-09-17,12:00 - 13:00,150000,Available
4456_12463_13:00,4456,T3 Sports & Lifestyle,12463,Mahjong A,2026-09-17,13:00 - 14:00,150000,Available
4456_12463_14:00,4456,T3 Sports & Lifestyle,12463,Mahjong A,2026-09-17,14:00 - 15:00,150000,Available
4456_12463_15:00,4456,T3 Sports & Lifestyle,12463,Mahjong A,2026-09-17,15:00 - 16:00,150000,Available
4456_12463_16:00,4456,T3 Sports & Lifestyle,12463,Mahjong A,2026-09-17,16:00 - 17:00,150000,Available
4456_12463_17:00,4456,T3 Sports & Lifestyle,12463,Mahjong A,2026-09-17,17:00 - 18:00,150000,Available
4456_12463_18:00,4456,T3 Sports & Lifestyle,12463,Mahjong A,2026-09-17,18:00 - 19:00,150000,Available
4456_12463_19:00,4456,T3 Sports & Lifestyle,12463,Mahjong A,2026-09-17,19:00 - 20:00,150000,Available
4456_12463_20:00,4456,T3 Sports & Lifestyle,12463,Mahjong A,2026-09-17,20:00 - 21:00,150000,Available
4456_12463_21:00,4456,T3 Sports & Lifestyle,12463,Mahjong A,2026-09-17,21:00 - 22:00,150000,Available
4456_12464_06:00,4456,T3 Sports & Lifestyle,12464,Mahjong B,2026-09-17,06:00 - 07:00,150000,Available
4456_12464_07:00,4456,T3 Sports & Lifestyle,12464,Mahjong B,2026-09-17,07:00 - 08:00,150000,Available
4456_12464_08:00,4456,T3 Sports & Lifestyle,12464,Mahjong B,2026-09-17,08:00 - 09:00,150000,Available
4456_12464_09:00,4456,T3 Sports & Lifestyle,12464,Mahjong B,2026-09-17,09:00 - 10:00,150000,Available
4456_12464_10:00,4456,T3 Sports & Lifestyle,12464,Mahjong B,2026-09-17,10:00 - 11:00,150000,Available
4456_12464_11:00,4456,T3 Sports & Lifestyle,12464,Mahjong B,2026-09-17,11:00 - 12:00,150000,Available
4456_12464_12:00,4456,T3 Sports & Lifestyle,12464,Mahjong B,2026-09-17,12:00 - 13:00,150000,Available
4456_12464_13:00,4456,T3 Sports & Lifestyle,12464,Mahjong B,2026-09-17,13:00 - 14:00,150000,Available
4456_12464_14:00,4456,T3 Sports & Lifestyle,12464,Mahjong B,2026-09-17,14:00 - 15:00,150000,Available
4456_12464_15:00,4456,T3 Sports & Lifestyle,12464,Mahjong B,2026-09-17,15:00 - 16:00,150000,Available
4456_12464_16:00,4456,T3 Sports & Lifestyle,12464,Mahjong B,2026-09-17,16:00 - 17:00,150000,Available
4456_12464_17:00,4456,T3 Sports & Lifestyle,12464,Mahjong B,2026-09-17,17:00 - 18:00,150000,Available
4456_12464_18:00,4456,T3 Sports & Lifestyle,12464,Mahjong B,2026-09-17,18:00 - 19:00,150000,Available
4456_12464_19:00,4456,T3 Sports & Lifestyle,12464,Mahjong B,2026-09-17,19:00 - 20:00,150000,Available
4456_12464_20:00,4456,T3 Sports & Lifestyle,12464,Mahjong B,2026-09-17,20:00 - 21:00,150000,Available
4456_12464_21:00,4456,T3 Sports & Lifestyle,12464,Mahjong B,2026-09-17,21:00 - 22:00,150000,Available
