slot_key,venue_id,venue_name,field_id,field_name,date,time_slot,price,status
4411_11013_07:00,4411,Deuce Arena,11013,Padel Court A,2026-09-23,07:00 - 08:00,70000,Available
4411_11617_07:00,4411,Deuce Arena,11617,Padel Court B,2026-09-23,07:00 - 08:00,70000,Available
4411_11618_07:00,4411,Deuce Arena,11618,Padel Court C,2026-09-23,07:00 - 08:00,70000,Available
4411_11621_07:00,4411,Deuce Arena,11621,Doubles Court 1,2026-09-23,07:00 - 08:00,200000,Available
4411_11622_07:00,4411,Deuce Arena,11622,Doubles Court 2,2026-09-23,07:00 - 08:00,200000,Available
4411_11619_07:00,4411,Deuce Arena,11619,Singles Court 1,2026-09-23,07:00 - 08:00,150000,Available
4411_11620_07:00,4411,Deuce Arena,11620,Singles Court 2,2026-09-23,07:00 - 08:00,150000,Available
2422_5202_06:00,2422,Nordic Courts,5202,Tennis 1,2026-09-23,06:00 - 07:00,185000,Booked
2422_5202_07:00,2422,Nordic Courts,5202,Tennis 1,2026-09-23,07:00 - 08:00,185000,Booked
2422_7140_06:00,2422,Nordic Courts,7140,Tennis 2,2026-09-23,06:00 - 07:00,185000,Available
2422_7140_07:00,2422,Nordic Courts,7140,Tennis 2,2026-09-23,07:00 - 08:00,185000,Available
2422_5205_06:00,2422,Nordic Courts,5205,Padel A,2026-09-23,06:00 - 07:00,99000,Available
2422_5205_07:00,2422,Nordic Courts,5205,Padel A,2026-09-23,07:00 - 08:00,99000,Booked
2422_7149_06:00,2422,Nordic Courts,7149,Padel B,2026-09-23,06:00 - 07:00,99000,Available
2422_7149_07:00,2422,Nordic Courts,7149,Padel B,2026-09-23,07:00 - 08:00,99000,Available
2422_7150_06:00,2422,Nordic Courts,7150,Padel C,2026-09-23,06:00 - 07:00,99000,Available
2422_7150_07:00,2422,Nordic Courts,7150,Padel C,2026-09-23,07:00 - 08:00,99000,Available
2422_7151_06:00,2422,Nordic Courts,7151,Padel D,2026-09-23,06:00 - 07:00,99000,Available
2422_7151_07:00,2422,Nordic Courts,7151,Padel D,2026-09-23,07:00 - 08:00,99000,Available
2110_4356_06:00,2110,Hobi Padel Meruya,4356,Court 1,2026-09-23,06:00 - 07:00,98000,Available
2110_4356_07:00,2110,Hobi Padel Meruya,4356,Court 1,2026-09-23,07:00 - 08:00,118000,Available
2110_6157_06:00,2110,Hobi Padel Meruya,6157,Court 2,2026-09-23,06:00 - 07:00,98000,Available
2110_6157_07:00,2110,Hobi Padel Meruya,6157,Court 2,2026-09-23,07:00 - 08:00,118000,Available
2110_6158_06:00,2110,Hobi Padel Meruya,6158,Court 3,2026-09-23,06:00 - 07:00,98000,Available
2110_6158_07:00,2110,Hobi Padel Meruya,6158,Court 3,2026-09-23,07:00 - 08:00,118000,Booked
2110_6159_06:00,2110,Hobi Padel Meruya,6159,Court 4,2026-09-23,06:00 - 07:00,98000,Available
2110_6159_07:00,2110,Hobi Padel Meruya,6159,Court 4,2026-09-23,07:00 - 08:00,118000,Available
2415_5095_06:00,2415,Padelin,5095,Court 1,2026-09-23,06:00 - 07:00,70000,Available
2415_5095_07:00,2415,Padelin,5095,Court 1,2026-09-23,07:00 - 08:00,70000,Available
2415_7551_06:00,2415,Padelin,7551,Court 2,2026-09-23,06:00 - 07:00,70000,Available
2415_7551_07:00,2415,Padelin,7551,Court 2,2026-09-23,07:00 - 08:00,70000,Booked
2415_7552_06:00,2415,Padelin,7552,Court 3,2026-09-23,06:00 - 07:00,70000,Booked
2415_7552_07:00,2415,Padelin,7552,Court 3,2026-09-23,07:00 - 08:00,70000,Booked
1113_2242_07:00,1113,Sunday Padel - Meruya,2242,Court 1,2026-09-23,07:00 - 08:00,99000,Available
1113_2246_07:00,1113,Sunday Padel - Meruya,2246,Court 2,2026-09-23,07:00 - 08:00,99000,Available
1113_2247_07:00,1113,Sunday Padel - Meruya,2247,Court 3,2026-09-23,07:00 - 08:00,99000,Available
1113_2248_07:00,1113,Sunday Padel - Meruya,2248,Court 4,2026-09-23,07:00 - 08:00,99000,Booked
1113_2249_07:00,1113,Sunday Padel - Meruya,2249,Court 5,2026-09-23,07:00 - 08:00,99000,Available
3308_8017_06:00,3308,Angke Padel,8017,Court A,2026-09-23,06:00 - 07:00,75000,Available
3308_8017_07:00,3308,Angke Padel,8017,Court A,2026-09-23,07:00 - 08:00,75000,Available
3308_8333_06:00,3308,Angke Padel,8333,Court B,2026-09-23,06:00 - 07:00,75000,Available
3308_8333_07:00,3308,Angke Padel,8333,Court B,2026-09-23,07:00 - 08:00,75000,Available
3308_8334_06:00,3308,Angke Padel,8334,Court C,2026-09-23,06:00 - 07:00,75000,Available
3308_8334_07:00,3308,Angke Padel,8334,Court C,2026-09-23,07:00 - 08:00,75000,Available
3308_8335_06:00,3308,Angke Padel,8335,Court D,2026-09-23,06:00 - 07:00,75000,Available
3308_8335_07:00,3308,Angke Padel,8335,Court D,2026-09-23,07:00 - 08:00,75000,Available
3308_8336_06:00,3308,Angke Padel,8336,Court E,2026-09-23,06:00 - 07:00,75000,Available
3308_8336_07:00,3308,Angke Padel,8336,Court E,2026-09-23,07:00 - 08:00,75000,Available
3308_8337_06:00,3308,Angke Padel,8337,Court F,2026-09-23,06:00 - 07:00,75000,Available
3308_8337_07:00,3308,Angke Padel,8337,Court F,2026-09-23,07:00 - 08:00,75000,Available
3358_8176_06:00,3358,Kaia Padel Reserve,8176,Court A (Green),2026-09-23,06:00 - 07:00,125000,Available
3358_8176_07:00,3358,Kaia Padel Reserve,8176,Court A (Green),2026-09-23,07:00 - 08:00,125000,Available
3358_8193_06:00,3358,Kaia Padel Reserve,8193,Court B (Terracotta),2026-09-23,06:00 - 07:00,125000,Available
3358_8193_07:00,3358,Kaia Padel Reserve,8193,Court B (Terracotta),2026-09-23,07:00 - 08:00,125000,Available
3358_8194_06:00,3358,Kaia Padel Reserve,8194,Court C (Green),2026-09-23,06:00 - 07:00,125000,Available
3358_8194_07:00,3358,Kaia Padel Reserve,8194,Court C (Green),2026-09-23,07:00 - 08:00,125000,Available
3358_8195_06:00,3358,Kaia Padel Reserve,8195,Court D (Terracotta),2026-09-23,06:00 - 07:00,125000,Available
3358_8195_07:00,3358,Kaia Padel Reserve,8195,Court D (Terracotta),2026-09-23,07:00 - 08:00,125000,Available
3358_8196_06:00,3358,Kaia Padel Reserve,8196,Court E (Green),2026-09-23,06:00 - 07:00,125000,Available
3358_8196_07:00,3358,Kaia Padel Reserve,8196,Court E (Green),2026-09-23,07:00 - 08:00,125000,Available
4053_10011_07:00,4053,Nice Padel,10011,Court 1,2026-09-23,07:00 - 08:00,99000,Available
4053_10012_07:00,4053,Nice Padel,10012,Court 2,2026-09-23,07:00 - 08:00,99000,Available
4244_10884_06:00,4244,Mono House,10884,Court 1,2026-09-23,06:00 - 07:00,125000,Available
4244_10884_07:00,4244,Mono House,10884,Court 1,2026-09-23,07:00 - 08:00,125000,Available
4244_10885_06:00,4244,Mono House,10885,Court 2,2026-09-23,06:00 - 07:00,125000,Booked
4244_10885_07:00,4244,Mono House,10885,Court 2,2026-09-23,07:00 - 08:00,125000,Available
2958_6927_06:00,2958,Go 2 Padel,6927,Court 1 (Blue),2026-09-23,06:00 - 07:00,60000,Available
2958_6927_07:00,2958,Go 2 Padel,6927,Court 1 (Blue),2026-09-23,07:00 - 08:00,60000,Available
2958_7798_06:00,2958,Go 2 Padel,7798,Court 2 (Pink),2026-09-23,06:00 - 07:00,60000,Available
2958_7798_07:00,2958,Go 2 Padel,7798,Court 2 (Pink),2026-09-23,07:00 - 08:00,60000,Available
2906_6677_06:00,2906,Padel Quarter,6677,Elite Court,2026-09-23,06:00 - 07:00,100000,Available
2906_6677_07:00,2906,Padel Quarter,6677,Elite Court,2026-09-23,07:00 - 08:00,100000,Booked
2906_6678_06:00,2906,Padel Quarter,6678,Court 1,2026-09-23,06:00 - 07:00,90000,Available
2906_6678_07:00,2906,Padel Quarter,6678,Court 1,2026-09-23,07:00 - 08:00,90000,Booked
2906_6679_06:00,2906,Padel Quarter,6679,Court 2,2026-09-23,06:00 - 07:00,90000,Available
2906_6679_07:00,2906,Padel Quarter,6679,Court 2,2026-09-23,07:00 - 08:00,90000,Available
2906_6680_06:00,2906,Padel Quarter,6680,Court 3,2026-09-23,06:00 - 07:00,90000,Available
2906_6680_07:00,2906,Padel Quarter,6680,Court 3,2026-09-23,07:00 - 08:00,90000,Booked
3232_8048_06:00,3232,Powerhouse Padel AZURE Taman Surya,8048,Court A,2026-09-23,06:00 - 07:00,75000,Available
3232_8048_07:00,3232,Powerhouse Padel AZURE Taman Surya,8048,Court A,2026-09-23,07:00 - 08:00,75000,Available
3232_8132_06:00,3232,Powerhouse Padel AZURE Taman Surya,8132,Court B,2026-09-23,06:00 - 07:00,75000,Available
3232_8132_07:00,3232,Powerhouse Padel AZURE Taman Surya,8132,Court B,2026-09-23,07:00 - 08:00,75000,Available
3232_8133_06:00,3232,Powerhouse Padel AZURE Taman Surya,8133,Court C,2026-09-23,06:00 - 07:00,75000,Available
3232_8133_07:00,3232,Powerhouse Padel AZURE Taman Surya,8133,Court C,2026-09-23,07:00 - 08:00,75000,Available
3232_8134_06:00,3232,Powerhouse Padel AZURE Taman Surya,8134,Court D,2026-09-23,06:00 - 07:00,75000,Available
3232_8134_07:00,3232,Powerhouse Padel AZURE Taman Surya,8134,Court D,2026-09-23,07:00 - 08:00,75000,Available
2317_4859_06:00,2317,CPH Citra Padel House,4859,Court 1,2026-09-23,06:00 - 07:00,75000,Available
2317_4859_07:00,2317,CPH Citra Padel House,4859,Court 1,2026-09-23,07:00 - 08:00,75000,Available
2317_4860_06:00,2317,CPH Citra Padel House,4860,Court 2,2026-09-23,06:00 - 07:00,75000,Available
2317_4860_07:00,2317,CPH Citra Padel House,4860,Court 2,2026-09-23,07:00 - 08:00,75000,Available
2317_4861_06:00,2317,CPH Citra Padel House,4861,Court 3,2026-09-23,06:00 - 07:00,75000,Available
2317_4861_07:00,2317,CPH Citra Padel House,4861,Court 3,2026-09-23,07:00 - 08:00,75000,Available
4333_11147_06:00,4333,Seven Stars Arena,11147,Court A,2026-09-23,06:00 - 07:00,125000,Available
4333_11147_07:00,4333,Seven Stars Arena,11147,Court A,2026-09-23,07:00 - 08:00,125000,Available
4333_11148_06:00,4333,Seven Stars Arena,11148,Court B,2026-09-23,06:00 - 07:00,125000,Available
4333_11148_07:00,4333,Seven Stars Arena,11148,Court B,2026-09-23,07:00 - 08:00,125000,Available
4333_11149_06:00,4333,Seven Stars Arena,11149,Court C,2026-09-23,06:00 - 07:00,125000,Available
4333_11149_07:00,4333,Seven Stars Arena,11149,Court C,2026-09-23,07:00 - 08:00,125000,Available
4333_11150_06:00,4333,Seven Stars Arena,11150,Court D,2026-09-23,06:00 - 07:00,125000,Available
4333_11150_07:00,4333,Seven Stars Arena,11150,Court D,2026-09-23,07:00 - 08:00,125000,Available
3416_8364_06:00,3416,Cosmo Padel,8364,Court 1,2026-09-23,06:00 - 07:00,100000,Available
3416_8364_07:00,3416,Cosmo Padel,8364,Court 1,2026-09-23,07:00 - 08:00,150000,Available
3416_8865_06:00,3416,Cosmo Padel,8865,Court 2,2026-09-23,06:00 - 07:00,100000,Available
3416_8865_07:00,3416,Cosmo Padel,8865,Court 2,2026-09-23,07:00 - 08:00,150000,Available
1368_2569_06:00,1368,Vlocity Arena,2569,Tennis 1,2026-09-23,06:00 - 07:00,275000,Available
1368_2569_07:00,1368,Vlocity Arena,2569,Tennis 1,2026-09-23,07:00 - 08:00,275000,Available
1368_2593_06:00,1368,Vlocity Arena,2593,Tennis 2,2026-09-23,06:00 - 07:00,275000,Available
1368_2593_07:00,1368,Vlocity Arena,2593,Tennis 2,2026-09-23,07:00 - 08:00,275000,Available
1368_2596_06:00,1368,Vlocity Arena,2596,Padel Grandstand,2026-09-23,06:00 - 07:00,137500,Booked
1368_2596_07:00,1368,Vlocity Arena,2596,Padel Grandstand,2026-09-23,07:00 - 08:00,137500,Booked
1368_2597_06:00,1368,Vlocity Arena,2597,Padel 1,2026-09-23,06:00 - 07:00,137500,Available
1368_2597_07:00,1368,Vlocity Arena,2597,Padel 1,2026-09-23,07:00 - 08:00,137500,Available
1368_2598_06:00,1368,Vlocity Arena,2598,Padel 2,2026-09-23,06:00 - 07:00,137500,Available
1368_2598_07:00,1368,Vlocity Arena,2598,Padel 2,2026-09-23,07:00 - 08:00,137500,Available
1368_2599_06:00,1368,Vlocity Arena,2599,Padel 3,2026-09-23,06:00 - 07:00,137500,Available
1368_2599_07:00,1368,Vlocity Arena,2599,Padel 3,2026-09-23,07:00 - 08:00,137500,Available
1368_2600_06:00,1368,Vlocity Arena,2600,Padel 4,2026-09-23,06:00 - 07:00,137500,Available
1368_2600_07:00,1368,Vlocity Arena,2600,Padel 4,2026-09-23,07:00 - 08:00,137500,Available
1368_2601_06:00,1368,Vlocity Arena,2601,Padel 5,2026-09-23,06:00 - 07:00,137500,Available
1368_2601_07:00,1368,Vlocity Arena,2601,Padel 5,2026-09-23,07:00 - 08:00,137500,Available
1368_2595_06:00,1368,Vlocity Arena,2595,Badminton 1,2026-09-23,06:00 - 07:00,78000,Available
1368_2595_07:00,1368,Vlocity Arena,2595,Badminton 1,2026-09-23,07:00 - 08:00,78000,Booked
1368_2594_06:00,1368,Vlocity Arena,2594,Badminton 2,2026-09-23,06:00 - 07:00,78000,Available
1368_2594_07:00,1368,Vlocity Arena,2594,Badminton 2,2026-09-23,07:00 - 08:00,78000,Available
1628_9721_06:00,1628,Anwa Racquet Privé (ex Anwa Tennis Club),9721,Court 1,2026-09-23,06:00 - 07:00,249000,Available
1628_9721_07:00,1628,Anwa Racquet Privé (ex Anwa Tennis Club),9721,Court 1,2026-09-23,07:00 - 08:00,249000,Available
1628_9722_06:00,1628,Anwa Racquet Privé (ex Anwa Tennis Club),9722,Court 2,2026-09-23,06:00 - 07:00,249000,Available
1628_9722_07:00,1628,Anwa Racquet Privé (ex Anwa Tennis Club),9722,Court 2,2026-09-23,07:00 - 08:00,249000,Available
1628_9723_06:00,1628,Anwa Racquet Privé (ex Anwa Tennis Club),9723,Court 3,2026-09-23,06:00 - 07:00,249000,Available
1628_9723_07:00,1628,Anwa Racquet Privé (ex Anwa Tennis Club),9723,Court 3,2026-09-23,07:00 - 08:00,249000,Available
1628_10523_06:00,1628,Anwa Racquet Privé (ex Anwa Tennis Club),10523,Mahjong 1,2026-09-23,06:00 - 07:00,200000,Available
1628_10523_07:00,1628,Anwa Racquet Privé (ex Anwa Tennis Club),10523,Mahjong 1,2026-09-23,07:00 - 08:00,200000,Available
1628_10524_06:00,1628,Anwa Racquet Privé (ex Anwa Tennis Club),10524,Mahjong 2,2026-09-23,06:00 - 07:00,200000,Available
1628_10524_07:00,1628,Anwa Racquet Privé (ex Anwa Tennis Club),10524,Mahjong 2,2026-09-23,07:00 - 08:00,200000,Available
1628_10525_06:00,1628,Anwa Racquet Privé (ex Anwa Tennis Club),10525,Mahjong 3,2026-09-23,06:00 - 07:00,200000,Available
1628_10525_07:00,1628,Anwa Racquet Privé (ex Anwa Tennis Club),10525,Mahjong 3,2026-09-23,07:00 - 08:00,200000,Available
1628_10526_06:00,1628,Anwa Racquet Privé (ex Anwa Tennis Club),10526,Mahjong 4,2026-09-23,06:00 - 07:00,200000,Available
1628_10526_07:00,1628,Anwa Racquet Privé (ex Anwa Tennis Club),10526,Mahjong 4,2026-09-23,07:00 - 08:00,200000,Available
1628_3306_06:00,1628,Anwa Racquet Privé (ex Anwa Tennis Club),3306,Love,2026-09-23,06:00 - 07:00,275000,Available
1628_3306_07:00,1628,Anwa Racquet Privé (ex Anwa Tennis Club),3306,Love,2026-09-23,07:00 - 08:00,275000,Available
1628_3308_06:00,1628,Anwa Racquet Privé (ex Anwa Tennis Club),3308,Hope,2026-09-23,06:00 - 07:00,275000,Available
1628_3308_07:00,1628,Anwa Racquet Privé (ex Anwa Tennis Club),3308,Hope,2026-09-23,07:00 - 08:00,275000,Available
1628_3307_06:00,1628,Anwa Racquet Privé (ex Anwa Tennis Club),3307,Faith,2026-09-23,06:00 - 07:00,275000,Available
1628_3307_07:00,1628,Anwa Racquet Privé (ex Anwa Tennis Club),3307,Faith,2026-09-23,07:00 - 08:00,275000,Booked
1628_12588_06:00,1628,Anwa Racquet Privé (ex Anwa Tennis Club),12588,Mini Soccer,2026-09-23,06:00 - 08:00,1200000,Booked
3064_7631_06:00,3064,Country Club | Padel & Lounge,7631,Court 1,2026-09-23,06:00 - 07:00,200000,Available
3064_7631_07:00,3064,Country Club | Padel & Lounge,7631,Court 1,2026-09-23,07:00 - 08:00,200000,Available
3064_7706_06:00,3064,Country Club | Padel & Lounge,7706,Court 2,2026-09-23,06:00 - 07:00,200000,Available
3064_7706_07:00,3064,Country Club | Padel & Lounge,7706,Court 2,2026-09-23,07:00 - 08:00,200000,Available
1922_4080_06:00,1922,Kobana Padel,4080,Court 1,2026-09-23,06:00 - 07:00,200000,Available
1922_4080_07:00,1922,Kobana Padel,4080,Court 1,2026-09-23,07:00 - 08:00,200000,Available
1922_4272_06:00,1922,Kobana Padel,4272,Court 2,2026-09-23,06:00 - 07:00,200000,Available
1922_4272_07:00,1922,Kobana Padel,4272,Court 2,2026-09-23,07:00 - 08:00,200000,Available
1922_4273_06:00,1922,Kobana Padel,4273,Court 3,2026-09-23,06:00 - 07:00,200000,Available
1922_4273_07:00,1922,Kobana Padel,4273,Court 3,2026-09-23,07:00 - 08:00,200000,Available
1300_2682_06:00,1300,The Citadel,2682,Court 1 - Purple,2026-09-23,06:00 - 07:00,195000,Available
1300_2682_07:00,1300,The Citadel,2682,Court 1 - Purple,2026-09-23,07:00 - 08:00,195000,Available
1300_7171_06:00,1300,The Citadel,7171,Court 2,2026-09-23,06:00 - 07:00,195000,Available
1300_7171_07:00,1300,The Citadel,7171,Court 2,2026-09-23,07:00 - 08:00,195000,Available
1300_7172_06:00,1300,The Citadel,7172,Court 3,2026-09-23,06:00 - 07:00,195000,Available
1300_7172_07:00,1300,The Citadel,7172,Court 3,2026-09-23,07:00 - 08:00,195000,Available
1300_7173_06:00,1300,The Citadel,7173,Court 4,2026-09-23,06:00 - 07:00,195000,Available
1300_7173_07:00,1300,The Citadel,7173,Court 4,2026-09-23,07:00 - 08:00,195000,Available
1300_11427_06:00,1300,The Citadel,11427,Court A,2026-09-23,06:00 - 07:00,275000,Available
1300_11427_07:00,1300,The Citadel,11427,Court A,2026-09-23,07:00 - 08:00,275000,Booked
1300_11428_06:00,1300,The Citadel,11428,Court B,2026-09-23,06:00 - 07:00,275000,Available
1300_11428_07:00,1300,The Citadel,11428,Court B,2026-09-23,07:00 - 08:00,275000,Booked
2519_5434_07:00,2519,Hachi Padel Puri Indah Jakarta,5434,Court 1,2026-09-23,07:00 - 08:00,288000,Available
2519_5435_07:00,2519,Hachi Padel Puri Indah Jakarta,5435,Court 2,2026-09-23,07:00 - 08:00,288000,Booked
2519_5436_07:00,2519,Hachi Padel Puri Indah Jakarta,5436,Court 3,2026-09-23,07:00 - 08:00,288000,Available
2519_5437_07:00,2519,Hachi Padel Puri Indah Jakarta,5437,Court 4,2026-09-23,07:00 - 08:00,288000,Available
3139_7379_06:00,3139,PIPC - Play In Padel Collective - Srengseng,7379,Court 1,2026-09-23,06:00 - 07:00,99000,Booked
3139_7379_07:00,3139,PIPC - Play In Padel Collective - Srengseng,7379,Court 1,2026-09-23,07:00 - 08:00,99000,Available
3139_7380_06:00,3139,PIPC - Play In Padel Collective - Srengseng,7380,Court 2,2026-09-23,06:00 - 07:00,99000,Booked
3139_7380_07:00,3139,PIPC - Play In Padel Collective - Srengseng,7380,Court 2,2026-09-23,07:00 - 08:00,99000,Booked
3139_7381_06:00,3139,PIPC - Play In Padel Collective - Srengseng,7381,Court 3,2026-09-23,06:00 - 07:00,99000,Available
3139_7381_07:00,3139,PIPC - Play In Padel Collective - Srengseng,7381,Court 3,2026-09-23,07:00 - 08:00,99000,Available
3139_7382_06:00,3139,PIPC - Play In Padel Collective - Srengseng,7382,Court 4,2026-09-23,06:00 - 07:00,99000,Available
3139_7382_07:00,3139,PIPC - Play In Padel Collective - Srengseng,7382,Court 4,2026-09-23,07:00 - 08:00,99000,Available
3139_7383_06:00,3139,PIPC - Play In Padel Collective - Srengseng,7383,Court 5,2026-09-23,06:00 - 07:00,99000,Available
3139_7383_07:00,3139,PIPC - Play In Padel Collective - Srengseng,7383,Court 5,2026-09-23,07:00 - 08:00,99000,Available
3139_7384_06:00,3139,PIPC - Play In Padel Collective - Srengseng,7384,Court 6,2026-09-23,06:00 - 07:00,99000,Available
3139_7384_07:00,3139,PIPC - Play In Padel Collective - Srengseng,7384,Court 6,2026-09-23,07:00 - 08:00,99000,Available
4103_10155_06:00,4103,Golcindo Padel Club,10155,Court 1,2026-09-23,06:00 - 07:00,99000,Available
4103_10155_07:00,4103,Golcindo Padel Club,10155,Court 1,2026-09-23,07:00 - 08:00,99000,Available
4103_10156_06:00,4103,Golcindo Padel Club,10156,Court 2,2026-09-23,06:00 - 07:00,99000,Available
4103_10156_07:00,4103,Golcindo Padel Club,10156,Court 2,2026-09-23,07:00 - 08:00,99000,Available
1155_2027_06:00,1155,Homeground Padel Premiere Kedoya,2027,Court A,2026-09-23,06:00 - 07:00,150000,Available
1155_2027_07:00,1155,Homeground Padel Premiere Kedoya,2027,Court A,2026-09-23,07:00 - 08:00,250000,Available
1155_2028_06:00,1155,Homeground Padel Premiere Kedoya,2028,Court B,2026-09-23,06:00 - 07:00,150000,Available
1155_2028_07:00,1155,Homeground Padel Premiere Kedoya,2028,Court B,2026-09-23,07:00 - 08:00,250000,Available
1252_2257_06:00,1252,Padel One Club,2257,Court A,2026-09-23,06:00 - 07:00,150000,Available
1252_2257_07:00,1252,Padel One Club,2257,Court A,2026-09-23,07:00 - 08:00,150000,Booked
1252_2259_06:00,1252,Padel One Club,2259,Court B,2026-09-23,06:00 - 07:00,150000,Available
1252_2259_07:00,1252,Padel One Club,2259,Court B,2026-09-23,07:00 - 08:00,150000,Available
1252_2260_06:00,1252,Padel One Club,2260,Court C,2026-09-23,06:00 - 07:00,150000,Available
1252_2260_07:00,1252,Padel One Club,2260,Court C,2026-09-23,07:00 - 08:00,150000,Available
1252_2261_06:00,1252,Padel One Club,2261,Court D,2026-09-23,06:00 - 07:00,150000,Available
1252_2261_07:00,1252,Padel One Club,2261,Court D,2026-09-23,07:00 - 08:00,150000,Available
3854_10231_06:00,3854,Malta Padel Club,10231,Court 1,2026-09-23,06:00 - 07:00,150000,Available
3854_10231_07:00,3854,Malta Padel Club,10231,Court 1,2026-09-23,07:00 - 08:00,150000,Available
3854_10232_06:00,3854,Malta Padel Club,10232,Court 2,2026-09-23,06:00 - 07:00,150000,Available
3854_10232_07:00,3854,Malta Padel Club,10232,Court 2,2026-09-23,07:00 - 08:00,150000,Available
3854_10233_06:00,3854,Malta Padel Club,10233,Court 3,2026-09-23,06:00 - 07:00,150000,Available
3854_10233_07:00,3854,Malta Padel Club,10233,Court 3,2026-09-23,07:00 - 08:00,150000,Available
3854_9463_06:00,3854,Malta Padel Club,9463,Centre Court,2026-09-23,06:00 - 07:00,150000,Available
3854_9463_07:00,3854,Malta Padel Club,9463,Centre Court,2026-09-23,07:00 - 08:00,150000,Available
3854_10234_06:00,3854,Malta Padel Club,10234,Court 5,2026-09-23,06:00 - 07:00,150000,Available
3854_10234_07:00,3854,Malta Padel Club,10234,Court 5,2026-09-23,07:00 - 08:00,150000,Available
2792_6416_06:00,2792,Donkey Padel,6416,Court 1,2026-09-23,06:00 - 07:00,99000,Available
2792_6416_07:00,2792,Donkey Padel,6416,Court 1,2026-09-23,07:00 - 08:00,99000,Available
2792_6439_06:00,2792,Donkey Padel,6439,Court 2,2026-09-23,06:00 - 07:00,99000,Available
2792_6439_07:00,2792,Donkey Padel,6439,Court 2,2026-09-23,07:00 - 08:00,99000,Available
2870_6534_06:00,2870,Ace Padel Club (APC) - Jalan Panjang Kedoya,6534,Court 1 - Jenius,2026-09-23,06:00 - 07:00,220000,Booked
2870_6534_07:00,2870,Ace Padel Club (APC) - Jalan Panjang Kedoya,6534,Court 1 - Jenius,2026-09-23,07:00 - 08:00,220000,Booked
2870_6573_06:00,2870,Ace Padel Club (APC) - Jalan Panjang Kedoya,6573,Court 2,2026-09-23,06:00 - 07:00,220000,Booked
2870_6573_07:00,2870,Ace Padel Club (APC) - Jalan Panjang Kedoya,6573,Court 2,2026-09-23,07:00 - 08:00,220000,Booked
2870_6574_06:00,2870,Ace Padel Club (APC) - Jalan Panjang Kedoya,6574,Court 3,2026-09-23,06:00 - 07:00,220000,Available
2870_6574_07:00,2870,Ace Padel Club (APC) - Jalan Panjang Kedoya,6574,Court 3,2026-09-23,07:00 - 08:00,220000,Booked
2870_6575_06:00,2870,Ace Padel Club (APC) - Jalan Panjang Kedoya,6575,Court 4,2026-09-23,06:00 - 07:00,220000,Booked
2870_6575_07:00,2870,Ace Padel Club (APC) - Jalan Panjang Kedoya,6575,Court 4,2026-09-23,07:00 - 08:00,220000,Booked
2870_6576_06:00,2870,Ace Padel Club (APC) - Jalan Panjang Kedoya,6576,Court 5,2026-09-23,06:00 - 07:00,220000,Booked
2870_6576_07:00,2870,Ace Padel Club (APC) - Jalan Panjang Kedoya,6576,Court 5,2026-09-23,07:00 - 08:00,220000,Booked
2870_6539_06:00,2870,Ace Padel Club (APC) - Jalan Panjang Kedoya,6539,Private Recovery,2026-09-23,06:00 - 07:00,100000,Available
2870_6539_07:00,2870,Ace Padel Club (APC) - Jalan Panjang Kedoya,6539,Private Recovery,2026-09-23,07:00 - 08:00,100000,Available
2617_6948_06:00,2617,JC Padel Kedoya,6948,Purple Court,2026-09-23,06:00 - 07:00,100000,Available
2617_6948_07:00,2617,JC Padel Kedoya,6948,Purple Court,2026-09-23,07:00 - 08:00,100000,Available
2617_6949_06:00,2617,JC Padel Kedoya,6949,Blue Court,2026-09-23,06:00 - 07:00,100000,Available
2617_6949_07:00,2617,JC Padel Kedoya,6949,Blue Court,2026-09-23,07:00 - 08:00,100000,Booked
4519_11488_06:00,4519,SERA COMMUNITY CLUB,11488,Court 1 - Sera Community Club,2026-09-23,06:00 - 07:00,165000,Available
4519_11488_07:00,4519,SERA COMMUNITY CLUB,11488,Court 1 - Sera Community Club,2026-09-23,07:00 - 08:00,165000,Available
4519_11580_06:00,4519,SERA COMMUNITY CLUB,11580,Court 2 - Sera Community Club,2026-09-23,06:00 - 07:00,165000,Available
4519_11580_07:00,4519,SERA COMMUNITY CLUB,11580,Court 2 - Sera Community Club,2026-09-23,07:00 - 08:00,165000,Available
1678_4890_06:00,1678,Padel Spot,4890,Court 1,2026-09-23,06:00 - 07:00,150000,Available
1678_4890_07:00,1678,Padel Spot,4890,Court 1,2026-09-23,07:00 - 08:00,150000,Available
1678_9151_06:00,1678,Padel Spot,9151,Court 2,2026-09-23,06:00 - 07:00,150000,Available
1678_9151_07:00,1678,Padel Spot,9151,Court 2,2026-09-23,07:00 - 08:00,150000,Available
1678_9179_06:00,1678,Padel Spot,9179,Court 3,2026-09-23,06:00 - 07:00,150000,Booked
1678_9179_07:00,1678,Padel Spot,9179,Court 3,2026-09-23,07:00 - 08:00,150000,Booked
1678_9180_06:00,1678,Padel Spot,9180,Court 4,2026-09-23,06:00 - 07:00,150000,Available
1678_9180_07:00,1678,Padel Spot,9180,Court 4,2026-09-23,07:00 - 08:00,150000,Available
1678_9181_06:00,1678,Padel Spot,9181,Court 5,2026-09-23,06:00 - 07:00,150000,Available
1678_9181_07:00,1678,Padel Spot,9181,Court 5,2026-09-23,07:00 - 08:00,150000,Available
1678_9182_06:00,1678,Padel Spot,9182,Court 6,2026-09-23,06:00 - 07:00,150000,Available
1678_9182_07:00,1678,Padel Spot,9182,Court 6,2026-09-23,07:00 - 08:00,150000,Available
1982_4103_06:00,1982,Glass House Padel,4103,Court 1,2026-09-23,06:00 - 07:00,149000,Available
1982_4103_07:00,1982,Glass House Padel,4103,Court 1,2026-09-23,07:00 - 08:00,149000,Available
1982_5447_06:00,1982,Glass House Padel,5447,Court 2,2026-09-23,06:00 - 07:00,149000,Available
1982_5447_07:00,1982,Glass House Padel,5447,Court 2,2026-09-23,07:00 - 08:00,149000,Available
1982_11671_06:00,1982,Glass House Padel,11671,Mahjong KONG,2026-09-23,06:00 - 07:00,90000,Available
1982_11671_07:00,1982,Glass House Padel,11671,Mahjong KONG,2026-09-23,07:00 - 08:00,90000,Available
1982_12777_06:00,1982,Glass House Padel,12777,Mahjong PONG,2026-09-23,06:00 - 07:00,90000,Available
1982_12777_07:00,1982,Glass House Padel,12777,Mahjong PONG,2026-09-23,07:00 - 08:00,90000,Available
614_935_06:00,614,Homeground Padel Kedoya,935,Court 1 Outdoor,2026-09-23,06:00 - 07:00,99000,Available
614_935_07:00,614,Homeground Padel Kedoya,935,Court 1 Outdoor,2026-09-23,07:00 - 08:00,125000,Available
614_936_06:00,614,Homeground Padel Kedoya,936,Court 2 Roof,2026-09-23,06:00 - 07:00,99000,Available
614_936_07:00,614,Homeground Padel Kedoya,936,Court 2 Roof,2026-09-23,07:00 - 08:00,200000,Available
614_937_06:00,614,Homeground Padel Kedoya,937,Court 3 Roof,2026-09-23,06:00 - 07:00,99000,Available
614_937_07:00,614,Homeground Padel Kedoya,937,Court 3 Roof,2026-09-23,07:00 - 08:00,200000,Available
614_938_06:00,614,Homeground Padel Kedoya,938,Court 4 Roof,2026-09-23,06:00 - 07:00,99000,Available
614_938_07:00,614,Homeground Padel Kedoya,938,Court 4 Roof,2026-09-23,07:00 - 08:00,200000,Available
1812_3895_06:00,1812,Terra Padel Court,3895,Court A,2026-09-23,06:00 - 07:00,99000,Available
1812_3895_07:00,1812,Terra Padel Court,3895,Court A,2026-09-23,07:00 - 08:00,99000,Available
1812_7091_06:00,1812,Terra Padel Court,7091,Court B,2026-09-23,06:00 - 07:00,99000,Available
1812_7091_07:00,1812,Terra Padel Court,7091,Court B,2026-09-23,07:00 - 08:00,99000,Available
4044_10194_06:00,4044,De Luz Padel,10194,Court 1,2026-09-23,06:00 - 07:00,125000,Available
4044_10194_07:00,4044,De Luz Padel,10194,Court 1,2026-09-23,07:00 - 08:00,125000,Booked
4044_10994_06:00,4044,De Luz Padel,10994,Court 2,2026-09-23,06:00 - 07:00,125000,Available
4044_10994_07:00,4044,De Luz Padel,10994,Court 2,2026-09-23,07:00 - 08:00,125000,Booked
4044_10995_06:00,4044,De Luz Padel,10995,Court 3,2026-09-23,06:00 - 07:00,125000,Available
4044_10995_07:00,4044,De Luz Padel,10995,Court 3,2026-09-23,07:00 - 08:00,125000,Booked
4044_10996_06:00,4044,De Luz Padel,10996,Court 4,2026-09-23,06:00 - 07:00,125000,Available
4044_10996_07:00,4044,De Luz Padel,10996,Court 4,2026-09-23,07:00 - 08:00,125000,Booked
4044_10997_06:00,4044,De Luz Padel,10997,Court 5,2026-09-23,06:00 - 07:00,125000,Available
4044_10997_07:00,4044,De Luz Padel,10997,Court 5,2026-09-23,07:00 - 08:00,125000,Booked
4044_10199_06:00,4044,De Luz Padel,10199,VIP Court,2026-09-23,06:00 - 07:00,125000,Available
4044_10199_07:00,4044,De Luz Padel,10199,VIP Court,2026-09-23,07:00 - 08:00,125000,Booked
4044_10200_06:00,4044,De Luz Padel,10200,Pickleball,2026-09-23,06:00 - 07:00,80000,Available
4044_10200_07:00,4044,De Luz Padel,10200,Pickleball,2026-09-23,07:00 - 08:00,80000,Available
1262_2281_06:00,1262,EZ Padel Tomang,2281,Court A,2026-09-23,06:00 - 07:00,148000,Available
1262_2281_07:00,1262,EZ Padel Tomang,2281,Court A,2026-09-23,07:00 - 08:00,148000,Available
1262_2479_06:00,1262,EZ Padel Tomang,2479,Court B,2026-09-23,06:00 - 07:00,148000,Available
1262_2479_07:00,1262,EZ Padel Tomang,2479,Court B,2026-09-23,07:00 - 08:00,148000,Available
1262_2480_06:00,1262,EZ Padel Tomang,2480,Court C,2026-09-23,06:00 - 07:00,148000,Available
1262_2480_07:00,1262,EZ Padel Tomang,2480,Court C,2026-09-23,07:00 - 08:00,148000,Available
1262_2481_06:00,1262,EZ Padel Tomang,2481,Court D,2026-09-23,06:00 - 07:00,148000,Available
1262_2481_07:00,1262,EZ Padel Tomang,2481,Court D,2026-09-23,07:00 - 08:00,148000,Available
1837_3742_06:00,1837,Tinny Padel,3742,COURT VIP Super Panoramic,2026-09-23,06:00 - 07:00,125000,Available
1837_3742_07:00,1837,Tinny Padel,3742,COURT VIP Super Panoramic,2026-09-23,07:00 - 08:00,125000,Available
1214_2221_06:00,1214,Orange Garden Padel Club,2221,Court 1,2026-09-23,06:00 - 07:00,88000,Available
1214_2221_07:00,1214,Orange Garden Padel Club,2221,Court 1,2026-09-23,07:00 - 08:00,88000,Available
1214_2227_06:00,1214,Orange Garden Padel Club,2227,Court 2,2026-09-23,06:00 - 07:00,88000,Available
1214_2227_07:00,1214,Orange Garden Padel Club,2227,Court 2,2026-09-23,07:00 - 08:00,88000,Available
1214_2228_06:00,1214,Orange Garden Padel Club,2228,Court 3,2026-09-23,06:00 - 07:00,88000,Available
1214_2228_07:00,1214,Orange Garden Padel Club,2228,Court 3,2026-09-23,07:00 - 08:00,88000,Available
1214_2229_06:00,1214,Orange Garden Padel Club,2229,Court 4,2026-09-23,06:00 - 07:00,88000,Available
1214_2229_07:00,1214,Orange Garden Padel Club,2229,Court 4,2026-09-23,07:00 - 08:00,88000,Available
2246_5096_06:00,2246,Padeloo,5096,Court 1,2026-09-23,06:00 - 07:00,125000,Available
2246_5096_07:00,2246,Padeloo,5096,Court 1,2026-09-23,07:00 - 08:00,125000,Available
2246_9263_06:00,2246,Padeloo,9263,Court 2,2026-09-23,06:00 - 07:00,125000,Available
2246_9263_07:00,2246,Padeloo,9263,Court 2,2026-09-23,07:00 - 08:00,125000,Available
2246_9264_06:00,2246,Padeloo,9264,Court 3,2026-09-23,06:00 - 07:00,125000,Available
2246_9264_07:00,2246,Padeloo,9264,Court 3,2026-09-23,07:00 - 08:00,125000,Available
1785_3635_06:00,1785,Badel Padel,3635,Ppc 1,2026-09-23,06:00 - 07:00,100000,Available
1785_3635_07:00,1785,Badel Padel,3635,Ppc 1,2026-09-23,07:00 - 08:00,100000,Available
1785_4467_06:00,1785,Badel Padel,4467,Ppc 2,2026-09-23,06:00 - 07:00,100000,Available
1785_4467_07:00,1785,Badel Padel,4467,Ppc 2,2026-09-23,07:00 - 08:00,100000,Available
1785_4468_06:00,1785,Badel Padel,4468,Ppc 3,2026-09-23,06:00 - 07:00,100000,Available
1785_4468_07:00,1785,Badel Padel,4468,Ppc 3,2026-09-23,07:00 - 08:00,100000,Available
1785_4469_06:00,1785,Badel Padel,4469,Ppc 4,2026-09-23,06:00 - 07:00,100000,Available
1785_4469_07:00,1785,Badel Padel,4469,Ppc 4,2026-09-23,07:00 - 08:00,100000,Available
3387_8243_06:00,3387,Tangkas Padel,8243,Court 1,2026-09-23,06:00 - 07:00,150000,Available
3387_8243_07:00,3387,Tangkas Padel,8243,Court 1,2026-09-23,07:00 - 08:00,150000,Available
3387_8244_06:00,3387,Tangkas Padel,8244,Court 2,2026-09-23,06:00 - 07:00,150000,Available
3387_8244_07:00,3387,Tangkas Padel,8244,Court 2,2026-09-23,07:00 - 08:00,150000,Available
3387_8245_06:00,3387,Tangkas Padel,8245,Court 3,2026-09-23,06:00 - 07:00,150000,Available
3387_8245_07:00,3387,Tangkas Padel,8245,Court 3,2026-09-23,07:00 - 08:00,150000,Available
2015_4169_06:00,2015,Xcite Padel,4169,Court 1,2026-09-23,06:00 - 07:00,125000,Available
2015_4169_07:00,2015,Xcite Padel,4169,Court 1,2026-09-23,07:00 - 08:00,125000,Available
2015_9987_06:00,2015,Xcite Padel,9987,Court 2,2026-09-23,06:00 - 07:00,125000,Available
2015_9987_07:00,2015,Xcite Padel,9987,Court 2,2026-09-23,07:00 - 08:00,125000,Available
2015_9988_06:00,2015,Xcite Padel,9988,Court 3,2026-09-23,06:00 - 07:00,125000,Available
2015_9988_07:00,2015,Xcite Padel,9988,Court 3,2026-09-23,07:00 - 08:00,125000,Booked
2015_9989_06:00,2015,Xcite Padel,9989,Court 4,2026-09-23,06:00 - 07:00,125000,Available
2015_9989_07:00,2015,Xcite Padel,9989,Court 4,2026-09-23,07:00 - 08:00,125000,Available
1542_6003_06:00,1542,Stone Padel - Citra Garden City,6003,Court 1,2026-09-23,06:00 - 07:00,100000,Available
1542_6003_07:00,1542,Stone Padel - Citra Garden City,6003,Court 1,2026-09-23,07:00 - 08:00,100000,Available
1542_6004_06:00,1542,Stone Padel - Citra Garden City,6004,Court 2,2026-09-23,06:00 - 07:00,100000,Available
1542_6004_07:00,1542,Stone Padel - Citra Garden City,6004,Court 2,2026-09-23,07:00 - 08:00,100000,Available
1542_6005_06:00,1542,Stone Padel - Citra Garden City,6005,Court 3,2026-09-23,06:00 - 07:00,100000,Available
1542_6005_07:00,1542,Stone Padel - Citra Garden City,6005,Court 3,2026-09-23,07:00 - 08:00,100000,Available
1542_3115_06:00,1542,Stone Padel - Citra Garden City,3115,Private Court,2026-09-23,06:00 - 07:00,100000,Available
1542_3115_07:00,1542,Stone Padel - Citra Garden City,3115,Private Court,2026-09-23,07:00 - 08:00,100000,Booked
1563_3171_06:00,1563,Daily Court,3171,Tennis Outdoor Court,2026-09-23,06:00 - 07:00,210000,Available
1563_3171_07:00,1563,Daily Court,3171,Tennis Outdoor Court,2026-09-23,07:00 - 08:00,210000,Booked
1563_3645_06:00,1563,Daily Court,3645,Padel - A,2026-09-23,06:00 - 07:00,100000,Available
1563_3645_07:00,1563,Daily Court,3645,Padel - A,2026-09-23,07:00 - 08:00,100000,Available
1563_3174_06:00,1563,Daily Court,3174,Padel - B,2026-09-23,06:00 - 07:00,100000,Available
1563_3174_07:00,1563,Daily Court,3174,Padel - B,2026-09-23,07:00 - 08:00,100000,Available
1563_3175_06:00,1563,Daily Court,3175,Padel - C,2026-09-23,06:00 - 07:00,100000,Available
1563_3175_07:00,1563,Daily Court,3175,Padel - C,2026-09-23,07:00 - 08:00,100000,Available
1563_3176_06:00,1563,Daily Court,3176,Padel - D,2026-09-23,06:00 - 07:00,100000,Available
1563_3176_07:00,1563,Daily Court,3176,Padel - D,2026-09-23,07:00 - 08:00,100000,Available
1563_3177_06:00,1563,Daily Court,3177,Padel - E,2026-09-23,06:00 - 07:00,100000,Available
1563_3177_07:00,1563,Daily Court,3177,Padel - E,2026-09-23,07:00 - 08:00,100000,Available
1222_2858_06:00,1222,Westside Padel,2858,Court 1,2026-09-23,06:00 - 07:00,195000,Available
1222_2858_07:00,1222,Westside Padel,2858,Court 1,2026-09-23,07:00 - 08:00,195000,Booked
1222_3303_06:00,1222,Westside Padel,3303,Court 2,2026-09-23,06:00 - 07:00,195000,Available
1222_3303_07:00,1222,Westside Padel,3303,Court 2,2026-09-23,07:00 - 08:00,195000,Booked
1222_3304_06:00,1222,Westside Padel,3304,Court 3,2026-09-23,06:00 - 07:00,195000,Available
1222_3304_07:00,1222,Westside Padel,3304,Court 3,2026-09-23,07:00 - 08:00,195000,Available
1222_3305_06:00,1222,Westside Padel,3305,Court 4,2026-09-23,06:00 - 07:00,195000,Available
1222_3305_07:00,1222,Westside Padel,3305,Court 4,2026-09-23,07:00 - 08:00,195000,Available
2711_6021_06:00,2711,Coco Padel Court Jakarta,6021,Court 1,2026-09-23,06:00 - 07:00,100000,Available
2711_6021_07:00,2711,Coco Padel Court Jakarta,6021,Court 1,2026-09-23,07:00 - 08:00,100000,Available
2711_6022_06:00,2711,Coco Padel Court Jakarta,6022,Court 2,2026-09-23,06:00 - 07:00,100000,Available
2711_6022_07:00,2711,Coco Padel Court Jakarta,6022,Court 2,2026-09-23,07:00 - 08:00,100000,Available
2711_6023_06:00,2711,Coco Padel Court Jakarta,6023,Court 3,2026-09-23,06:00 - 07:00,100000,Available
2711_6023_07:00,2711,Coco Padel Court Jakarta,6023,Court 3,2026-09-23,07:00 - 08:00,100000,Available
2997_7157_06:00,2997,"KALMA Social Club - Jl. Panjang, Kedoya",7157,Court 1 Padel,2026-09-23,06:00 - 07:00,199000,Available
2997_7157_07:00,2997,"KALMA Social Club - Jl. Panjang, Kedoya",7157,Court 1 Padel,2026-09-23,07:00 - 08:00,199000,Available
2997_7158_06:00,2997,"KALMA Social Club - Jl. Panjang, Kedoya",7158,Court 2 Padel (Center Court),2026-09-23,06:00 - 07:00,199000,Available
2997_7158_07:00,2997,"KALMA Social Club - Jl. Panjang, Kedoya",7158,Court 2 Padel (Center Court),2026-09-23,07:00 - 08:00,199000,Available
2997_7159_06:00,2997,"KALMA Social Club - Jl. Panjang, Kedoya",7159,Court 3 Padel,2026-09-23,06:00 - 07:00,199000,Available
2997_7159_07:00,2997,"KALMA Social Club - Jl. Panjang, Kedoya",7159,Court 3 Padel,2026-09-23,07:00 - 08:00,199000,Available
2997_7160_06:00,2997,"KALMA Social Club - Jl. Panjang, Kedoya",7160,Court 4 Padel,2026-09-23,06:00 - 07:00,199000,Available
2997_7160_07:00,2997,"KALMA Social Club - Jl. Panjang, Kedoya",7160,Court 4 Padel,2026-09-23,07:00 - 08:00,199000,Available
2997_7161_06:00,2997,"KALMA Social Club - Jl. Panjang, Kedoya",7161,Private Indoor Pickleball Court,2026-09-23,06:00 - 07:00,150000,Available
2997_7161_07:00,2997,"KALMA Social Club - Jl. Panjang, Kedoya",7161,Private Indoor Pickleball Court,2026-09-23,07:00 - 08:00,150000,Available
1406_2702_06:00,1406,Boss Padel - Kedoya,2702,Court 1,2026-09-23,06:00 - 07:00,200000,Available
1406_2702_07:00,1406,Boss Padel - Kedoya,2702,Court 1,2026-09-23,07:00 - 08:00,200000,Available
1406_2780_06:00,1406,Boss Padel - Kedoya,2780,My BCA Court,2026-09-23,06:00 - 07:00,200000,Available
1406_2780_07:00,1406,Boss Padel - Kedoya,2780,My BCA Court,2026-09-23,07:00 - 08:00,200000,Available
1406_2781_06:00,1406,Boss Padel - Kedoya,2781,BRImo Court,2026-09-23,06:00 - 07:00,200000,Available
1406_2781_07:00,1406,Boss Padel - Kedoya,2781,BRImo Court,2026-09-23,07:00 - 08:00,200000,Available
1406_2782_06:00,1406,Boss Padel - Kedoya,2782,Tolak Linu Court,2026-09-23,06:00 - 07:00,200000,Available
1406_2782_07:00,1406,Boss Padel - Kedoya,2782,Tolak Linu Court,2026-09-23,07:00 - 08:00,200000,Available
1406_2783_06:00,1406,Boss Padel - Kedoya,2783,C+ Collagen Court,2026-09-23,06:00 - 07:00,150000,Available
1406_2783_07:00,1406,Boss Padel - Kedoya,2783,C+ Collagen Court,2026-09-23,07:00 - 08:00,150000,Available
1590_3222_06:00,1590,KSC Racquet Club,3222,Tennis Court 1 - Semi Indoor New,2026-09-23,06:00 - 07:00,305000,Available
1590_3222_07:00,1590,KSC Racquet Club,3222,Tennis Court 1 - Semi Indoor New,2026-09-23,07:00 - 08:00,305000,Booked
1590_3223_06:00,1590,KSC Racquet Club,3223,Tennis Court 2 - Semi Indoor New,2026-09-23,06:00 - 07:00,305000,Booked
1590_3223_07:00,1590,KSC Racquet Club,3223,Tennis Court 2 - Semi Indoor New,2026-09-23,07:00 - 08:00,305000,Booked
1590_3224_06:00,1590,KSC Racquet Club,3224,Tennis Court - Indoor Private,2026-09-23,06:00 - 07:00,300000,Available
1590_3224_07:00,1590,KSC Racquet Club,3224,Tennis Court - Indoor Private,2026-09-23,07:00 - 08:00,300000,Available
1590_3226_06:00,1590,KSC Racquet Club,3226,Padel Court A - Tribun,2026-09-23,06:00 - 07:00,200000,Available
1590_3226_07:00,1590,KSC Racquet Club,3226,Padel Court A - Tribun,2026-09-23,07:00 - 08:00,200000,Available
1590_7562_06:00,1590,KSC Racquet Club,7562,Padel Court B,2026-09-23,06:00 - 07:00,200000,Available
1590_7562_07:00,1590,KSC Racquet Club,7562,Padel Court B,2026-09-23,07:00 - 08:00,200000,Available
1590_7563_06:00,1590,KSC Racquet Club,7563,Padel Court C,2026-09-23,06:00 - 07:00,200000,Available
1590_7563_07:00,1590,KSC Racquet Club,7563,Padel Court C,2026-09-23,07:00 - 08:00,200000,Available
1590_7564_06:00,1590,KSC Racquet Club,7564,Padel Court D,2026-09-23,06:00 - 07:00,200000,Available
1590_7564_07:00,1590,KSC Racquet Club,7564,Padel Court D,2026-09-23,07:00 - 08:00,200000,Available
1590_11484_06:00,1590,KSC Racquet Club,11484,Automatic Mahjong Table,2026-09-23,06:00 - 08:00,150000,Available
3116_7673_06:00,3116,Social Field,7673,Panoramic Court 1,2026-09-23,06:00 - 07:00,199000,Available
3116_7673_07:00,3116,Social Field,7673,Panoramic Court 1,2026-09-23,07:00 - 08:00,199000,Available
3116_8054_06:00,3116,Social Field,8054,Panoramic Court 2,2026-09-23,06:00 - 07:00,199000,Available
3116_8054_07:00,3116,Social Field,8054,Panoramic Court 2,2026-09-23,07:00 - 08:00,199000,Available
3116_8059_06:00,3116,Social Field,8059,OKX Super Panoramic Court 3,2026-09-23,06:00 - 07:00,249000,Available
3116_8059_07:00,3116,Social Field,8059,OKX Super Panoramic Court 3,2026-09-23,07:00 - 08:00,249000,Available
3116_8060_06:00,3116,Social Field,8060,OKX Super Panoramic Court 4,2026-09-23,06:00 - 07:00,249000,Available
3116_8060_07:00,3116,Social Field,8060,OKX Super Panoramic Court 4,2026-09-23,07:00 - 08:00,249000,Available
3116_8055_06:00,3116,Social Field,8055,Panoramic Court 5,2026-09-23,06:00 - 07:00,199000,Available
3116_8055_07:00,3116,Social Field,8055,Panoramic Court 5,2026-09-23,07:00 - 08:00,199000,Available
3116_8056_06:00,3116,Social Field,8056,Panoramic Court 6,2026-09-23,06:00 - 07:00,199000,Available
3116_8056_07:00,3116,Social Field,8056,Panoramic Court 6,2026-09-23,07:00 - 08:00,199000,Available
3116_8057_06:00,3116,Social Field,8057,Panoramic Court 7,2026-09-23,06:00 - 07:00,199000,Available
3116_8057_07:00,3116,Social Field,8057,Panoramic Court 7,2026-09-23,07:00 - 08:00,199000,Available
3116_8058_06:00,3116,Social Field,8058,Panoramic Court 8,2026-09-23,06:00 - 07:00,199000,Available
3116_8058_07:00,3116,Social Field,8058,Panoramic Court 8,2026-09-23,07:00 - 08:00,199000,Available
2177_6932_06:00,2177,La Chiquita Padel,6932,Court 1,2026-09-23,06:00 - 07:00,200000,Booked
2177_6932_07:00,2177,La Chiquita Padel,6932,Court 1,2026-09-23,07:00 - 08:00,200000,Booked
2177_8225_06:00,2177,La Chiquita Padel,8225,Court 2,2026-09-23,06:00 - 07:00,200000,Available
2177_8225_07:00,2177,La Chiquita Padel,8225,Court 2,2026-09-23,07:00 - 08:00,200000,Available
2935_7044_07:00,2935,ZEN PADEL,7044,Court 1 - Matcha,2026-09-23,07:00 - 08:00,68000,Available
2935_7045_07:00,2935,ZEN PADEL,7045,Court 2 - Sakura,2026-09-23,07:00 - 08:00,68000,Available
2935_7045_08:00,2935,ZEN PADEL,7045,Court 2 - Sakura,2026-09-23,08:00 - 09:00,68000,Available
2935_7045_09:00,2935,ZEN PADEL,7045,Court 2 - Sakura,2026-09-23,09:00 - 10:00,68000,Available
2935_7045_10:00,2935,ZEN PADEL,7045,Court 2 - Sakura,2026-09-23,10:00 - 11:00,68000,Available
2935_7045_11:00,2935,ZEN PADEL,7045,Court 2 - Sakura,2026-09-23,11:00 - 12:00,68000,Available
2935_7045_12:00,2935,ZEN PADEL,7045,Court 2 - Sakura,2026-09-23,12:00 - 13:00,68000,Available
2935_7045_13:00,2935,ZEN PADEL,7045,Court 2 - Sakura,2026-09-23,13:00 - 14:00,68000,Available
2935_7045_14:00,2935,ZEN PADEL,7045,Court 2 - Sakura,2026-09-23,14:00 - 15:00,68000,Available
2935_7045_15:00,2935,ZEN PADEL,7045,Court 2 - Sakura,2026-09-23,15:00 - 16:00,68000,Available
2935_7045_16:00,2935,ZEN PADEL,7045,Court 2 - Sakura,2026-09-23,16:00 - 17:00,99000,Available
2935_7045_17:00,2935,ZEN PADEL,7045,Court 2 - Sakura,2026-09-23,17:00 - 18:00,99000,Available
2506_5391_07:00,2506,Padel Meruya Airdome,5391,Court 1,2026-09-23,07:00 - 08:00,349000,Available
2506_10503_07:00,2506,Padel Meruya Airdome,10503,Court 2,2026-09-23,07:00 - 08:00,349000,Available
2506_10504_07:00,2506,Padel Meruya Airdome,10504,Court 3,2026-09-23,07:00 - 08:00,349000,Available
2506_10505_07:00,2506,Padel Meruya Airdome,10505,Court 4,2026-09-23,07:00 - 08:00,349000,Available
2506_10506_07:00,2506,Padel Meruya Airdome,10506,Court 5,2026-09-23,07:00 - 08:00,349000,Available
2506_10507_07:00,2506,Padel Meruya Airdome,10507,Court 6,2026-09-23,07:00 - 08:00,349000,Available
2008_4108_06:00,2008,Sini Padel Court,4108,Court 1,2026-09-23,06:00 - 07:00,98000,Available
2008_4108_07:00,2008,Sini Padel Court,4108,Court 1,2026-09-23,07:00 - 08:00,98000,Available
2008_5386_06:00,2008,Sini Padel Court,5386,Court 2,2026-09-23,06:00 - 07:00,98000,Available
2008_5386_07:00,2008,Sini Padel Court,5386,Court 2,2026-09-23,07:00 - 08:00,98000,Available
2008_5387_06:00,2008,Sini Padel Court,5387,Court 3,2026-09-23,06:00 - 07:00,98000,Available
2008_5387_07:00,2008,Sini Padel Court,5387,Court 3,2026-09-23,07:00 - 08:00,98000,Available
2008_11906_06:00,2008,Sini Padel Court,11906,Mahjong 1 (Manual),2026-09-23,06:00 - 07:00,125000,Available
2008_11906_07:00,2008,Sini Padel Court,11906,Mahjong 1 (Manual),2026-09-23,07:00 - 08:00,125000,Available
2008_11907_06:00,2008,Sini Padel Court,11907,Mahjong 2 (Manual),2026-09-23,06:00 - 07:00,125000,Available
2008_11907_07:00,2008,Sini Padel Court,11907,Mahjong 2 (Manual),2026-09-23,07:00 - 08:00,125000,Available
3062_7170_07:00,3062,Padel V,7170,Court 1,2026-09-23,07:00 - 08:00,160000,Available
3062_9024_07:00,3062,Padel V,9024,Court 2,2026-09-23,07:00 - 08:00,160000,Available
1589_3221_06:00,1589,River Padel,3221,Court 1,2026-09-23,06:00 - 07:00,150000,Available
1589_3221_07:00,1589,River Padel,3221,Court 1,2026-09-23,07:00 - 08:00,150000,Available
1589_4406_06:00,1589,River Padel,4406,Court 2,2026-09-23,06:00 - 07:00,150000,Available
1589_4406_07:00,1589,River Padel,4406,Court 2,2026-09-23,07:00 - 08:00,150000,Available
1589_4407_06:00,1589,River Padel,4407,Court 3,2026-09-23,06:00 - 07:00,150000,Available
1589_4407_07:00,1589,River Padel,4407,Court 3,2026-09-23,07:00 - 08:00,150000,Available
1303_2415_06:00,1303,Padel at largo - Kedoya,2415,Pristine,2026-09-23,06:00 - 07:00,150000,Available
1303_2415_07:00,1303,Padel at largo - Kedoya,2415,Pristine,2026-09-23,07:00 - 08:00,150000,Available
1303_2416_06:00,1303,Padel at largo - Kedoya,2416,Court 2,2026-09-23,06:00 - 07:00,150000,Booked
1303_2416_07:00,1303,Padel at largo - Kedoya,2416,Court 2,2026-09-23,07:00 - 08:00,150000,Booked
1303_2417_06:00,1303,Padel at largo - Kedoya,2417,Court 3,2026-09-23,06:00 - 07:00,150000,Available
1303_2417_07:00,1303,Padel at largo - Kedoya,2417,Court 3,2026-09-23,07:00 - 08:00,150000,Available
1796_4675_06:00,1796,Patra Padel House,4675,Court 1,2026-09-23,06:00 - 07:00,125000,Available
1796_4675_07:00,1796,Patra Padel House,4675,Court 1,2026-09-23,07:00 - 08:00,125000,Available
2443_5186_06:00,2443,Courtyard Padel Club,5186,Court 1,2026-09-23,06:00 - 07:00,295000,Available
2443_5186_07:00,2443,Courtyard Padel Club,5186,Court 1,2026-09-23,07:00 - 08:00,295000,Available
2443_5187_06:00,2443,Courtyard Padel Club,5187,Court 2,2026-09-23,06:00 - 07:00,295000,Available
2443_5187_07:00,2443,Courtyard Padel Club,5187,Court 2,2026-09-23,07:00 - 08:00,295000,Available
2443_5188_06:00,2443,Courtyard Padel Club,5188,Court 3,2026-09-23,06:00 - 07:00,295000,Available
2443_5188_07:00,2443,Courtyard Padel Club,5188,Court 3,2026-09-23,07:00 - 08:00,295000,Available
2443_5189_06:00,2443,Courtyard Padel Club,5189,Court Vip,2026-09-23,06:00 - 07:00,325000,Available
2443_5189_07:00,2443,Courtyard Padel Club,5189,Court Vip,2026-09-23,07:00 - 08:00,325000,Available
2443_8323_06:00,2443,Courtyard Padel Club,8323,Court A,2026-09-23,06:00 - 07:00,215000,Available
2443_8323_07:00,2443,Courtyard Padel Club,8323,Court A,2026-09-23,07:00 - 08:00,215000,Available
2443_8324_06:00,2443,Courtyard Padel Club,8324,Court B,2026-09-23,06:00 - 07:00,215000,Available
2443_8324_07:00,2443,Courtyard Padel Club,8324,Court B,2026-09-23,07:00 - 08:00,215000,Available
2443_8325_06:00,2443,Courtyard Padel Club,8325,Court C,2026-09-23,06:00 - 07:00,215000,Available
2443_8325_07:00,2443,Courtyard Padel Club,8325,Court C,2026-09-23,07:00 - 08:00,215000,Available
1679_4888_06:00,1679,IPC Padel Club Kedoya,4888,1 Blue,2026-09-23,06:00 - 07:00,150000,Available
1679_4888_07:00,1679,IPC Padel Club Kedoya,4888,1 Blue,2026-09-23,07:00 - 08:00,150000,Available
1679_6870_06:00,1679,IPC Padel Club Kedoya,6870,2 Blue,2026-09-23,06:00 - 07:00,150000,Available
1679_6870_07:00,1679,IPC Padel Club Kedoya,6870,2 Blue,2026-09-23,07:00 - 08:00,150000,Available
1679_6871_06:00,1679,IPC Padel Club Kedoya,6871,3 Green,2026-09-23,06:00 - 07:00,150000,Available
1679_6871_07:00,1679,IPC Padel Club Kedoya,6871,3 Green,2026-09-23,07:00 - 08:00,150000,Available
1679_6872_06:00,1679,IPC Padel Club Kedoya,6872,4 Green,2026-09-23,06:00 - 07:00,150000,Available
1679_6872_07:00,1679,IPC Padel Club Kedoya,6872,4 Green,2026-09-23,07:00 - 08:00,150000,Available
1679_6873_06:00,1679,IPC Padel Club Kedoya,6873,5 Terracotta,2026-09-23,06:00 - 07:00,150000,Available
1679_6873_07:00,1679,IPC Padel Club Kedoya,6873,5 Terracotta,2026-09-23,07:00 - 08:00,150000,Available
1679_6874_06:00,1679,IPC Padel Club Kedoya,6874,6 Terracotta,2026-09-23,06:00 - 07:00,150000,Available
1679_6874_07:00,1679,IPC Padel Club Kedoya,6874,6 Terracotta,2026-09-23,07:00 - 08:00,150000,Available
1679_6875_06:00,1679,IPC Padel Club Kedoya,6875,7 Pink,2026-09-23,06:00 - 07:00,150000,Available
1679_6875_07:00,1679,IPC Padel Club Kedoya,6875,7 Pink,2026-09-23,07:00 - 08:00,150000,Available
1679_6876_06:00,1679,IPC Padel Club Kedoya,6876,8 Pink,2026-09-23,06:00 - 07:00,150000,Available
1679_6876_07:00,1679,IPC Padel Club Kedoya,6876,8 Pink,2026-09-23,07:00 - 08:00,150000,Available
3351_8504_06:00,3351,DAAN MOGOT PADEL COURT,8504,Court 1,2026-09-23,06:00 - 07:00,125000,Available
3351_8504_07:00,3351,DAAN MOGOT PADEL COURT,8504,Court 1,2026-09-23,07:00 - 08:00,125000,Available
3351_8505_06:00,3351,DAAN MOGOT PADEL COURT,8505,Court 2,2026-09-23,06:00 - 07:00,125000,Available
3351_8505_07:00,3351,DAAN MOGOT PADEL COURT,8505,Court 2,2026-09-23,07:00 - 08:00,125000,Available
3351_8506_06:00,3351,DAAN MOGOT PADEL COURT,8506,Court 3,2026-09-23,06:00 - 07:00,125000,Available
3351_8506_07:00,3351,DAAN MOGOT PADEL COURT,8506,Court 3,2026-09-23,07:00 - 08:00,125000,Available
3351_8507_06:00,3351,DAAN MOGOT PADEL COURT,8507,Court 4,2026-09-23,06:00 - 07:00,125000,Available
3351_8507_07:00,3351,DAAN MOGOT PADEL COURT,8507,Court 4,2026-09-23,07:00 - 08:00,125000,Available
3351_8508_06:00,3351,DAAN MOGOT PADEL COURT,8508,Court 5,2026-09-23,06:00 - 07:00,125000,Available
3351_8508_07:00,3351,DAAN MOGOT PADEL COURT,8508,Court 5,2026-09-23,07:00 - 08:00,125000,Available
3351_8509_06:00,3351,DAAN MOGOT PADEL COURT,8509,Court 6,2026-09-23,06:00 - 07:00,125000,Available
3351_8509_07:00,3351,DAAN MOGOT PADEL COURT,8509,Court 6,2026-09-23,07:00 - 08:00,125000,Available
3738_9239_06:00,3738,EL WILLY PADEL,9239,Court 1,2026-09-23,06:00 - 07:00,330000,Available
3738_9239_07:00,3738,EL WILLY PADEL,9239,Court 1,2026-09-23,07:00 - 08:00,330000,Available
3738_9240_06:00,3738,EL WILLY PADEL,9240,Court 2,2026-09-23,06:00 - 07:00,330000,Available
3738_9240_07:00,3738,EL WILLY PADEL,9240,Court 2,2026-09-23,07:00 - 08:00,330000,Available
2667_5975_06:00,2667,Paddle Padel,5975,Court Left,2026-09-23,06:00 - 07:00,200000,Available
2667_5975_07:00,2667,Paddle Padel,5975,Court Left,2026-09-23,07:00 - 08:00,200000,Available
2667_5976_06:00,2667,Paddle Padel,5976,Court Right,2026-09-23,06:00 - 07:00,200000,Available
2667_5976_07:00,2667,Paddle Padel,5976,Court Right,2026-09-23,07:00 - 08:00,200000,Available
4047_10008_06:00,4047,Dale Padel,10008,Court A,2026-09-23,06:00 - 07:00,50000,Available
4047_10008_07:00,4047,Dale Padel,10008,Court A,2026-09-23,07:00 - 08:00,50000,Available
4047_11193_06:00,4047,Dale Padel,11193,Court B - VIP,2026-09-23,06:00 - 07:00,65000,Available
4047_11193_07:00,4047,Dale Padel,11193,Court B - VIP,2026-09-23,07:00 - 08:00,65000,Available
2175_4505_06:00,2175,Eagle Padel PIK,4505,Lapangan A,2026-09-23,06:00 - 07:00,170000,Available
2175_4505_07:00,2175,Eagle Padel PIK,4505,Lapangan A,2026-09-23,07:00 - 08:00,170000,Available
2175_5430_06:00,2175,Eagle Padel PIK,5430,Lapangan B,2026-09-23,06:00 - 07:00,170000,Available
2175_5430_07:00,2175,Eagle Padel PIK,5430,Lapangan B,2026-09-23,07:00 - 08:00,170000,Available
2175_5431_06:00,2175,Eagle Padel PIK,5431,Lapangan C,2026-09-23,06:00 - 07:00,170000,Available
2175_5431_07:00,2175,Eagle Padel PIK,5431,Lapangan C,2026-09-23,07:00 - 08:00,170000,Available
2175_5432_06:00,2175,Eagle Padel PIK,5432,Lapangan D,2026-09-23,06:00 - 07:00,170000,Available
2175_5432_07:00,2175,Eagle Padel PIK,5432,Lapangan D,2026-09-23,07:00 - 08:00,170000,Available
2674_7654_06:00,2674,Roots Padel House,7654,The House,2026-09-23,06:00 - 07:00,149000,Available
2674_7654_07:00,2674,Roots Padel House,7654,The House,2026-09-23,07:00 - 08:00,149000,Available
4442_11186_06:00,4442,Alley Social Padel Mahjong By Homeground,11186,Court 1,2026-09-23,06:00 - 07:00,125000,Available
4442_11186_07:00,4442,Alley Social Padel Mahjong By Homeground,11186,Court 1,2026-09-23,07:00 - 08:00,225000,Booked
4442_11400_06:00,4442,Alley Social Padel Mahjong By Homeground,11400,Court 2,2026-09-23,06:00 - 07:00,125000,Available
4442_11400_07:00,4442,Alley Social Padel Mahjong By Homeground,11400,Court 2,2026-09-23,07:00 - 08:00,225000,Booked
4442_11401_06:00,4442,Alley Social Padel Mahjong By Homeground,11401,VIP Court,2026-09-23,06:00 - 07:00,125000,Available
4442_11401_07:00,4442,Alley Social Padel Mahjong By Homeground,11401,VIP Court,2026-09-23,07:00 - 08:00,210000,Available
4442_12415_06:00,4442,Alley Social Padel Mahjong By Homeground,12415,Mahjong,2026-09-23,06:00 - 07:00,75000,Available
4442_12415_07:00,4442,Alley Social Padel Mahjong By Homeground,12415,Mahjong,2026-09-23,07:00 - 08:00,75000,Available
332_6129_06:00,332,Fighter Hall,6129,Padel Court,2026-09-23,06:00 - 07:00,100000,Available
332_6129_07:00,332,Fighter Hall,6129,Padel Court,2026-09-23,07:00 - 08:00,100000,Available
332_487_06:00,332,Fighter Hall,487,Hall 1,2026-09-23,06:00 - 07:00,60000,Available
332_487_07:00,332,Fighter Hall,487,Hall 1,2026-09-23,07:00 - 08:00,60000,Available
332_488_06:00,332,Fighter Hall,488,Hall 2,2026-09-23,06:00 - 07:00,60000,Available
332_488_07:00,332,Fighter Hall,488,Hall 2,2026-09-23,07:00 - 08:00,60000,Available
332_489_06:00,332,Fighter Hall,489,Hall 3,2026-09-23,06:00 - 07:00,60000,Available
332_489_07:00,332,Fighter Hall,489,Hall 3,2026-09-23,07:00 - 08:00,60000,Available
332_490_06:00,332,Fighter Hall,490,Hall 4,2026-09-23,06:00 - 07:00,60000,Available
332_490_07:00,332,Fighter Hall,490,Hall 4,2026-09-23,07:00 - 08:00,60000,Available
332_491_06:00,332,Fighter Hall,491,Hall 5,2026-09-23,06:00 - 07:00,60000,Available
332_491_07:00,332,Fighter Hall,491,Hall 5,2026-09-23,07:00 - 08:00,60000,Available
2383_5055_07:00,2383,Como Padel Court,5055,Court 1 - MILAN,2026-09-23,07:00 - 08:00,140000,Available
2383_9973_07:00,2383,Como Padel Court,9973,Court 2 - ROMA,2026-09-23,07:00 - 08:00,140000,Available
2383_9974_07:00,2383,Como Padel Court,9974,Court 3 - FIRENZE,2026-09-23,07:00 - 08:00,140000,Available
2383_9972_07:00,2383,Como Padel Court,9972,Court 4 - NAPOLI,2026-09-23,07:00 - 08:00,140000,Available
1064_1908_06:00,1064,Avion Sports Center,1908,Field A,2026-09-23,06:00 - 07:00,500000,Available
1064_1908_07:00,1064,Avion Sports Center,1908,Field A,2026-09-23,07:00 - 08:00,500000,Available
1064_2352_06:00,1064,Avion Sports Center,2352,Field B,2026-09-23,06:00 - 07:00,500000,Available
1064_2352_07:00,1064,Avion Sports Center,2352,Field B,2026-09-23,07:00 - 08:00,500000,Available
1064_1885_06:00,1064,Avion Sports Center,1885,Biru 1,2026-09-23,06:00 - 07:00,180000,Available
1064_1885_07:00,1064,Avion Sports Center,1885,Biru 1,2026-09-23,07:00 - 08:00,180000,Available
1064_2354_06:00,1064,Avion Sports Center,2354,Biru 2,2026-09-23,06:00 - 07:00,180000,Available
1064_2354_07:00,1064,Avion Sports Center,2354,Biru 2,2026-09-23,07:00 - 08:00,180000,Available
1064_2355_06:00,1064,Avion Sports Center,2355,Biru 3,2026-09-23,06:00 - 07:00,180000,Available
1064_2355_07:00,1064,Avion Sports Center,2355,Biru 3,2026-09-23,07:00 - 08:00,180000,Available
1064_2356_06:00,1064,Avion Sports Center,2356,Biru 4,2026-09-23,06:00 - 07:00,180000,Available
1064_2356_07:00,1064,Avion Sports Center,2356,Biru 4,2026-09-23,07:00 - 08:00,180000,Available
1064_1879_06:00,1064,Avion Sports Center,1879,Hijau 1,2026-09-23,06:00 - 07:00,180000,Available
1064_1879_07:00,1064,Avion Sports Center,1879,Hijau 1,2026-09-23,07:00 - 08:00,180000,Available
1064_1880_06:00,1064,Avion Sports Center,1880,Hijau 2,2026-09-23,06:00 - 07:00,180000,Available
1064_1880_07:00,1064,Avion Sports Center,1880,Hijau 2,2026-09-23,07:00 - 08:00,180000,Available
3565_8801_06:00,3565,Commune Courts,8801,Center Court (Outdoor),2026-09-23,06:00 - 07:00,300000,Available
3565_8801_07:00,3565,Commune Courts,8801,Center Court (Outdoor),2026-09-23,07:00 - 08:00,300000,Available
3565_8795_06:00,3565,Commune Courts,8795,Court 1,2026-09-23,06:00 - 07:00,200000,Available
3565_8795_07:00,3565,Commune Courts,8795,Court 1,2026-09-23,07:00 - 08:00,200000,Available
3565_8796_06:00,3565,Commune Courts,8796,Courts 2,2026-09-23,06:00 - 07:00,200000,Available
3565_8796_07:00,3565,Commune Courts,8796,Courts 2,2026-09-23,07:00 - 08:00,200000,Available
3565_8797_06:00,3565,Commune Courts,8797,Court 3,2026-09-23,06:00 - 07:00,200000,Available
3565_8797_07:00,3565,Commune Courts,8797,Court 3,2026-09-23,07:00 - 08:00,200000,Available
3565_8798_06:00,3565,Commune Courts,8798,Court 4,2026-09-23,06:00 - 07:00,200000,Available
3565_8798_07:00,3565,Commune Courts,8798,Court 4,2026-09-23,07:00 - 08:00,200000,Available
3565_8799_06:00,3565,Commune Courts,8799,Court 5,2026-09-23,06:00 - 07:00,200000,Available
3565_8799_07:00,3565,Commune Courts,8799,Court 5,2026-09-23,07:00 - 08:00,200000,Available
2132_4745_06:00,2132,The Padel Point,4745,Court A,2026-09-23,06:00 - 07:00,150000,Available
2132_4745_07:00,2132,The Padel Point,4745,Court A,2026-09-23,07:00 - 08:00,150000,Available
2132_7321_06:00,2132,The Padel Point,7321,Court B,2026-09-23,06:00 - 07:00,150000,Available
2132_7321_07:00,2132,The Padel Point,7321,Court B,2026-09-23,07:00 - 08:00,150000,Available
2132_7322_06:00,2132,The Padel Point,7322,Court C,2026-09-23,06:00 - 07:00,150000,Available
2132_7322_07:00,2132,The Padel Point,7322,Court C,2026-09-23,07:00 - 08:00,150000,Available
2132_7323_06:00,2132,The Padel Point,7323,Court D,2026-09-23,06:00 - 07:00,150000,Available
2132_7323_07:00,2132,The Padel Point,7323,Court D,2026-09-23,07:00 - 08:00,150000,Available
3221_7716_06:00,3221,United Padel Club,7716,Court A,2026-09-23,06:00 - 07:00,120000,Available
3221_7716_07:00,3221,United Padel Club,7716,Court A,2026-09-23,07:00 - 08:00,120000,Available
3221_8485_06:00,3221,United Padel Club,8485,Court B,2026-09-23,06:00 - 07:00,120000,Available
3221_8485_07:00,3221,United Padel Club,8485,Court B,2026-09-23,07:00 - 08:00,120000,Available
3221_8486_06:00,3221,United Padel Club,8486,Court C,2026-09-23,06:00 - 07:00,120000,Available
3221_8486_07:00,3221,United Padel Club,8486,Court C,2026-09-23,07:00 - 08:00,120000,Available
3221_8487_06:00,3221,United Padel Club,8487,Court D,2026-09-23,06:00 - 07:00,120000,Available
3221_8487_07:00,3221,United Padel Club,8487,Court D,2026-09-23,07:00 - 08:00,120000,Available
2800_12664_06:00,2800,Sunrise Padel - Sunrise Garden,12664,Table 01,2026-09-23,06:00 - 07:00,50000,Available
2800_12664_07:00,2800,Sunrise Padel - Sunrise Garden,12664,Table 01,2026-09-23,07:00 - 08:00,50000,Available
2800_12665_06:00,2800,Sunrise Padel - Sunrise Garden,12665,Table 02,2026-09-23,06:00 - 07:00,50000,Available
2800_12665_07:00,2800,Sunrise Padel - Sunrise Garden,12665,Table 02,2026-09-23,07:00 - 08:00,50000,Available
2800_12666_06:00,2800,Sunrise Padel - Sunrise Garden,12666,Table 03,2026-09-23,06:00 - 07:00,50000,Available
2800_12666_07:00,2800,Sunrise Padel - Sunrise Garden,12666,Table 03,2026-09-23,07:00 - 08:00,50000,Available
2800_6326_06:00,2800,Sunrise Padel - Sunrise Garden,6326,Rose,2026-09-23,06:00 - 07:00,100000,Available
2800_6326_07:00,2800,Sunrise Padel - Sunrise Garden,6326,Rose,2026-09-23,07:00 - 08:00,100000,Available
2800_6328_06:00,2800,Sunrise Padel - Sunrise Garden,6328,Garden,2026-09-23,06:00 - 07:00,100000,Available
2800_6328_07:00,2800,Sunrise Padel - Sunrise Garden,6328,Garden,2026-09-23,07:00 - 08:00,100000,Available
2800_6327_06:00,2800,Sunrise Padel - Sunrise Garden,6327,Sky,2026-09-23,06:00 - 07:00,100000,Available
2800_6327_07:00,2800,Sunrise Padel - Sunrise Garden,6327,Sky,2026-09-23,07:00 - 08:00,100000,Available
2800_6923_06:00,2800,Sunrise Padel - Sunrise Garden,6923,Sunrise,2026-09-23,06:00 - 07:00,100000,Available
2800_6923_07:00,2800,Sunrise Padel - Sunrise Garden,6923,Sunrise,2026-09-23,07:00 - 08:00,100000,Available
3261_7836_06:00,3261,MMT Padel,7836,Signature Court 1,2026-09-23,06:00 - 07:00,300000,Available
3261_7836_07:00,3261,MMT Padel,7836,Signature Court 1,2026-09-23,07:00 - 08:00,300000,Available
3261_7843_06:00,3261,MMT Padel,7843,Signature Court 2,2026-09-23,06:00 - 07:00,300000,Available
3261_7843_07:00,3261,MMT Padel,7843,Signature Court 2,2026-09-23,07:00 - 08:00,300000,Available
3261_7837_06:00,3261,MMT Padel,7837,Grand Court 3,2026-09-23,06:00 - 07:00,250000,Available
3261_7837_07:00,3261,MMT Padel,7837,Grand Court 3,2026-09-23,07:00 - 08:00,250000,Available
3261_7844_06:00,3261,MMT Padel,7844,Grand Court 5,2026-09-23,06:00 - 07:00,250000,Available
3261_7844_07:00,3261,MMT Padel,7844,Grand Court 5,2026-09-23,07:00 - 08:00,250000,Available
3261_7845_06:00,3261,MMT Padel,7845,Grand Court 6,2026-09-23,06:00 - 07:00,250000,Available
3261_7845_07:00,3261,MMT Padel,7845,Grand Court 6,2026-09-23,07:00 - 08:00,250000,Available
3261_7846_06:00,3261,MMT Padel,7846,Grand Court 7,2026-09-23,06:00 - 07:00,250000,Available
3261_7846_07:00,3261,MMT Padel,7846,Grand Court 7,2026-09-23,07:00 - 08:00,250000,Available
3261_7847_06:00,3261,MMT Padel,7847,Grand Court 8,2026-09-23,06:00 - 07:00,250000,Available
3261_7847_07:00,3261,MMT Padel,7847,Grand Court 8,2026-09-23,07:00 - 08:00,250000,Available
2318_4891_06:00,2318,Vamos Arena Indonesia,4891,OCTO CIMB Outdoor,2026-09-23,06:00 - 07:00,200000,Available
2318_4891_07:00,2318,Vamos Arena Indonesia,4891,OCTO CIMB Outdoor,2026-09-23,07:00 - 08:00,200000,Available
2318_4892_06:00,2318,Vamos Arena Indonesia,4892,CIMB OCTO Indoor 1,2026-09-23,06:00 - 07:00,200000,Available
2318_4892_07:00,2318,Vamos Arena Indonesia,4892,CIMB OCTO Indoor 1,2026-09-23,07:00 - 08:00,200000,Available
2318_10172_06:00,2318,Vamos Arena Indonesia,10172,CIMB OCTO Indoor 2,2026-09-23,06:00 - 07:00,200000,Available
2318_10172_07:00,2318,Vamos Arena Indonesia,10172,CIMB OCTO Indoor 2,2026-09-23,07:00 - 08:00,200000,Available
2318_4896_06:00,2318,Vamos Arena Indonesia,4896,Boss Mobil Main Court,2026-09-23,06:00 - 07:00,350000,Available
2318_4896_07:00,2318,Vamos Arena Indonesia,4896,Boss Mobil Main Court,2026-09-23,07:00 - 08:00,350000,Available
2318_10175_06:00,2318,Vamos Arena Indonesia,10175,BIOAQUA Indoor 3,2026-09-23,06:00 - 07:00,200000,Available
2318_10175_07:00,2318,Vamos Arena Indonesia,10175,BIOAQUA Indoor 3,2026-09-23,07:00 - 08:00,200000,Available
2318_10176_06:00,2318,Vamos Arena Indonesia,10176,AQUVIVA Indoor 4,2026-09-23,06:00 - 07:00,200000,Available
2318_10176_07:00,2318,Vamos Arena Indonesia,10176,AQUVIVA Indoor 4,2026-09-23,07:00 - 08:00,200000,Available
2318_10177_06:00,2318,Vamos Arena Indonesia,10177,BALIHAI Indoor 5,2026-09-23,06:00 - 07:00,200000,Available
2318_10177_07:00,2318,Vamos Arena Indonesia,10177,BALIHAI Indoor 5,2026-09-23,07:00 - 08:00,200000,Available
2318_10178_06:00,2318,Vamos Arena Indonesia,10178,ELITE SKIN Indoor 6,2026-09-23,06:00 - 07:00,200000,Available
2318_10178_07:00,2318,Vamos Arena Indonesia,10178,ELITE SKIN Indoor 6,2026-09-23,07:00 - 08:00,200000,Available
2318_10173_06:00,2318,Vamos Arena Indonesia,10173,CIMB OCTO Indoor 7,2026-09-23,06:00 - 07:00,200000,Available
2318_10173_07:00,2318,Vamos Arena Indonesia,10173,CIMB OCTO Indoor 7,2026-09-23,07:00 - 08:00,200000,Available
2318_10174_06:00,2318,Vamos Arena Indonesia,10174,CIMB OCTO Indoor 8,2026-09-23,06:00 - 07:00,200000,Available
2318_10174_07:00,2318,Vamos Arena Indonesia,10174,CIMB OCTO Indoor 8,2026-09-23,07:00 - 08:00,200000,Available
2235_4832_06:00,2235,Padre Padel Duri Kosambi,4832,Court 1 - Terracotta,2026-09-23,06:00 - 07:00,150000,Available
2235_4832_07:00,2235,Padre Padel Duri Kosambi,4832,Court 1 - Terracotta,2026-09-23,07:00 - 08:00,150000,Available
2235_5602_06:00,2235,Padre Padel Duri Kosambi,5602,Court 2 - Blue,2026-09-23,06:00 - 07:00,150000,Available
2235_5602_07:00,2235,Padre Padel Duri Kosambi,5602,Court 2 - Blue,2026-09-23,07:00 - 08:00,150000,Available
2235_5603_06:00,2235,Padre Padel Duri Kosambi,5603,Court 3 - Blue,2026-09-23,06:00 - 07:00,150000,Available
2235_5603_07:00,2235,Padre Padel Duri Kosambi,5603,Court 3 - Blue,2026-09-23,07:00 - 08:00,150000,Available
2235_5604_06:00,2235,Padre Padel Duri Kosambi,5604,Court 4 - Terracotta,2026-09-23,06:00 - 07:00,150000,Available
2235_5604_07:00,2235,Padre Padel Duri Kosambi,5604,Court 4 - Terracotta,2026-09-23,07:00 - 08:00,150000,Available
3802_9395_07:00,3802,Dash Padel House,9395,Maybank Court,2026-09-23,07:00 - 08:00,199000,Available
3802_9415_07:00,3802,Dash Padel House,9415,Court B,2026-09-23,07:00 - 08:00,199000,Available
3802_9416_07:00,3802,Dash Padel House,9416,Court C,2026-09-23,07:00 - 08:00,199000,Available
3802_9417_07:00,3802,Dash Padel House,9417,Court D,2026-09-23,07:00 - 08:00,199000,Available
3802_9418_07:00,3802,Dash Padel House,9418,Pickle,2026-09-23,07:00 - 08:00,100000,Available
1268_3728_06:00,1268,Max Padel,3728,Court M,2026-09-23,06:00 - 07:00,125000,Available
1268_3728_07:00,1268,Max Padel,3728,Court M,2026-09-23,07:00 - 08:00,125000,Booked
1268_3729_06:00,1268,Max Padel,3729,Court A,2026-09-23,06:00 - 07:00,125000,Available
1268_3729_07:00,1268,Max Padel,3729,Court A,2026-09-23,07:00 - 08:00,125000,Booked
1268_3730_06:00,1268,Max Padel,3730,Court X,2026-09-23,06:00 - 07:00,125000,Available
1268_3730_07:00,1268,Max Padel,3730,Court X,2026-09-23,07:00 - 08:00,125000,Available
1268_2393_06:00,1268,Max Padel,2393,Court 1,2026-09-23,06:00 - 07:00,125000,Available
1268_2393_07:00,1268,Max Padel,2393,Court 1,2026-09-23,07:00 - 08:00,125000,Available
1268_2394_06:00,1268,Max Padel,2394,Court 2,2026-09-23,06:00 - 07:00,125000,Available
1268_2394_07:00,1268,Max Padel,2394,Court 2,2026-09-23,07:00 - 08:00,125000,Available
1268_2395_06:00,1268,Max Padel,2395,Court 3,2026-09-23,06:00 - 07:00,125000,Available
1268_2395_07:00,1268,Max Padel,2395,Court 3,2026-09-23,07:00 - 08:00,125000,Available
1268_2396_06:00,1268,Max Padel,2396,Court 4,2026-09-23,06:00 - 07:00,125000,Available
1268_2396_07:00,1268,Max Padel,2396,Court 4,2026-09-23,07:00 - 08:00,125000,Available
1791_3647_06:00,1791,Base Padel,3647,Court 1,2026-09-23,06:00 - 07:00,150000,Available
1791_3647_07:00,1791,Base Padel,3647,Court 1,2026-09-23,07:00 - 08:00,150000,Available
1791_3646_06:00,1791,Base Padel,3646,Court 2,2026-09-23,06:00 - 07:00,150000,Available
1791_3646_07:00,1791,Base Padel,3646,Court 2,2026-09-23,07:00 - 08:00,150000,Available
1791_3648_06:00,1791,Base Padel,3648,Court 3,2026-09-23,06:00 - 07:00,150000,Available
1791_3648_07:00,1791,Base Padel,3648,Court 3,2026-09-23,07:00 - 08:00,150000,Available
1463_2908_07:00,1463,Juego Padel Club (JPC),2908,Court A,2026-09-23,07:00 - 08:00,160000,Available
1463_10695_07:00,1463,Juego Padel Club (JPC),10695,Court B,2026-09-23,07:00 - 08:00,160000,Available
1463_10697_07:00,1463,Juego Padel Club (JPC),10697,Court C,2026-09-23,07:00 - 08:00,160000,Available
1463_10698_07:00,1463,Juego Padel Club (JPC),10698,Court D,2026-09-23,07:00 - 08:00,160000,Available
1463_10699_07:00,1463,Juego Padel Club (JPC),10699,Court E,2026-09-23,07:00 - 08:00,160000,Available
1463_9864_07:00,1463,Juego Padel Club (JPC),9864,P1 (Private),2026-09-23,07:00 - 08:00,250000,Available
1463_9867_07:00,1463,Juego Padel Club (JPC),9867,P2 (Private),2026-09-23,07:00 - 08:00,250000,Available
1463_12704_07:00,1463,Juego Padel Club (JPC),12704,Mahjong - Table 1,2026-09-23,07:00 - 08:00,80000,Available
1463_12718_07:00,1463,Juego Padel Club (JPC),12718,Mahjong - Table 2,2026-09-23,07:00 - 08:00,80000,Available
3815_9419_06:00,3815,Citra Padel Club,9419,Court 1,2026-09-23,06:00 - 07:00,100000,Available
3815_9419_07:00,3815,Citra Padel Club,9419,Court 1,2026-09-23,07:00 - 08:00,100000,Available
3815_9715_06:00,3815,Citra Padel Club,9715,Court 2,2026-09-23,06:00 - 07:00,100000,Available
3815_9715_07:00,3815,Citra Padel Club,9715,Court 2,2026-09-23,07:00 - 08:00,100000,Available
3815_9716_06:00,3815,Citra Padel Club,9716,Court 3,2026-09-23,06:00 - 07:00,100000,Available
3815_9716_07:00,3815,Citra Padel Club,9716,Court 3,2026-09-23,07:00 - 08:00,100000,Available
3815_9717_06:00,3815,Citra Padel Club,9717,Court 4,2026-09-23,06:00 - 07:00,100000,Available
3815_9717_07:00,3815,Citra Padel Club,9717,Court 4,2026-09-23,07:00 - 08:00,100000,Available
3815_9718_06:00,3815,Citra Padel Club,9718,Court 5,2026-09-23,06:00 - 07:00,100000,Available
3815_9718_07:00,3815,Citra Padel Club,9718,Court 5,2026-09-23,07:00 - 08:00,100000,Available
3815_9719_06:00,3815,Citra Padel Club,9719,Court 6,2026-09-23,06:00 - 07:00,100000,Available
3815_9719_07:00,3815,Citra Padel Club,9719,Court 6,2026-09-23,07:00 - 08:00,100000,Available
3815_12181_06:00,3815,Citra Padel Club,12181,Mahjong Table 1,2026-09-23,06:00 - 08:00,100000,Available
3815_12182_06:00,3815,Citra Padel Club,12182,Mahjong Table 2,2026-09-23,06:00 - 08:00,100000,Available
3815_12183_06:00,3815,Citra Padel Club,12183,Mahjong Table 3,2026-09-23,06:00 - 08:00,100000,Available
3815_12534_06:00,3815,Citra Padel Club,12534,Mahjong table 4,2026-09-23,06:00 - 08:00,100000,Available
3274_7890_07:00,3274,Clubhouse Meruya,7890,Court 1,2026-09-23,07:00 - 08:00,195000,Available
3274_7891_07:00,3274,Clubhouse Meruya,7891,Court 2,2026-09-23,07:00 - 08:00,195000,Available
3274_7892_07:00,3274,Clubhouse Meruya,7892,Court 3,2026-09-23,07:00 - 08:00,195000,Available
3274_7893_07:00,3274,Clubhouse Meruya,7893,Court 4,2026-09-23,07:00 - 08:00,195000,Available
3274_7894_07:00,3274,Clubhouse Meruya,7894,Court 5,2026-09-23,07:00 - 08:00,195000,Available
3274_7895_07:00,3274,Clubhouse Meruya,7895,Court 6,2026-09-23,07:00 - 08:00,195000,Available
3274_7896_07:00,3274,Clubhouse Meruya,7896,Court 7,2026-09-23,07:00 - 08:00,195000,Available
3274_7897_07:00,3274,Clubhouse Meruya,7897,Court 8,2026-09-23,07:00 - 08:00,195000,Available
3249_7789_06:00,3249,OLA PADEL CLUB,7789,Court 1,2026-09-23,06:00 - 07:00,135000,Available
3249_7789_07:00,3249,OLA PADEL CLUB,7789,Court 1,2026-09-23,07:00 - 08:00,135000,Available
3249_7805_06:00,3249,OLA PADEL CLUB,7805,Court 2,2026-09-23,06:00 - 07:00,135000,Available
3249_7805_07:00,3249,OLA PADEL CLUB,7805,Court 2,2026-09-23,07:00 - 08:00,135000,Available
3249_7806_06:00,3249,OLA PADEL CLUB,7806,Court 3,2026-09-23,06:00 - 07:00,135000,Available
3249_7806_07:00,3249,OLA PADEL CLUB,7806,Court 3,2026-09-23,07:00 - 08:00,135000,Available
3249_7807_06:00,3249,OLA PADEL CLUB,7807,Court 4,2026-09-23,06:00 - 07:00,135000,Booked
3249_7807_07:00,3249,OLA PADEL CLUB,7807,Court 4,2026-09-23,07:00 - 08:00,135000,Booked
3249_11723_06:00,3249,OLA PADEL CLUB,11723,Meja 1,2026-09-23,06:00 - 07:00,100000,Available
3249_11723_07:00,3249,OLA PADEL CLUB,11723,Meja 1,2026-09-23,07:00 - 08:00,100000,Available
3249_11724_06:00,3249,OLA PADEL CLUB,11724,Meja 2,2026-09-23,06:00 - 07:00,100000,Available
3249_11724_07:00,3249,OLA PADEL CLUB,11724,Meja 2,2026-09-23,07:00 - 08:00,100000,Available
2140_4413_06:00,2140,RacketGo Citra 5,4413,FANTECH BLUE ( 1 ),2026-09-23,06:00 - 07:00,125000,Available
2140_4413_07:00,2140,RacketGo Citra 5,4413,FANTECH BLUE ( 1 ),2026-09-23,07:00 - 08:00,125000,Available
2140_4414_06:00,2140,RacketGo Citra 5,4414,TEH PUCUK GREEN (2),2026-09-23,06:00 - 07:00,125000,Available
2140_4414_07:00,2140,RacketGo Citra 5,4414,TEH PUCUK GREEN (2),2026-09-23,07:00 - 08:00,125000,Available
2140_4422_06:00,2140,RacketGo Citra 5,4422,TELOON PINK (3),2026-09-23,06:00 - 07:00,125000,Available
2140_4422_07:00,2140,RacketGo Citra 5,4422,TELOON PINK (3),2026-09-23,07:00 - 08:00,125000,Available
2140_4423_06:00,2140,RacketGo Citra 5,4423,TERRACOTA (4),2026-09-23,06:00 - 07:00,125000,Available
2140_4423_07:00,2140,RacketGo Citra 5,4423,TERRACOTA (4),2026-09-23,07:00 - 08:00,125000,Available
2779_6299_06:00,2779,Zplay Padel,6299,Zplay Padel,2026-09-23,06:00 - 07:00,145000,Available
2779_6299_07:00,2779,Zplay Padel,6299,Zplay Padel,2026-09-23,07:00 - 08:00,145000,Available
2779_8046_06:00,2779,Zplay Padel,8046,Lapangan Pickle 1,2026-09-23,06:00 - 07:00,65000,Available
2779_8046_07:00,2779,Zplay Padel,8046,Lapangan Pickle 1,2026-09-23,07:00 - 08:00,65000,Available
2779_8047_06:00,2779,Zplay Padel,8047,Lapangan Pickle 2,2026-09-23,06:00 - 07:00,65000,Available
2779_8047_07:00,2779,Zplay Padel,8047,Lapangan Pickle 2,2026-09-23,07:00 - 08:00,65000,Available
2983_6954_06:00,2983,YOLO Padel and Lifestyle Slipi,6954,Court 1,2026-09-23,06:00 - 07:00,300000,Available
2983_6954_07:00,2983,YOLO Padel and Lifestyle Slipi,6954,Court 1,2026-09-23,07:00 - 08:00,300000,Available
2983_6955_06:00,2983,YOLO Padel and Lifestyle Slipi,6955,Court 2,2026-09-23,06:00 - 07:00,300000,Available
2983_6955_07:00,2983,YOLO Padel and Lifestyle Slipi,6955,Court 2,2026-09-23,07:00 - 08:00,300000,Available
2780_6318_06:00,2780,PPC - Puri Padel Club,6318,Private Court PADELSTUDIO,2026-09-23,06:00 - 07:00,225000,Available
2780_6318_07:00,2780,PPC - Puri Padel Club,6318,Private Court PADELSTUDIO,2026-09-23,07:00 - 08:00,225000,Booked
2780_6319_06:00,2780,PPC - Puri Padel Club,6319,Private Court 2,2026-09-23,06:00 - 07:00,225000,Available
2780_6319_07:00,2780,PPC - Puri Padel Club,6319,Private Court 2,2026-09-23,07:00 - 08:00,225000,Booked
2353_4974_06:00,2353,The Level 9 Padel,4974,V I P -  Wimbledon,2026-09-23,06:00 - 07:00,125000,Available
2353_4974_07:00,2353,The Level 9 Padel,4974,V I P -  Wimbledon,2026-09-23,07:00 - 08:00,125000,Available
2353_4975_06:00,2353,The Level 9 Padel,4975,V I P - Roland Garros,2026-09-23,06:00 - 07:00,125000,Available
2353_4975_07:00,2353,The Level 9 Padel,4975,V I P - Roland Garros,2026-09-23,07:00 - 08:00,125000,Available
2353_5029_06:00,2353,The Level 9 Padel,5029,Court A,2026-09-23,06:00 - 07:00,125000,Available
2353_5029_07:00,2353,The Level 9 Padel,5029,Court A,2026-09-23,07:00 - 08:00,125000,Available
2353_5030_06:00,2353,The Level 9 Padel,5030,Court B,2026-09-23,06:00 - 07:00,125000,Available
2353_5030_07:00,2353,The Level 9 Padel,5030,Court B,2026-09-23,07:00 - 08:00,125000,Available
2353_5053_06:00,2353,The Level 9 Padel,5053,Court C,2026-09-23,06:00 - 07:00,125000,Available
2353_5053_07:00,2353,The Level 9 Padel,5053,Court C,2026-09-23,07:00 - 08:00,125000,Available
2353_5067_06:00,2353,The Level 9 Padel,5067,Court D,2026-09-23,06:00 - 07:00,125000,Available
2353_5067_07:00,2353,The Level 9 Padel,5067,Court D,2026-09-23,07:00 - 08:00,125000,Available
2353_5071_06:00,2353,The Level 9 Padel,5071,Court E > High Roof Membrane,2026-09-23,06:00 - 07:00,125000,Available
2353_5071_07:00,2353,The Level 9 Padel,5071,Court E > High Roof Membrane,2026-09-23,07:00 - 08:00,125000,Available
2353_5072_06:00,2353,The Level 9 Padel,5072,Court F > High Roof Membrane,2026-09-23,06:00 - 07:00,125000,Available
2353_5072_07:00,2353,The Level 9 Padel,5072,Court F > High Roof Membrane,2026-09-23,07:00 - 08:00,125000,Available
2353_5073_06:00,2353,The Level 9 Padel,5073,Court G,2026-09-23,06:00 - 07:00,125000,Available
2353_5073_07:00,2353,The Level 9 Padel,5073,Court G,2026-09-23,07:00 - 08:00,125000,Available
2353_5076_06:00,2353,The Level 9 Padel,5076,Court H,2026-09-23,06:00 - 07:00,125000,Available
2353_5076_07:00,2353,The Level 9 Padel,5076,Court H,2026-09-23,07:00 - 08:00,125000,Available
2353_5077_06:00,2353,The Level 9 Padel,5077,Court K,2026-09-23,06:00 - 07:00,125000,Available
2353_5077_07:00,2353,The Level 9 Padel,5077,Court K,2026-09-23,07:00 - 08:00,125000,Available
3236_7926_06:00,3236,Kore Padel,7926,Centre Court,2026-09-23,06:00 - 07:00,200000,Available
3236_7926_07:00,3236,Kore Padel,7926,Centre Court,2026-09-23,07:00 - 08:00,200000,Available
3236_12630_06:00,3236,Kore Padel,12630,COURT 2,2026-09-23,06:00 - 07:00,200000,Available
3236_12630_07:00,3236,Kore Padel,12630,COURT 2,2026-09-23,07:00 - 08:00,200000,Available
3236_12634_06:00,3236,Kore Padel,12634,COURT 3,2026-09-23,06:00 - 07:00,200000,Available
3236_12634_07:00,3236,Kore Padel,12634,COURT 3,2026-09-23,07:00 - 08:00,200000,Available
3236_12635_06:00,3236,Kore Padel,12635,COURT 4,2026-09-23,06:00 - 07:00,200000,Available
3236_12635_07:00,3236,Kore Padel,12635,COURT 4,2026-09-23,07:00 - 08:00,200000,Available
3236_12636_06:00,3236,Kore Padel,12636,COURT 5,2026-09-23,06:00 - 07:00,200000,Available
3236_12636_07:00,3236,Kore Padel,12636,COURT 5,2026-09-23,07:00 - 08:00,200000,Available
3555_8782_07:00,3555,Di Atas Social Club - Lippo Mall Puri,8782,Padel Court 1,2026-09-23,07:00 - 08:00,195000,Booked
3555_8835_07:00,3555,Di Atas Social Club - Lippo Mall Puri,8835,Padel Court 2,2026-09-23,07:00 - 08:00,195000,Booked
3555_8836_07:00,3555,Di Atas Social Club - Lippo Mall Puri,8836,Padel Court 3,2026-09-23,07:00 - 08:00,195000,Booked
3555_8837_07:00,3555,Di Atas Social Club - Lippo Mall Puri,8837,Padel Court R a,2026-09-23,07:00 - 08:00,195000,Booked
3555_8838_07:00,3555,Di Atas Social Club - Lippo Mall Puri,8838,Padel Court R b,2026-09-23,07:00 - 08:00,195000,Booked
3555_8783_07:00,3555,Di Atas Social Club - Lippo Mall Puri,8783,Pickleball Court 1,2026-09-23,07:00 - 08:00,225000,Booked
3555_8956_07:00,3555,Di Atas Social Club - Lippo Mall Puri,8956,Pickleball Court 2,2026-09-23,07:00 - 08:00,225000,Booked
3555_8957_07:00,3555,Di Atas Social Club - Lippo Mall Puri,8957,Pickleball Court 3,2026-09-23,07:00 - 08:00,225000,Booked
3555_8958_07:00,3555,Di Atas Social Club - Lippo Mall Puri,8958,Pickleball Court 4,2026-09-23,07:00 - 08:00,225000,Booked
4411_11013_08:00,4411,Deuce Arena,11013,Padel Court A,2026-09-23,08:00 - 09:00,70000,Available
4411_11013_09:00,4411,Deuce Arena,11013,Padel Court A,2026-09-23,09:00 - 10:00,70000,Available
4411_11013_10:00,4411,Deuce Arena,11013,Padel Court A,2026-09-23,10:00 - 11:00,70000,Available
4411_11013_11:00,4411,Deuce Arena,11013,Padel Court A,2026-09-23,11:00 - 12:00,70000,Available
4411_11617_08:00,4411,Deuce Arena,11617,Padel Court B,2026-09-23,08:00 - 09:00,70000,Available
4411_11617_09:00,4411,Deuce Arena,11617,Padel Court B,2026-09-23,09:00 - 10:00,70000,Available
4411_11617_10:00,4411,Deuce Arena,11617,Padel Court B,2026-09-23,10:00 - 11:00,70000,Available
4411_11617_11:00,4411,Deuce Arena,11617,Padel Court B,2026-09-23,11:00 - 12:00,70000,Available
4411_11618_08:00,4411,Deuce Arena,11618,Padel Court C,2026-09-23,08:00 - 09:00,70000,Available
4411_11618_09:00,4411,Deuce Arena,11618,Padel Court C,2026-09-23,09:00 - 10:00,70000,Available
4411_11618_10:00,4411,Deuce Arena,11618,Padel Court C,2026-09-23,10:00 - 11:00,70000,Available
4411_11618_11:00,4411,Deuce Arena,11618,Padel Court C,2026-09-23,11:00 - 12:00,70000,Available
4411_11621_08:00,4411,Deuce Arena,11621,Doubles Court 1,2026-09-23,08:00 - 09:00,200000,Booked
4411_11621_09:00,4411,Deuce Arena,11621,Doubles Court 1,2026-09-23,09:00 - 10:00,200000,Booked
4411_11621_10:00,4411,Deuce Arena,11621,Doubles Court 1,2026-09-23,10:00 - 11:00,200000,Available
4411_11621_11:00,4411,Deuce Arena,11621,Doubles Court 1,2026-09-23,11:00 - 12:00,200000,Available
4411_11622_08:00,4411,Deuce Arena,11622,Doubles Court 2,2026-09-23,08:00 - 09:00,200000,Available
4411_11622_09:00,4411,Deuce Arena,11622,Doubles Court 2,2026-09-23,09:00 - 10:00,200000,Available
4411_11622_10:00,4411,Deuce Arena,11622,Doubles Court 2,2026-09-23,10:00 - 11:00,200000,Available
4411_11622_11:00,4411,Deuce Arena,11622,Doubles Court 2,2026-09-23,11:00 - 12:00,200000,Available
4411_11619_08:00,4411,Deuce Arena,11619,Singles Court 1,2026-09-23,08:00 - 09:00,150000,Available
4411_11619_09:00,4411,Deuce Arena,11619,Singles Court 1,2026-09-23,09:00 - 10:00,150000,Available
4411_11619_10:00,4411,Deuce Arena,11619,Singles Court 1,2026-09-23,10:00 - 11:00,150000,Available
4411_11619_11:00,4411,Deuce Arena,11619,Singles Court 1,2026-09-23,11:00 - 12:00,150000,Available
4411_11620_08:00,4411,Deuce Arena,11620,Singles Court 2,2026-09-23,08:00 - 09:00,150000,Available
4411_11620_09:00,4411,Deuce Arena,11620,Singles Court 2,2026-09-23,09:00 - 10:00,150000,Available
4411_11620_10:00,4411,Deuce Arena,11620,Singles Court 2,2026-09-23,10:00 - 11:00,150000,Available
4411_11620_11:00,4411,Deuce Arena,11620,Singles Court 2,2026-09-23,11:00 - 12:00,150000,Available
2422_5202_08:00,2422,Nordic Courts,5202,Tennis 1,2026-09-23,08:00 - 09:00,185000,Booked
2422_5202_09:00,2422,Nordic Courts,5202,Tennis 1,2026-09-23,09:00 - 10:00,185000,Booked
2422_5202_10:00,2422,Nordic Courts,5202,Tennis 1,2026-09-23,10:00 - 11:00,140000,Booked
2422_5202_11:00,2422,Nordic Courts,5202,Tennis 1,2026-09-23,11:00 - 12:00,140000,Booked
2422_7140_08:00,2422,Nordic Courts,7140,Tennis 2,2026-09-23,08:00 - 09:00,185000,Booked
2422_7140_09:00,2422,Nordic Courts,7140,Tennis 2,2026-09-23,09:00 - 10:00,185000,Available
2422_7140_10:00,2422,Nordic Courts,7140,Tennis 2,2026-09-23,10:00 - 11:00,140000,Available
2422_7140_11:00,2422,Nordic Courts,7140,Tennis 2,2026-09-23,11:00 - 12:00,140000,Booked
2422_5205_08:00,2422,Nordic Courts,5205,Padel A,2026-09-23,08:00 - 09:00,99000,Available
2422_5205_09:00,2422,Nordic Courts,5205,Padel A,2026-09-23,09:00 - 10:00,99000,Available
2422_5205_10:00,2422,Nordic Courts,5205,Padel A,2026-09-23,10:00 - 11:00,77000,Available
2422_5205_11:00,2422,Nordic Courts,5205,Padel A,2026-09-23,11:00 - 12:00,77000,Available
2422_7149_08:00,2422,Nordic Courts,7149,Padel B,2026-09-23,08:00 - 09:00,99000,Available
2422_7149_09:00,2422,Nordic Courts,7149,Padel B,2026-09-23,09:00 - 10:00,99000,Available
2422_7149_10:00,2422,Nordic Courts,7149,Padel B,2026-09-23,10:00 - 11:00,77000,Available
2422_7149_11:00,2422,Nordic Courts,7149,Padel B,2026-09-23,11:00 - 12:00,77000,Available
2422_7150_08:00,2422,Nordic Courts,7150,Padel C,2026-09-23,08:00 - 09:00,99000,Available
2422_7150_09:00,2422,Nordic Courts,7150,Padel C,2026-09-23,09:00 - 10:00,99000,Available
2422_7150_10:00,2422,Nordic Courts,7150,Padel C,2026-09-23,10:00 - 11:00,77000,Available
2422_7150_11:00,2422,Nordic Courts,7150,Padel C,2026-09-23,11:00 - 12:00,77000,Available
2422_7151_08:00,2422,Nordic Courts,7151,Padel D,2026-09-23,08:00 - 09:00,99000,Available
2422_7151_09:00,2422,Nordic Courts,7151,Padel D,2026-09-23,09:00 - 10:00,99000,Available
2422_7151_10:00,2422,Nordic Courts,7151,Padel D,2026-09-23,10:00 - 11:00,77000,Available
2422_7151_11:00,2422,Nordic Courts,7151,Padel D,2026-09-23,11:00 - 12:00,77000,Available
2110_4356_08:00,2110,Hobi Padel Meruya,4356,Court 1,2026-09-23,08:00 - 09:00,118000,Available
2110_4356_09:00,2110,Hobi Padel Meruya,4356,Court 1,2026-09-23,09:00 - 10:00,118000,Booked
2110_4356_10:00,2110,Hobi Padel Meruya,4356,Court 1,2026-09-23,10:00 - 11:00,118000,Booked
2110_4356_11:00,2110,Hobi Padel Meruya,4356,Court 1,2026-09-23,11:00 - 12:00,98000,Booked
2110_6157_08:00,2110,Hobi Padel Meruya,6157,Court 2,2026-09-23,08:00 - 09:00,118000,Available
2110_6157_09:00,2110,Hobi Padel Meruya,6157,Court 2,2026-09-23,09:00 - 10:00,118000,Booked
2110_6157_10:00,2110,Hobi Padel Meruya,6157,Court 2,2026-09-23,10:00 - 11:00,118000,Available
2110_6157_11:00,2110,Hobi Padel Meruya,6157,Court 2,2026-09-23,11:00 - 12:00,98000,Booked
2110_6158_08:00,2110,Hobi Padel Meruya,6158,Court 3,2026-09-23,08:00 - 09:00,118000,Booked
2110_6158_09:00,2110,Hobi Padel Meruya,6158,Court 3,2026-09-23,09:00 - 10:00,118000,Available
2110_6158_10:00,2110,Hobi Padel Meruya,6158,Court 3,2026-09-23,10:00 - 11:00,118000,Available
2110_6158_11:00,2110,Hobi Padel Meruya,6158,Court 3,2026-09-23,11:00 - 12:00,98000,Available
2110_6159_08:00,2110,Hobi Padel Meruya,6159,Court 4,2026-09-23,08:00 - 09:00,118000,Available
2110_6159_09:00,2110,Hobi Padel Meruya,6159,Court 4,2026-09-23,09:00 - 10:00,118000,Available
2110_6159_10:00,2110,Hobi Padel Meruya,6159,Court 4,2026-09-23,10:00 - 11:00,118000,Available
2110_6159_11:00,2110,Hobi Padel Meruya,6159,Court 4,2026-09-23,11:00 - 12:00,98000,Available
2415_5095_08:00,2415,Padelin,5095,Court 1,2026-09-23,08:00 - 09:00,70000,Available
2415_5095_09:00,2415,Padelin,5095,Court 1,2026-09-23,09:00 - 10:00,70000,Booked
2415_5095_10:00,2415,Padelin,5095,Court 1,2026-09-23,10:00 - 11:00,100000,Booked
2415_5095_11:00,2415,Padelin,5095,Court 1,2026-09-23,11:00 - 12:00,100000,Available
2415_7551_08:00,2415,Padelin,7551,Court 2,2026-09-23,08:00 - 09:00,70000,Booked
2415_7551_09:00,2415,Padelin,7551,Court 2,2026-09-23,09:00 - 10:00,70000,Booked
2415_7551_10:00,2415,Padelin,7551,Court 2,2026-09-23,10:00 - 11:00,100000,Booked
2415_7551_11:00,2415,Padelin,7551,Court 2,2026-09-23,11:00 - 12:00,100000,Available
2415_7552_08:00,2415,Padelin,7552,Court 3,2026-09-23,08:00 - 09:00,70000,Booked
2415_7552_09:00,2415,Padelin,7552,Court 3,2026-09-23,09:00 - 10:00,70000,Booked
2415_7552_10:00,2415,Padelin,7552,Court 3,2026-09-23,10:00 - 11:00,100000,Booked
2415_7552_11:00,2415,Padelin,7552,Court 3,2026-09-23,11:00 - 12:00,100000,Available
1113_2242_08:00,1113,Sunday Padel - Meruya,2242,Court 1,2026-09-23,08:00 - 09:00,99000,Available
1113_2242_09:00,1113,Sunday Padel - Meruya,2242,Court 1,2026-09-23,09:00 - 10:00,99000,Booked
1113_2242_10:00,1113,Sunday Padel - Meruya,2242,Court 1,2026-09-23,10:00 - 11:00,99000,Booked
1113_2242_11:00,1113,Sunday Padel - Meruya,2242,Court 1,2026-09-23,11:00 - 12:00,99000,Available
1113_2246_08:00,1113,Sunday Padel - Meruya,2246,Court 2,2026-09-23,08:00 - 09:00,99000,Available
1113_2246_09:00,1113,Sunday Padel - Meruya,2246,Court 2,2026-09-23,09:00 - 10:00,99000,Available
1113_2246_10:00,1113,Sunday Padel - Meruya,2246,Court 2,2026-09-23,10:00 - 11:00,99000,Available
1113_2246_11:00,1113,Sunday Padel - Meruya,2246,Court 2,2026-09-23,11:00 - 12:00,99000,Available
1113_2247_08:00,1113,Sunday Padel - Meruya,2247,Court 3,2026-09-23,08:00 - 09:00,99000,Available
1113_2247_09:00,1113,Sunday Padel - Meruya,2247,Court 3,2026-09-23,09:00 - 10:00,99000,Available
1113_2247_10:00,1113,Sunday Padel - Meruya,2247,Court 3,2026-09-23,10:00 - 11:00,99000,Booked
1113_2247_11:00,1113,Sunday Padel - Meruya,2247,Court 3,2026-09-23,11:00 - 12:00,99000,Booked
1113_2248_08:00,1113,Sunday Padel - Meruya,2248,Court 4,2026-09-23,08:00 - 09:00,99000,Booked
1113_2248_09:00,1113,Sunday Padel - Meruya,2248,Court 4,2026-09-23,09:00 - 10:00,99000,Booked
1113_2248_10:00,1113,Sunday Padel - Meruya,2248,Court 4,2026-09-23,10:00 - 11:00,99000,Booked
1113_2248_11:00,1113,Sunday Padel - Meruya,2248,Court 4,2026-09-23,11:00 - 12:00,99000,Available
1113_2249_08:00,1113,Sunday Padel - Meruya,2249,Court 5,2026-09-23,08:00 - 09:00,99000,Available
1113_2249_09:00,1113,Sunday Padel - Meruya,2249,Court 5,2026-09-23,09:00 - 10:00,99000,Available
1113_2249_10:00,1113,Sunday Padel - Meruya,2249,Court 5,2026-09-23,10:00 - 11:00,99000,Available
1113_2249_11:00,1113,Sunday Padel - Meruya,2249,Court 5,2026-09-23,11:00 - 12:00,99000,Available
3308_8017_08:00,3308,Angke Padel,8017,Court A,2026-09-23,08:00 - 09:00,75000,Available
3308_8017_09:00,3308,Angke Padel,8017,Court A,2026-09-23,09:00 - 10:00,75000,Available
3308_8017_10:00,3308,Angke Padel,8017,Court A,2026-09-23,10:00 - 11:00,75000,Available
3308_8017_11:00,3308,Angke Padel,8017,Court A,2026-09-23,11:00 - 12:00,75000,Available
3308_8333_08:00,3308,Angke Padel,8333,Court B,2026-09-23,08:00 - 09:00,75000,Available
3308_8333_09:00,3308,Angke Padel,8333,Court B,2026-09-23,09:00 - 10:00,75000,Available
3308_8333_10:00,3308,Angke Padel,8333,Court B,2026-09-23,10:00 - 11:00,75000,Available
3308_8333_11:00,3308,Angke Padel,8333,Court B,2026-09-23,11:00 - 12:00,75000,Available
3308_8334_08:00,3308,Angke Padel,8334,Court C,2026-09-23,08:00 - 09:00,75000,Available
3308_8334_09:00,3308,Angke Padel,8334,Court C,2026-09-23,09:00 - 10:00,75000,Available
3308_8334_10:00,3308,Angke Padel,8334,Court C,2026-09-23,10:00 - 11:00,75000,Available
3308_8334_11:00,3308,Angke Padel,8334,Court C,2026-09-23,11:00 - 12:00,75000,Available
3308_8335_08:00,3308,Angke Padel,8335,Court D,2026-09-23,08:00 - 09:00,75000,Booked
3308_8335_09:00,3308,Angke Padel,8335,Court D,2026-09-23,09:00 - 10:00,75000,Booked
3308_8335_10:00,3308,Angke Padel,8335,Court D,2026-09-23,10:00 - 11:00,75000,Available
3308_8335_11:00,3308,Angke Padel,8335,Court D,2026-09-23,11:00 - 12:00,75000,Available
3308_8336_08:00,3308,Angke Padel,8336,Court E,2026-09-23,08:00 - 09:00,75000,Available
3308_8336_09:00,3308,Angke Padel,8336,Court E,2026-09-23,09:00 - 10:00,75000,Available
3308_8336_10:00,3308,Angke Padel,8336,Court E,2026-09-23,10:00 - 11:00,75000,Available
3308_8336_11:00,3308,Angke Padel,8336,Court E,2026-09-23,11:00 - 12:00,75000,Available
3308_8337_08:00,3308,Angke Padel,8337,Court F,2026-09-23,08:00 - 09:00,75000,Available
3308_8337_09:00,3308,Angke Padel,8337,Court F,2026-09-23,09:00 - 10:00,75000,Available
3308_8337_10:00,3308,Angke Padel,8337,Court F,2026-09-23,10:00 - 11:00,75000,Available
3308_8337_11:00,3308,Angke Padel,8337,Court F,2026-09-23,11:00 - 12:00,75000,Available
3358_8176_08:00,3358,Kaia Padel Reserve,8176,Court A (Green),2026-09-23,08:00 - 09:00,125000,Available
3358_8176_09:00,3358,Kaia Padel Reserve,8176,Court A (Green),2026-09-23,09:00 - 10:00,125000,Booked
3358_8176_10:00,3358,Kaia Padel Reserve,8176,Court A (Green),2026-09-23,10:00 - 12:00,200000,Booked
3358_8193_08:00,3358,Kaia Padel Reserve,8193,Court B (Terracotta),2026-09-23,08:00 - 09:00,125000,Available
3358_8193_09:00,3358,Kaia Padel Reserve,8193,Court B (Terracotta),2026-09-23,09:00 - 10:00,125000,Booked
3358_8193_10:00,3358,Kaia Padel Reserve,8193,Court B (Terracotta),2026-09-23,10:00 - 12:00,200000,Booked
3358_8194_08:00,3358,Kaia Padel Reserve,8194,Court C (Green),2026-09-23,08:00 - 09:00,125000,Available
3358_8194_09:00,3358,Kaia Padel Reserve,8194,Court C (Green),2026-09-23,09:00 - 10:00,125000,Available
3358_8194_10:00,3358,Kaia Padel Reserve,8194,Court C (Green),2026-09-23,10:00 - 12:00,200000,Available
3358_8195_08:00,3358,Kaia Padel Reserve,8195,Court D (Terracotta),2026-09-23,08:00 - 09:00,125000,Available
3358_8195_09:00,3358,Kaia Padel Reserve,8195,Court D (Terracotta),2026-09-23,09:00 - 10:00,125000,Available
3358_8195_10:00,3358,Kaia Padel Reserve,8195,Court D (Terracotta),2026-09-23,10:00 - 12:00,200000,Available
3358_8196_08:00,3358,Kaia Padel Reserve,8196,Court E (Green),2026-09-23,08:00 - 09:00,125000,Booked
3358_8196_09:00,3358,Kaia Padel Reserve,8196,Court E (Green),2026-09-23,09:00 - 10:00,125000,Booked
3358_8196_10:00,3358,Kaia Padel Reserve,8196,Court E (Green),2026-09-23,10:00 - 12:00,200000,Available
4053_10011_08:00,4053,Nice Padel,10011,Court 1,2026-09-23,08:00 - 09:00,99000,Booked
4053_10011_09:00,4053,Nice Padel,10011,Court 1,2026-09-23,09:00 - 10:00,99000,Booked
4053_10011_10:00,4053,Nice Padel,10011,Court 1,2026-09-23,10:00 - 11:00,99000,Available
4053_10011_11:00,4053,Nice Padel,10011,Court 1,2026-09-23,11:00 - 12:00,99000,Available
4053_10012_08:00,4053,Nice Padel,10012,Court 2,2026-09-23,08:00 - 09:00,99000,Available
4053_10012_09:00,4053,Nice Padel,10012,Court 2,2026-09-23,09:00 - 10:00,99000,Available
4053_10012_10:00,4053,Nice Padel,10012,Court 2,2026-09-23,10:00 - 11:00,99000,Available
4053_10012_11:00,4053,Nice Padel,10012,Court 2,2026-09-23,11:00 - 12:00,99000,Available
4244_10884_08:00,4244,Mono House,10884,Court 1,2026-09-23,08:00 - 09:00,125000,Available
4244_10884_09:00,4244,Mono House,10884,Court 1,2026-09-23,09:00 - 10:00,125000,Available
4244_10884_10:00,4244,Mono House,10884,Court 1,2026-09-23,10:00 - 11:00,125000,Available
4244_10884_11:00,4244,Mono House,10884,Court 1,2026-09-23,11:00 - 12:00,125000,Available
4244_10885_08:00,4244,Mono House,10885,Court 2,2026-09-23,08:00 - 09:00,125000,Available
4244_10885_09:00,4244,Mono House,10885,Court 2,2026-09-23,09:00 - 10:00,125000,Available
4244_10885_10:00,4244,Mono House,10885,Court 2,2026-09-23,10:00 - 11:00,125000,Available
4244_10885_11:00,4244,Mono House,10885,Court 2,2026-09-23,11:00 - 12:00,125000,Available
2958_6927_08:00,2958,Go 2 Padel,6927,Court 1 (Blue),2026-09-23,08:00 - 09:00,60000,Available
2958_6927_09:00,2958,Go 2 Padel,6927,Court 1 (Blue),2026-09-23,09:00 - 10:00,60000,Available
2958_6927_10:00,2958,Go 2 Padel,6927,Court 1 (Blue),2026-09-23,10:00 - 11:00,60000,Available
2958_6927_11:00,2958,Go 2 Padel,6927,Court 1 (Blue),2026-09-23,11:00 - 12:00,60000,Available
2958_7798_08:00,2958,Go 2 Padel,7798,Court 2 (Pink),2026-09-23,08:00 - 09:00,60000,Booked
2958_7798_09:00,2958,Go 2 Padel,7798,Court 2 (Pink),2026-09-23,09:00 - 10:00,60000,Available
2958_7798_10:00,2958,Go 2 Padel,7798,Court 2 (Pink),2026-09-23,10:00 - 11:00,60000,Available
2958_7798_11:00,2958,Go 2 Padel,7798,Court 2 (Pink),2026-09-23,11:00 - 12:00,60000,Available
2906_6677_08:00,2906,Padel Quarter,6677,Elite Court,2026-09-23,08:00 - 09:00,100000,Booked
2906_6677_09:00,2906,Padel Quarter,6677,Elite Court,2026-09-23,09:00 - 10:00,100000,Available
2906_6677_10:00,2906,Padel Quarter,6677,Elite Court,2026-09-23,10:00 - 11:00,100000,Available
2906_6677_11:00,2906,Padel Quarter,6677,Elite Court,2026-09-23,11:00 - 12:00,100000,Available
2906_6678_08:00,2906,Padel Quarter,6678,Court 1,2026-09-23,08:00 - 09:00,90000,Booked
2906_6678_09:00,2906,Padel Quarter,6678,Court 1,2026-09-23,09:00 - 10:00,90000,Available
2906_6678_10:00,2906,Padel Quarter,6678,Court 1,2026-09-23,10:00 - 11:00,90000,Available
2906_6678_11:00,2906,Padel Quarter,6678,Court 1,2026-09-23,11:00 - 12:00,90000,Available
2906_6679_08:00,2906,Padel Quarter,6679,Court 2,2026-09-23,08:00 - 09:00,90000,Booked
2906_6679_09:00,2906,Padel Quarter,6679,Court 2,2026-09-23,09:00 - 10:00,90000,Booked
2906_6679_10:00,2906,Padel Quarter,6679,Court 2,2026-09-23,10:00 - 11:00,90000,Available
2906_6679_11:00,2906,Padel Quarter,6679,Court 2,2026-09-23,11:00 - 12:00,90000,Available
2906_6680_08:00,2906,Padel Quarter,6680,Court 3,2026-09-23,08:00 - 09:00,90000,Booked
2906_6680_09:00,2906,Padel Quarter,6680,Court 3,2026-09-23,09:00 - 10:00,90000,Available
2906_6680_10:00,2906,Padel Quarter,6680,Court 3,2026-09-23,10:00 - 11:00,90000,Available
2906_6680_11:00,2906,Padel Quarter,6680,Court 3,2026-09-23,11:00 - 12:00,90000,Available
3232_8048_08:00,3232,Powerhouse Padel AZURE Taman Surya,8048,Court A,2026-09-23,08:00 - 09:00,75000,Booked
3232_8048_09:00,3232,Powerhouse Padel AZURE Taman Surya,8048,Court A,2026-09-23,09:00 - 10:00,75000,Booked
3232_8048_10:00,3232,Powerhouse Padel AZURE Taman Surya,8048,Court A,2026-09-23,10:00 - 11:00,75000,Available
3232_8048_11:00,3232,Powerhouse Padel AZURE Taman Surya,8048,Court A,2026-09-23,11:00 - 12:00,75000,Available
3232_8132_08:00,3232,Powerhouse Padel AZURE Taman Surya,8132,Court B,2026-09-23,08:00 - 09:00,75000,Available
3232_8132_09:00,3232,Powerhouse Padel AZURE Taman Surya,8132,Court B,2026-09-23,09:00 - 10:00,75000,Available
3232_8132_10:00,3232,Powerhouse Padel AZURE Taman Surya,8132,Court B,2026-09-23,10:00 - 11:00,75000,Available
3232_8132_11:00,3232,Powerhouse Padel AZURE Taman Surya,8132,Court B,2026-09-23,11:00 - 12:00,75000,Available
3232_8133_08:00,3232,Powerhouse Padel AZURE Taman Surya,8133,Court C,2026-09-23,08:00 - 09:00,75000,Available
3232_8133_09:00,3232,Powerhouse Padel AZURE Taman Surya,8133,Court C,2026-09-23,09:00 - 10:00,75000,Available
3232_8133_10:00,3232,Powerhouse Padel AZURE Taman Surya,8133,Court C,2026-09-23,10:00 - 11:00,75000,Available
3232_8133_11:00,3232,Powerhouse Padel AZURE Taman Surya,8133,Court C,2026-09-23,11:00 - 12:00,75000,Available
3232_8134_08:00,3232,Powerhouse Padel AZURE Taman Surya,8134,Court D,2026-09-23,08:00 - 09:00,75000,Available
3232_8134_09:00,3232,Powerhouse Padel AZURE Taman Surya,8134,Court D,2026-09-23,09:00 - 10:00,75000,Available
3232_8134_10:00,3232,Powerhouse Padel AZURE Taman Surya,8134,Court D,2026-09-23,10:00 - 11:00,75000,Available
3232_8134_11:00,3232,Powerhouse Padel AZURE Taman Surya,8134,Court D,2026-09-23,11:00 - 12:00,75000,Available
2317_4859_08:00,2317,CPH Citra Padel House,4859,Court 1,2026-09-23,08:00 - 09:00,75000,Available
2317_4859_09:00,2317,CPH Citra Padel House,4859,Court 1,2026-09-23,09:00 - 10:00,75000,Available
2317_4859_10:00,2317,CPH Citra Padel House,4859,Court 1,2026-09-23,10:00 - 11:00,75000,Booked
2317_4859_11:00,2317,CPH Citra Padel House,4859,Court 1,2026-09-23,11:00 - 12:00,75000,Available
2317_4860_08:00,2317,CPH Citra Padel House,4860,Court 2,2026-09-23,08:00 - 09:00,75000,Booked
2317_4860_09:00,2317,CPH Citra Padel House,4860,Court 2,2026-09-23,09:00 - 10:00,75000,Available
2317_4860_10:00,2317,CPH Citra Padel House,4860,Court 2,2026-09-23,10:00 - 11:00,75000,Booked
2317_4860_11:00,2317,CPH Citra Padel House,4860,Court 2,2026-09-23,11:00 - 12:00,75000,Booked
2317_4861_08:00,2317,CPH Citra Padel House,4861,Court 3,2026-09-23,08:00 - 09:00,75000,Available
2317_4861_09:00,2317,CPH Citra Padel House,4861,Court 3,2026-09-23,09:00 - 10:00,75000,Available
2317_4861_10:00,2317,CPH Citra Padel House,4861,Court 3,2026-09-23,10:00 - 11:00,75000,Available
2317_4861_11:00,2317,CPH Citra Padel House,4861,Court 3,2026-09-23,11:00 - 12:00,75000,Available
4333_11147_08:00,4333,Seven Stars Arena,11147,Court A,2026-09-23,08:00 - 09:00,125000,Available
4333_11147_09:00,4333,Seven Stars Arena,11147,Court A,2026-09-23,09:00 - 10:00,125000,Available
4333_11147_10:00,4333,Seven Stars Arena,11147,Court A,2026-09-23,10:00 - 11:00,125000,Available
4333_11147_11:00,4333,Seven Stars Arena,11147,Court A,2026-09-23,11:00 - 12:00,125000,Available
4333_11148_08:00,4333,Seven Stars Arena,11148,Court B,2026-09-23,08:00 - 09:00,125000,Available
4333_11148_09:00,4333,Seven Stars Arena,11148,Court B,2026-09-23,09:00 - 10:00,125000,Available
4333_11148_10:00,4333,Seven Stars Arena,11148,Court B,2026-09-23,10:00 - 11:00,125000,Available
4333_11148_11:00,4333,Seven Stars Arena,11148,Court B,2026-09-23,11:00 - 12:00,125000,Available
4333_11149_08:00,4333,Seven Stars Arena,11149,Court C,2026-09-23,08:00 - 09:00,125000,Available
4333_11149_09:00,4333,Seven Stars Arena,11149,Court C,2026-09-23,09:00 - 10:00,125000,Available
4333_11149_10:00,4333,Seven Stars Arena,11149,Court C,2026-09-23,10:00 - 11:00,125000,Available
4333_11149_11:00,4333,Seven Stars Arena,11149,Court C,2026-09-23,11:00 - 12:00,125000,Available
4333_11150_08:00,4333,Seven Stars Arena,11150,Court D,2026-09-23,08:00 - 09:00,125000,Available
4333_11150_09:00,4333,Seven Stars Arena,11150,Court D,2026-09-23,09:00 - 10:00,125000,Available
4333_11150_10:00,4333,Seven Stars Arena,11150,Court D,2026-09-23,10:00 - 11:00,125000,Available
4333_11150_11:00,4333,Seven Stars Arena,11150,Court D,2026-09-23,11:00 - 12:00,125000,Available
3416_8364_08:00,3416,Cosmo Padel,8364,Court 1,2026-09-23,08:00 - 09:00,150000,Available
3416_8364_09:00,3416,Cosmo Padel,8364,Court 1,2026-09-23,09:00 - 10:00,150000,Available
3416_8364_10:00,3416,Cosmo Padel,8364,Court 1,2026-09-23,10:00 - 11:00,150000,Available
3416_8364_11:00,3416,Cosmo Padel,8364,Court 1,2026-09-23,11:00 - 12:00,150000,Available
3416_8865_08:00,3416,Cosmo Padel,8865,Court 2,2026-09-23,08:00 - 09:00,150000,Available
3416_8865_09:00,3416,Cosmo Padel,8865,Court 2,2026-09-23,09:00 - 10:00,150000,Available
3416_8865_10:00,3416,Cosmo Padel,8865,Court 2,2026-09-23,10:00 - 11:00,150000,Available
3416_8865_11:00,3416,Cosmo Padel,8865,Court 2,2026-09-23,11:00 - 12:00,150000,Available
1368_2569_08:00,1368,Vlocity Arena,2569,Tennis 1,2026-09-23,08:00 - 09:00,275000,Booked
1368_2569_09:00,1368,Vlocity Arena,2569,Tennis 1,2026-09-23,09:00 - 10:00,275000,Booked
1368_2569_10:00,1368,Vlocity Arena,2569,Tennis 1,2026-09-23,10:00 - 11:00,275000,Booked
1368_2569_11:00,1368,Vlocity Arena,2569,Tennis 1,2026-09-23,11:00 - 12:00,275000,Available
1368_2593_08:00,1368,Vlocity Arena,2593,Tennis 2,2026-09-23,08:00 - 09:00,275000,Booked
1368_2593_09:00,1368,Vlocity Arena,2593,Tennis 2,2026-09-23,09:00 - 10:00,275000,Booked
1368_2593_10:00,1368,Vlocity Arena,2593,Tennis 2,2026-09-23,10:00 - 11:00,275000,Booked
1368_2593_11:00,1368,Vlocity Arena,2593,Tennis 2,2026-09-23,11:00 - 12:00,275000,Booked
1368_2596_08:00,1368,Vlocity Arena,2596,Padel Grandstand,2026-09-23,08:00 - 09:00,137500,Booked
1368_2596_09:00,1368,Vlocity Arena,2596,Padel Grandstand,2026-09-23,09:00 - 10:00,137500,Available
1368_2596_10:00,1368,Vlocity Arena,2596,Padel Grandstand,2026-09-23,10:00 - 11:00,137500,Available
1368_2596_11:00,1368,Vlocity Arena,2596,Padel Grandstand,2026-09-23,11:00 - 12:00,137500,Available
1368_2597_08:00,1368,Vlocity Arena,2597,Padel 1,2026-09-23,08:00 - 09:00,137500,Booked
1368_2597_09:00,1368,Vlocity Arena,2597,Padel 1,2026-09-23,09:00 - 10:00,137500,Booked
1368_2597_10:00,1368,Vlocity Arena,2597,Padel 1,2026-09-23,10:00 - 11:00,137500,Booked
1368_2597_11:00,1368,Vlocity Arena,2597,Padel 1,2026-09-23,11:00 - 12:00,137500,Booked
1368_2598_08:00,1368,Vlocity Arena,2598,Padel 2,2026-09-23,08:00 - 09:00,137500,Available
1368_2598_09:00,1368,Vlocity Arena,2598,Padel 2,2026-09-23,09:00 - 10:00,137500,Available
1368_2598_10:00,1368,Vlocity Arena,2598,Padel 2,2026-09-23,10:00 - 11:00,137500,Available
1368_2598_11:00,1368,Vlocity Arena,2598,Padel 2,2026-09-23,11:00 - 12:00,137500,Available
1368_2599_08:00,1368,Vlocity Arena,2599,Padel 3,2026-09-23,08:00 - 09:00,137500,Available
1368_2599_09:00,1368,Vlocity Arena,2599,Padel 3,2026-09-23,09:00 - 10:00,137500,Available
1368_2599_10:00,1368,Vlocity Arena,2599,Padel 3,2026-09-23,10:00 - 11:00,137500,Available
1368_2599_11:00,1368,Vlocity Arena,2599,Padel 3,2026-09-23,11:00 - 12:00,137500,Available
1368_2600_08:00,1368,Vlocity Arena,2600,Padel 4,2026-09-23,08:00 - 09:00,137500,Available
1368_2600_09:00,1368,Vlocity Arena,2600,Padel 4,2026-09-23,09:00 - 10:00,137500,Available
1368_2600_10:00,1368,Vlocity Arena,2600,Padel 4,2026-09-23,10:00 - 11:00,137500,Available
1368_2600_11:00,1368,Vlocity Arena,2600,Padel 4,2026-09-23,11:00 - 12:00,137500,Available
1368_2601_08:00,1368,Vlocity Arena,2601,Padel 5,2026-09-23,08:00 - 09:00,137500,Available
1368_2601_09:00,1368,Vlocity Arena,2601,Padel 5,2026-09-23,09:00 - 10:00,137500,Available
1368_2601_10:00,1368,Vlocity Arena,2601,Padel 5,2026-09-23,10:00 - 11:00,137500,Available
1368_2601_11:00,1368,Vlocity Arena,2601,Padel 5,2026-09-23,11:00 - 12:00,137500,Available
1368_2595_08:00,1368,Vlocity Arena,2595,Badminton 1,2026-09-23,08:00 - 09:00,78000,Booked
1368_2595_09:00,1368,Vlocity Arena,2595,Badminton 1,2026-09-23,09:00 - 10:00,78000,Available
1368_2595_10:00,1368,Vlocity Arena,2595,Badminton 1,2026-09-23,10:00 - 11:00,78000,Available
1368_2595_11:00,1368,Vlocity Arena,2595,Badminton 1,2026-09-23,11:00 - 12:00,78000,Available
1368_2594_08:00,1368,Vlocity Arena,2594,Badminton 2,2026-09-23,08:00 - 09:00,78000,Available
1368_2594_09:00,1368,Vlocity Arena,2594,Badminton 2,2026-09-23,09:00 - 10:00,78000,Available
1368_2594_10:00,1368,Vlocity Arena,2594,Badminton 2,2026-09-23,10:00 - 11:00,78000,Available
1368_2594_11:00,1368,Vlocity Arena,2594,Badminton 2,2026-09-23,11:00 - 12:00,78000,Available
1628_9721_08:00,1628,Anwa Racquet Privé (ex Anwa Tennis Club),9721,Court 1,2026-09-23,08:00 - 09:00,249000,Available
1628_9721_09:00,1628,Anwa Racquet Privé (ex Anwa Tennis Club),9721,Court 1,2026-09-23,09:00 - 10:00,249000,Available
1628_9721_10:00,1628,Anwa Racquet Privé (ex Anwa Tennis Club),9721,Court 1,2026-09-23,10:00 - 11:00,249000,Available
1628_9721_11:00,1628,Anwa Racquet Privé (ex Anwa Tennis Club),9721,Court 1,2026-09-23,11:00 - 12:00,249000,Available
1628_9722_08:00,1628,Anwa Racquet Privé (ex Anwa Tennis Club),9722,Court 2,2026-09-23,08:00 - 09:00,249000,Available
1628_9722_09:00,1628,Anwa Racquet Privé (ex Anwa Tennis Club),9722,Court 2,2026-09-23,09:00 - 10:00,249000,Available
1628_9722_10:00,1628,Anwa Racquet Privé (ex Anwa Tennis Club),9722,Court 2,2026-09-23,10:00 - 11:00,249000,Available
1628_9722_11:00,1628,Anwa Racquet Privé (ex Anwa Tennis Club),9722,Court 2,2026-09-23,11:00 - 12:00,249000,Available
1628_9723_08:00,1628,Anwa Racquet Privé (ex Anwa Tennis Club),9723,Court 3,2026-09-23,08:00 - 09:00,249000,Available
1628_9723_09:00,1628,Anwa Racquet Privé (ex Anwa Tennis Club),9723,Court 3,2026-09-23,09:00 - 10:00,249000,Available
1628_9723_10:00,1628,Anwa Racquet Privé (ex Anwa Tennis Club),9723,Court 3,2026-09-23,10:00 - 11:00,249000,Available
1628_9723_11:00,1628,Anwa Racquet Privé (ex Anwa Tennis Club),9723,Court 3,2026-09-23,11:00 - 12:00,249000,Available
1628_10523_08:00,1628,Anwa Racquet Privé (ex Anwa Tennis Club),10523,Mahjong 1,2026-09-23,08:00 - 09:00,200000,Available
1628_10523_09:00,1628,Anwa Racquet Privé (ex Anwa Tennis Club),10523,Mahjong 1,2026-09-23,09:00 - 10:00,200000,Available
1628_10523_10:00,1628,Anwa Racquet Privé (ex Anwa Tennis Club),10523,Mahjong 1,2026-09-23,10:00 - 11:00,200000,Available
1628_10523_11:00,1628,Anwa Racquet Privé (ex Anwa Tennis Club),10523,Mahjong 1,2026-09-23,11:00 - 12:00,200000,Available
1628_10524_08:00,1628,Anwa Racquet Privé (ex Anwa Tennis Club),10524,Mahjong 2,2026-09-23,08:00 - 09:00,200000,Available
1628_10524_09:00,1628,Anwa Racquet Privé (ex Anwa Tennis Club),10524,Mahjong 2,2026-09-23,09:00 - 10:00,200000,Available
1628_10524_10:00,1628,Anwa Racquet Privé (ex Anwa Tennis Club),10524,Mahjong 2,2026-09-23,10:00 - 11:00,200000,Available
1628_10524_11:00,1628,Anwa Racquet Privé (ex Anwa Tennis Club),10524,Mahjong 2,2026-09-23,11:00 - 12:00,200000,Available
1628_10525_08:00,1628,Anwa Racquet Privé (ex Anwa Tennis Club),10525,Mahjong 3,2026-09-23,08:00 - 09:00,200000,Available
1628_10525_09:00,1628,Anwa Racquet Privé (ex Anwa Tennis Club),10525,Mahjong 3,2026-09-23,09:00 - 10:00,200000,Available
1628_10525_10:00,1628,Anwa Racquet Privé (ex Anwa Tennis Club),10525,Mahjong 3,2026-09-23,10:00 - 11:00,200000,Available
1628_10525_11:00,1628,Anwa Racquet Privé (ex Anwa Tennis Club),10525,Mahjong 3,2026-09-23,11:00 - 12:00,200000,Available
1628_10526_08:00,1628,Anwa Racquet Privé (ex Anwa Tennis Club),10526,Mahjong 4,2026-09-23,08:00 - 09:00,200000,Available
1628_10526_09:00,1628,Anwa Racquet Privé (ex Anwa Tennis Club),10526,Mahjong 4,2026-09-23,09:00 - 10:00,200000,Available
1628_10526_10:00,1628,Anwa Racquet Privé (ex Anwa Tennis Club),10526,Mahjong 4,2026-09-23,10:00 - 11:00,200000,Available
1628_10526_11:00,1628,Anwa Racquet Privé (ex Anwa Tennis Club),10526,Mahjong 4,2026-09-23,11:00 - 12:00,200000,Available
1628_3306_08:00,1628,Anwa Racquet Privé (ex Anwa Tennis Club),3306,Love,2026-09-23,08:00 - 09:00,275000,Booked
1628_3306_09:00,1628,Anwa Racquet Privé (ex Anwa Tennis Club),3306,Love,2026-09-23,09:00 - 10:00,275000,Booked
1628_3306_10:00,1628,Anwa Racquet Privé (ex Anwa Tennis Club),3306,Love,2026-09-23,10:00 - 11:00,275000,Booked
1628_3306_11:00,1628,Anwa Racquet Privé (ex Anwa Tennis Club),3306,Love,2026-09-23,11:00 - 12:00,275000,Available
1628_3308_08:00,1628,Anwa Racquet Privé (ex Anwa Tennis Club),3308,Hope,2026-09-23,08:00 - 09:00,275000,Booked
1628_3308_09:00,1628,Anwa Racquet Privé (ex Anwa Tennis Club),3308,Hope,2026-09-23,09:00 - 10:00,275000,Booked
1628_3308_10:00,1628,Anwa Racquet Privé (ex Anwa Tennis Club),3308,Hope,2026-09-23,10:00 - 11:00,275000,Available
1628_3308_11:00,1628,Anwa Racquet Privé (ex Anwa Tennis Club),3308,Hope,2026-09-23,11:00 - 12:00,275000,Booked
1628_3307_08:00,1628,Anwa Racquet Privé (ex Anwa Tennis Club),3307,Faith,2026-09-23,08:00 - 09:00,275000,Booked
1628_3307_09:00,1628,Anwa Racquet Privé (ex Anwa Tennis Club),3307,Faith,2026-09-23,09:00 - 10:00,275000,Booked
1628_3307_10:00,1628,Anwa Racquet Privé (ex Anwa Tennis Club),3307,Faith,2026-09-23,10:00 - 11:00,275000,Booked
1628_3307_11:00,1628,Anwa Racquet Privé (ex Anwa Tennis Club),3307,Faith,2026-09-23,11:00 - 12:00,275000,Available
1628_12588_08:00,1628,Anwa Racquet Privé (ex Anwa Tennis Club),12588,Mini Soccer,2026-09-23,08:00 - 10:00,1200000,Booked
1628_12588_10:00,1628,Anwa Racquet Privé (ex Anwa Tennis Club),12588,Mini Soccer,2026-09-23,10:00 - 12:00,1000000,Booked
3064_7631_08:00,3064,Country Club | Padel & Lounge,7631,Court 1,2026-09-23,08:00 - 09:00,200000,Available
3064_7631_09:00,3064,Country Club | Padel & Lounge,7631,Court 1,2026-09-23,09:00 - 10:00,200000,Booked
3064_7631_10:00,3064,Country Club | Padel & Lounge,7631,Court 1,2026-09-23,10:00 - 11:00,200000,Booked
3064_7631_11:00,3064,Country Club | Padel & Lounge,7631,Court 1,2026-09-23,11:00 - 12:00,200000,Available
3064_7706_08:00,3064,Country Club | Padel & Lounge,7706,Court 2,2026-09-23,08:00 - 09:00,200000,Available
3064_7706_09:00,3064,Country Club | Padel & Lounge,7706,Court 2,2026-09-23,09:00 - 10:00,200000,Booked
3064_7706_10:00,3064,Country Club | Padel & Lounge,7706,Court 2,2026-09-23,10:00 - 11:00,200000,Booked
3064_7706_11:00,3064,Country Club | Padel & Lounge,7706,Court 2,2026-09-23,11:00 - 12:00,200000,Available
1922_4080_08:00,1922,Kobana Padel,4080,Court 1,2026-09-23,08:00 - 09:00,200000,Available
1922_4080_09:00,1922,Kobana Padel,4080,Court 1,2026-09-23,09:00 - 10:00,200000,Available
1922_4080_10:00,1922,Kobana Padel,4080,Court 1,2026-09-23,10:00 - 11:00,200000,Available
1922_4080_11:00,1922,Kobana Padel,4080,Court 1,2026-09-23,11:00 - 12:00,200000,Available
1922_4272_08:00,1922,Kobana Padel,4272,Court 2,2026-09-23,08:00 - 09:00,200000,Available
1922_4272_09:00,1922,Kobana Padel,4272,Court 2,2026-09-23,09:00 - 10:00,200000,Available
1922_4272_10:00,1922,Kobana Padel,4272,Court 2,2026-09-23,10:00 - 11:00,200000,Available
1922_4272_11:00,1922,Kobana Padel,4272,Court 2,2026-09-23,11:00 - 12:00,200000,Available
1922_4273_08:00,1922,Kobana Padel,4273,Court 3,2026-09-23,08:00 - 09:00,200000,Available
1922_4273_09:00,1922,Kobana Padel,4273,Court 3,2026-09-23,09:00 - 10:00,200000,Available
1922_4273_10:00,1922,Kobana Padel,4273,Court 3,2026-09-23,10:00 - 11:00,200000,Available
1922_4273_11:00,1922,Kobana Padel,4273,Court 3,2026-09-23,11:00 - 12:00,200000,Available
1300_2682_08:00,1300,The Citadel,2682,Court 1 - Purple,2026-09-23,08:00 - 09:00,195000,Available
1300_2682_09:00,1300,The Citadel,2682,Court 1 - Purple,2026-09-23,09:00 - 10:00,195000,Available
1300_2682_10:00,1300,The Citadel,2682,Court 1 - Purple,2026-09-23,10:00 - 11:00,195000,Available
1300_2682_11:00,1300,The Citadel,2682,Court 1 - Purple,2026-09-23,11:00 - 12:00,195000,Available
1300_7171_08:00,1300,The Citadel,7171,Court 2,2026-09-23,08:00 - 09:00,195000,Available
1300_7171_09:00,1300,The Citadel,7171,Court 2,2026-09-23,09:00 - 10:00,195000,Available
1300_7171_10:00,1300,The Citadel,7171,Court 2,2026-09-23,10:00 - 11:00,195000,Available
1300_7171_11:00,1300,The Citadel,7171,Court 2,2026-09-23,11:00 - 12:00,195000,Available
1300_7172_08:00,1300,The Citadel,7172,Court 3,2026-09-23,08:00 - 09:00,195000,Available
1300_7172_09:00,1300,The Citadel,7172,Court 3,2026-09-23,09:00 - 10:00,195000,Booked
1300_7172_10:00,1300,The Citadel,7172,Court 3,2026-09-23,10:00 - 11:00,195000,Booked
1300_7172_11:00,1300,The Citadel,7172,Court 3,2026-09-23,11:00 - 12:00,195000,Available
1300_7173_08:00,1300,The Citadel,7173,Court 4,2026-09-23,08:00 - 09:00,195000,Available
1300_7173_09:00,1300,The Citadel,7173,Court 4,2026-09-23,09:00 - 10:00,195000,Booked
1300_7173_10:00,1300,The Citadel,7173,Court 4,2026-09-23,10:00 - 11:00,195000,Booked
1300_7173_11:00,1300,The Citadel,7173,Court 4,2026-09-23,11:00 - 12:00,195000,Available
1300_11427_08:00,1300,The Citadel,11427,Court A,2026-09-23,08:00 - 09:00,275000,Booked
1300_11427_09:00,1300,The Citadel,11427,Court A,2026-09-23,09:00 - 10:00,275000,Available
1300_11427_10:00,1300,The Citadel,11427,Court A,2026-09-23,10:00 - 11:00,275000,Available
1300_11427_11:00,1300,The Citadel,11427,Court A,2026-09-23,11:00 - 12:00,275000,Booked
1300_11428_08:00,1300,The Citadel,11428,Court B,2026-09-23,08:00 - 09:00,275000,Booked
1300_11428_09:00,1300,The Citadel,11428,Court B,2026-09-23,09:00 - 10:00,275000,Booked
1300_11428_10:00,1300,The Citadel,11428,Court B,2026-09-23,10:00 - 11:00,275000,Available
1300_11428_11:00,1300,The Citadel,11428,Court B,2026-09-23,11:00 - 12:00,275000,Booked
2519_5434_08:00,2519,Hachi Padel Puri Indah Jakarta,5434,Court 1,2026-09-23,08:00 - 09:00,288000,Available
2519_5434_09:00,2519,Hachi Padel Puri Indah Jakarta,5434,Court 1,2026-09-23,09:00 - 10:00,288000,Available
2519_5434_10:00,2519,Hachi Padel Puri Indah Jakarta,5434,Court 1,2026-09-23,10:00 - 11:00,288000,Available
2519_5434_11:00,2519,Hachi Padel Puri Indah Jakarta,5434,Court 1,2026-09-23,11:00 - 12:00,288000,Available
2519_5435_08:00,2519,Hachi Padel Puri Indah Jakarta,5435,Court 2,2026-09-23,08:00 - 09:00,288000,Booked
2519_5435_09:00,2519,Hachi Padel Puri Indah Jakarta,5435,Court 2,2026-09-23,09:00 - 10:00,288000,Booked
2519_5435_10:00,2519,Hachi Padel Puri Indah Jakarta,5435,Court 2,2026-09-23,10:00 - 11:00,288000,Booked
2519_5435_11:00,2519,Hachi Padel Puri Indah Jakarta,5435,Court 2,2026-09-23,11:00 - 12:00,288000,Available
2519_5436_08:00,2519,Hachi Padel Puri Indah Jakarta,5436,Court 3,2026-09-23,08:00 - 09:00,288000,Available
2519_5436_09:00,2519,Hachi Padel Puri Indah Jakarta,5436,Court 3,2026-09-23,09:00 - 10:00,288000,Booked
2519_5436_10:00,2519,Hachi Padel Puri Indah Jakarta,5436,Court 3,2026-09-23,10:00 - 11:00,288000,Booked
2519_5436_11:00,2519,Hachi Padel Puri Indah Jakarta,5436,Court 3,2026-09-23,11:00 - 12:00,288000,Available
2519_5437_08:00,2519,Hachi Padel Puri Indah Jakarta,5437,Court 4,2026-09-23,08:00 - 09:00,288000,Available
2519_5437_09:00,2519,Hachi Padel Puri Indah Jakarta,5437,Court 4,2026-09-23,09:00 - 10:00,288000,Available
2519_5437_10:00,2519,Hachi Padel Puri Indah Jakarta,5437,Court 4,2026-09-23,10:00 - 11:00,288000,Available
2519_5437_11:00,2519,Hachi Padel Puri Indah Jakarta,5437,Court 4,2026-09-23,11:00 - 12:00,288000,Available
3139_7379_08:00,3139,PIPC - Play In Padel Collective - Srengseng,7379,Court 1,2026-09-23,08:00 - 09:00,99000,Booked
3139_7379_09:00,3139,PIPC - Play In Padel Collective - Srengseng,7379,Court 1,2026-09-23,09:00 - 10:00,99000,Booked
3139_7379_10:00,3139,PIPC - Play In Padel Collective - Srengseng,7379,Court 1,2026-09-23,10:00 - 11:00,99000,Booked
3139_7379_11:00,3139,PIPC - Play In Padel Collective - Srengseng,7379,Court 1,2026-09-23,11:00 - 12:00,99000,Available
3139_7380_08:00,3139,PIPC - Play In Padel Collective - Srengseng,7380,Court 2,2026-09-23,08:00 - 09:00,99000,Available
3139_7380_09:00,3139,PIPC - Play In Padel Collective - Srengseng,7380,Court 2,2026-09-23,09:00 - 10:00,99000,Booked
3139_7380_10:00,3139,PIPC - Play In Padel Collective - Srengseng,7380,Court 2,2026-09-23,10:00 - 11:00,99000,Booked
3139_7380_11:00,3139,PIPC - Play In Padel Collective - Srengseng,7380,Court 2,2026-09-23,11:00 - 12:00,99000,Available
3139_7381_08:00,3139,PIPC - Play In Padel Collective - Srengseng,7381,Court 3,2026-09-23,08:00 - 09:00,99000,Available
3139_7381_09:00,3139,PIPC - Play In Padel Collective - Srengseng,7381,Court 3,2026-09-23,09:00 - 10:00,99000,Booked
3139_7381_10:00,3139,PIPC - Play In Padel Collective - Srengseng,7381,Court 3,2026-09-23,10:00 - 11:00,99000,Booked
3139_7381_11:00,3139,PIPC - Play In Padel Collective - Srengseng,7381,Court 3,2026-09-23,11:00 - 12:00,99000,Available
3139_7382_08:00,3139,PIPC - Play In Padel Collective - Srengseng,7382,Court 4,2026-09-23,08:00 - 09:00,99000,Available
3139_7382_09:00,3139,PIPC - Play In Padel Collective - Srengseng,7382,Court 4,2026-09-23,09:00 - 10:00,99000,Booked
3139_7382_10:00,3139,PIPC - Play In Padel Collective - Srengseng,7382,Court 4,2026-09-23,10:00 - 11:00,99000,Booked
3139_7382_11:00,3139,PIPC - Play In Padel Collective - Srengseng,7382,Court 4,2026-09-23,11:00 - 12:00,99000,Available
3139_7383_08:00,3139,PIPC - Play In Padel Collective - Srengseng,7383,Court 5,2026-09-23,08:00 - 09:00,99000,Available
3139_7383_09:00,3139,PIPC - Play In Padel Collective - Srengseng,7383,Court 5,2026-09-23,09:00 - 10:00,99000,Available
3139_7383_10:00,3139,PIPC - Play In Padel Collective - Srengseng,7383,Court 5,2026-09-23,10:00 - 11:00,99000,Available
3139_7383_11:00,3139,PIPC - Play In Padel Collective - Srengseng,7383,Court 5,2026-09-23,11:00 - 12:00,99000,Booked
3139_7384_08:00,3139,PIPC - Play In Padel Collective - Srengseng,7384,Court 6,2026-09-23,08:00 - 09:00,99000,Available
3139_7384_09:00,3139,PIPC - Play In Padel Collective - Srengseng,7384,Court 6,2026-09-23,09:00 - 10:00,99000,Booked
3139_7384_10:00,3139,PIPC - Play In Padel Collective - Srengseng,7384,Court 6,2026-09-23,10:00 - 11:00,99000,Booked
3139_7384_11:00,3139,PIPC - Play In Padel Collective - Srengseng,7384,Court 6,2026-09-23,11:00 - 12:00,99000,Available
4103_10155_08:00,4103,Golcindo Padel Club,10155,Court 1,2026-09-23,08:00 - 09:00,99000,Available
4103_10155_09:00,4103,Golcindo Padel Club,10155,Court 1,2026-09-23,09:00 - 10:00,99000,Available
4103_10155_10:00,4103,Golcindo Padel Club,10155,Court 1,2026-09-23,10:00 - 11:00,99000,Available
4103_10155_11:00,4103,Golcindo Padel Club,10155,Court 1,2026-09-23,11:00 - 12:00,59000,Available
4103_10156_08:00,4103,Golcindo Padel Club,10156,Court 2,2026-09-23,08:00 - 09:00,99000,Available
4103_10156_09:00,4103,Golcindo Padel Club,10156,Court 2,2026-09-23,09:00 - 10:00,99000,Available
4103_10156_10:00,4103,Golcindo Padel Club,10156,Court 2,2026-09-23,10:00 - 11:00,99000,Available
4103_10156_11:00,4103,Golcindo Padel Club,10156,Court 2,2026-09-23,11:00 - 12:00,59000,Available
1155_2027_08:00,1155,Homeground Padel Premiere Kedoya,2027,Court A,2026-09-23,08:00 - 09:00,250000,Available
1155_2027_09:00,1155,Homeground Padel Premiere Kedoya,2027,Court A,2026-09-23,09:00 - 10:00,250000,Booked
1155_2027_10:00,1155,Homeground Padel Premiere Kedoya,2027,Court A,2026-09-23,10:00 - 11:00,150000,Available
1155_2027_11:00,1155,Homeground Padel Premiere Kedoya,2027,Court A,2026-09-23,11:00 - 12:00,150000,Available
1155_2028_08:00,1155,Homeground Padel Premiere Kedoya,2028,Court B,2026-09-23,08:00 - 09:00,250000,Available
1155_2028_09:00,1155,Homeground Padel Premiere Kedoya,2028,Court B,2026-09-23,09:00 - 10:00,250000,Available
1155_2028_10:00,1155,Homeground Padel Premiere Kedoya,2028,Court B,2026-09-23,10:00 - 11:00,150000,Available
1155_2028_11:00,1155,Homeground Padel Premiere Kedoya,2028,Court B,2026-09-23,11:00 - 12:00,150000,Available
1252_2257_08:00,1252,Padel One Club,2257,Court A,2026-09-23,08:00 - 09:00,225000,Available
1252_2257_09:00,1252,Padel One Club,2257,Court A,2026-09-23,09:00 - 10:00,225000,Available
1252_2257_10:00,1252,Padel One Club,2257,Court A,2026-09-23,10:00 - 11:00,225000,Available
1252_2257_11:00,1252,Padel One Club,2257,Court A,2026-09-23,11:00 - 12:00,225000,Available
1252_2259_08:00,1252,Padel One Club,2259,Court B,2026-09-23,08:00 - 09:00,225000,Available
1252_2259_09:00,1252,Padel One Club,2259,Court B,2026-09-23,09:00 - 10:00,225000,Available
1252_2259_10:00,1252,Padel One Club,2259,Court B,2026-09-23,10:00 - 11:00,225000,Available
1252_2259_11:00,1252,Padel One Club,2259,Court B,2026-09-23,11:00 - 12:00,225000,Available
1252_2260_08:00,1252,Padel One Club,2260,Court C,2026-09-23,08:00 - 09:00,225000,Booked
1252_2260_09:00,1252,Padel One Club,2260,Court C,2026-09-23,09:00 - 10:00,225000,Available
1252_2260_10:00,1252,Padel One Club,2260,Court C,2026-09-23,10:00 - 11:00,225000,Available
1252_2260_11:00,1252,Padel One Club,2260,Court C,2026-09-23,11:00 - 12:00,225000,Available
1252_2261_08:00,1252,Padel One Club,2261,Court D,2026-09-23,08:00 - 09:00,225000,Available
1252_2261_09:00,1252,Padel One Club,2261,Court D,2026-09-23,09:00 - 10:00,225000,Available
1252_2261_10:00,1252,Padel One Club,2261,Court D,2026-09-23,10:00 - 11:00,225000,Available
1252_2261_11:00,1252,Padel One Club,2261,Court D,2026-09-23,11:00 - 12:00,225000,Available
3854_10231_08:00,3854,Malta Padel Club,10231,Court 1,2026-09-23,08:00 - 09:00,150000,Available
3854_10231_09:00,3854,Malta Padel Club,10231,Court 1,2026-09-23,09:00 - 10:00,150000,Available
3854_10231_10:00,3854,Malta Padel Club,10231,Court 1,2026-09-23,10:00 - 11:00,150000,Available
3854_10231_11:00,3854,Malta Padel Club,10231,Court 1,2026-09-23,11:00 - 12:00,150000,Available
3854_10232_08:00,3854,Malta Padel Club,10232,Court 2,2026-09-23,08:00 - 09:00,150000,Available
3854_10232_09:00,3854,Malta Padel Club,10232,Court 2,2026-09-23,09:00 - 10:00,150000,Available
3854_10232_10:00,3854,Malta Padel Club,10232,Court 2,2026-09-23,10:00 - 11:00,150000,Available
3854_10232_11:00,3854,Malta Padel Club,10232,Court 2,2026-09-23,11:00 - 12:00,150000,Available
3854_10233_08:00,3854,Malta Padel Club,10233,Court 3,2026-09-23,08:00 - 09:00,150000,Booked
3854_10233_09:00,3854,Malta Padel Club,10233,Court 3,2026-09-23,09:00 - 10:00,150000,Booked
3854_10233_10:00,3854,Malta Padel Club,10233,Court 3,2026-09-23,10:00 - 11:00,150000,Booked
3854_10233_11:00,3854,Malta Padel Club,10233,Court 3,2026-09-23,11:00 - 12:00,150000,Booked
3854_9463_08:00,3854,Malta Padel Club,9463,Centre Court,2026-09-23,08:00 - 09:00,150000,Available
3854_9463_09:00,3854,Malta Padel Club,9463,Centre Court,2026-09-23,09:00 - 10:00,150000,Available
3854_9463_10:00,3854,Malta Padel Club,9463,Centre Court,2026-09-23,10:00 - 11:00,150000,Booked
3854_9463_11:00,3854,Malta Padel Club,9463,Centre Court,2026-09-23,11:00 - 12:00,150000,Booked
3854_10234_08:00,3854,Malta Padel Club,10234,Court 5,2026-09-23,08:00 - 09:00,150000,Available
3854_10234_09:00,3854,Malta Padel Club,10234,Court 5,2026-09-23,09:00 - 10:00,150000,Available
3854_10234_10:00,3854,Malta Padel Club,10234,Court 5,2026-09-23,10:00 - 11:00,150000,Available
3854_10234_11:00,3854,Malta Padel Club,10234,Court 5,2026-09-23,11:00 - 12:00,150000,Available
2792_6416_08:00,2792,Donkey Padel,6416,Court 1,2026-09-23,08:00 - 09:00,99000,Available
2792_6416_09:00,2792,Donkey Padel,6416,Court 1,2026-09-23,09:00 - 10:00,99000,Available
2792_6416_10:00,2792,Donkey Padel,6416,Court 1,2026-09-23,10:00 - 11:00,99000,Available
2792_6416_11:00,2792,Donkey Padel,6416,Court 1,2026-09-23,11:00 - 12:00,99000,Available
2792_6439_08:00,2792,Donkey Padel,6439,Court 2,2026-09-23,08:00 - 09:00,99000,Available
2792_6439_09:00,2792,Donkey Padel,6439,Court 2,2026-09-23,09:00 - 10:00,99000,Available
2792_6439_10:00,2792,Donkey Padel,6439,Court 2,2026-09-23,10:00 - 11:00,99000,Available
2792_6439_11:00,2792,Donkey Padel,6439,Court 2,2026-09-23,11:00 - 12:00,99000,Available
2870_6534_08:00,2870,Ace Padel Club (APC) - Jalan Panjang Kedoya,6534,Court 1 - Jenius,2026-09-23,08:00 - 09:00,220000,Booked
2870_6534_09:00,2870,Ace Padel Club (APC) - Jalan Panjang Kedoya,6534,Court 1 - Jenius,2026-09-23,09:00 - 10:00,220000,Booked
2870_6534_10:00,2870,Ace Padel Club (APC) - Jalan Panjang Kedoya,6534,Court 1 - Jenius,2026-09-23,10:00 - 11:00,220000,Booked
2870_6534_11:00,2870,Ace Padel Club (APC) - Jalan Panjang Kedoya,6534,Court 1 - Jenius,2026-09-23,11:00 - 12:00,220000,Booked
2870_6573_08:00,2870,Ace Padel Club (APC) - Jalan Panjang Kedoya,6573,Court 2,2026-09-23,08:00 - 09:00,220000,Available
2870_6573_09:00,2870,Ace Padel Club (APC) - Jalan Panjang Kedoya,6573,Court 2,2026-09-23,09:00 - 10:00,220000,Booked
2870_6573_10:00,2870,Ace Padel Club (APC) - Jalan Panjang Kedoya,6573,Court 2,2026-09-23,10:00 - 11:00,220000,Booked
2870_6573_11:00,2870,Ace Padel Club (APC) - Jalan Panjang Kedoya,6573,Court 2,2026-09-23,11:00 - 12:00,220000,Available
2870_6574_08:00,2870,Ace Padel Club (APC) - Jalan Panjang Kedoya,6574,Court 3,2026-09-23,08:00 - 09:00,220000,Available
2870_6574_09:00,2870,Ace Padel Club (APC) - Jalan Panjang Kedoya,6574,Court 3,2026-09-23,09:00 - 10:00,220000,Booked
2870_6574_10:00,2870,Ace Padel Club (APC) - Jalan Panjang Kedoya,6574,Court 3,2026-09-23,10:00 - 11:00,220000,Available
2870_6574_11:00,2870,Ace Padel Club (APC) - Jalan Panjang Kedoya,6574,Court 3,2026-09-23,11:00 - 12:00,220000,Available
2870_6575_08:00,2870,Ace Padel Club (APC) - Jalan Panjang Kedoya,6575,Court 4,2026-09-23,08:00 - 09:00,220000,Booked
2870_6575_09:00,2870,Ace Padel Club (APC) - Jalan Panjang Kedoya,6575,Court 4,2026-09-23,09:00 - 10:00,220000,Available
2870_6575_10:00,2870,Ace Padel Club (APC) - Jalan Panjang Kedoya,6575,Court 4,2026-09-23,10:00 - 11:00,220000,Available
2870_6575_11:00,2870,Ace Padel Club (APC) - Jalan Panjang Kedoya,6575,Court 4,2026-09-23,11:00 - 12:00,220000,Available
2870_6576_08:00,2870,Ace Padel Club (APC) - Jalan Panjang Kedoya,6576,Court 5,2026-09-23,08:00 - 09:00,220000,Available
2870_6576_09:00,2870,Ace Padel Club (APC) - Jalan Panjang Kedoya,6576,Court 5,2026-09-23,09:00 - 10:00,220000,Available
2870_6576_10:00,2870,Ace Padel Club (APC) - Jalan Panjang Kedoya,6576,Court 5,2026-09-23,10:00 - 11:00,220000,Available
2870_6576_11:00,2870,Ace Padel Club (APC) - Jalan Panjang Kedoya,6576,Court 5,2026-09-23,11:00 - 12:00,220000,Available
2870_6539_08:00,2870,Ace Padel Club (APC) - Jalan Panjang Kedoya,6539,Private Recovery,2026-09-23,08:00 - 09:00,100000,Available
2870_6539_09:00,2870,Ace Padel Club (APC) - Jalan Panjang Kedoya,6539,Private Recovery,2026-09-23,09:00 - 10:00,100000,Booked
2870_6539_10:00,2870,Ace Padel Club (APC) - Jalan Panjang Kedoya,6539,Private Recovery,2026-09-23,10:00 - 11:00,100000,Booked
2870_6539_11:00,2870,Ace Padel Club (APC) - Jalan Panjang Kedoya,6539,Private Recovery,2026-09-23,11:00 - 12:00,100000,Booked
2617_6948_08:00,2617,JC Padel Kedoya,6948,Purple Court,2026-09-23,08:00 - 09:00,140000,Booked
2617_6948_09:00,2617,JC Padel Kedoya,6948,Purple Court,2026-09-23,09:00 - 10:00,140000,Booked
2617_6948_10:00,2617,JC Padel Kedoya,6948,Purple Court,2026-09-23,10:00 - 11:00,140000,Available
2617_6948_11:00,2617,JC Padel Kedoya,6948,Purple Court,2026-09-23,11:00 - 12:00,140000,Available
2617_6949_08:00,2617,JC Padel Kedoya,6949,Blue Court,2026-09-23,08:00 - 09:00,140000,Booked
2617_6949_09:00,2617,JC Padel Kedoya,6949,Blue Court,2026-09-23,09:00 - 10:00,140000,Booked
2617_6949_10:00,2617,JC Padel Kedoya,6949,Blue Court,2026-09-23,10:00 - 11:00,140000,Available
2617_6949_11:00,2617,JC Padel Kedoya,6949,Blue Court,2026-09-23,11:00 - 12:00,140000,Available
4519_11488_08:00,4519,SERA COMMUNITY CLUB,11488,Court 1 - Sera Community Club,2026-09-23,08:00 - 09:00,165000,Available
4519_11488_09:00,4519,SERA COMMUNITY CLUB,11488,Court 1 - Sera Community Club,2026-09-23,09:00 - 10:00,165000,Available
4519_11488_10:00,4519,SERA COMMUNITY CLUB,11488,Court 1 - Sera Community Club,2026-09-23,10:00 - 11:00,165000,Available
4519_11488_11:00,4519,SERA COMMUNITY CLUB,11488,Court 1 - Sera Community Club,2026-09-23,11:00 - 12:00,165000,Available
4519_11580_08:00,4519,SERA COMMUNITY CLUB,11580,Court 2 - Sera Community Club,2026-09-23,08:00 - 09:00,165000,Available
4519_11580_09:00,4519,SERA COMMUNITY CLUB,11580,Court 2 - Sera Community Club,2026-09-23,09:00 - 10:00,165000,Available
4519_11580_10:00,4519,SERA COMMUNITY CLUB,11580,Court 2 - Sera Community Club,2026-09-23,10:00 - 11:00,165000,Available
4519_11580_11:00,4519,SERA COMMUNITY CLUB,11580,Court 2 - Sera Community Club,2026-09-23,11:00 - 12:00,165000,Available
1678_4890_08:00,1678,Padel Spot,4890,Court 1,2026-09-23,08:00 - 09:00,150000,Booked
1678_4890_09:00,1678,Padel Spot,4890,Court 1,2026-09-23,09:00 - 10:00,150000,Booked
1678_4890_10:00,1678,Padel Spot,4890,Court 1,2026-09-23,10:00 - 11:00,150000,Available
1678_4890_11:00,1678,Padel Spot,4890,Court 1,2026-09-23,11:00 - 12:00,150000,Available
1678_9151_08:00,1678,Padel Spot,9151,Court 2,2026-09-23,08:00 - 09:00,150000,Available
1678_9151_09:00,1678,Padel Spot,9151,Court 2,2026-09-23,09:00 - 10:00,150000,Booked
1678_9151_10:00,1678,Padel Spot,9151,Court 2,2026-09-23,10:00 - 11:00,150000,Booked
1678_9151_11:00,1678,Padel Spot,9151,Court 2,2026-09-23,11:00 - 12:00,150000,Available
1678_9179_08:00,1678,Padel Spot,9179,Court 3,2026-09-23,08:00 - 09:00,150000,Available
1678_9179_09:00,1678,Padel Spot,9179,Court 3,2026-09-23,09:00 - 10:00,150000,Booked
1678_9179_10:00,1678,Padel Spot,9179,Court 3,2026-09-23,10:00 - 11:00,150000,Booked
1678_9179_11:00,1678,Padel Spot,9179,Court 3,2026-09-23,11:00 - 12:00,150000,Booked
1678_9180_08:00,1678,Padel Spot,9180,Court 4,2026-09-23,08:00 - 09:00,150000,Booked
1678_9180_09:00,1678,Padel Spot,9180,Court 4,2026-09-23,09:00 - 10:00,150000,Booked
1678_9180_10:00,1678,Padel Spot,9180,Court 4,2026-09-23,10:00 - 11:00,150000,Available
1678_9180_11:00,1678,Padel Spot,9180,Court 4,2026-09-23,11:00 - 12:00,150000,Available
1678_9181_08:00,1678,Padel Spot,9181,Court 5,2026-09-23,08:00 - 09:00,150000,Available
1678_9181_09:00,1678,Padel Spot,9181,Court 5,2026-09-23,09:00 - 10:00,150000,Booked
1678_9181_10:00,1678,Padel Spot,9181,Court 5,2026-09-23,10:00 - 11:00,150000,Booked
1678_9181_11:00,1678,Padel Spot,9181,Court 5,2026-09-23,11:00 - 12:00,150000,Available
1678_9182_08:00,1678,Padel Spot,9182,Court 6,2026-09-23,08:00 - 09:00,150000,Available
1678_9182_09:00,1678,Padel Spot,9182,Court 6,2026-09-23,09:00 - 10:00,150000,Booked
1678_9182_10:00,1678,Padel Spot,9182,Court 6,2026-09-23,10:00 - 11:00,150000,Booked
1678_9182_11:00,1678,Padel Spot,9182,Court 6,2026-09-23,11:00 - 12:00,150000,Available
1982_4103_08:00,1982,Glass House Padel,4103,Court 1,2026-09-23,08:00 - 09:00,149000,Available
1982_4103_09:00,1982,Glass House Padel,4103,Court 1,2026-09-23,09:00 - 10:00,149000,Booked
1982_4103_10:00,1982,Glass House Padel,4103,Court 1,2026-09-23,10:00 - 11:00,149000,Booked
1982_4103_11:00,1982,Glass House Padel,4103,Court 1,2026-09-23,11:00 - 12:00,149000,Available
1982_5447_08:00,1982,Glass House Padel,5447,Court 2,2026-09-23,08:00 - 09:00,149000,Available
1982_5447_09:00,1982,Glass House Padel,5447,Court 2,2026-09-23,09:00 - 10:00,149000,Booked
1982_5447_10:00,1982,Glass House Padel,5447,Court 2,2026-09-23,10:00 - 11:00,149000,Booked
1982_5447_11:00,1982,Glass House Padel,5447,Court 2,2026-09-23,11:00 - 12:00,149000,Available
1982_11671_08:00,1982,Glass House Padel,11671,Mahjong KONG,2026-09-23,08:00 - 09:00,90000,Available
1982_11671_09:00,1982,Glass House Padel,11671,Mahjong KONG,2026-09-23,09:00 - 10:00,90000,Available
1982_11671_10:00,1982,Glass House Padel,11671,Mahjong KONG,2026-09-23,10:00 - 11:00,90000,Available
1982_11671_11:00,1982,Glass House Padel,11671,Mahjong KONG,2026-09-23,11:00 - 12:00,90000,Available
1982_12777_08:00,1982,Glass House Padel,12777,Mahjong PONG,2026-09-23,08:00 - 09:00,90000,Available
1982_12777_09:00,1982,Glass House Padel,12777,Mahjong PONG,2026-09-23,09:00 - 10:00,90000,Available
1982_12777_10:00,1982,Glass House Padel,12777,Mahjong PONG,2026-09-23,10:00 - 11:00,90000,Available
1982_12777_11:00,1982,Glass House Padel,12777,Mahjong PONG,2026-09-23,11:00 - 12:00,90000,Available
614_935_08:00,614,Homeground Padel Kedoya,935,Court 1 Outdoor,2026-09-23,08:00 - 09:00,125000,Available
614_935_09:00,614,Homeground Padel Kedoya,935,Court 1 Outdoor,2026-09-23,09:00 - 10:00,125000,Available
614_935_10:00,614,Homeground Padel Kedoya,935,Court 1 Outdoor,2026-09-23,10:00 - 11:00,99000,Available
614_935_11:00,614,Homeground Padel Kedoya,935,Court 1 Outdoor,2026-09-23,11:00 - 12:00,99000,Available
614_936_08:00,614,Homeground Padel Kedoya,936,Court 2 Roof,2026-09-23,08:00 - 09:00,200000,Booked
614_936_09:00,614,Homeground Padel Kedoya,936,Court 2 Roof,2026-09-23,09:00 - 10:00,200000,Available
614_936_10:00,614,Homeground Padel Kedoya,936,Court 2 Roof,2026-09-23,10:00 - 11:00,99000,Available
614_936_11:00,614,Homeground Padel Kedoya,936,Court 2 Roof,2026-09-23,11:00 - 12:00,99000,Available
614_937_08:00,614,Homeground Padel Kedoya,937,Court 3 Roof,2026-09-23,08:00 - 09:00,200000,Available
614_937_09:00,614,Homeground Padel Kedoya,937,Court 3 Roof,2026-09-23,09:00 - 10:00,200000,Available
614_937_10:00,614,Homeground Padel Kedoya,937,Court 3 Roof,2026-09-23,10:00 - 11:00,99000,Available
614_937_11:00,614,Homeground Padel Kedoya,937,Court 3 Roof,2026-09-23,11:00 - 12:00,99000,Available
614_938_08:00,614,Homeground Padel Kedoya,938,Court 4 Roof,2026-09-23,08:00 - 09:00,200000,Available
614_938_09:00,614,Homeground Padel Kedoya,938,Court 4 Roof,2026-09-23,09:00 - 10:00,200000,Available
614_938_10:00,614,Homeground Padel Kedoya,938,Court 4 Roof,2026-09-23,10:00 - 11:00,99000,Available
614_938_11:00,614,Homeground Padel Kedoya,938,Court 4 Roof,2026-09-23,11:00 - 12:00,99000,Available
1812_3895_08:00,1812,Terra Padel Court,3895,Court A,2026-09-23,08:00 - 09:00,99000,Available
1812_3895_09:00,1812,Terra Padel Court,3895,Court A,2026-09-23,09:00 - 10:00,99000,Available
1812_3895_10:00,1812,Terra Padel Court,3895,Court A,2026-09-23,10:00 - 11:00,99000,Available
1812_3895_11:00,1812,Terra Padel Court,3895,Court A,2026-09-23,11:00 - 12:00,99000,Available
1812_7091_08:00,1812,Terra Padel Court,7091,Court B,2026-09-23,08:00 - 09:00,99000,Available
1812_7091_09:00,1812,Terra Padel Court,7091,Court B,2026-09-23,09:00 - 10:00,99000,Available
1812_7091_10:00,1812,Terra Padel Court,7091,Court B,2026-09-23,10:00 - 11:00,99000,Available
1812_7091_11:00,1812,Terra Padel Court,7091,Court B,2026-09-23,11:00 - 12:00,99000,Available
4044_10194_08:00,4044,De Luz Padel,10194,Court 1,2026-09-23,08:00 - 09:00,125000,Booked
4044_10194_09:00,4044,De Luz Padel,10194,Court 1,2026-09-23,09:00 - 10:00,125000,Available
4044_10194_10:00,4044,De Luz Padel,10194,Court 1,2026-09-23,10:00 - 11:00,125000,Available
4044_10194_11:00,4044,De Luz Padel,10194,Court 1,2026-09-23,11:00 - 12:00,125000,Available
4044_10994_08:00,4044,De Luz Padel,10994,Court 2,2026-09-23,08:00 - 09:00,125000,Booked
4044_10994_09:00,4044,De Luz Padel,10994,Court 2,2026-09-23,09:00 - 10:00,125000,Available
4044_10994_10:00,4044,De Luz Padel,10994,Court 2,2026-09-23,10:00 - 11:00,125000,Available
4044_10994_11:00,4044,De Luz Padel,10994,Court 2,2026-09-23,11:00 - 12:00,125000,Available
4044_10995_08:00,4044,De Luz Padel,10995,Court 3,2026-09-23,08:00 - 09:00,125000,Booked
4044_10995_09:00,4044,De Luz Padel,10995,Court 3,2026-09-23,09:00 - 10:00,125000,Booked
4044_10995_10:00,4044,De Luz Padel,10995,Court 3,2026-09-23,10:00 - 11:00,125000,Booked
4044_10995_11:00,4044,De Luz Padel,10995,Court 3,2026-09-23,11:00 - 12:00,125000,Booked
4044_10996_08:00,4044,De Luz Padel,10996,Court 4,2026-09-23,08:00 - 09:00,125000,Booked
4044_10996_09:00,4044,De Luz Padel,10996,Court 4,2026-09-23,09:00 - 10:00,125000,Booked
4044_10996_10:00,4044,De Luz Padel,10996,Court 4,2026-09-23,10:00 - 11:00,125000,Booked
4044_10996_11:00,4044,De Luz Padel,10996,Court 4,2026-09-23,11:00 - 12:00,125000,Booked
4044_10997_08:00,4044,De Luz Padel,10997,Court 5,2026-09-23,08:00 - 09:00,125000,Booked
4044_10997_09:00,4044,De Luz Padel,10997,Court 5,2026-09-23,09:00 - 10:00,125000,Booked
4044_10997_10:00,4044,De Luz Padel,10997,Court 5,2026-09-23,10:00 - 11:00,125000,Booked
4044_10997_11:00,4044,De Luz Padel,10997,Court 5,2026-09-23,11:00 - 12:00,125000,Booked
4044_10199_08:00,4044,De Luz Padel,10199,VIP Court,2026-09-23,08:00 - 09:00,125000,Booked
4044_10199_09:00,4044,De Luz Padel,10199,VIP Court,2026-09-23,09:00 - 10:00,125000,Booked
4044_10199_10:00,4044,De Luz Padel,10199,VIP Court,2026-09-23,10:00 - 11:00,125000,Booked
4044_10199_11:00,4044,De Luz Padel,10199,VIP Court,2026-09-23,11:00 - 12:00,125000,Booked
4044_10200_08:00,4044,De Luz Padel,10200,Pickleball,2026-09-23,08:00 - 09:00,80000,Available
4044_10200_09:00,4044,De Luz Padel,10200,Pickleball,2026-09-23,09:00 - 10:00,80000,Available
4044_10200_10:00,4044,De Luz Padel,10200,Pickleball,2026-09-23,10:00 - 11:00,80000,Available
4044_10200_11:00,4044,De Luz Padel,10200,Pickleball,2026-09-23,11:00 - 12:00,80000,Available
1262_2281_08:00,1262,EZ Padel Tomang,2281,Court A,2026-09-23,08:00 - 09:00,148000,Available
1262_2281_09:00,1262,EZ Padel Tomang,2281,Court A,2026-09-23,09:00 - 10:00,148000,Available
1262_2281_10:00,1262,EZ Padel Tomang,2281,Court A,2026-09-23,10:00 - 11:00,148000,Booked
1262_2281_11:00,1262,EZ Padel Tomang,2281,Court A,2026-09-23,11:00 - 12:00,148000,Booked
1262_2479_08:00,1262,EZ Padel Tomang,2479,Court B,2026-09-23,08:00 - 09:00,148000,Available
1262_2479_09:00,1262,EZ Padel Tomang,2479,Court B,2026-09-23,09:00 - 10:00,148000,Available
1262_2479_10:00,1262,EZ Padel Tomang,2479,Court B,2026-09-23,10:00 - 11:00,148000,Booked
1262_2479_11:00,1262,EZ Padel Tomang,2479,Court B,2026-09-23,11:00 - 12:00,148000,Booked
1262_2480_08:00,1262,EZ Padel Tomang,2480,Court C,2026-09-23,08:00 - 09:00,148000,Available
1262_2480_09:00,1262,EZ Padel Tomang,2480,Court C,2026-09-23,09:00 - 10:00,148000,Available
1262_2480_10:00,1262,EZ Padel Tomang,2480,Court C,2026-09-23,10:00 - 11:00,148000,Available
1262_2480_11:00,1262,EZ Padel Tomang,2480,Court C,2026-09-23,11:00 - 12:00,148000,Available
1262_2481_08:00,1262,EZ Padel Tomang,2481,Court D,2026-09-23,08:00 - 09:00,148000,Available
1262_2481_09:00,1262,EZ Padel Tomang,2481,Court D,2026-09-23,09:00 - 10:00,148000,Available
1262_2481_10:00,1262,EZ Padel Tomang,2481,Court D,2026-09-23,10:00 - 11:00,148000,Available
1262_2481_11:00,1262,EZ Padel Tomang,2481,Court D,2026-09-23,11:00 - 12:00,148000,Available
1837_3742_08:00,1837,Tinny Padel,3742,COURT VIP Super Panoramic,2026-09-23,08:00 - 09:00,125000,Available
1837_3742_09:00,1837,Tinny Padel,3742,COURT VIP Super Panoramic,2026-09-23,09:00 - 10:00,125000,Available
1837_3742_10:00,1837,Tinny Padel,3742,COURT VIP Super Panoramic,2026-09-23,10:00 - 11:00,125000,Available
1837_3742_11:00,1837,Tinny Padel,3742,COURT VIP Super Panoramic,2026-09-23,11:00 - 12:00,125000,Booked
1214_2221_08:00,1214,Orange Garden Padel Club,2221,Court 1,2026-09-23,08:00 - 09:00,88000,Available
1214_2221_09:00,1214,Orange Garden Padel Club,2221,Court 1,2026-09-23,09:00 - 10:00,88000,Available
1214_2221_10:00,1214,Orange Garden Padel Club,2221,Court 1,2026-09-23,10:00 - 11:00,88000,Available
1214_2221_11:00,1214,Orange Garden Padel Club,2221,Court 1,2026-09-23,11:00 - 12:00,88000,Available
1214_2227_08:00,1214,Orange Garden Padel Club,2227,Court 2,2026-09-23,08:00 - 09:00,88000,Available
1214_2227_09:00,1214,Orange Garden Padel Club,2227,Court 2,2026-09-23,09:00 - 10:00,88000,Available
1214_2227_10:00,1214,Orange Garden Padel Club,2227,Court 2,2026-09-23,10:00 - 11:00,88000,Available
1214_2227_11:00,1214,Orange Garden Padel Club,2227,Court 2,2026-09-23,11:00 - 12:00,88000,Available
1214_2228_08:00,1214,Orange Garden Padel Club,2228,Court 3,2026-09-23,08:00 - 09:00,88000,Available
1214_2228_09:00,1214,Orange Garden Padel Club,2228,Court 3,2026-09-23,09:00 - 10:00,88000,Available
1214_2228_10:00,1214,Orange Garden Padel Club,2228,Court 3,2026-09-23,10:00 - 11:00,88000,Available
1214_2228_11:00,1214,Orange Garden Padel Club,2228,Court 3,2026-09-23,11:00 - 12:00,88000,Available
1214_2229_08:00,1214,Orange Garden Padel Club,2229,Court 4,2026-09-23,08:00 - 09:00,88000,Available
1214_2229_09:00,1214,Orange Garden Padel Club,2229,Court 4,2026-09-23,09:00 - 10:00,88000,Available
1214_2229_10:00,1214,Orange Garden Padel Club,2229,Court 4,2026-09-23,10:00 - 11:00,88000,Available
1214_2229_11:00,1214,Orange Garden Padel Club,2229,Court 4,2026-09-23,11:00 - 12:00,88000,Available
2246_5096_08:00,2246,Padeloo,5096,Court 1,2026-09-23,08:00 - 09:00,125000,Available
2246_5096_09:00,2246,Padeloo,5096,Court 1,2026-09-23,09:00 - 10:00,125000,Available
2246_5096_10:00,2246,Padeloo,5096,Court 1,2026-09-23,10:00 - 11:00,125000,Available
2246_5096_11:00,2246,Padeloo,5096,Court 1,2026-09-23,11:00 - 12:00,99000,Available
2246_9263_08:00,2246,Padeloo,9263,Court 2,2026-09-23,08:00 - 09:00,125000,Available
2246_9263_09:00,2246,Padeloo,9263,Court 2,2026-09-23,09:00 - 10:00,125000,Available
2246_9263_10:00,2246,Padeloo,9263,Court 2,2026-09-23,10:00 - 11:00,125000,Available
2246_9263_11:00,2246,Padeloo,9263,Court 2,2026-09-23,11:00 - 12:00,99000,Available
2246_9264_08:00,2246,Padeloo,9264,Court 3,2026-09-23,08:00 - 09:00,125000,Available
2246_9264_09:00,2246,Padeloo,9264,Court 3,2026-09-23,09:00 - 10:00,125000,Available
2246_9264_10:00,2246,Padeloo,9264,Court 3,2026-09-23,10:00 - 11:00,125000,Available
2246_9264_11:00,2246,Padeloo,9264,Court 3,2026-09-23,11:00 - 12:00,99000,Available
2476_5358_08:00,2476,Padel On Mars,5358,Court 1,2026-09-23,08:00 - 09:00,115000,Available
2476_5358_09:00,2476,Padel On Mars,5358,Court 1,2026-09-23,09:00 - 10:00,115000,Available
2476_5358_10:00,2476,Padel On Mars,5358,Court 1,2026-09-23,10:00 - 11:00,115000,Available
2476_5358_11:00,2476,Padel On Mars,5358,Court 1,2026-09-23,11:00 - 12:00,115000,Available
2476_5809_08:00,2476,Padel On Mars,5809,Court 2,2026-09-23,08:00 - 09:00,115000,Available
2476_5809_09:00,2476,Padel On Mars,5809,Court 2,2026-09-23,09:00 - 10:00,115000,Available
2476_5809_10:00,2476,Padel On Mars,5809,Court 2,2026-09-23,10:00 - 11:00,115000,Available
2476_5809_11:00,2476,Padel On Mars,5809,Court 2,2026-09-23,11:00 - 12:00,115000,Available
1785_3635_08:00,1785,Badel Padel,3635,Ppc 1,2026-09-23,08:00 - 09:00,125000,Available
1785_3635_09:00,1785,Badel Padel,3635,Ppc 1,2026-09-23,09:00 - 10:00,125000,Available
1785_3635_10:00,1785,Badel Padel,3635,Ppc 1,2026-09-23,10:00 - 11:00,125000,Available
1785_3635_11:00,1785,Badel Padel,3635,Ppc 1,2026-09-23,11:00 - 12:00,125000,Available
1785_4467_08:00,1785,Badel Padel,4467,Ppc 2,2026-09-23,08:00 - 09:00,125000,Available
1785_4467_09:00,1785,Badel Padel,4467,Ppc 2,2026-09-23,09:00 - 10:00,125000,Available
1785_4467_10:00,1785,Badel Padel,4467,Ppc 2,2026-09-23,10:00 - 11:00,125000,Available
1785_4467_11:00,1785,Badel Padel,4467,Ppc 2,2026-09-23,11:00 - 12:00,125000,Available
1785_4468_08:00,1785,Badel Padel,4468,Ppc 3,2026-09-23,08:00 - 09:00,125000,Available
1785_4468_09:00,1785,Badel Padel,4468,Ppc 3,2026-09-23,09:00 - 10:00,125000,Available
1785_4468_10:00,1785,Badel Padel,4468,Ppc 3,2026-09-23,10:00 - 11:00,125000,Available
1785_4468_11:00,1785,Badel Padel,4468,Ppc 3,2026-09-23,11:00 - 12:00,125000,Available
1785_4469_08:00,1785,Badel Padel,4469,Ppc 4,2026-09-23,08:00 - 09:00,125000,Available
1785_4469_09:00,1785,Badel Padel,4469,Ppc 4,2026-09-23,09:00 - 10:00,125000,Available
1785_4469_10:00,1785,Badel Padel,4469,Ppc 4,2026-09-23,10:00 - 11:00,125000,Available
1785_4469_11:00,1785,Badel Padel,4469,Ppc 4,2026-09-23,11:00 - 12:00,125000,Available
3387_8243_08:00,3387,Tangkas Padel,8243,Court 1,2026-09-23,08:00 - 09:00,150000,Booked
3387_8243_09:00,3387,Tangkas Padel,8243,Court 1,2026-09-23,09:00 - 10:00,150000,Available
3387_8243_10:00,3387,Tangkas Padel,8243,Court 1,2026-09-23,10:00 - 11:00,150000,Available
3387_8243_11:00,3387,Tangkas Padel,8243,Court 1,2026-09-23,11:00 - 12:00,150000,Available
3387_8244_08:00,3387,Tangkas Padel,8244,Court 2,2026-09-23,08:00 - 09:00,150000,Available
3387_8244_09:00,3387,Tangkas Padel,8244,Court 2,2026-09-23,09:00 - 10:00,150000,Available
3387_8244_10:00,3387,Tangkas Padel,8244,Court 2,2026-09-23,10:00 - 11:00,150000,Available
3387_8244_11:00,3387,Tangkas Padel,8244,Court 2,2026-09-23,11:00 - 12:00,150000,Available
3387_8245_08:00,3387,Tangkas Padel,8245,Court 3,2026-09-23,08:00 - 09:00,150000,Available
3387_8245_09:00,3387,Tangkas Padel,8245,Court 3,2026-09-23,09:00 - 10:00,150000,Available
3387_8245_10:00,3387,Tangkas Padel,8245,Court 3,2026-09-23,10:00 - 11:00,150000,Available
3387_8245_11:00,3387,Tangkas Padel,8245,Court 3,2026-09-23,11:00 - 12:00,150000,Available
2015_4169_08:00,2015,Xcite Padel,4169,Court 1,2026-09-23,08:00 - 09:00,125000,Available
2015_4169_09:00,2015,Xcite Padel,4169,Court 1,2026-09-23,09:00 - 10:00,125000,Booked
2015_4169_10:00,2015,Xcite Padel,4169,Court 1,2026-09-23,10:00 - 11:00,125000,Available
2015_4169_11:00,2015,Xcite Padel,4169,Court 1,2026-09-23,11:00 - 12:00,125000,Available
2015_9987_08:00,2015,Xcite Padel,9987,Court 2,2026-09-23,08:00 - 09:00,125000,Available
2015_9987_09:00,2015,Xcite Padel,9987,Court 2,2026-09-23,09:00 - 10:00,125000,Available
2015_9987_10:00,2015,Xcite Padel,9987,Court 2,2026-09-23,10:00 - 11:00,125000,Available
2015_9987_11:00,2015,Xcite Padel,9987,Court 2,2026-09-23,11:00 - 12:00,125000,Available
2015_9988_08:00,2015,Xcite Padel,9988,Court 3,2026-09-23,08:00 - 09:00,125000,Available
2015_9988_09:00,2015,Xcite Padel,9988,Court 3,2026-09-23,09:00 - 10:00,125000,Available
2015_9988_10:00,2015,Xcite Padel,9988,Court 3,2026-09-23,10:00 - 11:00,125000,Available
2015_9988_11:00,2015,Xcite Padel,9988,Court 3,2026-09-23,11:00 - 12:00,125000,Available
2015_9989_08:00,2015,Xcite Padel,9989,Court 4,2026-09-23,08:00 - 09:00,125000,Available
2015_9989_09:00,2015,Xcite Padel,9989,Court 4,2026-09-23,09:00 - 10:00,125000,Available
2015_9989_10:00,2015,Xcite Padel,9989,Court 4,2026-09-23,10:00 - 11:00,125000,Available
2015_9989_11:00,2015,Xcite Padel,9989,Court 4,2026-09-23,11:00 - 12:00,125000,Available
2645_5795_10:00,2645,Tennis Padel Matic Mal Ciputra,5795,Court Padel (blue),2026-09-23,10:00 - 11:00,108000,Available
2645_5795_11:00,2645,Tennis Padel Matic Mal Ciputra,5795,Court Padel (blue),2026-09-23,11:00 - 12:00,108000,Available
2645_5796_10:00,2645,Tennis Padel Matic Mal Ciputra,5796,Court Padel (yellow),2026-09-23,10:00 - 11:00,120000,Available
2645_5796_11:00,2645,Tennis Padel Matic Mal Ciputra,5796,Court Padel (yellow),2026-09-23,11:00 - 12:00,120000,Available
2645_5797_10:00,2645,Tennis Padel Matic Mal Ciputra,5797,Court Padel (green),2026-09-23,10:00 - 11:00,120000,Available
2645_5797_11:00,2645,Tennis Padel Matic Mal Ciputra,5797,Court Padel (green),2026-09-23,11:00 - 12:00,120000,Available
2645_5798_10:00,2645,Tennis Padel Matic Mal Ciputra,5798,Court Padel (purple),2026-09-23,10:00 - 11:00,120000,Available
2645_5798_11:00,2645,Tennis Padel Matic Mal Ciputra,5798,Court Padel (purple),2026-09-23,11:00 - 12:00,120000,Available
2645_5799_10:00,2645,Tennis Padel Matic Mal Ciputra,5799,Court Padel ( Pink),2026-09-23,10:00 - 11:00,96000,Available
2645_5799_11:00,2645,Tennis Padel Matic Mal Ciputra,5799,Court Padel ( Pink),2026-09-23,11:00 - 12:00,96000,Available
1542_6003_08:00,1542,Stone Padel - Citra Garden City,6003,Court 1,2026-09-23,08:00 - 09:00,100000,Booked
1542_6003_09:00,1542,Stone Padel - Citra Garden City,6003,Court 1,2026-09-23,09:00 - 10:00,100000,Booked
1542_6003_10:00,1542,Stone Padel - Citra Garden City,6003,Court 1,2026-09-23,10:00 - 11:00,100000,Available
1542_6003_11:00,1542,Stone Padel - Citra Garden City,6003,Court 1,2026-09-23,11:00 - 12:00,100000,Available
1542_6004_08:00,1542,Stone Padel - Citra Garden City,6004,Court 2,2026-09-23,08:00 - 09:00,100000,Available
1542_6004_09:00,1542,Stone Padel - Citra Garden City,6004,Court 2,2026-09-23,09:00 - 10:00,100000,Booked
1542_6004_10:00,1542,Stone Padel - Citra Garden City,6004,Court 2,2026-09-23,10:00 - 11:00,100000,Available
1542_6004_11:00,1542,Stone Padel - Citra Garden City,6004,Court 2,2026-09-23,11:00 - 12:00,100000,Booked
1542_6005_08:00,1542,Stone Padel - Citra Garden City,6005,Court 3,2026-09-23,08:00 - 09:00,100000,Available
1542_6005_09:00,1542,Stone Padel - Citra Garden City,6005,Court 3,2026-09-23,09:00 - 10:00,100000,Available
1542_6005_10:00,1542,Stone Padel - Citra Garden City,6005,Court 3,2026-09-23,10:00 - 11:00,100000,Available
1542_6005_11:00,1542,Stone Padel - Citra Garden City,6005,Court 3,2026-09-23,11:00 - 12:00,100000,Booked
1542_3115_08:00,1542,Stone Padel - Citra Garden City,3115,Private Court,2026-09-23,08:00 - 09:00,100000,Booked
1542_3115_09:00,1542,Stone Padel - Citra Garden City,3115,Private Court,2026-09-23,09:00 - 10:00,100000,Available
1542_3115_10:00,1542,Stone Padel - Citra Garden City,3115,Private Court,2026-09-23,10:00 - 11:00,100000,Booked
1542_3115_11:00,1542,Stone Padel - Citra Garden City,3115,Private Court,2026-09-23,11:00 - 12:00,100000,Booked
1563_3171_08:00,1563,Daily Court,3171,Tennis Outdoor Court,2026-09-23,08:00 - 09:00,210000,Available
1563_3171_09:00,1563,Daily Court,3171,Tennis Outdoor Court,2026-09-23,09:00 - 10:00,180000,Booked
1563_3171_10:00,1563,Daily Court,3171,Tennis Outdoor Court,2026-09-23,10:00 - 11:00,180000,Available
1563_3171_11:00,1563,Daily Court,3171,Tennis Outdoor Court,2026-09-23,11:00 - 12:00,180000,Available
1563_3645_08:00,1563,Daily Court,3645,Padel - A,2026-09-23,08:00 - 09:00,100000,Available
1563_3645_09:00,1563,Daily Court,3645,Padel - A,2026-09-23,09:00 - 10:00,100000,Available
1563_3645_10:00,1563,Daily Court,3645,Padel - A,2026-09-23,10:00 - 11:00,100000,Booked
1563_3645_11:00,1563,Daily Court,3645,Padel - A,2026-09-23,11:00 - 12:00,100000,Available
1563_3174_08:00,1563,Daily Court,3174,Padel - B,2026-09-23,08:00 - 09:00,100000,Available
1563_3174_09:00,1563,Daily Court,3174,Padel - B,2026-09-23,09:00 - 10:00,100000,Available
1563_3174_10:00,1563,Daily Court,3174,Padel - B,2026-09-23,10:00 - 11:00,100000,Available
1563_3174_11:00,1563,Daily Court,3174,Padel - B,2026-09-23,11:00 - 12:00,100000,Available
1563_3175_08:00,1563,Daily Court,3175,Padel - C,2026-09-23,08:00 - 09:00,100000,Available
1563_3175_09:00,1563,Daily Court,3175,Padel - C,2026-09-23,09:00 - 10:00,100000,Available
1563_3175_10:00,1563,Daily Court,3175,Padel - C,2026-09-23,10:00 - 11:00,100000,Available
1563_3175_11:00,1563,Daily Court,3175,Padel - C,2026-09-23,11:00 - 12:00,100000,Available
1563_3176_08:00,1563,Daily Court,3176,Padel - D,2026-09-23,08:00 - 09:00,100000,Available
1563_3176_09:00,1563,Daily Court,3176,Padel - D,2026-09-23,09:00 - 10:00,100000,Available
1563_3176_10:00,1563,Daily Court,3176,Padel - D,2026-09-23,10:00 - 11:00,100000,Available
1563_3176_11:00,1563,Daily Court,3176,Padel - D,2026-09-23,11:00 - 12:00,100000,Available
1563_3177_08:00,1563,Daily Court,3177,Padel - E,2026-09-23,08:00 - 09:00,100000,Available
1563_3177_09:00,1563,Daily Court,3177,Padel - E,2026-09-23,09:00 - 10:00,100000,Available
1563_3177_10:00,1563,Daily Court,3177,Padel - E,2026-09-23,10:00 - 11:00,100000,Available
1563_3177_11:00,1563,Daily Court,3177,Padel - E,2026-09-23,11:00 - 12:00,100000,Available
1222_2858_08:00,1222,Westside Padel,2858,Court 1,2026-09-23,08:00 - 09:00,195000,Booked
1222_2858_09:00,1222,Westside Padel,2858,Court 1,2026-09-23,09:00 - 10:00,195000,Available
1222_2858_10:00,1222,Westside Padel,2858,Court 1,2026-09-23,10:00 - 11:00,195000,Available
1222_2858_11:00,1222,Westside Padel,2858,Court 1,2026-09-23,11:00 - 12:00,195000,Booked
1222_3303_08:00,1222,Westside Padel,3303,Court 2,2026-09-23,08:00 - 09:00,195000,Booked
1222_3303_09:00,1222,Westside Padel,3303,Court 2,2026-09-23,09:00 - 10:00,195000,Available
1222_3303_10:00,1222,Westside Padel,3303,Court 2,2026-09-23,10:00 - 11:00,195000,Available
1222_3303_11:00,1222,Westside Padel,3303,Court 2,2026-09-23,11:00 - 12:00,195000,Booked
1222_3304_08:00,1222,Westside Padel,3304,Court 3,2026-09-23,08:00 - 09:00,195000,Available
1222_3304_09:00,1222,Westside Padel,3304,Court 3,2026-09-23,09:00 - 10:00,195000,Available
1222_3304_10:00,1222,Westside Padel,3304,Court 3,2026-09-23,10:00 - 11:00,195000,Available
1222_3304_11:00,1222,Westside Padel,3304,Court 3,2026-09-23,11:00 - 12:00,195000,Available
1222_3305_08:00,1222,Westside Padel,3305,Court 4,2026-09-23,08:00 - 09:00,195000,Available
1222_3305_09:00,1222,Westside Padel,3305,Court 4,2026-09-23,09:00 - 10:00,195000,Available
1222_3305_10:00,1222,Westside Padel,3305,Court 4,2026-09-23,10:00 - 11:00,195000,Available
1222_3305_11:00,1222,Westside Padel,3305,Court 4,2026-09-23,11:00 - 12:00,195000,Available
2711_6021_08:00,2711,Coco Padel Court Jakarta,6021,Court 1,2026-09-23,08:00 - 09:00,100000,Available
2711_6021_09:00,2711,Coco Padel Court Jakarta,6021,Court 1,2026-09-23,09:00 - 10:00,100000,Booked
2711_6021_10:00,2711,Coco Padel Court Jakarta,6021,Court 1,2026-09-23,10:00 - 11:00,115000,Booked
2711_6021_11:00,2711,Coco Padel Court Jakarta,6021,Court 1,2026-09-23,11:00 - 12:00,115000,Available
2711_6022_08:00,2711,Coco Padel Court Jakarta,6022,Court 2,2026-09-23,08:00 - 09:00,100000,Booked
2711_6022_09:00,2711,Coco Padel Court Jakarta,6022,Court 2,2026-09-23,09:00 - 10:00,100000,Booked
2711_6022_10:00,2711,Coco Padel Court Jakarta,6022,Court 2,2026-09-23,10:00 - 11:00,115000,Available
2711_6022_11:00,2711,Coco Padel Court Jakarta,6022,Court 2,2026-09-23,11:00 - 12:00,115000,Available
2711_6023_08:00,2711,Coco Padel Court Jakarta,6023,Court 3,2026-09-23,08:00 - 09:00,100000,Booked
2711_6023_09:00,2711,Coco Padel Court Jakarta,6023,Court 3,2026-09-23,09:00 - 10:00,100000,Booked
2711_6023_10:00,2711,Coco Padel Court Jakarta,6023,Court 3,2026-09-23,10:00 - 11:00,115000,Available
2711_6023_11:00,2711,Coco Padel Court Jakarta,6023,Court 3,2026-09-23,11:00 - 12:00,115000,Available
2997_7157_08:00,2997,"KALMA Social Club - Jl. Panjang, Kedoya",7157,Court 1 Padel,2026-09-23,08:00 - 09:00,299000,Available
2997_7157_09:00,2997,"KALMA Social Club - Jl. Panjang, Kedoya",7157,Court 1 Padel,2026-09-23,09:00 - 10:00,299000,Booked
2997_7157_10:00,2997,"KALMA Social Club - Jl. Panjang, Kedoya",7157,Court 1 Padel,2026-09-23,10:00 - 11:00,299000,Booked
2997_7157_11:00,2997,"KALMA Social Club - Jl. Panjang, Kedoya",7157,Court 1 Padel,2026-09-23,11:00 - 12:00,299000,Available
2997_7158_08:00,2997,"KALMA Social Club - Jl. Panjang, Kedoya",7158,Court 2 Padel (Center Court),2026-09-23,08:00 - 09:00,299000,Available
2997_7158_09:00,2997,"KALMA Social Club - Jl. Panjang, Kedoya",7158,Court 2 Padel (Center Court),2026-09-23,09:00 - 10:00,299000,Booked
2997_7158_10:00,2997,"KALMA Social Club - Jl. Panjang, Kedoya",7158,Court 2 Padel (Center Court),2026-09-23,10:00 - 11:00,299000,Booked
2997_7158_11:00,2997,"KALMA Social Club - Jl. Panjang, Kedoya",7158,Court 2 Padel (Center Court),2026-09-23,11:00 - 12:00,299000,Available
2997_7159_08:00,2997,"KALMA Social Club - Jl. Panjang, Kedoya",7159,Court 3 Padel,2026-09-23,08:00 - 09:00,299000,Available
2997_7159_09:00,2997,"KALMA Social Club - Jl. Panjang, Kedoya",7159,Court 3 Padel,2026-09-23,09:00 - 10:00,299000,Booked
2997_7159_10:00,2997,"KALMA Social Club - Jl. Panjang, Kedoya",7159,Court 3 Padel,2026-09-23,10:00 - 11:00,299000,Booked
2997_7159_11:00,2997,"KALMA Social Club - Jl. Panjang, Kedoya",7159,Court 3 Padel,2026-09-23,11:00 - 12:00,299000,Available
2997_7160_08:00,2997,"KALMA Social Club - Jl. Panjang, Kedoya",7160,Court 4 Padel,2026-09-23,08:00 - 09:00,299000,Available
2997_7160_09:00,2997,"KALMA Social Club - Jl. Panjang, Kedoya",7160,Court 4 Padel,2026-09-23,09:00 - 10:00,299000,Booked
2997_7160_10:00,2997,"KALMA Social Club - Jl. Panjang, Kedoya",7160,Court 4 Padel,2026-09-23,10:00 - 11:00,299000,Booked
2997_7160_11:00,2997,"KALMA Social Club - Jl. Panjang, Kedoya",7160,Court 4 Padel,2026-09-23,11:00 - 12:00,299000,Available
2997_7161_08:00,2997,"KALMA Social Club - Jl. Panjang, Kedoya",7161,Private Indoor Pickleball Court,2026-09-23,08:00 - 09:00,150000,Available
2997_7161_09:00,2997,"KALMA Social Club - Jl. Panjang, Kedoya",7161,Private Indoor Pickleball Court,2026-09-23,09:00 - 10:00,150000,Booked
2997_7161_10:00,2997,"KALMA Social Club - Jl. Panjang, Kedoya",7161,Private Indoor Pickleball Court,2026-09-23,10:00 - 11:00,150000,Booked
2997_7161_11:00,2997,"KALMA Social Club - Jl. Panjang, Kedoya",7161,Private Indoor Pickleball Court,2026-09-23,11:00 - 12:00,150000,Available
1406_2702_08:00,1406,Boss Padel - Kedoya,2702,Court 1,2026-09-23,08:00 - 09:00,250000,Available
1406_2702_09:00,1406,Boss Padel - Kedoya,2702,Court 1,2026-09-23,09:00 - 10:00,250000,Available
1406_2702_10:00,1406,Boss Padel - Kedoya,2702,Court 1,2026-09-23,10:00 - 11:00,250000,Available
1406_2702_11:00,1406,Boss Padel - Kedoya,2702,Court 1,2026-09-23,11:00 - 12:00,250000,Available
1406_2780_08:00,1406,Boss Padel - Kedoya,2780,My BCA Court,2026-09-23,08:00 - 09:00,250000,Available
1406_2780_09:00,1406,Boss Padel - Kedoya,2780,My BCA Court,2026-09-23,09:00 - 10:00,250000,Available
1406_2780_10:00,1406,Boss Padel - Kedoya,2780,My BCA Court,2026-09-23,10:00 - 11:00,250000,Available
1406_2780_11:00,1406,Boss Padel - Kedoya,2780,My BCA Court,2026-09-23,11:00 - 12:00,250000,Available
1406_2781_08:00,1406,Boss Padel - Kedoya,2781,BRImo Court,2026-09-23,08:00 - 09:00,250000,Available
1406_2781_09:00,1406,Boss Padel - Kedoya,2781,BRImo Court,2026-09-23,09:00 - 10:00,250000,Available
1406_2781_10:00,1406,Boss Padel - Kedoya,2781,BRImo Court,2026-09-23,10:00 - 11:00,250000,Available
1406_2781_11:00,1406,Boss Padel - Kedoya,2781,BRImo Court,2026-09-23,11:00 - 12:00,250000,Available
1406_2782_08:00,1406,Boss Padel - Kedoya,2782,Tolak Linu Court,2026-09-23,08:00 - 09:00,250000,Available
1406_2782_09:00,1406,Boss Padel - Kedoya,2782,Tolak Linu Court,2026-09-23,09:00 - 10:00,250000,Available
1406_2782_10:00,1406,Boss Padel - Kedoya,2782,Tolak Linu Court,2026-09-23,10:00 - 11:00,250000,Available
1406_2782_11:00,1406,Boss Padel - Kedoya,2782,Tolak Linu Court,2026-09-23,11:00 - 12:00,250000,Available
1406_2783_08:00,1406,Boss Padel - Kedoya,2783,C+ Collagen Court,2026-09-23,08:00 - 09:00,150000,Available
1406_2783_09:00,1406,Boss Padel - Kedoya,2783,C+ Collagen Court,2026-09-23,09:00 - 10:00,150000,Available
1406_2783_10:00,1406,Boss Padel - Kedoya,2783,C+ Collagen Court,2026-09-23,10:00 - 11:00,150000,Available
1406_2783_11:00,1406,Boss Padel - Kedoya,2783,C+ Collagen Court,2026-09-23,11:00 - 12:00,150000,Available
1590_3222_08:00,1590,KSC Racquet Club,3222,Tennis Court 1 - Semi Indoor New,2026-09-23,08:00 - 09:00,305000,Booked
1590_3222_09:00,1590,KSC Racquet Club,3222,Tennis Court 1 - Semi Indoor New,2026-09-23,09:00 - 10:00,305000,Booked
1590_3222_10:00,1590,KSC Racquet Club,3222,Tennis Court 1 - Semi Indoor New,2026-09-23,10:00 - 11:00,305000,Booked
1590_3222_11:00,1590,KSC Racquet Club,3222,Tennis Court 1 - Semi Indoor New,2026-09-23,11:00 - 12:00,305000,Booked
1590_3223_08:00,1590,KSC Racquet Club,3223,Tennis Court 2 - Semi Indoor New,2026-09-23,08:00 - 09:00,305000,Booked
1590_3223_09:00,1590,KSC Racquet Club,3223,Tennis Court 2 - Semi Indoor New,2026-09-23,09:00 - 10:00,305000,Available
1590_3223_10:00,1590,KSC Racquet Club,3223,Tennis Court 2 - Semi Indoor New,2026-09-23,10:00 - 11:00,305000,Booked
1590_3223_11:00,1590,KSC Racquet Club,3223,Tennis Court 2 - Semi Indoor New,2026-09-23,11:00 - 12:00,305000,Booked
1590_3224_08:00,1590,KSC Racquet Club,3224,Tennis Court - Indoor Private,2026-09-23,08:00 - 09:00,300000,Booked
1590_3224_09:00,1590,KSC Racquet Club,3224,Tennis Court - Indoor Private,2026-09-23,09:00 - 10:00,300000,Booked
1590_3224_10:00,1590,KSC Racquet Club,3224,Tennis Court - Indoor Private,2026-09-23,10:00 - 11:00,300000,Available
1590_3224_11:00,1590,KSC Racquet Club,3224,Tennis Court - Indoor Private,2026-09-23,11:00 - 12:00,300000,Booked
1590_3226_08:00,1590,KSC Racquet Club,3226,Padel Court A - Tribun,2026-09-23,08:00 - 09:00,200000,Available
1590_3226_09:00,1590,KSC Racquet Club,3226,Padel Court A - Tribun,2026-09-23,09:00 - 10:00,200000,Available
1590_3226_10:00,1590,KSC Racquet Club,3226,Padel Court A - Tribun,2026-09-23,10:00 - 11:00,200000,Available
1590_3226_11:00,1590,KSC Racquet Club,3226,Padel Court A - Tribun,2026-09-23,11:00 - 12:00,200000,Available
1590_7562_08:00,1590,KSC Racquet Club,7562,Padel Court B,2026-09-23,08:00 - 09:00,200000,Available
1590_7562_09:00,1590,KSC Racquet Club,7562,Padel Court B,2026-09-23,09:00 - 10:00,200000,Available
1590_7562_10:00,1590,KSC Racquet Club,7562,Padel Court B,2026-09-23,10:00 - 11:00,200000,Available
1590_7562_11:00,1590,KSC Racquet Club,7562,Padel Court B,2026-09-23,11:00 - 12:00,200000,Available
1590_7563_08:00,1590,KSC Racquet Club,7563,Padel Court C,2026-09-23,08:00 - 09:00,200000,Available
1590_7563_09:00,1590,KSC Racquet Club,7563,Padel Court C,2026-09-23,09:00 - 10:00,200000,Available
1590_7563_10:00,1590,KSC Racquet Club,7563,Padel Court C,2026-09-23,10:00 - 11:00,200000,Available
1590_7563_11:00,1590,KSC Racquet Club,7563,Padel Court C,2026-09-23,11:00 - 12:00,200000,Available
1590_7564_08:00,1590,KSC Racquet Club,7564,Padel Court D,2026-09-23,08:00 - 09:00,200000,Available
1590_7564_09:00,1590,KSC Racquet Club,7564,Padel Court D,2026-09-23,09:00 - 10:00,200000,Available
1590_7564_10:00,1590,KSC Racquet Club,7564,Padel Court D,2026-09-23,10:00 - 11:00,200000,Available
1590_7564_11:00,1590,KSC Racquet Club,7564,Padel Court D,2026-09-23,11:00 - 12:00,200000,Available
1590_11484_08:00,1590,KSC Racquet Club,11484,Automatic Mahjong Table,2026-09-23,08:00 - 10:00,150000,Available
1590_11484_10:00,1590,KSC Racquet Club,11484,Automatic Mahjong Table,2026-09-23,10:00 - 12:00,150000,Available
3116_7673_08:00,3116,Social Field,7673,Panoramic Court 1,2026-09-23,08:00 - 09:00,199000,Available
3116_7673_09:00,3116,Social Field,7673,Panoramic Court 1,2026-09-23,09:00 - 10:00,199000,Booked
3116_7673_10:00,3116,Social Field,7673,Panoramic Court 1,2026-09-23,10:00 - 10:30,99500,Booked
3116_7673_10:30,3116,Social Field,7673,Panoramic Court 1,2026-09-23,10:30 - 11:00,99500,Booked
3116_7673_11:00,3116,Social Field,7673,Panoramic Court 1,2026-09-23,11:00 - 11:30,99500,Available
3116_8054_08:00,3116,Social Field,8054,Panoramic Court 2,2026-09-23,08:00 - 09:00,199000,Booked
3116_8054_09:00,3116,Social Field,8054,Panoramic Court 2,2026-09-23,09:00 - 10:00,199000,Available
3116_8054_10:00,3116,Social Field,8054,Panoramic Court 2,2026-09-23,10:00 - 10:30,99500,Available
3116_8054_10:30,3116,Social Field,8054,Panoramic Court 2,2026-09-23,10:30 - 11:00,99500,Available
3116_8054_11:00,3116,Social Field,8054,Panoramic Court 2,2026-09-23,11:00 - 11:30,99500,Available
3116_8059_08:00,3116,Social Field,8059,OKX Super Panoramic Court 3,2026-09-23,08:00 - 09:00,249000,Available
3116_8059_09:00,3116,Social Field,8059,OKX Super Panoramic Court 3,2026-09-23,09:00 - 10:00,249000,Available
3116_8059_10:00,3116,Social Field,8059,OKX Super Panoramic Court 3,2026-09-23,10:00 - 10:30,124500,Available
3116_8059_10:30,3116,Social Field,8059,OKX Super Panoramic Court 3,2026-09-23,10:30 - 11:00,124500,Available
3116_8059_11:00,3116,Social Field,8059,OKX Super Panoramic Court 3,2026-09-23,11:00 - 11:30,124500,Available
3116_8060_08:00,3116,Social Field,8060,OKX Super Panoramic Court 4,2026-09-23,08:00 - 09:00,249000,Available
3116_8060_09:00,3116,Social Field,8060,OKX Super Panoramic Court 4,2026-09-23,09:00 - 10:00,249000,Available
3116_8060_10:00,3116,Social Field,8060,OKX Super Panoramic Court 4,2026-09-23,10:00 - 10:30,124500,Available
3116_8060_10:30,3116,Social Field,8060,OKX Super Panoramic Court 4,2026-09-23,10:30 - 11:00,124500,Available
3116_8060_11:00,3116,Social Field,8060,OKX Super Panoramic Court 4,2026-09-23,11:00 - 11:30,124500,Available
3116_8055_08:00,3116,Social Field,8055,Panoramic Court 5,2026-09-23,08:00 - 09:00,199000,Available
3116_8055_09:00,3116,Social Field,8055,Panoramic Court 5,2026-09-23,09:00 - 10:00,199000,Booked
3116_8055_10:00,3116,Social Field,8055,Panoramic Court 5,2026-09-23,10:00 - 10:30,99500,Booked
3116_8055_10:30,3116,Social Field,8055,Panoramic Court 5,2026-09-23,10:30 - 11:00,99500,Booked
3116_8055_11:00,3116,Social Field,8055,Panoramic Court 5,2026-09-23,11:00 - 11:30,99500,Available
3116_8056_08:00,3116,Social Field,8056,Panoramic Court 6,2026-09-23,08:00 - 09:00,199000,Available
3116_8056_09:00,3116,Social Field,8056,Panoramic Court 6,2026-09-23,09:00 - 10:00,199000,Booked
3116_8056_10:00,3116,Social Field,8056,Panoramic Court 6,2026-09-23,10:00 - 10:30,99500,Booked
3116_8056_10:30,3116,Social Field,8056,Panoramic Court 6,2026-09-23,10:30 - 11:00,99500,Booked
3116_8056_11:00,3116,Social Field,8056,Panoramic Court 6,2026-09-23,11:00 - 11:30,99500,Available
3116_8057_08:00,3116,Social Field,8057,Panoramic Court 7,2026-09-23,08:00 - 09:00,199000,Available
3116_8057_09:00,3116,Social Field,8057,Panoramic Court 7,2026-09-23,09:00 - 10:00,199000,Available
3116_8057_10:00,3116,Social Field,8057,Panoramic Court 7,2026-09-23,10:00 - 10:30,99500,Available
3116_8057_10:30,3116,Social Field,8057,Panoramic Court 7,2026-09-23,10:30 - 11:00,99500,Available
3116_8057_11:00,3116,Social Field,8057,Panoramic Court 7,2026-09-23,11:00 - 11:30,99500,Available
3116_8058_08:00,3116,Social Field,8058,Panoramic Court 8,2026-09-23,08:00 - 09:00,199000,Available
3116_8058_09:00,3116,Social Field,8058,Panoramic Court 8,2026-09-23,09:00 - 10:00,199000,Available
3116_8058_10:00,3116,Social Field,8058,Panoramic Court 8,2026-09-23,10:00 - 10:30,99500,Available
3116_8058_10:30,3116,Social Field,8058,Panoramic Court 8,2026-09-23,10:30 - 11:00,99500,Available
3116_8058_11:00,3116,Social Field,8058,Panoramic Court 8,2026-09-23,11:00 - 11:30,99500,Available
2177_6932_08:00,2177,La Chiquita Padel,6932,Court 1,2026-09-23,08:00 - 09:00,200000,Available
2177_6932_09:00,2177,La Chiquita Padel,6932,Court 1,2026-09-23,09:00 - 10:00,200000,Available
2177_6932_10:00,2177,La Chiquita Padel,6932,Court 1,2026-09-23,10:00 - 11:00,200000,Available
2177_6932_11:00,2177,La Chiquita Padel,6932,Court 1,2026-09-23,11:00 - 12:00,200000,Available
2177_8225_08:00,2177,La Chiquita Padel,8225,Court 2,2026-09-23,08:00 - 09:00,200000,Available
2177_8225_09:00,2177,La Chiquita Padel,8225,Court 2,2026-09-23,09:00 - 10:00,200000,Available
2177_8225_10:00,2177,La Chiquita Padel,8225,Court 2,2026-09-23,10:00 - 11:00,200000,Available
2177_8225_11:00,2177,La Chiquita Padel,8225,Court 2,2026-09-23,11:00 - 12:00,200000,Available
2935_7044_08:00,2935,ZEN PADEL,7044,Court 1 - Matcha,2026-09-23,08:00 - 09:00,49000,Available
2935_7044_09:00,2935,ZEN PADEL,7044,Court 1 - Matcha,2026-09-23,09:00 - 10:00,49000,Available
2935_7044_10:00,2935,ZEN PADEL,7044,Court 1 - Matcha,2026-09-23,10:00 - 11:00,49000,Available
2935_7044_11:00,2935,ZEN PADEL,7044,Court 1 - Matcha,2026-09-23,11:00 - 12:00,49000,Available
2506_5391_08:00,2506,Padel Meruya Airdome,5391,Court 1,2026-09-23,08:00 - 09:00,349000,Available
2506_5391_09:00,2506,Padel Meruya Airdome,5391,Court 1,2026-09-23,09:00 - 10:00,349000,Available
2506_5391_10:00,2506,Padel Meruya Airdome,5391,Court 1,2026-09-23,10:00 - 11:00,349000,Available
2506_5391_11:00,2506,Padel Meruya Airdome,5391,Court 1,2026-09-23,11:00 - 12:00,349000,Available
2506_10503_08:00,2506,Padel Meruya Airdome,10503,Court 2,2026-09-23,08:00 - 09:00,349000,Available
2506_10503_09:00,2506,Padel Meruya Airdome,10503,Court 2,2026-09-23,09:00 - 10:00,349000,Available
2506_10503_10:00,2506,Padel Meruya Airdome,10503,Court 2,2026-09-23,10:00 - 11:00,349000,Available
2506_10503_11:00,2506,Padel Meruya Airdome,10503,Court 2,2026-09-23,11:00 - 12:00,349000,Available
2506_10504_08:00,2506,Padel Meruya Airdome,10504,Court 3,2026-09-23,08:00 - 09:00,349000,Available
2506_10504_09:00,2506,Padel Meruya Airdome,10504,Court 3,2026-09-23,09:00 - 10:00,349000,Available
2506_10504_10:00,2506,Padel Meruya Airdome,10504,Court 3,2026-09-23,10:00 - 11:00,349000,Available
2506_10504_11:00,2506,Padel Meruya Airdome,10504,Court 3,2026-09-23,11:00 - 12:00,349000,Available
2506_10505_08:00,2506,Padel Meruya Airdome,10505,Court 4,2026-09-23,08:00 - 09:00,349000,Available
2506_10505_09:00,2506,Padel Meruya Airdome,10505,Court 4,2026-09-23,09:00 - 10:00,349000,Available
2506_10505_10:00,2506,Padel Meruya Airdome,10505,Court 4,2026-09-23,10:00 - 11:00,349000,Booked
2506_10505_11:00,2506,Padel Meruya Airdome,10505,Court 4,2026-09-23,11:00 - 12:00,349000,Booked
2506_10506_08:00,2506,Padel Meruya Airdome,10506,Court 5,2026-09-23,08:00 - 09:00,349000,Available
2506_10506_09:00,2506,Padel Meruya Airdome,10506,Court 5,2026-09-23,09:00 - 10:00,349000,Available
2506_10506_10:00,2506,Padel Meruya Airdome,10506,Court 5,2026-09-23,10:00 - 11:00,349000,Booked
2506_10506_11:00,2506,Padel Meruya Airdome,10506,Court 5,2026-09-23,11:00 - 12:00,349000,Booked
2506_10507_08:00,2506,Padel Meruya Airdome,10507,Court 6,2026-09-23,08:00 - 09:00,349000,Available
2506_10507_09:00,2506,Padel Meruya Airdome,10507,Court 6,2026-09-23,09:00 - 10:00,349000,Available
2506_10507_10:00,2506,Padel Meruya Airdome,10507,Court 6,2026-09-23,10:00 - 11:00,349000,Available
2506_10507_11:00,2506,Padel Meruya Airdome,10507,Court 6,2026-09-23,11:00 - 12:00,349000,Available
2008_4108_08:00,2008,Sini Padel Court,4108,Court 1,2026-09-23,08:00 - 09:00,129000,Available
2008_4108_09:00,2008,Sini Padel Court,4108,Court 1,2026-09-23,09:00 - 10:00,129000,Available
2008_4108_10:00,2008,Sini Padel Court,4108,Court 1,2026-09-23,10:00 - 11:00,129000,Available
2008_4108_11:00,2008,Sini Padel Court,4108,Court 1,2026-09-23,11:00 - 12:00,129000,Available
2008_5386_08:00,2008,Sini Padel Court,5386,Court 2,2026-09-23,08:00 - 09:00,129000,Available
2008_5386_09:00,2008,Sini Padel Court,5386,Court 2,2026-09-23,09:00 - 10:00,129000,Available
2008_5386_10:00,2008,Sini Padel Court,5386,Court 2,2026-09-23,10:00 - 11:00,129000,Available
2008_5386_11:00,2008,Sini Padel Court,5386,Court 2,2026-09-23,11:00 - 12:00,129000,Booked
2008_5387_08:00,2008,Sini Padel Court,5387,Court 3,2026-09-23,08:00 - 09:00,129000,Available
2008_5387_09:00,2008,Sini Padel Court,5387,Court 3,2026-09-23,09:00 - 10:00,129000,Available
2008_5387_10:00,2008,Sini Padel Court,5387,Court 3,2026-09-23,10:00 - 11:00,129000,Available
2008_5387_11:00,2008,Sini Padel Court,5387,Court 3,2026-09-23,11:00 - 12:00,129000,Booked
2008_11906_08:00,2008,Sini Padel Court,11906,Mahjong 1 (Manual),2026-09-23,08:00 - 09:00,125000,Available
2008_11906_09:00,2008,Sini Padel Court,11906,Mahjong 1 (Manual),2026-09-23,09:00 - 10:00,125000,Available
2008_11906_10:00,2008,Sini Padel Court,11906,Mahjong 1 (Manual),2026-09-23,10:00 - 11:00,125000,Available
2008_11906_11:00,2008,Sini Padel Court,11906,Mahjong 1 (Manual),2026-09-23,11:00 - 12:00,125000,Available
2008_11907_08:00,2008,Sini Padel Court,11907,Mahjong 2 (Manual),2026-09-23,08:00 - 09:00,125000,Available
2008_11907_09:00,2008,Sini Padel Court,11907,Mahjong 2 (Manual),2026-09-23,09:00 - 10:00,125000,Available
2008_11907_10:00,2008,Sini Padel Court,11907,Mahjong 2 (Manual),2026-09-23,10:00 - 11:00,125000,Available
2008_11907_11:00,2008,Sini Padel Court,11907,Mahjong 2 (Manual),2026-09-23,11:00 - 12:00,125000,Available
3062_7170_08:00,3062,Padel V,7170,Court 1,2026-09-23,08:00 - 09:00,160000,Available
3062_7170_09:00,3062,Padel V,7170,Court 1,2026-09-23,09:00 - 10:00,160000,Available
3062_7170_10:00,3062,Padel V,7170,Court 1,2026-09-23,10:00 - 11:00,160000,Available
3062_7170_11:00,3062,Padel V,7170,Court 1,2026-09-23,11:00 - 12:00,160000,Available
3062_9024_08:00,3062,Padel V,9024,Court 2,2026-09-23,08:00 - 09:00,160000,Available
3062_9024_09:00,3062,Padel V,9024,Court 2,2026-09-23,09:00 - 10:00,160000,Available
3062_9024_10:00,3062,Padel V,9024,Court 2,2026-09-23,10:00 - 11:00,160000,Available
3062_9024_11:00,3062,Padel V,9024,Court 2,2026-09-23,11:00 - 12:00,160000,Available
1589_3221_08:00,1589,River Padel,3221,Court 1,2026-09-23,08:00 - 09:00,150000,Available
1589_3221_09:00,1589,River Padel,3221,Court 1,2026-09-23,09:00 - 10:00,150000,Available
1589_3221_10:00,1589,River Padel,3221,Court 1,2026-09-23,10:00 - 11:00,150000,Available
1589_3221_11:00,1589,River Padel,3221,Court 1,2026-09-23,11:00 - 12:00,150000,Available
1589_4406_08:00,1589,River Padel,4406,Court 2,2026-09-23,08:00 - 09:00,150000,Available
1589_4406_09:00,1589,River Padel,4406,Court 2,2026-09-23,09:00 - 10:00,150000,Available
1589_4406_10:00,1589,River Padel,4406,Court 2,2026-09-23,10:00 - 11:00,150000,Available
1589_4406_11:00,1589,River Padel,4406,Court 2,2026-09-23,11:00 - 12:00,150000,Available
1589_4407_08:00,1589,River Padel,4407,Court 3,2026-09-23,08:00 - 09:00,150000,Available
1589_4407_09:00,1589,River Padel,4407,Court 3,2026-09-23,09:00 - 10:00,150000,Booked
1589_4407_10:00,1589,River Padel,4407,Court 3,2026-09-23,10:00 - 11:00,150000,Booked
1589_4407_11:00,1589,River Padel,4407,Court 3,2026-09-23,11:00 - 12:00,150000,Available
1303_2415_08:00,1303,Padel at largo - Kedoya,2415,Pristine,2026-09-23,08:00 - 09:00,250000,Available
1303_2415_09:00,1303,Padel at largo - Kedoya,2415,Pristine,2026-09-23,09:00 - 10:00,250000,Available
1303_2415_10:00,1303,Padel at largo - Kedoya,2415,Pristine,2026-09-23,10:00 - 11:00,250000,Available
1303_2415_11:00,1303,Padel at largo - Kedoya,2415,Pristine,2026-09-23,11:00 - 12:00,150000,Available
1303_2416_08:00,1303,Padel at largo - Kedoya,2416,Court 2,2026-09-23,08:00 - 09:00,250000,Available
1303_2416_09:00,1303,Padel at largo - Kedoya,2416,Court 2,2026-09-23,09:00 - 10:00,250000,Available
1303_2416_10:00,1303,Padel at largo - Kedoya,2416,Court 2,2026-09-23,10:00 - 11:00,250000,Available
1303_2416_11:00,1303,Padel at largo - Kedoya,2416,Court 2,2026-09-23,11:00 - 12:00,150000,Available
1303_2417_08:00,1303,Padel at largo - Kedoya,2417,Court 3,2026-09-23,08:00 - 09:00,250000,Available
1303_2417_09:00,1303,Padel at largo - Kedoya,2417,Court 3,2026-09-23,09:00 - 10:00,250000,Available
1303_2417_10:00,1303,Padel at largo - Kedoya,2417,Court 3,2026-09-23,10:00 - 11:00,250000,Available
1303_2417_11:00,1303,Padel at largo - Kedoya,2417,Court 3,2026-09-23,11:00 - 12:00,150000,Available
1796_4675_08:00,1796,Patra Padel House,4675,Court 1,2026-09-23,08:00 - 09:00,125000,Available
1796_4675_09:00,1796,Patra Padel House,4675,Court 1,2026-09-23,09:00 - 10:00,125000,Available
1796_4675_10:00,1796,Patra Padel House,4675,Court 1,2026-09-23,10:00 - 11:00,125000,Available
1796_4675_11:00,1796,Patra Padel House,4675,Court 1,2026-09-23,11:00 - 12:00,125000,Booked
2443_5186_08:00,2443,Courtyard Padel Club,5186,Court 1,2026-09-23,08:00 - 09:00,295000,Available
2443_5186_09:00,2443,Courtyard Padel Club,5186,Court 1,2026-09-23,09:00 - 10:00,215000,Available
2443_5186_10:00,2443,Courtyard Padel Club,5186,Court 1,2026-09-23,10:00 - 11:00,215000,Available
2443_5186_11:00,2443,Courtyard Padel Club,5186,Court 1,2026-09-23,11:00 - 12:00,215000,Available
2443_5187_08:00,2443,Courtyard Padel Club,5187,Court 2,2026-09-23,08:00 - 09:00,295000,Available
2443_5187_09:00,2443,Courtyard Padel Club,5187,Court 2,2026-09-23,09:00 - 10:00,215000,Available
2443_5187_10:00,2443,Courtyard Padel Club,5187,Court 2,2026-09-23,10:00 - 11:00,215000,Available
2443_5187_11:00,2443,Courtyard Padel Club,5187,Court 2,2026-09-23,11:00 - 12:00,215000,Available
2443_5188_08:00,2443,Courtyard Padel Club,5188,Court 3,2026-09-23,08:00 - 09:00,295000,Available
2443_5188_09:00,2443,Courtyard Padel Club,5188,Court 3,2026-09-23,09:00 - 10:00,215000,Available
2443_5188_10:00,2443,Courtyard Padel Club,5188,Court 3,2026-09-23,10:00 - 11:00,215000,Available
2443_5188_11:00,2443,Courtyard Padel Club,5188,Court 3,2026-09-23,11:00 - 12:00,215000,Available
2443_5189_08:00,2443,Courtyard Padel Club,5189,Court Vip,2026-09-23,08:00 - 09:00,325000,Available
2443_5189_09:00,2443,Courtyard Padel Club,5189,Court Vip,2026-09-23,09:00 - 10:00,235000,Booked
2443_5189_10:00,2443,Courtyard Padel Club,5189,Court Vip,2026-09-23,10:00 - 11:00,235000,Available
2443_5189_11:00,2443,Courtyard Padel Club,5189,Court Vip,2026-09-23,11:00 - 12:00,235000,Available
2443_8323_08:00,2443,Courtyard Padel Club,8323,Court A,2026-09-23,08:00 - 09:00,215000,Available
2443_8323_09:00,2443,Courtyard Padel Club,8323,Court A,2026-09-23,09:00 - 10:00,165000,Available
2443_8323_10:00,2443,Courtyard Padel Club,8323,Court A,2026-09-23,10:00 - 11:00,165000,Available
2443_8323_11:00,2443,Courtyard Padel Club,8323,Court A,2026-09-23,11:00 - 12:00,165000,Available
2443_8324_08:00,2443,Courtyard Padel Club,8324,Court B,2026-09-23,08:00 - 09:00,215000,Available
2443_8324_09:00,2443,Courtyard Padel Club,8324,Court B,2026-09-23,09:00 - 10:00,165000,Available
2443_8324_10:00,2443,Courtyard Padel Club,8324,Court B,2026-09-23,10:00 - 11:00,165000,Available
2443_8324_11:00,2443,Courtyard Padel Club,8324,Court B,2026-09-23,11:00 - 12:00,165000,Available
2443_8325_08:00,2443,Courtyard Padel Club,8325,Court C,2026-09-23,08:00 - 09:00,215000,Available
2443_8325_09:00,2443,Courtyard Padel Club,8325,Court C,2026-09-23,09:00 - 10:00,165000,Available
2443_8325_10:00,2443,Courtyard Padel Club,8325,Court C,2026-09-23,10:00 - 11:00,165000,Available
2443_8325_11:00,2443,Courtyard Padel Club,8325,Court C,2026-09-23,11:00 - 12:00,165000,Available
1679_4888_08:00,1679,IPC Padel Club Kedoya,4888,1 Blue,2026-09-23,08:00 - 09:00,150000,Available
1679_4888_09:00,1679,IPC Padel Club Kedoya,4888,1 Blue,2026-09-23,09:00 - 10:00,150000,Available
1679_4888_10:00,1679,IPC Padel Club Kedoya,4888,1 Blue,2026-09-23,10:00 - 11:00,150000,Available
1679_4888_11:00,1679,IPC Padel Club Kedoya,4888,1 Blue,2026-09-23,11:00 - 12:00,150000,Available
1679_6870_08:00,1679,IPC Padel Club Kedoya,6870,2 Blue,2026-09-23,08:00 - 09:00,150000,Available
1679_6870_09:00,1679,IPC Padel Club Kedoya,6870,2 Blue,2026-09-23,09:00 - 10:00,150000,Booked
1679_6870_10:00,1679,IPC Padel Club Kedoya,6870,2 Blue,2026-09-23,10:00 - 11:00,150000,Booked
1679_6870_11:00,1679,IPC Padel Club Kedoya,6870,2 Blue,2026-09-23,11:00 - 12:00,150000,Available
1679_6871_08:00,1679,IPC Padel Club Kedoya,6871,3 Green,2026-09-23,08:00 - 09:00,150000,Available
1679_6871_09:00,1679,IPC Padel Club Kedoya,6871,3 Green,2026-09-23,09:00 - 10:00,150000,Available
1679_6871_10:00,1679,IPC Padel Club Kedoya,6871,3 Green,2026-09-23,10:00 - 11:00,150000,Available
1679_6871_11:00,1679,IPC Padel Club Kedoya,6871,3 Green,2026-09-23,11:00 - 12:00,150000,Booked
1679_6872_08:00,1679,IPC Padel Club Kedoya,6872,4 Green,2026-09-23,08:00 - 09:00,150000,Available
1679_6872_09:00,1679,IPC Padel Club Kedoya,6872,4 Green,2026-09-23,09:00 - 10:00,150000,Available
1679_6872_10:00,1679,IPC Padel Club Kedoya,6872,4 Green,2026-09-23,10:00 - 11:00,150000,Available
1679_6872_11:00,1679,IPC Padel Club Kedoya,6872,4 Green,2026-09-23,11:00 - 12:00,150000,Available
1679_6873_08:00,1679,IPC Padel Club Kedoya,6873,5 Terracotta,2026-09-23,08:00 - 09:00,150000,Available
1679_6873_09:00,1679,IPC Padel Club Kedoya,6873,5 Terracotta,2026-09-23,09:00 - 10:00,150000,Available
1679_6873_10:00,1679,IPC Padel Club Kedoya,6873,5 Terracotta,2026-09-23,10:00 - 11:00,150000,Available
1679_6873_11:00,1679,IPC Padel Club Kedoya,6873,5 Terracotta,2026-09-23,11:00 - 12:00,150000,Available
1679_6874_08:00,1679,IPC Padel Club Kedoya,6874,6 Terracotta,2026-09-23,08:00 - 09:00,150000,Available
1679_6874_09:00,1679,IPC Padel Club Kedoya,6874,6 Terracotta,2026-09-23,09:00 - 10:00,150000,Available
1679_6874_10:00,1679,IPC Padel Club Kedoya,6874,6 Terracotta,2026-09-23,10:00 - 11:00,150000,Available
1679_6874_11:00,1679,IPC Padel Club Kedoya,6874,6 Terracotta,2026-09-23,11:00 - 12:00,150000,Available
1679_6875_08:00,1679,IPC Padel Club Kedoya,6875,7 Pink,2026-09-23,08:00 - 09:00,150000,Available
1679_6875_09:00,1679,IPC Padel Club Kedoya,6875,7 Pink,2026-09-23,09:00 - 10:00,150000,Available
1679_6875_10:00,1679,IPC Padel Club Kedoya,6875,7 Pink,2026-09-23,10:00 - 11:00,150000,Available
1679_6875_11:00,1679,IPC Padel Club Kedoya,6875,7 Pink,2026-09-23,11:00 - 12:00,150000,Available
1679_6876_08:00,1679,IPC Padel Club Kedoya,6876,8 Pink,2026-09-23,08:00 - 09:00,150000,Available
1679_6876_09:00,1679,IPC Padel Club Kedoya,6876,8 Pink,2026-09-23,09:00 - 10:00,150000,Available
1679_6876_10:00,1679,IPC Padel Club Kedoya,6876,8 Pink,2026-09-23,10:00 - 11:00,150000,Available
1679_6876_11:00,1679,IPC Padel Club Kedoya,6876,8 Pink,2026-09-23,11:00 - 12:00,150000,Available
3351_8504_08:00,3351,DAAN MOGOT PADEL COURT,8504,Court 1,2026-09-23,08:00 - 09:00,125000,Available
3351_8504_09:00,3351,DAAN MOGOT PADEL COURT,8504,Court 1,2026-09-23,09:00 - 10:00,125000,Available
3351_8504_10:00,3351,DAAN MOGOT PADEL COURT,8504,Court 1,2026-09-23,10:00 - 11:00,125000,Available
3351_8504_11:00,3351,DAAN MOGOT PADEL COURT,8504,Court 1,2026-09-23,11:00 - 12:00,125000,Available
3351_8505_08:00,3351,DAAN MOGOT PADEL COURT,8505,Court 2,2026-09-23,08:00 - 09:00,125000,Available
3351_8505_09:00,3351,DAAN MOGOT PADEL COURT,8505,Court 2,2026-09-23,09:00 - 10:00,125000,Available
3351_8505_10:00,3351,DAAN MOGOT PADEL COURT,8505,Court 2,2026-09-23,10:00 - 11:00,125000,Available
3351_8505_11:00,3351,DAAN MOGOT PADEL COURT,8505,Court 2,2026-09-23,11:00 - 12:00,125000,Available
3351_8506_08:00,3351,DAAN MOGOT PADEL COURT,8506,Court 3,2026-09-23,08:00 - 09:00,125000,Available
3351_8506_09:00,3351,DAAN MOGOT PADEL COURT,8506,Court 3,2026-09-23,09:00 - 10:00,125000,Available
3351_8506_10:00,3351,DAAN MOGOT PADEL COURT,8506,Court 3,2026-09-23,10:00 - 11:00,125000,Available
3351_8506_11:00,3351,DAAN MOGOT PADEL COURT,8506,Court 3,2026-09-23,11:00 - 12:00,125000,Available
3351_8507_08:00,3351,DAAN MOGOT PADEL COURT,8507,Court 4,2026-09-23,08:00 - 09:00,125000,Available
3351_8507_09:00,3351,DAAN MOGOT PADEL COURT,8507,Court 4,2026-09-23,09:00 - 10:00,125000,Available
3351_8507_10:00,3351,DAAN MOGOT PADEL COURT,8507,Court 4,2026-09-23,10:00 - 11:00,125000,Available
3351_8507_11:00,3351,DAAN MOGOT PADEL COURT,8507,Court 4,2026-09-23,11:00 - 12:00,125000,Available
3351_8508_08:00,3351,DAAN MOGOT PADEL COURT,8508,Court 5,2026-09-23,08:00 - 09:00,125000,Available
3351_8508_09:00,3351,DAAN MOGOT PADEL COURT,8508,Court 5,2026-09-23,09:00 - 10:00,125000,Available
3351_8508_10:00,3351,DAAN MOGOT PADEL COURT,8508,Court 5,2026-09-23,10:00 - 11:00,125000,Available
3351_8508_11:00,3351,DAAN MOGOT PADEL COURT,8508,Court 5,2026-09-23,11:00 - 12:00,125000,Available
3351_8509_08:00,3351,DAAN MOGOT PADEL COURT,8509,Court 6,2026-09-23,08:00 - 09:00,125000,Available
3351_8509_09:00,3351,DAAN MOGOT PADEL COURT,8509,Court 6,2026-09-23,09:00 - 10:00,125000,Available
3351_8509_10:00,3351,DAAN MOGOT PADEL COURT,8509,Court 6,2026-09-23,10:00 - 11:00,125000,Available
3351_8509_11:00,3351,DAAN MOGOT PADEL COURT,8509,Court 6,2026-09-23,11:00 - 12:00,125000,Available
3738_9239_08:00,3738,EL WILLY PADEL,9239,Court 1,2026-09-23,08:00 - 09:00,330000,Available
3738_9239_09:00,3738,EL WILLY PADEL,9239,Court 1,2026-09-23,09:00 - 10:00,330000,Booked
3738_9239_10:00,3738,EL WILLY PADEL,9239,Court 1,2026-09-23,10:00 - 11:00,250000,Booked
3738_9239_11:00,3738,EL WILLY PADEL,9239,Court 1,2026-09-23,11:00 - 12:00,250000,Available
3738_9240_08:00,3738,EL WILLY PADEL,9240,Court 2,2026-09-23,08:00 - 09:00,330000,Available
3738_9240_09:00,3738,EL WILLY PADEL,9240,Court 2,2026-09-23,09:00 - 10:00,330000,Booked
3738_9240_10:00,3738,EL WILLY PADEL,9240,Court 2,2026-09-23,10:00 - 11:00,250000,Booked
3738_9240_11:00,3738,EL WILLY PADEL,9240,Court 2,2026-09-23,11:00 - 12:00,250000,Available
2667_5975_08:00,2667,Paddle Padel,5975,Court Left,2026-09-23,08:00 - 09:00,200000,Available
2667_5975_09:00,2667,Paddle Padel,5975,Court Left,2026-09-23,09:00 - 10:00,200000,Available
2667_5975_10:00,2667,Paddle Padel,5975,Court Left,2026-09-23,10:00 - 11:00,150000,Available
2667_5975_11:00,2667,Paddle Padel,5975,Court Left,2026-09-23,11:00 - 12:00,150000,Available
2667_5976_08:00,2667,Paddle Padel,5976,Court Right,2026-09-23,08:00 - 09:00,200000,Available
2667_5976_09:00,2667,Paddle Padel,5976,Court Right,2026-09-23,09:00 - 10:00,200000,Available
2667_5976_10:00,2667,Paddle Padel,5976,Court Right,2026-09-23,10:00 - 11:00,150000,Available
2667_5976_11:00,2667,Paddle Padel,5976,Court Right,2026-09-23,11:00 - 12:00,150000,Available
4047_10008_08:00,4047,Dale Padel,10008,Court A,2026-09-23,08:00 - 09:00,50000,Available
4047_10008_09:00,4047,Dale Padel,10008,Court A,2026-09-23,09:00 - 10:00,50000,Available
4047_10008_10:00,4047,Dale Padel,10008,Court A,2026-09-23,10:00 - 11:00,50000,Available
4047_10008_11:00,4047,Dale Padel,10008,Court A,2026-09-23,11:00 - 12:00,50000,Available
4047_11193_08:00,4047,Dale Padel,11193,Court B - VIP,2026-09-23,08:00 - 09:00,65000,Available
4047_11193_09:00,4047,Dale Padel,11193,Court B - VIP,2026-09-23,09:00 - 10:00,65000,Available
4047_11193_10:00,4047,Dale Padel,11193,Court B - VIP,2026-09-23,10:00 - 11:00,65000,Available
4047_11193_11:00,4047,Dale Padel,11193,Court B - VIP,2026-09-23,11:00 - 12:00,65000,Available
2175_4505_08:00,2175,Eagle Padel PIK,4505,Lapangan A,2026-09-23,08:00 - 09:00,170000,Available
2175_4505_09:00,2175,Eagle Padel PIK,4505,Lapangan A,2026-09-23,09:00 - 10:00,170000,Available
2175_4505_10:00,2175,Eagle Padel PIK,4505,Lapangan A,2026-09-23,10:00 - 11:00,170000,Available
2175_4505_11:00,2175,Eagle Padel PIK,4505,Lapangan A,2026-09-23,11:00 - 12:00,170000,Available
2175_5430_08:00,2175,Eagle Padel PIK,5430,Lapangan B,2026-09-23,08:00 - 09:00,170000,Available
2175_5430_09:00,2175,Eagle Padel PIK,5430,Lapangan B,2026-09-23,09:00 - 10:00,170000,Available
2175_5430_10:00,2175,Eagle Padel PIK,5430,Lapangan B,2026-09-23,10:00 - 11:00,170000,Available
2175_5430_11:00,2175,Eagle Padel PIK,5430,Lapangan B,2026-09-23,11:00 - 12:00,170000,Available
2175_5431_08:00,2175,Eagle Padel PIK,5431,Lapangan C,2026-09-23,08:00 - 09:00,170000,Available
2175_5431_09:00,2175,Eagle Padel PIK,5431,Lapangan C,2026-09-23,09:00 - 10:00,170000,Available
2175_5431_10:00,2175,Eagle Padel PIK,5431,Lapangan C,2026-09-23,10:00 - 11:00,170000,Available
2175_5431_11:00,2175,Eagle Padel PIK,5431,Lapangan C,2026-09-23,11:00 - 12:00,170000,Available
2175_5432_08:00,2175,Eagle Padel PIK,5432,Lapangan D,2026-09-23,08:00 - 09:00,170000,Available
2175_5432_09:00,2175,Eagle Padel PIK,5432,Lapangan D,2026-09-23,09:00 - 10:00,170000,Available
2175_5432_10:00,2175,Eagle Padel PIK,5432,Lapangan D,2026-09-23,10:00 - 11:00,170000,Available
2175_5432_11:00,2175,Eagle Padel PIK,5432,Lapangan D,2026-09-23,11:00 - 12:00,170000,Available
2674_7654_08:00,2674,Roots Padel House,7654,The House,2026-09-23,08:00 - 09:00,149000,Available
2674_7654_09:00,2674,Roots Padel House,7654,The House,2026-09-23,09:00 - 10:00,149000,Booked
2674_7654_10:00,2674,Roots Padel House,7654,The House,2026-09-23,10:00 - 11:00,149000,Available
2674_7654_11:00,2674,Roots Padel House,7654,The House,2026-09-23,11:00 - 12:00,149000,Available
4442_11186_08:00,4442,Alley Social Padel Mahjong By Homeground,11186,Court 1,2026-09-23,08:00 - 09:00,225000,Booked
4442_11186_09:00,4442,Alley Social Padel Mahjong By Homeground,11186,Court 1,2026-09-23,09:00 - 10:00,225000,Available
4442_11186_10:00,4442,Alley Social Padel Mahjong By Homeground,11186,Court 1,2026-09-23,10:00 - 11:00,125000,Booked
4442_11186_11:00,4442,Alley Social Padel Mahjong By Homeground,11186,Court 1,2026-09-23,11:00 - 12:00,125000,Booked
4442_11400_08:00,4442,Alley Social Padel Mahjong By Homeground,11400,Court 2,2026-09-23,08:00 - 09:00,225000,Booked
4442_11400_09:00,4442,Alley Social Padel Mahjong By Homeground,11400,Court 2,2026-09-23,09:00 - 10:00,225000,Available
4442_11400_10:00,4442,Alley Social Padel Mahjong By Homeground,11400,Court 2,2026-09-23,10:00 - 11:00,125000,Booked
4442_11400_11:00,4442,Alley Social Padel Mahjong By Homeground,11400,Court 2,2026-09-23,11:00 - 12:00,125000,Booked
4442_11401_08:00,4442,Alley Social Padel Mahjong By Homeground,11401,VIP Court,2026-09-23,08:00 - 09:00,210000,Available
4442_11401_09:00,4442,Alley Social Padel Mahjong By Homeground,11401,VIP Court,2026-09-23,09:00 - 10:00,210000,Available
4442_11401_10:00,4442,Alley Social Padel Mahjong By Homeground,11401,VIP Court,2026-09-23,10:00 - 11:00,125000,Available
4442_11401_11:00,4442,Alley Social Padel Mahjong By Homeground,11401,VIP Court,2026-09-23,11:00 - 12:00,125000,Available
4442_12415_08:00,4442,Alley Social Padel Mahjong By Homeground,12415,Mahjong,2026-09-23,08:00 - 09:00,75000,Available
4442_12415_09:00,4442,Alley Social Padel Mahjong By Homeground,12415,Mahjong,2026-09-23,09:00 - 10:00,75000,Available
4442_12415_10:00,4442,Alley Social Padel Mahjong By Homeground,12415,Mahjong,2026-09-23,10:00 - 11:00,75000,Available
4442_12415_11:00,4442,Alley Social Padel Mahjong By Homeground,12415,Mahjong,2026-09-23,11:00 - 12:00,75000,Available
332_6129_08:00,332,Fighter Hall,6129,Padel Court,2026-09-23,08:00 - 09:00,100000,Available
332_6129_09:00,332,Fighter Hall,6129,Padel Court,2026-09-23,09:00 - 10:00,100000,Available
332_6129_10:00,332,Fighter Hall,6129,Padel Court,2026-09-23,10:00 - 11:00,100000,Available
332_6129_11:00,332,Fighter Hall,6129,Padel Court,2026-09-23,11:00 - 12:00,100000,Available
332_487_08:00,332,Fighter Hall,487,Hall 1,2026-09-23,08:00 - 09:00,60000,Available
332_487_09:00,332,Fighter Hall,487,Hall 1,2026-09-23,09:00 - 10:00,60000,Available
332_487_10:00,332,Fighter Hall,487,Hall 1,2026-09-23,10:00 - 11:00,60000,Booked
332_487_11:00,332,Fighter Hall,487,Hall 1,2026-09-23,11:00 - 12:00,60000,Available
332_488_08:00,332,Fighter Hall,488,Hall 2,2026-09-23,08:00 - 09:00,60000,Available
332_488_09:00,332,Fighter Hall,488,Hall 2,2026-09-23,09:00 - 10:00,60000,Available
332_488_10:00,332,Fighter Hall,488,Hall 2,2026-09-23,10:00 - 11:00,60000,Available
332_488_11:00,332,Fighter Hall,488,Hall 2,2026-09-23,11:00 - 12:00,60000,Available
332_489_08:00,332,Fighter Hall,489,Hall 3,2026-09-23,08:00 - 09:00,60000,Available
332_489_09:00,332,Fighter Hall,489,Hall 3,2026-09-23,09:00 - 10:00,60000,Available
332_489_10:00,332,Fighter Hall,489,Hall 3,2026-09-23,10:00 - 11:00,60000,Available
332_489_11:00,332,Fighter Hall,489,Hall 3,2026-09-23,11:00 - 12:00,60000,Available
332_490_08:00,332,Fighter Hall,490,Hall 4,2026-09-23,08:00 - 09:00,60000,Available
332_490_09:00,332,Fighter Hall,490,Hall 4,2026-09-23,09:00 - 10:00,60000,Available
332_490_10:00,332,Fighter Hall,490,Hall 4,2026-09-23,10:00 - 11:00,60000,Available
332_490_11:00,332,Fighter Hall,490,Hall 4,2026-09-23,11:00 - 12:00,60000,Available
332_491_08:00,332,Fighter Hall,491,Hall 5,2026-09-23,08:00 - 09:00,60000,Available
332_491_09:00,332,Fighter Hall,491,Hall 5,2026-09-23,09:00 - 10:00,60000,Available
332_491_10:00,332,Fighter Hall,491,Hall 5,2026-09-23,10:00 - 11:00,60000,Available
332_491_11:00,332,Fighter Hall,491,Hall 5,2026-09-23,11:00 - 12:00,60000,Available
2383_5055_08:00,2383,Como Padel Court,5055,Court 1 - MILAN,2026-09-23,08:00 - 09:00,140000,Booked
2383_5055_09:00,2383,Como Padel Court,5055,Court 1 - MILAN,2026-09-23,09:00 - 10:00,200000,Booked
2383_5055_10:00,2383,Como Padel Court,5055,Court 1 - MILAN,2026-09-23,10:00 - 11:00,200000,Available
2383_5055_11:00,2383,Como Padel Court,5055,Court 1 - MILAN,2026-09-23,11:00 - 12:00,99000,Available
2383_9973_08:00,2383,Como Padel Court,9973,Court 2 - ROMA,2026-09-23,08:00 - 09:00,140000,Booked
2383_9973_09:00,2383,Como Padel Court,9973,Court 2 - ROMA,2026-09-23,09:00 - 10:00,200000,Booked
2383_9973_10:00,2383,Como Padel Court,9973,Court 2 - ROMA,2026-09-23,10:00 - 11:00,200000,Available
2383_9973_11:00,2383,Como Padel Court,9973,Court 2 - ROMA,2026-09-23,11:00 - 12:00,99000,Available
2383_9974_08:00,2383,Como Padel Court,9974,Court 3 - FIRENZE,2026-09-23,08:00 - 09:00,140000,Available
2383_9974_09:00,2383,Como Padel Court,9974,Court 3 - FIRENZE,2026-09-23,09:00 - 10:00,200000,Booked
2383_9974_10:00,2383,Como Padel Court,9974,Court 3 - FIRENZE,2026-09-23,10:00 - 11:00,200000,Booked
2383_9974_11:00,2383,Como Padel Court,9974,Court 3 - FIRENZE,2026-09-23,11:00 - 12:00,99000,Available
2383_9972_08:00,2383,Como Padel Court,9972,Court 4 - NAPOLI,2026-09-23,08:00 - 09:00,140000,Available
2383_9972_09:00,2383,Como Padel Court,9972,Court 4 - NAPOLI,2026-09-23,09:00 - 10:00,200000,Booked
2383_9972_10:00,2383,Como Padel Court,9972,Court 4 - NAPOLI,2026-09-23,10:00 - 11:00,200000,Booked
2383_9972_11:00,2383,Como Padel Court,9972,Court 4 - NAPOLI,2026-09-23,11:00 - 12:00,99000,Booked
1064_1908_08:00,1064,Avion Sports Center,1908,Field A,2026-09-23,08:00 - 09:00,500000,Available
1064_1908_09:00,1064,Avion Sports Center,1908,Field A,2026-09-23,09:00 - 10:00,500000,Available
1064_1908_10:00,1064,Avion Sports Center,1908,Field A,2026-09-23,10:00 - 11:00,500000,Available
1064_1908_11:00,1064,Avion Sports Center,1908,Field A,2026-09-23,11:00 - 12:00,500000,Available
1064_2352_08:00,1064,Avion Sports Center,2352,Field B,2026-09-23,08:00 - 09:00,500000,Available
1064_2352_09:00,1064,Avion Sports Center,2352,Field B,2026-09-23,09:00 - 10:00,500000,Available
1064_2352_10:00,1064,Avion Sports Center,2352,Field B,2026-09-23,10:00 - 11:00,500000,Available
1064_2352_11:00,1064,Avion Sports Center,2352,Field B,2026-09-23,11:00 - 12:00,500000,Available
1064_1885_08:00,1064,Avion Sports Center,1885,Biru 1,2026-09-23,08:00 - 09:00,200000,Available
1064_1885_09:00,1064,Avion Sports Center,1885,Biru 1,2026-09-23,09:00 - 10:00,200000,Available
1064_1885_10:00,1064,Avion Sports Center,1885,Biru 1,2026-09-23,10:00 - 11:00,200000,Available
1064_1885_11:00,1064,Avion Sports Center,1885,Biru 1,2026-09-23,11:00 - 12:00,180000,Available
1064_2354_08:00,1064,Avion Sports Center,2354,Biru 2,2026-09-23,08:00 - 09:00,200000,Available
1064_2354_09:00,1064,Avion Sports Center,2354,Biru 2,2026-09-23,09:00 - 10:00,200000,Available
1064_2354_10:00,1064,Avion Sports Center,2354,Biru 2,2026-09-23,10:00 - 11:00,200000,Available
1064_2354_11:00,1064,Avion Sports Center,2354,Biru 2,2026-09-23,11:00 - 12:00,180000,Available
1064_2355_08:00,1064,Avion Sports Center,2355,Biru 3,2026-09-23,08:00 - 09:00,200000,Available
1064_2355_09:00,1064,Avion Sports Center,2355,Biru 3,2026-09-23,09:00 - 10:00,200000,Available
1064_2355_10:00,1064,Avion Sports Center,2355,Biru 3,2026-09-23,10:00 - 11:00,200000,Available
1064_2355_11:00,1064,Avion Sports Center,2355,Biru 3,2026-09-23,11:00 - 12:00,180000,Available
1064_2356_08:00,1064,Avion Sports Center,2356,Biru 4,2026-09-23,08:00 - 09:00,200000,Available
1064_2356_09:00,1064,Avion Sports Center,2356,Biru 4,2026-09-23,09:00 - 10:00,200000,Available
1064_2356_10:00,1064,Avion Sports Center,2356,Biru 4,2026-09-23,10:00 - 11:00,200000,Available
1064_2356_11:00,1064,Avion Sports Center,2356,Biru 4,2026-09-23,11:00 - 12:00,180000,Available
1064_1879_08:00,1064,Avion Sports Center,1879,Hijau 1,2026-09-23,08:00 - 09:00,200000,Available
1064_1879_09:00,1064,Avion Sports Center,1879,Hijau 1,2026-09-23,09:00 - 10:00,200000,Available
1064_1879_10:00,1064,Avion Sports Center,1879,Hijau 1,2026-09-23,10:00 - 11:00,200000,Available
1064_1879_11:00,1064,Avion Sports Center,1879,Hijau 1,2026-09-23,11:00 - 12:00,180000,Available
1064_1880_08:00,1064,Avion Sports Center,1880,Hijau 2,2026-09-23,08:00 - 09:00,200000,Available
1064_1880_09:00,1064,Avion Sports Center,1880,Hijau 2,2026-09-23,09:00 - 10:00,200000,Available
1064_1880_10:00,1064,Avion Sports Center,1880,Hijau 2,2026-09-23,10:00 - 11:00,200000,Available
1064_1880_11:00,1064,Avion Sports Center,1880,Hijau 2,2026-09-23,11:00 - 12:00,180000,Available
3565_8801_08:00,3565,Commune Courts,8801,Center Court (Outdoor),2026-09-23,08:00 - 09:00,150000,Available
3565_8801_09:00,3565,Commune Courts,8801,Center Court (Outdoor),2026-09-23,09:00 - 10:00,150000,Available
3565_8801_10:00,3565,Commune Courts,8801,Center Court (Outdoor),2026-09-23,10:00 - 11:00,150000,Available
3565_8801_11:00,3565,Commune Courts,8801,Center Court (Outdoor),2026-09-23,11:00 - 12:00,150000,Available
3565_8795_08:00,3565,Commune Courts,8795,Court 1,2026-09-23,08:00 - 09:00,200000,Available
3565_8795_09:00,3565,Commune Courts,8795,Court 1,2026-09-23,09:00 - 10:00,200000,Available
3565_8795_10:00,3565,Commune Courts,8795,Court 1,2026-09-23,10:00 - 11:00,100000,Booked
3565_8795_11:00,3565,Commune Courts,8795,Court 1,2026-09-23,11:00 - 12:00,100000,Booked
3565_8796_08:00,3565,Commune Courts,8796,Courts 2,2026-09-23,08:00 - 09:00,200000,Available
3565_8796_09:00,3565,Commune Courts,8796,Courts 2,2026-09-23,09:00 - 10:00,200000,Available
3565_8796_10:00,3565,Commune Courts,8796,Courts 2,2026-09-23,10:00 - 11:00,100000,Booked
3565_8796_11:00,3565,Commune Courts,8796,Courts 2,2026-09-23,11:00 - 12:00,100000,Available
3565_8797_08:00,3565,Commune Courts,8797,Court 3,2026-09-23,08:00 - 09:00,200000,Booked
3565_8797_09:00,3565,Commune Courts,8797,Court 3,2026-09-23,09:00 - 10:00,200000,Booked
3565_8797_10:00,3565,Commune Courts,8797,Court 3,2026-09-23,10:00 - 11:00,100000,Booked
3565_8797_11:00,3565,Commune Courts,8797,Court 3,2026-09-23,11:00 - 12:00,100000,Booked
3565_8798_08:00,3565,Commune Courts,8798,Court 4,2026-09-23,08:00 - 09:00,200000,Booked
3565_8798_09:00,3565,Commune Courts,8798,Court 4,2026-09-23,09:00 - 10:00,200000,Booked
3565_8798_10:00,3565,Commune Courts,8798,Court 4,2026-09-23,10:00 - 11:00,100000,Available
3565_8798_11:00,3565,Commune Courts,8798,Court 4,2026-09-23,11:00 - 12:00,100000,Available
3565_8799_08:00,3565,Commune Courts,8799,Court 5,2026-09-23,08:00 - 09:00,200000,Available
3565_8799_09:00,3565,Commune Courts,8799,Court 5,2026-09-23,09:00 - 10:00,200000,Available
3565_8799_10:00,3565,Commune Courts,8799,Court 5,2026-09-23,10:00 - 11:00,100000,Available
3565_8799_11:00,3565,Commune Courts,8799,Court 5,2026-09-23,11:00 - 12:00,100000,Available
2132_4745_08:00,2132,The Padel Point,4745,Court A,2026-09-23,08:00 - 09:00,150000,Available
2132_4745_09:00,2132,The Padel Point,4745,Court A,2026-09-23,09:00 - 10:00,150000,Available
2132_4745_10:00,2132,The Padel Point,4745,Court A,2026-09-23,10:00 - 11:00,150000,Available
2132_4745_11:00,2132,The Padel Point,4745,Court A,2026-09-23,11:00 - 12:00,150000,Available
2132_7321_08:00,2132,The Padel Point,7321,Court B,2026-09-23,08:00 - 09:00,150000,Available
2132_7321_09:00,2132,The Padel Point,7321,Court B,2026-09-23,09:00 - 10:00,150000,Available
2132_7321_10:00,2132,The Padel Point,7321,Court B,2026-09-23,10:00 - 11:00,150000,Available
2132_7321_11:00,2132,The Padel Point,7321,Court B,2026-09-23,11:00 - 12:00,150000,Available
2132_7322_08:00,2132,The Padel Point,7322,Court C,2026-09-23,08:00 - 09:00,150000,Available
2132_7322_09:00,2132,The Padel Point,7322,Court C,2026-09-23,09:00 - 10:00,150000,Available
2132_7322_10:00,2132,The Padel Point,7322,Court C,2026-09-23,10:00 - 11:00,150000,Available
2132_7322_11:00,2132,The Padel Point,7322,Court C,2026-09-23,11:00 - 12:00,150000,Available
2132_7323_08:00,2132,The Padel Point,7323,Court D,2026-09-23,08:00 - 09:00,150000,Available
2132_7323_09:00,2132,The Padel Point,7323,Court D,2026-09-23,09:00 - 10:00,150000,Available
2132_7323_10:00,2132,The Padel Point,7323,Court D,2026-09-23,10:00 - 11:00,150000,Available
2132_7323_11:00,2132,The Padel Point,7323,Court D,2026-09-23,11:00 - 12:00,150000,Available
3221_7716_08:00,3221,United Padel Club,7716,Court A,2026-09-23,08:00 - 09:00,120000,Available
3221_7716_09:00,3221,United Padel Club,7716,Court A,2026-09-23,09:00 - 10:00,120000,Available
3221_7716_10:00,3221,United Padel Club,7716,Court A,2026-09-23,10:00 - 11:00,120000,Available
3221_7716_11:00,3221,United Padel Club,7716,Court A,2026-09-23,11:00 - 12:00,120000,Available
3221_8485_08:00,3221,United Padel Club,8485,Court B,2026-09-23,08:00 - 09:00,120000,Available
3221_8485_09:00,3221,United Padel Club,8485,Court B,2026-09-23,09:00 - 10:00,120000,Available
3221_8485_10:00,3221,United Padel Club,8485,Court B,2026-09-23,10:00 - 11:00,120000,Available
3221_8485_11:00,3221,United Padel Club,8485,Court B,2026-09-23,11:00 - 12:00,120000,Available
3221_8486_08:00,3221,United Padel Club,8486,Court C,2026-09-23,08:00 - 09:00,120000,Available
3221_8486_09:00,3221,United Padel Club,8486,Court C,2026-09-23,09:00 - 10:00,120000,Available
3221_8486_10:00,3221,United Padel Club,8486,Court C,2026-09-23,10:00 - 11:00,120000,Available
3221_8486_11:00,3221,United Padel Club,8486,Court C,2026-09-23,11:00 - 12:00,120000,Available
3221_8487_08:00,3221,United Padel Club,8487,Court D,2026-09-23,08:00 - 09:00,120000,Available
3221_8487_09:00,3221,United Padel Club,8487,Court D,2026-09-23,09:00 - 10:00,120000,Available
3221_8487_10:00,3221,United Padel Club,8487,Court D,2026-09-23,10:00 - 11:00,120000,Available
3221_8487_11:00,3221,United Padel Club,8487,Court D,2026-09-23,11:00 - 12:00,120000,Available
2800_12664_08:00,2800,Sunrise Padel - Sunrise Garden,12664,Table 01,2026-09-23,08:00 - 09:00,50000,Available
2800_12664_09:00,2800,Sunrise Padel - Sunrise Garden,12664,Table 01,2026-09-23,09:00 - 10:00,50000,Available
2800_12664_10:00,2800,Sunrise Padel - Sunrise Garden,12664,Table 01,2026-09-23,10:00 - 11:00,50000,Available
2800_12664_11:00,2800,Sunrise Padel - Sunrise Garden,12664,Table 01,2026-09-23,11:00 - 12:00,50000,Available
2800_12665_08:00,2800,Sunrise Padel - Sunrise Garden,12665,Table 02,2026-09-23,08:00 - 09:00,50000,Available
2800_12665_09:00,2800,Sunrise Padel - Sunrise Garden,12665,Table 02,2026-09-23,09:00 - 10:00,50000,Available
2800_12665_10:00,2800,Sunrise Padel - Sunrise Garden,12665,Table 02,2026-09-23,10:00 - 11:00,50000,Available
2800_12665_11:00,2800,Sunrise Padel - Sunrise Garden,12665,Table 02,2026-09-23,11:00 - 12:00,50000,Available
2800_12666_08:00,2800,Sunrise Padel - Sunrise Garden,12666,Table 03,2026-09-23,08:00 - 09:00,50000,Available
2800_12666_09:00,2800,Sunrise Padel - Sunrise Garden,12666,Table 03,2026-09-23,09:00 - 10:00,50000,Available
2800_12666_10:00,2800,Sunrise Padel - Sunrise Garden,12666,Table 03,2026-09-23,10:00 - 11:00,50000,Available
2800_12666_11:00,2800,Sunrise Padel - Sunrise Garden,12666,Table 03,2026-09-23,11:00 - 12:00,50000,Available
2800_6326_08:00,2800,Sunrise Padel - Sunrise Garden,6326,Rose,2026-09-23,08:00 - 09:00,100000,Available
2800_6326_09:00,2800,Sunrise Padel - Sunrise Garden,6326,Rose,2026-09-23,09:00 - 10:00,100000,Booked
2800_6326_10:00,2800,Sunrise Padel - Sunrise Garden,6326,Rose,2026-09-23,10:00 - 11:00,100000,Booked
2800_6326_11:00,2800,Sunrise Padel - Sunrise Garden,6326,Rose,2026-09-23,11:00 - 12:00,100000,Available
2800_6328_08:00,2800,Sunrise Padel - Sunrise Garden,6328,Garden,2026-09-23,08:00 - 09:00,100000,Available
2800_6328_09:00,2800,Sunrise Padel - Sunrise Garden,6328,Garden,2026-09-23,09:00 - 10:00,100000,Available
2800_6328_10:00,2800,Sunrise Padel - Sunrise Garden,6328,Garden,2026-09-23,10:00 - 11:00,100000,Available
2800_6328_11:00,2800,Sunrise Padel - Sunrise Garden,6328,Garden,2026-09-23,11:00 - 12:00,100000,Available
2800_6327_08:00,2800,Sunrise Padel - Sunrise Garden,6327,Sky,2026-09-23,08:00 - 09:00,100000,Available
2800_6327_09:00,2800,Sunrise Padel - Sunrise Garden,6327,Sky,2026-09-23,09:00 - 10:00,100000,Available
2800_6327_10:00,2800,Sunrise Padel - Sunrise Garden,6327,Sky,2026-09-23,10:00 - 11:00,100000,Available
2800_6327_11:00,2800,Sunrise Padel - Sunrise Garden,6327,Sky,2026-09-23,11:00 - 12:00,100000,Available
2800_6923_08:00,2800,Sunrise Padel - Sunrise Garden,6923,Sunrise,2026-09-23,08:00 - 09:00,100000,Booked
2800_6923_09:00,2800,Sunrise Padel - Sunrise Garden,6923,Sunrise,2026-09-23,09:00 - 10:00,100000,Booked
2800_6923_10:00,2800,Sunrise Padel - Sunrise Garden,6923,Sunrise,2026-09-23,10:00 - 11:00,100000,Available
2800_6923_11:00,2800,Sunrise Padel - Sunrise Garden,6923,Sunrise,2026-09-23,11:00 - 12:00,100000,Available
3261_7836_08:00,3261,MMT Padel,7836,Signature Court 1,2026-09-23,08:00 - 09:00,300000,Available
3261_7836_09:00,3261,MMT Padel,7836,Signature Court 1,2026-09-23,09:00 - 10:00,300000,Available
3261_7836_10:00,3261,MMT Padel,7836,Signature Court 1,2026-09-23,10:00 - 11:00,300000,Available
3261_7836_11:00,3261,MMT Padel,7836,Signature Court 1,2026-09-23,11:00 - 12:00,280000,Available
3261_7843_08:00,3261,MMT Padel,7843,Signature Court 2,2026-09-23,08:00 - 09:00,300000,Available
3261_7843_09:00,3261,MMT Padel,7843,Signature Court 2,2026-09-23,09:00 - 10:00,300000,Available
3261_7843_10:00,3261,MMT Padel,7843,Signature Court 2,2026-09-23,10:00 - 11:00,300000,Available
3261_7843_11:00,3261,MMT Padel,7843,Signature Court 2,2026-09-23,11:00 - 12:00,280000,Available
3261_7837_08:00,3261,MMT Padel,7837,Grand Court 3,2026-09-23,08:00 - 09:00,250000,Available
3261_7837_09:00,3261,MMT Padel,7837,Grand Court 3,2026-09-23,09:00 - 10:00,250000,Available
3261_7837_10:00,3261,MMT Padel,7837,Grand Court 3,2026-09-23,10:00 - 11:00,250000,Available
3261_7837_11:00,3261,MMT Padel,7837,Grand Court 3,2026-09-23,11:00 - 12:00,230000,Available
3261_7844_08:00,3261,MMT Padel,7844,Grand Court 5,2026-09-23,08:00 - 09:00,250000,Available
3261_7844_09:00,3261,MMT Padel,7844,Grand Court 5,2026-09-23,09:00 - 10:00,250000,Available
3261_7844_10:00,3261,MMT Padel,7844,Grand Court 5,2026-09-23,10:00 - 11:00,250000,Available
3261_7844_11:00,3261,MMT Padel,7844,Grand Court 5,2026-09-23,11:00 - 12:00,230000,Available
3261_7845_08:00,3261,MMT Padel,7845,Grand Court 6,2026-09-23,08:00 - 09:00,250000,Available
3261_7845_09:00,3261,MMT Padel,7845,Grand Court 6,2026-09-23,09:00 - 10:00,250000,Available
3261_7845_10:00,3261,MMT Padel,7845,Grand Court 6,2026-09-23,10:00 - 11:00,250000,Available
3261_7845_11:00,3261,MMT Padel,7845,Grand Court 6,2026-09-23,11:00 - 12:00,230000,Available
3261_7846_08:00,3261,MMT Padel,7846,Grand Court 7,2026-09-23,08:00 - 09:00,250000,Available
3261_7846_09:00,3261,MMT Padel,7846,Grand Court 7,2026-09-23,09:00 - 10:00,250000,Available
3261_7846_10:00,3261,MMT Padel,7846,Grand Court 7,2026-09-23,10:00 - 11:00,250000,Available
3261_7846_11:00,3261,MMT Padel,7846,Grand Court 7,2026-09-23,11:00 - 12:00,230000,Available
3261_7847_08:00,3261,MMT Padel,7847,Grand Court 8,2026-09-23,08:00 - 09:00,250000,Available
3261_7847_09:00,3261,MMT Padel,7847,Grand Court 8,2026-09-23,09:00 - 10:00,250000,Available
3261_7847_10:00,3261,MMT Padel,7847,Grand Court 8,2026-09-23,10:00 - 11:00,250000,Available
3261_7847_11:00,3261,MMT Padel,7847,Grand Court 8,2026-09-23,11:00 - 12:00,230000,Available
2318_4891_08:00,2318,Vamos Arena Indonesia,4891,OCTO CIMB Outdoor,2026-09-23,08:00 - 09:00,350000,Available
2318_4891_09:00,2318,Vamos Arena Indonesia,4891,OCTO CIMB Outdoor,2026-09-23,09:00 - 10:00,350000,Available
2318_4891_10:00,2318,Vamos Arena Indonesia,4891,OCTO CIMB Outdoor,2026-09-23,10:00 - 11:00,350000,Available
2318_4891_11:00,2318,Vamos Arena Indonesia,4891,OCTO CIMB Outdoor,2026-09-23,11:00 - 12:00,200000,Available
2318_4892_08:00,2318,Vamos Arena Indonesia,4892,CIMB OCTO Indoor 1,2026-09-23,08:00 - 09:00,250000,Available
2318_4892_09:00,2318,Vamos Arena Indonesia,4892,CIMB OCTO Indoor 1,2026-09-23,09:00 - 10:00,250000,Booked
2318_4892_10:00,2318,Vamos Arena Indonesia,4892,CIMB OCTO Indoor 1,2026-09-23,10:00 - 11:00,250000,Booked
2318_4892_11:00,2318,Vamos Arena Indonesia,4892,CIMB OCTO Indoor 1,2026-09-23,11:00 - 12:00,200000,Booked
2318_10172_08:00,2318,Vamos Arena Indonesia,10172,CIMB OCTO Indoor 2,2026-09-23,08:00 - 09:00,250000,Available
2318_10172_09:00,2318,Vamos Arena Indonesia,10172,CIMB OCTO Indoor 2,2026-09-23,09:00 - 10:00,250000,Booked
2318_10172_10:00,2318,Vamos Arena Indonesia,10172,CIMB OCTO Indoor 2,2026-09-23,10:00 - 11:00,250000,Booked
2318_10172_11:00,2318,Vamos Arena Indonesia,10172,CIMB OCTO Indoor 2,2026-09-23,11:00 - 12:00,200000,Booked
2318_4896_08:00,2318,Vamos Arena Indonesia,4896,Boss Mobil Main Court,2026-09-23,08:00 - 09:00,350000,Available
2318_4896_09:00,2318,Vamos Arena Indonesia,4896,Boss Mobil Main Court,2026-09-23,09:00 - 10:00,350000,Booked
2318_4896_10:00,2318,Vamos Arena Indonesia,4896,Boss Mobil Main Court,2026-09-23,10:00 - 11:00,350000,Booked
2318_4896_11:00,2318,Vamos Arena Indonesia,4896,Boss Mobil Main Court,2026-09-23,11:00 - 12:00,350000,Booked
2318_10175_08:00,2318,Vamos Arena Indonesia,10175,BIOAQUA Indoor 3,2026-09-23,08:00 - 09:00,250000,Available
2318_10175_09:00,2318,Vamos Arena Indonesia,10175,BIOAQUA Indoor 3,2026-09-23,09:00 - 10:00,250000,Booked
2318_10175_10:00,2318,Vamos Arena Indonesia,10175,BIOAQUA Indoor 3,2026-09-23,10:00 - 11:00,250000,Booked
2318_10175_11:00,2318,Vamos Arena Indonesia,10175,BIOAQUA Indoor 3,2026-09-23,11:00 - 12:00,200000,Booked
2318_10176_08:00,2318,Vamos Arena Indonesia,10176,AQUVIVA Indoor 4,2026-09-23,08:00 - 09:00,250000,Available
2318_10176_09:00,2318,Vamos Arena Indonesia,10176,AQUVIVA Indoor 4,2026-09-23,09:00 - 10:00,250000,Available
2318_10176_10:00,2318,Vamos Arena Indonesia,10176,AQUVIVA Indoor 4,2026-09-23,10:00 - 11:00,250000,Available
2318_10176_11:00,2318,Vamos Arena Indonesia,10176,AQUVIVA Indoor 4,2026-09-23,11:00 - 12:00,200000,Available
2318_10177_08:00,2318,Vamos Arena Indonesia,10177,BALIHAI Indoor 5,2026-09-23,08:00 - 09:00,250000,Available
2318_10177_09:00,2318,Vamos Arena Indonesia,10177,BALIHAI Indoor 5,2026-09-23,09:00 - 10:00,250000,Available
2318_10177_10:00,2318,Vamos Arena Indonesia,10177,BALIHAI Indoor 5,2026-09-23,10:00 - 11:00,250000,Available
2318_10177_11:00,2318,Vamos Arena Indonesia,10177,BALIHAI Indoor 5,2026-09-23,11:00 - 12:00,200000,Available
2318_10178_08:00,2318,Vamos Arena Indonesia,10178,ELITE SKIN Indoor 6,2026-09-23,08:00 - 09:00,250000,Available
2318_10178_09:00,2318,Vamos Arena Indonesia,10178,ELITE SKIN Indoor 6,2026-09-23,09:00 - 10:00,250000,Available
2318_10178_10:00,2318,Vamos Arena Indonesia,10178,ELITE SKIN Indoor 6,2026-09-23,10:00 - 11:00,250000,Available
2318_10178_11:00,2318,Vamos Arena Indonesia,10178,ELITE SKIN Indoor 6,2026-09-23,11:00 - 12:00,200000,Available
2318_10173_08:00,2318,Vamos Arena Indonesia,10173,CIMB OCTO Indoor 7,2026-09-23,08:00 - 09:00,250000,Available
2318_10173_09:00,2318,Vamos Arena Indonesia,10173,CIMB OCTO Indoor 7,2026-09-23,09:00 - 10:00,250000,Available
2318_10173_10:00,2318,Vamos Arena Indonesia,10173,CIMB OCTO Indoor 7,2026-09-23,10:00 - 11:00,250000,Available
2318_10173_11:00,2318,Vamos Arena Indonesia,10173,CIMB OCTO Indoor 7,2026-09-23,11:00 - 12:00,200000,Available
2318_10174_08:00,2318,Vamos Arena Indonesia,10174,CIMB OCTO Indoor 8,2026-09-23,08:00 - 09:00,250000,Available
2318_10174_09:00,2318,Vamos Arena Indonesia,10174,CIMB OCTO Indoor 8,2026-09-23,09:00 - 10:00,250000,Available
2318_10174_10:00,2318,Vamos Arena Indonesia,10174,CIMB OCTO Indoor 8,2026-09-23,10:00 - 11:00,250000,Available
2318_10174_11:00,2318,Vamos Arena Indonesia,10174,CIMB OCTO Indoor 8,2026-09-23,11:00 - 12:00,200000,Available
2235_4832_08:00,2235,Padre Padel Duri Kosambi,4832,Court 1 - Terracotta,2026-09-23,08:00 - 09:00,150000,Available
2235_4832_09:00,2235,Padre Padel Duri Kosambi,4832,Court 1 - Terracotta,2026-09-23,09:00 - 10:00,150000,Booked
2235_4832_10:00,2235,Padre Padel Duri Kosambi,4832,Court 1 - Terracotta,2026-09-23,10:00 - 11:00,150000,Booked
2235_4832_11:00,2235,Padre Padel Duri Kosambi,4832,Court 1 - Terracotta,2026-09-23,11:00 - 12:00,150000,Available
2235_5602_08:00,2235,Padre Padel Duri Kosambi,5602,Court 2 - Blue,2026-09-23,08:00 - 09:00,150000,Booked
2235_5602_09:00,2235,Padre Padel Duri Kosambi,5602,Court 2 - Blue,2026-09-23,09:00 - 10:00,150000,Booked
2235_5602_10:00,2235,Padre Padel Duri Kosambi,5602,Court 2 - Blue,2026-09-23,10:00 - 11:00,150000,Booked
2235_5602_11:00,2235,Padre Padel Duri Kosambi,5602,Court 2 - Blue,2026-09-23,11:00 - 12:00,150000,Available
2235_5603_08:00,2235,Padre Padel Duri Kosambi,5603,Court 3 - Blue,2026-09-23,08:00 - 09:00,150000,Available
2235_5603_09:00,2235,Padre Padel Duri Kosambi,5603,Court 3 - Blue,2026-09-23,09:00 - 10:00,150000,Available
2235_5603_10:00,2235,Padre Padel Duri Kosambi,5603,Court 3 - Blue,2026-09-23,10:00 - 11:00,150000,Available
2235_5603_11:00,2235,Padre Padel Duri Kosambi,5603,Court 3 - Blue,2026-09-23,11:00 - 12:00,150000,Available
2235_5604_08:00,2235,Padre Padel Duri Kosambi,5604,Court 4 - Terracotta,2026-09-23,08:00 - 09:00,150000,Available
2235_5604_09:00,2235,Padre Padel Duri Kosambi,5604,Court 4 - Terracotta,2026-09-23,09:00 - 10:00,150000,Available
2235_5604_10:00,2235,Padre Padel Duri Kosambi,5604,Court 4 - Terracotta,2026-09-23,10:00 - 11:00,150000,Available
2235_5604_11:00,2235,Padre Padel Duri Kosambi,5604,Court 4 - Terracotta,2026-09-23,11:00 - 12:00,150000,Available
3802_9395_08:00,3802,Dash Padel House,9395,Maybank Court,2026-09-23,08:00 - 09:00,199000,Available
3802_9395_09:00,3802,Dash Padel House,9395,Maybank Court,2026-09-23,09:00 - 10:00,199000,Booked
3802_9395_10:00,3802,Dash Padel House,9395,Maybank Court,2026-09-23,10:00 - 11:00,199000,Booked
3802_9395_11:00,3802,Dash Padel House,9395,Maybank Court,2026-09-23,11:00 - 12:00,199000,Available
3802_9415_08:00,3802,Dash Padel House,9415,Court B,2026-09-23,08:00 - 09:00,199000,Available
3802_9415_09:00,3802,Dash Padel House,9415,Court B,2026-09-23,09:00 - 10:00,199000,Booked
3802_9415_10:00,3802,Dash Padel House,9415,Court B,2026-09-23,10:00 - 11:00,199000,Booked
3802_9415_11:00,3802,Dash Padel House,9415,Court B,2026-09-23,11:00 - 12:00,199000,Available
3802_9416_08:00,3802,Dash Padel House,9416,Court C,2026-09-23,08:00 - 09:00,199000,Booked
3802_9416_09:00,3802,Dash Padel House,9416,Court C,2026-09-23,09:00 - 10:00,199000,Booked
3802_9416_10:00,3802,Dash Padel House,9416,Court C,2026-09-23,10:00 - 11:00,199000,Booked
3802_9416_11:00,3802,Dash Padel House,9416,Court C,2026-09-23,11:00 - 12:00,199000,Available
3802_9417_08:00,3802,Dash Padel House,9417,Court D,2026-09-23,08:00 - 09:00,199000,Available
3802_9417_09:00,3802,Dash Padel House,9417,Court D,2026-09-23,09:00 - 10:00,199000,Booked
3802_9417_10:00,3802,Dash Padel House,9417,Court D,2026-09-23,10:00 - 11:00,199000,Available
3802_9417_11:00,3802,Dash Padel House,9417,Court D,2026-09-23,11:00 - 12:00,199000,Available
3802_9418_08:00,3802,Dash Padel House,9418,Pickle,2026-09-23,08:00 - 09:00,100000,Booked
3802_9418_09:00,3802,Dash Padel House,9418,Pickle,2026-09-23,09:00 - 10:00,100000,Booked
3802_9418_10:00,3802,Dash Padel House,9418,Pickle,2026-09-23,10:00 - 11:00,100000,Available
3802_9418_11:00,3802,Dash Padel House,9418,Pickle,2026-09-23,11:00 - 12:00,100000,Available
1268_3728_08:00,1268,Max Padel,3728,Court M,2026-09-23,08:00 - 09:00,125000,Booked
1268_3728_09:00,1268,Max Padel,3728,Court M,2026-09-23,09:00 - 10:00,125000,Available
1268_3728_10:00,1268,Max Padel,3728,Court M,2026-09-23,10:00 - 11:00,125000,Available
1268_3728_11:00,1268,Max Padel,3728,Court M,2026-09-23,11:00 - 12:00,125000,Available
1268_3729_08:00,1268,Max Padel,3729,Court A,2026-09-23,08:00 - 09:00,125000,Booked
1268_3729_09:00,1268,Max Padel,3729,Court A,2026-09-23,09:00 - 10:00,125000,Booked
1268_3729_10:00,1268,Max Padel,3729,Court A,2026-09-23,10:00 - 11:00,125000,Available
1268_3729_11:00,1268,Max Padel,3729,Court A,2026-09-23,11:00 - 12:00,125000,Available
1268_3730_08:00,1268,Max Padel,3730,Court X,2026-09-23,08:00 - 09:00,125000,Booked
1268_3730_09:00,1268,Max Padel,3730,Court X,2026-09-23,09:00 - 10:00,125000,Booked
1268_3730_10:00,1268,Max Padel,3730,Court X,2026-09-23,10:00 - 11:00,125000,Available
1268_3730_11:00,1268,Max Padel,3730,Court X,2026-09-23,11:00 - 12:00,125000,Available
1268_2393_08:00,1268,Max Padel,2393,Court 1,2026-09-23,08:00 - 09:00,125000,Available
1268_2393_09:00,1268,Max Padel,2393,Court 1,2026-09-23,09:00 - 10:00,125000,Available
1268_2393_10:00,1268,Max Padel,2393,Court 1,2026-09-23,10:00 - 11:00,125000,Available
1268_2393_11:00,1268,Max Padel,2393,Court 1,2026-09-23,11:00 - 12:00,125000,Available
1268_2394_08:00,1268,Max Padel,2394,Court 2,2026-09-23,08:00 - 09:00,125000,Available
1268_2394_09:00,1268,Max Padel,2394,Court 2,2026-09-23,09:00 - 10:00,125000,Available
1268_2394_10:00,1268,Max Padel,2394,Court 2,2026-09-23,10:00 - 11:00,125000,Available
1268_2394_11:00,1268,Max Padel,2394,Court 2,2026-09-23,11:00 - 12:00,125000,Available
1268_2395_08:00,1268,Max Padel,2395,Court 3,2026-09-23,08:00 - 09:00,125000,Available
1268_2395_09:00,1268,Max Padel,2395,Court 3,2026-09-23,09:00 - 10:00,125000,Available
1268_2395_10:00,1268,Max Padel,2395,Court 3,2026-09-23,10:00 - 11:00,125000,Available
1268_2395_11:00,1268,Max Padel,2395,Court 3,2026-09-23,11:00 - 12:00,125000,Available
1268_2396_08:00,1268,Max Padel,2396,Court 4,2026-09-23,08:00 - 09:00,125000,Available
1268_2396_09:00,1268,Max Padel,2396,Court 4,2026-09-23,09:00 - 10:00,125000,Available
1268_2396_10:00,1268,Max Padel,2396,Court 4,2026-09-23,10:00 - 11:00,125000,Available
1268_2396_11:00,1268,Max Padel,2396,Court 4,2026-09-23,11:00 - 12:00,125000,Available
1791_3647_08:00,1791,Base Padel,3647,Court 1,2026-09-23,08:00 - 09:00,150000,Available
1791_3647_09:00,1791,Base Padel,3647,Court 1,2026-09-23,09:00 - 10:00,150000,Available
1791_3647_10:00,1791,Base Padel,3647,Court 1,2026-09-23,10:00 - 11:00,150000,Available
1791_3647_11:00,1791,Base Padel,3647,Court 1,2026-09-23,11:00 - 12:00,150000,Available
1791_3646_08:00,1791,Base Padel,3646,Court 2,2026-09-23,08:00 - 09:00,150000,Available
1791_3646_09:00,1791,Base Padel,3646,Court 2,2026-09-23,09:00 - 10:00,150000,Available
1791_3646_10:00,1791,Base Padel,3646,Court 2,2026-09-23,10:00 - 11:00,150000,Available
1791_3646_11:00,1791,Base Padel,3646,Court 2,2026-09-23,11:00 - 12:00,150000,Available
1791_3648_08:00,1791,Base Padel,3648,Court 3,2026-09-23,08:00 - 09:00,150000,Available
1791_3648_09:00,1791,Base Padel,3648,Court 3,2026-09-23,09:00 - 10:00,150000,Booked
1791_3648_10:00,1791,Base Padel,3648,Court 3,2026-09-23,10:00 - 11:00,150000,Booked
1791_3648_11:00,1791,Base Padel,3648,Court 3,2026-09-23,11:00 - 12:00,150000,Available
1463_2908_08:00,1463,Juego Padel Club (JPC),2908,Court A,2026-09-23,08:00 - 09:00,160000,Available
1463_2908_09:00,1463,Juego Padel Club (JPC),2908,Court A,2026-09-23,09:00 - 10:00,160000,Available
1463_2908_10:00,1463,Juego Padel Club (JPC),2908,Court A,2026-09-23,10:00 - 11:00,160000,Available
1463_2908_11:00,1463,Juego Padel Club (JPC),2908,Court A,2026-09-23,11:00 - 12:00,160000,Available
1463_10695_08:00,1463,Juego Padel Club (JPC),10695,Court B,2026-09-23,08:00 - 09:00,160000,Available
1463_10695_09:00,1463,Juego Padel Club (JPC),10695,Court B,2026-09-23,09:00 - 10:00,160000,Available
1463_10695_10:00,1463,Juego Padel Club (JPC),10695,Court B,2026-09-23,10:00 - 11:00,160000,Available
1463_10695_11:00,1463,Juego Padel Club (JPC),10695,Court B,2026-09-23,11:00 - 12:00,160000,Available
1463_10697_08:00,1463,Juego Padel Club (JPC),10697,Court C,2026-09-23,08:00 - 09:00,160000,Available
1463_10697_09:00,1463,Juego Padel Club (JPC),10697,Court C,2026-09-23,09:00 - 10:00,160000,Available
1463_10697_10:00,1463,Juego Padel Club (JPC),10697,Court C,2026-09-23,10:00 - 11:00,160000,Available
1463_10697_11:00,1463,Juego Padel Club (JPC),10697,Court C,2026-09-23,11:00 - 12:00,160000,Available
1463_10698_08:00,1463,Juego Padel Club (JPC),10698,Court D,2026-09-23,08:00 - 09:00,160000,Available
1463_10698_09:00,1463,Juego Padel Club (JPC),10698,Court D,2026-09-23,09:00 - 10:00,160000,Available
1463_10698_10:00,1463,Juego Padel Club (JPC),10698,Court D,2026-09-23,10:00 - 11:00,160000,Available
1463_10698_11:00,1463,Juego Padel Club (JPC),10698,Court D,2026-09-23,11:00 - 12:00,160000,Available
1463_10699_08:00,1463,Juego Padel Club (JPC),10699,Court E,2026-09-23,08:00 - 09:00,160000,Available
1463_10699_09:00,1463,Juego Padel Club (JPC),10699,Court E,2026-09-23,09:00 - 10:00,160000,Available
1463_10699_10:00,1463,Juego Padel Club (JPC),10699,Court E,2026-09-23,10:00 - 11:00,160000,Available
1463_10699_11:00,1463,Juego Padel Club (JPC),10699,Court E,2026-09-23,11:00 - 12:00,160000,Available
1463_9864_08:00,1463,Juego Padel Club (JPC),9864,P1 (Private),2026-09-23,08:00 - 09:00,250000,Available
1463_9864_09:00,1463,Juego Padel Club (JPC),9864,P1 (Private),2026-09-23,09:00 - 10:00,250000,Available
1463_9864_10:00,1463,Juego Padel Club (JPC),9864,P1 (Private),2026-09-23,10:00 - 11:00,250000,Available
1463_9864_11:00,1463,Juego Padel Club (JPC),9864,P1 (Private),2026-09-23,11:00 - 12:00,250000,Available
1463_9867_08:00,1463,Juego Padel Club (JPC),9867,P2 (Private),2026-09-23,08:00 - 09:00,250000,Available
1463_9867_09:00,1463,Juego Padel Club (JPC),9867,P2 (Private),2026-09-23,09:00 - 10:00,250000,Available
1463_9867_10:00,1463,Juego Padel Club (JPC),9867,P2 (Private),2026-09-23,10:00 - 11:00,250000,Available
1463_9867_11:00,1463,Juego Padel Club (JPC),9867,P2 (Private),2026-09-23,11:00 - 12:00,250000,Available
1463_12704_08:00,1463,Juego Padel Club (JPC),12704,Mahjong - Table 1,2026-09-23,08:00 - 09:00,80000,Available
1463_12704_09:00,1463,Juego Padel Club (JPC),12704,Mahjong - Table 1,2026-09-23,09:00 - 10:00,80000,Available
1463_12704_10:00,1463,Juego Padel Club (JPC),12704,Mahjong - Table 1,2026-09-23,10:00 - 11:00,80000,Available
1463_12704_11:00,1463,Juego Padel Club (JPC),12704,Mahjong - Table 1,2026-09-23,11:00 - 12:00,80000,Available
1463_12718_08:00,1463,Juego Padel Club (JPC),12718,Mahjong - Table 2,2026-09-23,08:00 - 09:00,80000,Available
1463_12718_09:00,1463,Juego Padel Club (JPC),12718,Mahjong - Table 2,2026-09-23,09:00 - 10:00,80000,Available
1463_12718_10:00,1463,Juego Padel Club (JPC),12718,Mahjong - Table 2,2026-09-23,10:00 - 11:00,80000,Available
1463_12718_11:00,1463,Juego Padel Club (JPC),12718,Mahjong - Table 2,2026-09-23,11:00 - 12:00,80000,Available
3815_9419_08:00,3815,Citra Padel Club,9419,Court 1,2026-09-23,08:00 - 09:00,150000,Available
3815_9419_09:00,3815,Citra Padel Club,9419,Court 1,2026-09-23,09:00 - 10:00,150000,Available
3815_9419_10:00,3815,Citra Padel Club,9419,Court 1,2026-09-23,10:00 - 11:00,150000,Available
3815_9419_11:00,3815,Citra Padel Club,9419,Court 1,2026-09-23,11:00 - 12:00,150000,Available
3815_9715_08:00,3815,Citra Padel Club,9715,Court 2,2026-09-23,08:00 - 09:00,150000,Booked
3815_9715_09:00,3815,Citra Padel Club,9715,Court 2,2026-09-23,09:00 - 10:00,150000,Booked
3815_9715_10:00,3815,Citra Padel Club,9715,Court 2,2026-09-23,10:00 - 11:00,150000,Available
3815_9715_11:00,3815,Citra Padel Club,9715,Court 2,2026-09-23,11:00 - 12:00,150000,Available
3815_9716_08:00,3815,Citra Padel Club,9716,Court 3,2026-09-23,08:00 - 09:00,150000,Booked
3815_9716_09:00,3815,Citra Padel Club,9716,Court 3,2026-09-23,09:00 - 10:00,150000,Booked
3815_9716_10:00,3815,Citra Padel Club,9716,Court 3,2026-09-23,10:00 - 11:00,150000,Available
3815_9716_11:00,3815,Citra Padel Club,9716,Court 3,2026-09-23,11:00 - 12:00,150000,Available
3815_9717_08:00,3815,Citra Padel Club,9717,Court 4,2026-09-23,08:00 - 09:00,150000,Booked
3815_9717_09:00,3815,Citra Padel Club,9717,Court 4,2026-09-23,09:00 - 10:00,150000,Booked
3815_9717_10:00,3815,Citra Padel Club,9717,Court 4,2026-09-23,10:00 - 11:00,150000,Available
3815_9717_11:00,3815,Citra Padel Club,9717,Court 4,2026-09-23,11:00 - 12:00,150000,Available
3815_9718_08:00,3815,Citra Padel Club,9718,Court 5,2026-09-23,08:00 - 09:00,150000,Available
3815_9718_09:00,3815,Citra Padel Club,9718,Court 5,2026-09-23,09:00 - 10:00,150000,Booked
3815_9718_10:00,3815,Citra Padel Club,9718,Court 5,2026-09-23,10:00 - 11:00,150000,Booked
3815_9718_11:00,3815,Citra Padel Club,9718,Court 5,2026-09-23,11:00 - 12:00,150000,Available
3815_9719_08:00,3815,Citra Padel Club,9719,Court 6,2026-09-23,08:00 - 09:00,150000,Available
3815_9719_09:00,3815,Citra Padel Club,9719,Court 6,2026-09-23,09:00 - 10:00,150000,Available
3815_9719_10:00,3815,Citra Padel Club,9719,Court 6,2026-09-23,10:00 - 11:00,150000,Available
3815_9719_11:00,3815,Citra Padel Club,9719,Court 6,2026-09-23,11:00 - 12:00,150000,Available
3815_12181_08:00,3815,Citra Padel Club,12181,Mahjong Table 1,2026-09-23,08:00 - 10:00,100000,Available
3815_12181_10:00,3815,Citra Padel Club,12181,Mahjong Table 1,2026-09-23,10:00 - 12:00,100000,Available
3815_12182_08:00,3815,Citra Padel Club,12182,Mahjong Table 2,2026-09-23,08:00 - 10:00,100000,Available
3815_12182_10:00,3815,Citra Padel Club,12182,Mahjong Table 2,2026-09-23,10:00 - 12:00,100000,Available
3815_12183_08:00,3815,Citra Padel Club,12183,Mahjong Table 3,2026-09-23,08:00 - 10:00,100000,Available
3815_12183_10:00,3815,Citra Padel Club,12183,Mahjong Table 3,2026-09-23,10:00 - 12:00,100000,Available
3815_12534_08:00,3815,Citra Padel Club,12534,Mahjong table 4,2026-09-23,08:00 - 10:00,100000,Available
3815_12534_10:00,3815,Citra Padel Club,12534,Mahjong table 4,2026-09-23,10:00 - 12:00,100000,Available
3274_7890_08:00,3274,Clubhouse Meruya,7890,Court 1,2026-09-23,08:00 - 09:00,195000,Available
3274_7890_09:00,3274,Clubhouse Meruya,7890,Court 1,2026-09-23,09:00 - 10:00,195000,Available
3274_7890_10:00,3274,Clubhouse Meruya,7890,Court 1,2026-09-23,10:00 - 11:00,195000,Available
3274_7890_11:00,3274,Clubhouse Meruya,7890,Court 1,2026-09-23,11:00 - 12:00,195000,Available
3274_7891_08:00,3274,Clubhouse Meruya,7891,Court 2,2026-09-23,08:00 - 09:00,195000,Available
3274_7891_09:00,3274,Clubhouse Meruya,7891,Court 2,2026-09-23,09:00 - 10:00,195000,Available
3274_7891_10:00,3274,Clubhouse Meruya,7891,Court 2,2026-09-23,10:00 - 11:00,195000,Available
3274_7891_11:00,3274,Clubhouse Meruya,7891,Court 2,2026-09-23,11:00 - 12:00,195000,Available
3274_7892_08:00,3274,Clubhouse Meruya,7892,Court 3,2026-09-23,08:00 - 09:00,195000,Available
3274_7892_09:00,3274,Clubhouse Meruya,7892,Court 3,2026-09-23,09:00 - 10:00,195000,Available
3274_7892_10:00,3274,Clubhouse Meruya,7892,Court 3,2026-09-23,10:00 - 11:00,195000,Available
3274_7892_11:00,3274,Clubhouse Meruya,7892,Court 3,2026-09-23,11:00 - 12:00,195000,Available
3274_7893_08:00,3274,Clubhouse Meruya,7893,Court 4,2026-09-23,08:00 - 09:00,195000,Available
3274_7893_09:00,3274,Clubhouse Meruya,7893,Court 4,2026-09-23,09:00 - 10:00,195000,Available
3274_7893_10:00,3274,Clubhouse Meruya,7893,Court 4,2026-09-23,10:00 - 11:00,195000,Available
3274_7893_11:00,3274,Clubhouse Meruya,7893,Court 4,2026-09-23,11:00 - 12:00,195000,Available
3274_7894_08:00,3274,Clubhouse Meruya,7894,Court 5,2026-09-23,08:00 - 09:00,195000,Available
3274_7894_09:00,3274,Clubhouse Meruya,7894,Court 5,2026-09-23,09:00 - 10:00,195000,Available
3274_7894_10:00,3274,Clubhouse Meruya,7894,Court 5,2026-09-23,10:00 - 11:00,195000,Available
3274_7894_11:00,3274,Clubhouse Meruya,7894,Court 5,2026-09-23,11:00 - 12:00,195000,Available
3274_7895_08:00,3274,Clubhouse Meruya,7895,Court 6,2026-09-23,08:00 - 09:00,195000,Available
3274_7895_09:00,3274,Clubhouse Meruya,7895,Court 6,2026-09-23,09:00 - 10:00,195000,Available
3274_7895_10:00,3274,Clubhouse Meruya,7895,Court 6,2026-09-23,10:00 - 11:00,195000,Available
3274_7895_11:00,3274,Clubhouse Meruya,7895,Court 6,2026-09-23,11:00 - 12:00,195000,Available
3274_7896_08:00,3274,Clubhouse Meruya,7896,Court 7,2026-09-23,08:00 - 09:00,195000,Available
3274_7896_09:00,3274,Clubhouse Meruya,7896,Court 7,2026-09-23,09:00 - 10:00,195000,Available
3274_7896_10:00,3274,Clubhouse Meruya,7896,Court 7,2026-09-23,10:00 - 11:00,195000,Available
3274_7896_11:00,3274,Clubhouse Meruya,7896,Court 7,2026-09-23,11:00 - 12:00,195000,Available
3274_7897_08:00,3274,Clubhouse Meruya,7897,Court 8,2026-09-23,08:00 - 09:00,195000,Available
3274_7897_09:00,3274,Clubhouse Meruya,7897,Court 8,2026-09-23,09:00 - 10:00,195000,Available
3274_7897_10:00,3274,Clubhouse Meruya,7897,Court 8,2026-09-23,10:00 - 11:00,195000,Available
3274_7897_11:00,3274,Clubhouse Meruya,7897,Court 8,2026-09-23,11:00 - 12:00,195000,Available
2401_5107_08:00,2401,World Padel,5107,Alpha Court,2026-09-23,08:00 - 09:00,150000,Booked
2401_5107_09:00,2401,World Padel,5107,Alpha Court,2026-09-23,09:00 - 10:00,150000,Booked
2401_5107_10:00,2401,World Padel,5107,Alpha Court,2026-09-23,10:00 - 11:00,150000,Booked
2401_5107_11:00,2401,World Padel,5107,Alpha Court,2026-09-23,11:00 - 12:00,150000,Booked
2401_7372_08:00,2401,World Padel,7372,Beta Court,2026-09-23,08:00 - 09:00,150000,Booked
2401_7372_09:00,2401,World Padel,7372,Beta Court,2026-09-23,09:00 - 10:00,150000,Booked
2401_7372_10:00,2401,World Padel,7372,Beta Court,2026-09-23,10:00 - 11:00,150000,Booked
2401_7372_11:00,2401,World Padel,7372,Beta Court,2026-09-23,11:00 - 12:00,150000,Booked
2401_12035_08:00,2401,World Padel,12035,Meja Mahjong Manual,2026-09-23,08:00 - 09:00,50000,Available
2401_12035_09:00,2401,World Padel,12035,Meja Mahjong Manual,2026-09-23,09:00 - 10:00,50000,Available
2401_12035_10:00,2401,World Padel,12035,Meja Mahjong Manual,2026-09-23,10:00 - 11:00,50000,Available
2401_12035_11:00,2401,World Padel,12035,Meja Mahjong Manual,2026-09-23,11:00 - 12:00,50000,Available
3249_7789_08:00,3249,OLA PADEL CLUB,7789,Court 1,2026-09-23,08:00 - 09:00,135000,Booked
3249_7789_09:00,3249,OLA PADEL CLUB,7789,Court 1,2026-09-23,09:00 - 10:00,135000,Booked
3249_7789_10:00,3249,OLA PADEL CLUB,7789,Court 1,2026-09-23,10:00 - 11:00,135000,Available
3249_7789_11:00,3249,OLA PADEL CLUB,7789,Court 1,2026-09-23,11:00 - 12:00,135000,Available
3249_7805_08:00,3249,OLA PADEL CLUB,7805,Court 2,2026-09-23,08:00 - 09:00,135000,Available
3249_7805_09:00,3249,OLA PADEL CLUB,7805,Court 2,2026-09-23,09:00 - 10:00,135000,Available
3249_7805_10:00,3249,OLA PADEL CLUB,7805,Court 2,2026-09-23,10:00 - 11:00,135000,Available
3249_7805_11:00,3249,OLA PADEL CLUB,7805,Court 2,2026-09-23,11:00 - 12:00,135000,Available
3249_7806_08:00,3249,OLA PADEL CLUB,7806,Court 3,2026-09-23,08:00 - 09:00,135000,Available
3249_7806_09:00,3249,OLA PADEL CLUB,7806,Court 3,2026-09-23,09:00 - 10:00,135000,Available
3249_7806_10:00,3249,OLA PADEL CLUB,7806,Court 3,2026-09-23,10:00 - 11:00,135000,Available
3249_7806_11:00,3249,OLA PADEL CLUB,7806,Court 3,2026-09-23,11:00 - 12:00,135000,Available
3249_7807_08:00,3249,OLA PADEL CLUB,7807,Court 4,2026-09-23,08:00 - 09:00,135000,Available
3249_7807_09:00,3249,OLA PADEL CLUB,7807,Court 4,2026-09-23,09:00 - 10:00,135000,Available
3249_7807_10:00,3249,OLA PADEL CLUB,7807,Court 4,2026-09-23,10:00 - 11:00,135000,Available
3249_7807_11:00,3249,OLA PADEL CLUB,7807,Court 4,2026-09-23,11:00 - 12:00,135000,Available
3249_11723_08:00,3249,OLA PADEL CLUB,11723,Meja 1,2026-09-23,08:00 - 09:00,100000,Available
3249_11723_09:00,3249,OLA PADEL CLUB,11723,Meja 1,2026-09-23,09:00 - 10:00,100000,Available
3249_11723_10:00,3249,OLA PADEL CLUB,11723,Meja 1,2026-09-23,10:00 - 11:00,100000,Available
3249_11723_11:00,3249,OLA PADEL CLUB,11723,Meja 1,2026-09-23,11:00 - 12:00,100000,Available
3249_11724_08:00,3249,OLA PADEL CLUB,11724,Meja 2,2026-09-23,08:00 - 09:00,100000,Available
3249_11724_09:00,3249,OLA PADEL CLUB,11724,Meja 2,2026-09-23,09:00 - 10:00,100000,Available
3249_11724_10:00,3249,OLA PADEL CLUB,11724,Meja 2,2026-09-23,10:00 - 11:00,100000,Available
3249_11724_11:00,3249,OLA PADEL CLUB,11724,Meja 2,2026-09-23,11:00 - 12:00,100000,Available
2140_4413_08:00,2140,RacketGo Citra 5,4413,FANTECH BLUE ( 1 ),2026-09-23,08:00 - 09:00,125000,Booked
2140_4413_09:00,2140,RacketGo Citra 5,4413,FANTECH BLUE ( 1 ),2026-09-23,09:00 - 10:00,125000,Booked
2140_4413_10:00,2140,RacketGo Citra 5,4413,FANTECH BLUE ( 1 ),2026-09-23,10:00 - 11:00,125000,Booked
2140_4413_11:00,2140,RacketGo Citra 5,4413,FANTECH BLUE ( 1 ),2026-09-23,11:00 - 12:00,125000,Available
2140_4414_08:00,2140,RacketGo Citra 5,4414,TEH PUCUK GREEN (2),2026-09-23,08:00 - 09:00,125000,Booked
2140_4414_09:00,2140,RacketGo Citra 5,4414,TEH PUCUK GREEN (2),2026-09-23,09:00 - 10:00,125000,Booked
2140_4414_10:00,2140,RacketGo Citra 5,4414,TEH PUCUK GREEN (2),2026-09-23,10:00 - 11:00,125000,Booked
2140_4414_11:00,2140,RacketGo Citra 5,4414,TEH PUCUK GREEN (2),2026-09-23,11:00 - 12:00,125000,Available
2140_4422_08:00,2140,RacketGo Citra 5,4422,TELOON PINK (3),2026-09-23,08:00 - 09:00,125000,Booked
2140_4422_09:00,2140,RacketGo Citra 5,4422,TELOON PINK (3),2026-09-23,09:00 - 10:00,125000,Booked
2140_4422_10:00,2140,RacketGo Citra 5,4422,TELOON PINK (3),2026-09-23,10:00 - 11:00,125000,Booked
2140_4422_11:00,2140,RacketGo Citra 5,4422,TELOON PINK (3),2026-09-23,11:00 - 12:00,125000,Available
2140_4423_08:00,2140,RacketGo Citra 5,4423,TERRACOTA (4),2026-09-23,08:00 - 09:00,125000,Booked
2140_4423_09:00,2140,RacketGo Citra 5,4423,TERRACOTA (4),2026-09-23,09:00 - 10:00,125000,Booked
2140_4423_10:00,2140,RacketGo Citra 5,4423,TERRACOTA (4),2026-09-23,10:00 - 11:00,125000,Booked
2140_4423_11:00,2140,RacketGo Citra 5,4423,TERRACOTA (4),2026-09-23,11:00 - 12:00,125000,Available
2779_6299_08:00,2779,Zplay Padel,6299,Zplay Padel,2026-09-23,08:00 - 09:00,145000,Available
2779_6299_09:00,2779,Zplay Padel,6299,Zplay Padel,2026-09-23,09:00 - 10:00,145000,Available
2779_6299_10:00,2779,Zplay Padel,6299,Zplay Padel,2026-09-23,10:00 - 11:00,145000,Booked
2779_6299_11:00,2779,Zplay Padel,6299,Zplay Padel,2026-09-23,11:00 - 12:00,145000,Booked
2779_8046_08:00,2779,Zplay Padel,8046,Lapangan Pickle 1,2026-09-23,08:00 - 09:00,65000,Booked
2779_8046_09:00,2779,Zplay Padel,8046,Lapangan Pickle 1,2026-09-23,09:00 - 10:00,65000,Booked
2779_8046_10:00,2779,Zplay Padel,8046,Lapangan Pickle 1,2026-09-23,10:00 - 11:00,65000,Available
2779_8046_11:00,2779,Zplay Padel,8046,Lapangan Pickle 1,2026-09-23,11:00 - 12:00,65000,Available
2779_8047_08:00,2779,Zplay Padel,8047,Lapangan Pickle 2,2026-09-23,08:00 - 09:00,65000,Available
2779_8047_09:00,2779,Zplay Padel,8047,Lapangan Pickle 2,2026-09-23,09:00 - 10:00,65000,Available
2779_8047_10:00,2779,Zplay Padel,8047,Lapangan Pickle 2,2026-09-23,10:00 - 11:00,65000,Available
2779_8047_11:00,2779,Zplay Padel,8047,Lapangan Pickle 2,2026-09-23,11:00 - 12:00,65000,Available
2983_6954_08:00,2983,YOLO Padel and Lifestyle Slipi,6954,Court 1,2026-09-23,08:00 - 09:00,375000,Available
2983_6954_09:00,2983,YOLO Padel and Lifestyle Slipi,6954,Court 1,2026-09-23,09:00 - 10:00,375000,Available
2983_6954_10:00,2983,YOLO Padel and Lifestyle Slipi,6954,Court 1,2026-09-23,10:00 - 11:00,300000,Available
2983_6954_11:00,2983,YOLO Padel and Lifestyle Slipi,6954,Court 1,2026-09-23,11:00 - 12:00,300000,Available
2983_6955_08:00,2983,YOLO Padel and Lifestyle Slipi,6955,Court 2,2026-09-23,08:00 - 09:00,375000,Available
2983_6955_09:00,2983,YOLO Padel and Lifestyle Slipi,6955,Court 2,2026-09-23,09:00 - 10:00,375000,Available
2983_6955_10:00,2983,YOLO Padel and Lifestyle Slipi,6955,Court 2,2026-09-23,10:00 - 11:00,300000,Available
2983_6955_11:00,2983,YOLO Padel and Lifestyle Slipi,6955,Court 2,2026-09-23,11:00 - 12:00,300000,Available
2780_6318_08:00,2780,PPC - Puri Padel Club,6318,Private Court PADELSTUDIO,2026-09-23,08:00 - 09:00,225000,Booked
2780_6318_09:00,2780,PPC - Puri Padel Club,6318,Private Court PADELSTUDIO,2026-09-23,09:00 - 10:00,225000,Available
2780_6318_10:00,2780,PPC - Puri Padel Club,6318,Private Court PADELSTUDIO,2026-09-23,10:00 - 11:00,225000,Available
2780_6318_11:00,2780,PPC - Puri Padel Club,6318,Private Court PADELSTUDIO,2026-09-23,11:00 - 12:00,225000,Booked
2780_6319_08:00,2780,PPC - Puri Padel Club,6319,Private Court 2,2026-09-23,08:00 - 09:00,225000,Booked
2780_6319_09:00,2780,PPC - Puri Padel Club,6319,Private Court 2,2026-09-23,09:00 - 10:00,225000,Available
2780_6319_10:00,2780,PPC - Puri Padel Club,6319,Private Court 2,2026-09-23,10:00 - 11:00,225000,Available
2780_6319_11:00,2780,PPC - Puri Padel Club,6319,Private Court 2,2026-09-23,11:00 - 12:00,225000,Available
2353_4974_08:00,2353,The Level 9 Padel,4974,V I P -  Wimbledon,2026-09-23,08:00 - 09:00,125000,Available
2353_4974_09:00,2353,The Level 9 Padel,4974,V I P -  Wimbledon,2026-09-23,09:00 - 10:00,125000,Available
2353_4974_10:00,2353,The Level 9 Padel,4974,V I P -  Wimbledon,2026-09-23,10:00 - 11:00,125000,Available
2353_4974_11:00,2353,The Level 9 Padel,4974,V I P -  Wimbledon,2026-09-23,11:00 - 12:00,125000,Available
2353_4975_08:00,2353,The Level 9 Padel,4975,V I P - Roland Garros,2026-09-23,08:00 - 09:00,125000,Available
2353_4975_09:00,2353,The Level 9 Padel,4975,V I P - Roland Garros,2026-09-23,09:00 - 10:00,125000,Available
2353_4975_10:00,2353,The Level 9 Padel,4975,V I P - Roland Garros,2026-09-23,10:00 - 11:00,125000,Available
2353_4975_11:00,2353,The Level 9 Padel,4975,V I P - Roland Garros,2026-09-23,11:00 - 12:00,125000,Available
2353_5029_08:00,2353,The Level 9 Padel,5029,Court A,2026-09-23,08:00 - 09:00,125000,Available
2353_5029_09:00,2353,The Level 9 Padel,5029,Court A,2026-09-23,09:00 - 10:00,125000,Available
2353_5029_10:00,2353,The Level 9 Padel,5029,Court A,2026-09-23,10:00 - 11:00,125000,Available
2353_5029_11:00,2353,The Level 9 Padel,5029,Court A,2026-09-23,11:00 - 12:00,125000,Available
2353_5030_08:00,2353,The Level 9 Padel,5030,Court B,2026-09-23,08:00 - 09:00,125000,Available
2353_5030_09:00,2353,The Level 9 Padel,5030,Court B,2026-09-23,09:00 - 10:00,125000,Available
2353_5030_10:00,2353,The Level 9 Padel,5030,Court B,2026-09-23,10:00 - 11:00,125000,Available
2353_5030_11:00,2353,The Level 9 Padel,5030,Court B,2026-09-23,11:00 - 12:00,125000,Available
2353_5053_08:00,2353,The Level 9 Padel,5053,Court C,2026-09-23,08:00 - 09:00,125000,Available
2353_5053_09:00,2353,The Level 9 Padel,5053,Court C,2026-09-23,09:00 - 10:00,125000,Available
2353_5053_10:00,2353,The Level 9 Padel,5053,Court C,2026-09-23,10:00 - 11:00,125000,Available
2353_5053_11:00,2353,The Level 9 Padel,5053,Court C,2026-09-23,11:00 - 12:00,125000,Available
2353_5067_08:00,2353,The Level 9 Padel,5067,Court D,2026-09-23,08:00 - 09:00,125000,Available
2353_5067_09:00,2353,The Level 9 Padel,5067,Court D,2026-09-23,09:00 - 10:00,125000,Available
2353_5067_10:00,2353,The Level 9 Padel,5067,Court D,2026-09-23,10:00 - 11:00,125000,Available
2353_5067_11:00,2353,The Level 9 Padel,5067,Court D,2026-09-23,11:00 - 12:00,125000,Available
2353_5071_08:00,2353,The Level 9 Padel,5071,Court E > High Roof Membrane,2026-09-23,08:00 - 09:00,125000,Available
2353_5071_09:00,2353,The Level 9 Padel,5071,Court E > High Roof Membrane,2026-09-23,09:00 - 10:00,125000,Available
2353_5071_10:00,2353,The Level 9 Padel,5071,Court E > High Roof Membrane,2026-09-23,10:00 - 11:00,125000,Available
2353_5071_11:00,2353,The Level 9 Padel,5071,Court E > High Roof Membrane,2026-09-23,11:00 - 12:00,125000,Available
2353_5072_08:00,2353,The Level 9 Padel,5072,Court F > High Roof Membrane,2026-09-23,08:00 - 09:00,125000,Available
2353_5072_09:00,2353,The Level 9 Padel,5072,Court F > High Roof Membrane,2026-09-23,09:00 - 10:00,125000,Available
2353_5072_10:00,2353,The Level 9 Padel,5072,Court F > High Roof Membrane,2026-09-23,10:00 - 11:00,125000,Available
2353_5072_11:00,2353,The Level 9 Padel,5072,Court F > High Roof Membrane,2026-09-23,11:00 - 12:00,125000,Available
2353_5073_08:00,2353,The Level 9 Padel,5073,Court G,2026-09-23,08:00 - 09:00,125000,Available
2353_5073_09:00,2353,The Level 9 Padel,5073,Court G,2026-09-23,09:00 - 10:00,125000,Available
2353_5073_10:00,2353,The Level 9 Padel,5073,Court G,2026-09-23,10:00 - 11:00,125000,Available
2353_5073_11:00,2353,The Level 9 Padel,5073,Court G,2026-09-23,11:00 - 12:00,125000,Available
2353_5076_08:00,2353,The Level 9 Padel,5076,Court H,2026-09-23,08:00 - 09:00,125000,Available
2353_5076_09:00,2353,The Level 9 Padel,5076,Court H,2026-09-23,09:00 - 10:00,125000,Available
2353_5076_10:00,2353,The Level 9 Padel,5076,Court H,2026-09-23,10:00 - 11:00,125000,Available
2353_5076_11:00,2353,The Level 9 Padel,5076,Court H,2026-09-23,11:00 - 12:00,125000,Available
2353_5077_08:00,2353,The Level 9 Padel,5077,Court K,2026-09-23,08:00 - 09:00,125000,Available
2353_5077_09:00,2353,The Level 9 Padel,5077,Court K,2026-09-23,09:00 - 10:00,125000,Available
2353_5077_10:00,2353,The Level 9 Padel,5077,Court K,2026-09-23,10:00 - 11:00,125000,Available
2353_5077_11:00,2353,The Level 9 Padel,5077,Court K,2026-09-23,11:00 - 12:00,125000,Available
3236_7926_08:00,3236,Kore Padel,7926,Centre Court,2026-09-23,08:00 - 09:00,200000,Available
3236_7926_09:00,3236,Kore Padel,7926,Centre Court,2026-09-23,09:00 - 10:00,200000,Available
3236_7926_10:00,3236,Kore Padel,7926,Centre Court,2026-09-23,10:00 - 11:00,200000,Available
3236_7926_11:00,3236,Kore Padel,7926,Centre Court,2026-09-23,11:00 - 12:00,200000,Available
3236_12630_08:00,3236,Kore Padel,12630,COURT 2,2026-09-23,08:00 - 09:00,200000,Available
3236_12630_09:00,3236,Kore Padel,12630,COURT 2,2026-09-23,09:00 - 10:00,200000,Available
3236_12630_10:00,3236,Kore Padel,12630,COURT 2,2026-09-23,10:00 - 11:00,200000,Available
3236_12630_11:00,3236,Kore Padel,12630,COURT 2,2026-09-23,11:00 - 12:00,200000,Available
3236_12634_08:00,3236,Kore Padel,12634,COURT 3,2026-09-23,08:00 - 09:00,200000,Available
3236_12634_09:00,3236,Kore Padel,12634,COURT 3,2026-09-23,09:00 - 10:00,200000,Available
3236_12634_10:00,3236,Kore Padel,12634,COURT 3,2026-09-23,10:00 - 11:00,200000,Available
3236_12634_11:00,3236,Kore Padel,12634,COURT 3,2026-09-23,11:00 - 12:00,200000,Available
3236_12635_08:00,3236,Kore Padel,12635,COURT 4,2026-09-23,08:00 - 09:00,200000,Available
3236_12635_09:00,3236,Kore Padel,12635,COURT 4,2026-09-23,09:00 - 10:00,200000,Available
3236_12635_10:00,3236,Kore Padel,12635,COURT 4,2026-09-23,10:00 - 11:00,200000,Available
3236_12635_11:00,3236,Kore Padel,12635,COURT 4,2026-09-23,11:00 - 12:00,200000,Available
3236_12636_08:00,3236,Kore Padel,12636,COURT 5,2026-09-23,08:00 - 09:00,200000,Available
3236_12636_09:00,3236,Kore Padel,12636,COURT 5,2026-09-23,09:00 - 10:00,200000,Available
3236_12636_10:00,3236,Kore Padel,12636,COURT 5,2026-09-23,10:00 - 11:00,200000,Available
3236_12636_11:00,3236,Kore Padel,12636,COURT 5,2026-09-23,11:00 - 12:00,200000,Available
3551_8764_08:00,3551,MAISON de PADEL,8764,PADEL VIP COURT,2026-09-23,08:00 - 09:00,275000,Available
3551_8764_09:00,3551,MAISON de PADEL,8764,PADEL VIP COURT,2026-09-23,09:00 - 10:00,275000,Available
3551_8764_10:00,3551,MAISON de PADEL,8764,PADEL VIP COURT,2026-09-23,10:00 - 11:00,275000,Available
3551_8764_11:00,3551,MAISON de PADEL,8764,PADEL VIP COURT,2026-09-23,11:00 - 12:00,275000,Available
3555_8782_08:00,3555,Di Atas Social Club - Lippo Mall Puri,8782,Padel Court 1,2026-09-23,08:00 - 09:00,195000,Booked
3555_8782_09:00,3555,Di Atas Social Club - Lippo Mall Puri,8782,Padel Court 1,2026-09-23,09:00 - 10:00,195000,Available
3555_8782_10:00,3555,Di Atas Social Club - Lippo Mall Puri,8782,Padel Court 1,2026-09-23,10:00 - 11:00,195000,Available
3555_8782_11:00,3555,Di Atas Social Club - Lippo Mall Puri,8782,Padel Court 1,2026-09-23,11:00 - 12:00,195000,Available
3555_8835_08:00,3555,Di Atas Social Club - Lippo Mall Puri,8835,Padel Court 2,2026-09-23,08:00 - 09:00,195000,Booked
3555_8835_09:00,3555,Di Atas Social Club - Lippo Mall Puri,8835,Padel Court 2,2026-09-23,09:00 - 10:00,195000,Available
3555_8835_10:00,3555,Di Atas Social Club - Lippo Mall Puri,8835,Padel Court 2,2026-09-23,10:00 - 11:00,195000,Available
3555_8835_11:00,3555,Di Atas Social Club - Lippo Mall Puri,8835,Padel Court 2,2026-09-23,11:00 - 12:00,195000,Available
3555_8836_08:00,3555,Di Atas Social Club - Lippo Mall Puri,8836,Padel Court 3,2026-09-23,08:00 - 09:00,195000,Booked
3555_8836_09:00,3555,Di Atas Social Club - Lippo Mall Puri,8836,Padel Court 3,2026-09-23,09:00 - 10:00,195000,Available
3555_8836_10:00,3555,Di Atas Social Club - Lippo Mall Puri,8836,Padel Court 3,2026-09-23,10:00 - 11:00,195000,Available
3555_8836_11:00,3555,Di Atas Social Club - Lippo Mall Puri,8836,Padel Court 3,2026-09-23,11:00 - 12:00,195000,Available
3555_8837_08:00,3555,Di Atas Social Club - Lippo Mall Puri,8837,Padel Court R a,2026-09-23,08:00 - 09:00,195000,Booked
3555_8837_09:00,3555,Di Atas Social Club - Lippo Mall Puri,8837,Padel Court R a,2026-09-23,09:00 - 10:00,195000,Available
3555_8837_10:00,3555,Di Atas Social Club - Lippo Mall Puri,8837,Padel Court R a,2026-09-23,10:00 - 11:00,195000,Available
3555_8837_11:00,3555,Di Atas Social Club - Lippo Mall Puri,8837,Padel Court R a,2026-09-23,11:00 - 12:00,195000,Available
3555_8838_08:00,3555,Di Atas Social Club - Lippo Mall Puri,8838,Padel Court R b,2026-09-23,08:00 - 09:00,195000,Booked
3555_8838_09:00,3555,Di Atas Social Club - Lippo Mall Puri,8838,Padel Court R b,2026-09-23,09:00 - 10:00,195000,Available
3555_8838_10:00,3555,Di Atas Social Club - Lippo Mall Puri,8838,Padel Court R b,2026-09-23,10:00 - 11:00,195000,Available
3555_8838_11:00,3555,Di Atas Social Club - Lippo Mall Puri,8838,Padel Court R b,2026-09-23,11:00 - 12:00,195000,Available
3555_8783_08:00,3555,Di Atas Social Club - Lippo Mall Puri,8783,Pickleball Court 1,2026-09-23,08:00 - 09:00,225000,Booked
3555_8783_09:00,3555,Di Atas Social Club - Lippo Mall Puri,8783,Pickleball Court 1,2026-09-23,09:00 - 10:00,225000,Available
3555_8783_10:00,3555,Di Atas Social Club - Lippo Mall Puri,8783,Pickleball Court 1,2026-09-23,10:00 - 11:00,195000,Available
3555_8783_11:00,3555,Di Atas Social Club - Lippo Mall Puri,8783,Pickleball Court 1,2026-09-23,11:00 - 12:00,195000,Available
3555_8956_08:00,3555,Di Atas Social Club - Lippo Mall Puri,8956,Pickleball Court 2,2026-09-23,08:00 - 09:00,225000,Booked
3555_8956_09:00,3555,Di Atas Social Club - Lippo Mall Puri,8956,Pickleball Court 2,2026-09-23,09:00 - 10:00,225000,Available
3555_8956_10:00,3555,Di Atas Social Club - Lippo Mall Puri,8956,Pickleball Court 2,2026-09-23,10:00 - 11:00,195000,Available
3555_8956_11:00,3555,Di Atas Social Club - Lippo Mall Puri,8956,Pickleball Court 2,2026-09-23,11:00 - 12:00,195000,Available
3555_8957_08:00,3555,Di Atas Social Club - Lippo Mall Puri,8957,Pickleball Court 3,2026-09-23,08:00 - 09:00,225000,Booked
3555_8957_09:00,3555,Di Atas Social Club - Lippo Mall Puri,8957,Pickleball Court 3,2026-09-23,09:00 - 10:00,225000,Available
3555_8957_10:00,3555,Di Atas Social Club - Lippo Mall Puri,8957,Pickleball Court 3,2026-09-23,10:00 - 11:00,195000,Available
3555_8957_11:00,3555,Di Atas Social Club - Lippo Mall Puri,8957,Pickleball Court 3,2026-09-23,11:00 - 12:00,195000,Available
3555_8958_08:00,3555,Di Atas Social Club - Lippo Mall Puri,8958,Pickleball Court 4,2026-09-23,08:00 - 09:00,225000,Booked
3555_8958_09:00,3555,Di Atas Social Club - Lippo Mall Puri,8958,Pickleball Court 4,2026-09-23,09:00 - 10:00,225000,Available
3555_8958_10:00,3555,Di Atas Social Club - Lippo Mall Puri,8958,Pickleball Court 4,2026-09-23,10:00 - 11:00,195000,Available
3555_8958_11:00,3555,Di Atas Social Club - Lippo Mall Puri,8958,Pickleball Court 4,2026-09-23,11:00 - 12:00,195000,Available
4411_11013_12:00,4411,Deuce Arena,11013,Padel Court A,2026-09-23,12:00 - 13:00,70000,Available
4411_11013_13:00,4411,Deuce Arena,11013,Padel Court A,2026-09-23,13:00 - 14:00,70000,Available
4411_11013_14:00,4411,Deuce Arena,11013,Padel Court A,2026-09-23,14:00 - 15:00,70000,Available
4411_11013_15:00,4411,Deuce Arena,11013,Padel Court A,2026-09-23,15:00 - 16:00,70000,Available
4411_11013_16:00,4411,Deuce Arena,11013,Padel Court A,2026-09-23,16:00 - 17:00,120000,Available
4411_11617_12:00,4411,Deuce Arena,11617,Padel Court B,2026-09-23,12:00 - 13:00,70000,Available
4411_11617_13:00,4411,Deuce Arena,11617,Padel Court B,2026-09-23,13:00 - 14:00,70000,Available
4411_11617_14:00,4411,Deuce Arena,11617,Padel Court B,2026-09-23,14:00 - 15:00,70000,Available
4411_11617_15:00,4411,Deuce Arena,11617,Padel Court B,2026-09-23,15:00 - 16:00,70000,Available
4411_11617_16:00,4411,Deuce Arena,11617,Padel Court B,2026-09-23,16:00 - 17:00,120000,Available
4411_11618_12:00,4411,Deuce Arena,11618,Padel Court C,2026-09-23,12:00 - 13:00,70000,Available
4411_11618_13:00,4411,Deuce Arena,11618,Padel Court C,2026-09-23,13:00 - 14:00,70000,Available
4411_11618_14:00,4411,Deuce Arena,11618,Padel Court C,2026-09-23,14:00 - 15:00,70000,Available
4411_11618_15:00,4411,Deuce Arena,11618,Padel Court C,2026-09-23,15:00 - 16:00,70000,Booked
4411_11618_16:00,4411,Deuce Arena,11618,Padel Court C,2026-09-23,16:00 - 17:00,120000,Available
4411_11621_12:00,4411,Deuce Arena,11621,Doubles Court 1,2026-09-23,12:00 - 13:00,200000,Available
4411_11621_13:00,4411,Deuce Arena,11621,Doubles Court 1,2026-09-23,13:00 - 14:00,200000,Available
4411_11621_14:00,4411,Deuce Arena,11621,Doubles Court 1,2026-09-23,14:00 - 15:00,200000,Available
4411_11621_15:00,4411,Deuce Arena,11621,Doubles Court 1,2026-09-23,15:00 - 16:00,200000,Available
4411_11621_16:00,4411,Deuce Arena,11621,Doubles Court 1,2026-09-23,16:00 - 17:00,250000,Available
4411_11622_12:00,4411,Deuce Arena,11622,Doubles Court 2,2026-09-23,12:00 - 13:00,200000,Available
4411_11622_13:00,4411,Deuce Arena,11622,Doubles Court 2,2026-09-23,13:00 - 14:00,200000,Available
4411_11622_14:00,4411,Deuce Arena,11622,Doubles Court 2,2026-09-23,14:00 - 15:00,200000,Available
4411_11622_15:00,4411,Deuce Arena,11622,Doubles Court 2,2026-09-23,15:00 - 16:00,200000,Available
4411_11622_16:00,4411,Deuce Arena,11622,Doubles Court 2,2026-09-23,16:00 - 17:00,250000,Available
4411_11619_12:00,4411,Deuce Arena,11619,Singles Court 1,2026-09-23,12:00 - 13:00,150000,Available
4411_11619_13:00,4411,Deuce Arena,11619,Singles Court 1,2026-09-23,13:00 - 14:00,150000,Available
4411_11619_14:00,4411,Deuce Arena,11619,Singles Court 1,2026-09-23,14:00 - 15:00,150000,Available
4411_11619_15:00,4411,Deuce Arena,11619,Singles Court 1,2026-09-23,15:00 - 16:00,150000,Available
4411_11619_16:00,4411,Deuce Arena,11619,Singles Court 1,2026-09-23,16:00 - 17:00,200000,Available
4411_11620_12:00,4411,Deuce Arena,11620,Singles Court 2,2026-09-23,12:00 - 13:00,150000,Available
4411_11620_13:00,4411,Deuce Arena,11620,Singles Court 2,2026-09-23,13:00 - 14:00,150000,Available
4411_11620_14:00,4411,Deuce Arena,11620,Singles Court 2,2026-09-23,14:00 - 15:00,150000,Available
4411_11620_15:00,4411,Deuce Arena,11620,Singles Court 2,2026-09-23,15:00 - 16:00,150000,Available
4411_11620_16:00,4411,Deuce Arena,11620,Singles Court 2,2026-09-23,16:00 - 17:00,200000,Available
2422_5202_12:00,2422,Nordic Courts,5202,Tennis 1,2026-09-23,12:00 - 13:00,140000,Available
2422_5202_13:00,2422,Nordic Courts,5202,Tennis 1,2026-09-23,13:00 - 14:00,140000,Available
2422_5202_14:00,2422,Nordic Courts,5202,Tennis 1,2026-09-23,14:00 - 15:00,140000,Available
2422_5202_15:00,2422,Nordic Courts,5202,Tennis 1,2026-09-23,15:00 - 16:00,185000,Available
2422_5202_16:00,2422,Nordic Courts,5202,Tennis 1,2026-09-23,16:00 - 17:00,250000,Booked
2422_7140_12:00,2422,Nordic Courts,7140,Tennis 2,2026-09-23,12:00 - 13:00,140000,Available
2422_7140_13:00,2422,Nordic Courts,7140,Tennis 2,2026-09-23,13:00 - 14:00,140000,Available
2422_7140_14:00,2422,Nordic Courts,7140,Tennis 2,2026-09-23,14:00 - 15:00,140000,Available
2422_7140_15:00,2422,Nordic Courts,7140,Tennis 2,2026-09-23,15:00 - 16:00,185000,Available
2422_7140_16:00,2422,Nordic Courts,7140,Tennis 2,2026-09-23,16:00 - 17:00,250000,Available
2422_5205_12:00,2422,Nordic Courts,5205,Padel A,2026-09-23,12:00 - 13:00,77000,Available
2422_5205_13:00,2422,Nordic Courts,5205,Padel A,2026-09-23,13:00 - 14:00,77000,Available
2422_5205_14:00,2422,Nordic Courts,5205,Padel A,2026-09-23,14:00 - 15:00,77000,Available
2422_5205_15:00,2422,Nordic Courts,5205,Padel A,2026-09-23,15:00 - 16:00,99000,Available
2422_5205_16:00,2422,Nordic Courts,5205,Padel A,2026-09-23,16:00 - 17:00,99000,Available
2422_7149_12:00,2422,Nordic Courts,7149,Padel B,2026-09-23,12:00 - 13:00,77000,Available
2422_7149_13:00,2422,Nordic Courts,7149,Padel B,2026-09-23,13:00 - 14:00,77000,Available
2422_7149_14:00,2422,Nordic Courts,7149,Padel B,2026-09-23,14:00 - 15:00,77000,Available
2422_7149_15:00,2422,Nordic Courts,7149,Padel B,2026-09-23,15:00 - 16:00,99000,Available
2422_7149_16:00,2422,Nordic Courts,7149,Padel B,2026-09-23,16:00 - 17:00,99000,Available
2422_7150_12:00,2422,Nordic Courts,7150,Padel C,2026-09-23,12:00 - 13:00,77000,Available
2422_7150_13:00,2422,Nordic Courts,7150,Padel C,2026-09-23,13:00 - 14:00,77000,Available
2422_7150_14:00,2422,Nordic Courts,7150,Padel C,2026-09-23,14:00 - 15:00,77000,Available
2422_7150_15:00,2422,Nordic Courts,7150,Padel C,2026-09-23,15:00 - 16:00,99000,Available
2422_7150_16:00,2422,Nordic Courts,7150,Padel C,2026-09-23,16:00 - 17:00,99000,Available
2422_7151_12:00,2422,Nordic Courts,7151,Padel D,2026-09-23,12:00 - 13:00,77000,Available
2422_7151_13:00,2422,Nordic Courts,7151,Padel D,2026-09-23,13:00 - 14:00,77000,Available
2422_7151_14:00,2422,Nordic Courts,7151,Padel D,2026-09-23,14:00 - 15:00,77000,Available
2422_7151_15:00,2422,Nordic Courts,7151,Padel D,2026-09-23,15:00 - 16:00,99000,Available
2422_7151_16:00,2422,Nordic Courts,7151,Padel D,2026-09-23,16:00 - 17:00,99000,Available
2110_4356_12:00,2110,Hobi Padel Meruya,4356,Court 1,2026-09-23,12:00 - 13:00,98000,Booked
2110_4356_13:00,2110,Hobi Padel Meruya,4356,Court 1,2026-09-23,13:00 - 14:00,98000,Booked
2110_4356_14:00,2110,Hobi Padel Meruya,4356,Court 1,2026-09-23,14:00 - 15:00,98000,Booked
2110_4356_15:00,2110,Hobi Padel Meruya,4356,Court 1,2026-09-23,15:00 - 16:00,118000,Available
2110_4356_16:00,2110,Hobi Padel Meruya,4356,Court 1,2026-09-23,16:00 - 17:00,118000,Booked
2110_6157_12:00,2110,Hobi Padel Meruya,6157,Court 2,2026-09-23,12:00 - 13:00,98000,Booked
2110_6157_13:00,2110,Hobi Padel Meruya,6157,Court 2,2026-09-23,13:00 - 14:00,98000,Available
2110_6157_14:00,2110,Hobi Padel Meruya,6157,Court 2,2026-09-23,14:00 - 15:00,98000,Available
2110_6157_15:00,2110,Hobi Padel Meruya,6157,Court 2,2026-09-23,15:00 - 16:00,118000,Available
2110_6157_16:00,2110,Hobi Padel Meruya,6157,Court 2,2026-09-23,16:00 - 17:00,118000,Booked
2110_6158_12:00,2110,Hobi Padel Meruya,6158,Court 3,2026-09-23,12:00 - 13:00,98000,Available
2110_6158_13:00,2110,Hobi Padel Meruya,6158,Court 3,2026-09-23,13:00 - 14:00,98000,Available
2110_6158_14:00,2110,Hobi Padel Meruya,6158,Court 3,2026-09-23,14:00 - 15:00,98000,Available
2110_6158_15:00,2110,Hobi Padel Meruya,6158,Court 3,2026-09-23,15:00 - 16:00,118000,Available
2110_6158_16:00,2110,Hobi Padel Meruya,6158,Court 3,2026-09-23,16:00 - 17:00,118000,Available
2110_6159_12:00,2110,Hobi Padel Meruya,6159,Court 4,2026-09-23,12:00 - 13:00,98000,Available
2110_6159_13:00,2110,Hobi Padel Meruya,6159,Court 4,2026-09-23,13:00 - 14:00,98000,Available
2110_6159_14:00,2110,Hobi Padel Meruya,6159,Court 4,2026-09-23,14:00 - 15:00,98000,Available
2110_6159_15:00,2110,Hobi Padel Meruya,6159,Court 4,2026-09-23,15:00 - 16:00,118000,Available
2110_6159_16:00,2110,Hobi Padel Meruya,6159,Court 4,2026-09-23,16:00 - 17:00,118000,Available
2415_5095_12:00,2415,Padelin,5095,Court 1,2026-09-23,12:00 - 13:00,100000,Available
2415_5095_13:00,2415,Padelin,5095,Court 1,2026-09-23,13:00 - 14:00,100000,Available
2415_5095_14:00,2415,Padelin,5095,Court 1,2026-09-23,14:00 - 15:00,100000,Available
2415_5095_15:00,2415,Padelin,5095,Court 1,2026-09-23,15:00 - 16:00,100000,Available
2415_5095_16:00,2415,Padelin,5095,Court 1,2026-09-23,16:00 - 17:00,100000,Booked
2415_7551_12:00,2415,Padelin,7551,Court 2,2026-09-23,12:00 - 13:00,100000,Available
2415_7551_13:00,2415,Padelin,7551,Court 2,2026-09-23,13:00 - 14:00,100000,Available
2415_7551_14:00,2415,Padelin,7551,Court 2,2026-09-23,14:00 - 15:00,100000,Available
2415_7551_15:00,2415,Padelin,7551,Court 2,2026-09-23,15:00 - 16:00,100000,Available
2415_7551_16:00,2415,Padelin,7551,Court 2,2026-09-23,16:00 - 17:00,100000,Booked
2415_7552_12:00,2415,Padelin,7552,Court 3,2026-09-23,12:00 - 13:00,100000,Available
2415_7552_13:00,2415,Padelin,7552,Court 3,2026-09-23,13:00 - 14:00,100000,Available
2415_7552_14:00,2415,Padelin,7552,Court 3,2026-09-23,14:00 - 15:00,100000,Available
2415_7552_15:00,2415,Padelin,7552,Court 3,2026-09-23,15:00 - 16:00,100000,Available
2415_7552_16:00,2415,Padelin,7552,Court 3,2026-09-23,16:00 - 17:00,100000,Booked
1113_2242_12:00,1113,Sunday Padel - Meruya,2242,Court 1,2026-09-23,12:00 - 13:00,99000,Available
1113_2242_13:00,1113,Sunday Padel - Meruya,2242,Court 1,2026-09-23,13:00 - 14:00,99000,Available
1113_2242_14:00,1113,Sunday Padel - Meruya,2242,Court 1,2026-09-23,14:00 - 15:00,99000,Available
1113_2242_15:00,1113,Sunday Padel - Meruya,2242,Court 1,2026-09-23,15:00 - 16:00,99000,Available
1113_2242_16:00,1113,Sunday Padel - Meruya,2242,Court 1,2026-09-23,16:00 - 17:00,99000,Available
1113_2246_12:00,1113,Sunday Padel - Meruya,2246,Court 2,2026-09-23,12:00 - 13:00,99000,Available
1113_2246_13:00,1113,Sunday Padel - Meruya,2246,Court 2,2026-09-23,13:00 - 14:00,99000,Available
1113_2246_14:00,1113,Sunday Padel - Meruya,2246,Court 2,2026-09-23,14:00 - 15:00,99000,Available
1113_2246_15:00,1113,Sunday Padel - Meruya,2246,Court 2,2026-09-23,15:00 - 16:00,99000,Available
1113_2246_16:00,1113,Sunday Padel - Meruya,2246,Court 2,2026-09-23,16:00 - 17:00,99000,Available
1113_2247_12:00,1113,Sunday Padel - Meruya,2247,Court 3,2026-09-23,12:00 - 13:00,99000,Available
1113_2247_13:00,1113,Sunday Padel - Meruya,2247,Court 3,2026-09-23,13:00 - 14:00,99000,Available
1113_2247_14:00,1113,Sunday Padel - Meruya,2247,Court 3,2026-09-23,14:00 - 15:00,99000,Available
1113_2247_15:00,1113,Sunday Padel - Meruya,2247,Court 3,2026-09-23,15:00 - 16:00,99000,Available
1113_2247_16:00,1113,Sunday Padel - Meruya,2247,Court 3,2026-09-23,16:00 - 17:00,99000,Available
1113_2248_12:00,1113,Sunday Padel - Meruya,2248,Court 4,2026-09-23,12:00 - 13:00,99000,Available
1113_2248_13:00,1113,Sunday Padel - Meruya,2248,Court 4,2026-09-23,13:00 - 14:00,99000,Available
1113_2248_14:00,1113,Sunday Padel - Meruya,2248,Court 4,2026-09-23,14:00 - 15:00,99000,Booked
1113_2248_15:00,1113,Sunday Padel - Meruya,2248,Court 4,2026-09-23,15:00 - 16:00,99000,Booked
1113_2248_16:00,1113,Sunday Padel - Meruya,2248,Court 4,2026-09-23,16:00 - 17:00,99000,Available
1113_2249_12:00,1113,Sunday Padel - Meruya,2249,Court 5,2026-09-23,12:00 - 13:00,99000,Available
1113_2249_13:00,1113,Sunday Padel - Meruya,2249,Court 5,2026-09-23,13:00 - 14:00,99000,Available
1113_2249_14:00,1113,Sunday Padel - Meruya,2249,Court 5,2026-09-23,14:00 - 15:00,99000,Booked
1113_2249_15:00,1113,Sunday Padel - Meruya,2249,Court 5,2026-09-23,15:00 - 16:00,99000,Booked
1113_2249_16:00,1113,Sunday Padel - Meruya,2249,Court 5,2026-09-23,16:00 - 17:00,99000,Available
3308_8017_12:00,3308,Angke Padel,8017,Court A,2026-09-23,12:00 - 13:00,75000,Available
3308_8017_13:00,3308,Angke Padel,8017,Court A,2026-09-23,13:00 - 14:00,75000,Available
3308_8017_14:00,3308,Angke Padel,8017,Court A,2026-09-23,14:00 - 15:00,75000,Available
3308_8017_15:00,3308,Angke Padel,8017,Court A,2026-09-23,15:00 - 16:00,75000,Available
3308_8017_16:00,3308,Angke Padel,8017,Court A,2026-09-23,16:00 - 17:00,75000,Available
3308_8333_12:00,3308,Angke Padel,8333,Court B,2026-09-23,12:00 - 13:00,75000,Available
3308_8333_13:00,3308,Angke Padel,8333,Court B,2026-09-23,13:00 - 14:00,75000,Available
3308_8333_14:00,3308,Angke Padel,8333,Court B,2026-09-23,14:00 - 15:00,75000,Available
3308_8333_15:00,3308,Angke Padel,8333,Court B,2026-09-23,15:00 - 16:00,75000,Available
3308_8333_16:00,3308,Angke Padel,8333,Court B,2026-09-23,16:00 - 17:00,75000,Available
3308_8334_12:00,3308,Angke Padel,8334,Court C,2026-09-23,12:00 - 13:00,75000,Available
3308_8334_13:00,3308,Angke Padel,8334,Court C,2026-09-23,13:00 - 14:00,75000,Available
3308_8334_14:00,3308,Angke Padel,8334,Court C,2026-09-23,14:00 - 15:00,75000,Available
3308_8334_15:00,3308,Angke Padel,8334,Court C,2026-09-23,15:00 - 16:00,75000,Available
3308_8334_16:00,3308,Angke Padel,8334,Court C,2026-09-23,16:00 - 17:00,75000,Available
3308_8335_12:00,3308,Angke Padel,8335,Court D,2026-09-23,12:00 - 13:00,75000,Available
3308_8335_13:00,3308,Angke Padel,8335,Court D,2026-09-23,13:00 - 14:00,75000,Available
3308_8335_14:00,3308,Angke Padel,8335,Court D,2026-09-23,14:00 - 15:00,75000,Available
3308_8335_15:00,3308,Angke Padel,8335,Court D,2026-09-23,15:00 - 16:00,75000,Available
3308_8335_16:00,3308,Angke Padel,8335,Court D,2026-09-23,16:00 - 17:00,75000,Available
3308_8336_12:00,3308,Angke Padel,8336,Court E,2026-09-23,12:00 - 13:00,75000,Available
3308_8336_13:00,3308,Angke Padel,8336,Court E,2026-09-23,13:00 - 14:00,75000,Available
3308_8336_14:00,3308,Angke Padel,8336,Court E,2026-09-23,14:00 - 15:00,75000,Available
3308_8336_15:00,3308,Angke Padel,8336,Court E,2026-09-23,15:00 - 16:00,75000,Available
3308_8336_16:00,3308,Angke Padel,8336,Court E,2026-09-23,16:00 - 17:00,75000,Available
3308_8337_12:00,3308,Angke Padel,8337,Court F,2026-09-23,12:00 - 13:00,75000,Available
3308_8337_13:00,3308,Angke Padel,8337,Court F,2026-09-23,13:00 - 14:00,75000,Available
3308_8337_14:00,3308,Angke Padel,8337,Court F,2026-09-23,14:00 - 15:00,75000,Available
3308_8337_15:00,3308,Angke Padel,8337,Court F,2026-09-23,15:00 - 16:00,75000,Available
3308_8337_16:00,3308,Angke Padel,8337,Court F,2026-09-23,16:00 - 17:00,75000,Available
3358_8176_12:00,3358,Kaia Padel Reserve,8176,Court A (Green),2026-09-23,12:00 - 14:00,200000,Available
3358_8176_14:00,3358,Kaia Padel Reserve,8176,Court A (Green),2026-09-23,14:00 - 15:00,125000,Available
3358_8176_15:00,3358,Kaia Padel Reserve,8176,Court A (Green),2026-09-23,15:00 - 16:00,125000,Available
3358_8176_16:00,3358,Kaia Padel Reserve,8176,Court A (Green),2026-09-23,16:00 - 17:00,125000,Booked
3358_8193_12:00,3358,Kaia Padel Reserve,8193,Court B (Terracotta),2026-09-23,12:00 - 14:00,200000,Available
3358_8193_14:00,3358,Kaia Padel Reserve,8193,Court B (Terracotta),2026-09-23,14:00 - 15:00,125000,Available
3358_8193_15:00,3358,Kaia Padel Reserve,8193,Court B (Terracotta),2026-09-23,15:00 - 16:00,125000,Available
3358_8193_16:00,3358,Kaia Padel Reserve,8193,Court B (Terracotta),2026-09-23,16:00 - 17:00,125000,Available
3358_8194_12:00,3358,Kaia Padel Reserve,8194,Court C (Green),2026-09-23,12:00 - 14:00,200000,Available
3358_8194_14:00,3358,Kaia Padel Reserve,8194,Court C (Green),2026-09-23,14:00 - 15:00,125000,Available
3358_8194_15:00,3358,Kaia Padel Reserve,8194,Court C (Green),2026-09-23,15:00 - 16:00,125000,Available
3358_8194_16:00,3358,Kaia Padel Reserve,8194,Court C (Green),2026-09-23,16:00 - 17:00,125000,Available
3358_8195_12:00,3358,Kaia Padel Reserve,8195,Court D (Terracotta),2026-09-23,12:00 - 14:00,200000,Available
3358_8195_14:00,3358,Kaia Padel Reserve,8195,Court D (Terracotta),2026-09-23,14:00 - 15:00,125000,Available
3358_8195_15:00,3358,Kaia Padel Reserve,8195,Court D (Terracotta),2026-09-23,15:00 - 16:00,125000,Available
3358_8195_16:00,3358,Kaia Padel Reserve,8195,Court D (Terracotta),2026-09-23,16:00 - 17:00,125000,Available
3358_8196_12:00,3358,Kaia Padel Reserve,8196,Court E (Green),2026-09-23,12:00 - 14:00,200000,Available
3358_8196_14:00,3358,Kaia Padel Reserve,8196,Court E (Green),2026-09-23,14:00 - 15:00,125000,Available
3358_8196_15:00,3358,Kaia Padel Reserve,8196,Court E (Green),2026-09-23,15:00 - 16:00,125000,Available
3358_8196_16:00,3358,Kaia Padel Reserve,8196,Court E (Green),2026-09-23,16:00 - 17:00,125000,Available
4053_10011_12:00,4053,Nice Padel,10011,Court 1,2026-09-23,12:00 - 13:00,99000,Available
4053_10011_13:00,4053,Nice Padel,10011,Court 1,2026-09-23,13:00 - 14:00,99000,Available
4053_10011_14:00,4053,Nice Padel,10011,Court 1,2026-09-23,14:00 - 15:00,99000,Available
4053_10011_15:00,4053,Nice Padel,10011,Court 1,2026-09-23,15:00 - 16:00,99000,Available
4053_10011_16:00,4053,Nice Padel,10011,Court 1,2026-09-23,16:00 - 17:00,99000,Available
4053_10012_12:00,4053,Nice Padel,10012,Court 2,2026-09-23,12:00 - 13:00,99000,Available
4053_10012_13:00,4053,Nice Padel,10012,Court 2,2026-09-23,13:00 - 14:00,99000,Available
4053_10012_14:00,4053,Nice Padel,10012,Court 2,2026-09-23,14:00 - 15:00,99000,Available
4053_10012_15:00,4053,Nice Padel,10012,Court 2,2026-09-23,15:00 - 16:00,99000,Available
4053_10012_16:00,4053,Nice Padel,10012,Court 2,2026-09-23,16:00 - 17:00,99000,Available
4244_10884_12:00,4244,Mono House,10884,Court 1,2026-09-23,12:00 - 13:00,125000,Available
4244_10884_13:00,4244,Mono House,10884,Court 1,2026-09-23,13:00 - 14:00,125000,Available
4244_10884_14:00,4244,Mono House,10884,Court 1,2026-09-23,14:00 - 15:00,125000,Booked
4244_10884_15:00,4244,Mono House,10884,Court 1,2026-09-23,15:00 - 16:00,125000,Booked
4244_10884_16:00,4244,Mono House,10884,Court 1,2026-09-23,16:00 - 17:00,225000,Available
4244_10885_12:00,4244,Mono House,10885,Court 2,2026-09-23,12:00 - 13:00,125000,Available
4244_10885_13:00,4244,Mono House,10885,Court 2,2026-09-23,13:00 - 14:00,125000,Available
4244_10885_14:00,4244,Mono House,10885,Court 2,2026-09-23,14:00 - 15:00,125000,Available
4244_10885_15:00,4244,Mono House,10885,Court 2,2026-09-23,15:00 - 16:00,125000,Available
4244_10885_16:00,4244,Mono House,10885,Court 2,2026-09-23,16:00 - 17:00,225000,Available
2958_6927_12:00,2958,Go 2 Padel,6927,Court 1 (Blue),2026-09-23,12:00 - 13:00,60000,Available
2958_6927_13:00,2958,Go 2 Padel,6927,Court 1 (Blue),2026-09-23,13:00 - 14:00,60000,Available
2958_6927_14:00,2958,Go 2 Padel,6927,Court 1 (Blue),2026-09-23,14:00 - 15:00,60000,Available
2958_6927_15:00,2958,Go 2 Padel,6927,Court 1 (Blue),2026-09-23,15:00 - 16:00,60000,Available
2958_6927_16:00,2958,Go 2 Padel,6927,Court 1 (Blue),2026-09-23,16:00 - 17:00,60000,Available
2958_7798_12:00,2958,Go 2 Padel,7798,Court 2 (Pink),2026-09-23,12:00 - 13:00,60000,Available
2958_7798_13:00,2958,Go 2 Padel,7798,Court 2 (Pink),2026-09-23,13:00 - 14:00,60000,Available
2958_7798_14:00,2958,Go 2 Padel,7798,Court 2 (Pink),2026-09-23,14:00 - 15:00,60000,Available
2958_7798_15:00,2958,Go 2 Padel,7798,Court 2 (Pink),2026-09-23,15:00 - 16:00,60000,Booked
2958_7798_16:00,2958,Go 2 Padel,7798,Court 2 (Pink),2026-09-23,16:00 - 17:00,60000,Available
2906_6677_12:00,2906,Padel Quarter,6677,Elite Court,2026-09-23,12:00 - 13:00,100000,Available
2906_6677_13:00,2906,Padel Quarter,6677,Elite Court,2026-09-23,13:00 - 14:00,100000,Available
2906_6677_14:00,2906,Padel Quarter,6677,Elite Court,2026-09-23,14:00 - 15:00,100000,Available
2906_6677_15:00,2906,Padel Quarter,6677,Elite Court,2026-09-23,15:00 - 16:00,100000,Available
2906_6677_16:00,2906,Padel Quarter,6677,Elite Court,2026-09-23,16:00 - 17:00,100000,Available
2906_6678_12:00,2906,Padel Quarter,6678,Court 1,2026-09-23,12:00 - 13:00,90000,Available
2906_6678_13:00,2906,Padel Quarter,6678,Court 1,2026-09-23,13:00 - 14:00,90000,Available
2906_6678_14:00,2906,Padel Quarter,6678,Court 1,2026-09-23,14:00 - 15:00,90000,Available
2906_6678_15:00,2906,Padel Quarter,6678,Court 1,2026-09-23,15:00 - 16:00,90000,Available
2906_6678_16:00,2906,Padel Quarter,6678,Court 1,2026-09-23,16:00 - 17:00,90000,Available
2906_6679_12:00,2906,Padel Quarter,6679,Court 2,2026-09-23,12:00 - 13:00,90000,Available
2906_6679_13:00,2906,Padel Quarter,6679,Court 2,2026-09-23,13:00 - 14:00,90000,Available
2906_6679_14:00,2906,Padel Quarter,6679,Court 2,2026-09-23,14:00 - 15:00,90000,Available
2906_6679_15:00,2906,Padel Quarter,6679,Court 2,2026-09-23,15:00 - 16:00,90000,Available
2906_6679_16:00,2906,Padel Quarter,6679,Court 2,2026-09-23,16:00 - 17:00,90000,Available
2906_6680_12:00,2906,Padel Quarter,6680,Court 3,2026-09-23,12:00 - 13:00,90000,Available
2906_6680_13:00,2906,Padel Quarter,6680,Court 3,2026-09-23,13:00 - 14:00,90000,Available
2906_6680_14:00,2906,Padel Quarter,6680,Court 3,2026-09-23,14:00 - 15:00,90000,Available
2906_6680_15:00,2906,Padel Quarter,6680,Court 3,2026-09-23,15:00 - 16:00,90000,Available
2906_6680_16:00,2906,Padel Quarter,6680,Court 3,2026-09-23,16:00 - 17:00,90000,Available
3232_8048_12:00,3232,Powerhouse Padel AZURE Taman Surya,8048,Court A,2026-09-23,12:00 - 13:00,75000,Available
3232_8048_13:00,3232,Powerhouse Padel AZURE Taman Surya,8048,Court A,2026-09-23,13:00 - 14:00,75000,Available
3232_8048_14:00,3232,Powerhouse Padel AZURE Taman Surya,8048,Court A,2026-09-23,14:00 - 15:00,75000,Available
3232_8048_15:00,3232,Powerhouse Padel AZURE Taman Surya,8048,Court A,2026-09-23,15:00 - 16:00,75000,Available
3232_8048_16:00,3232,Powerhouse Padel AZURE Taman Surya,8048,Court A,2026-09-23,16:00 - 17:00,75000,Available
3232_8132_12:00,3232,Powerhouse Padel AZURE Taman Surya,8132,Court B,2026-09-23,12:00 - 13:00,75000,Available
3232_8132_13:00,3232,Powerhouse Padel AZURE Taman Surya,8132,Court B,2026-09-23,13:00 - 14:00,75000,Available
3232_8132_14:00,3232,Powerhouse Padel AZURE Taman Surya,8132,Court B,2026-09-23,14:00 - 15:00,75000,Available
3232_8132_15:00,3232,Powerhouse Padel AZURE Taman Surya,8132,Court B,2026-09-23,15:00 - 16:00,75000,Available
3232_8132_16:00,3232,Powerhouse Padel AZURE Taman Surya,8132,Court B,2026-09-23,16:00 - 17:00,75000,Available
3232_8133_12:00,3232,Powerhouse Padel AZURE Taman Surya,8133,Court C,2026-09-23,12:00 - 13:00,75000,Available
3232_8133_13:00,3232,Powerhouse Padel AZURE Taman Surya,8133,Court C,2026-09-23,13:00 - 14:00,75000,Available
3232_8133_14:00,3232,Powerhouse Padel AZURE Taman Surya,8133,Court C,2026-09-23,14:00 - 15:00,75000,Available
3232_8133_15:00,3232,Powerhouse Padel AZURE Taman Surya,8133,Court C,2026-09-23,15:00 - 16:00,75000,Available
3232_8133_16:00,3232,Powerhouse Padel AZURE Taman Surya,8133,Court C,2026-09-23,16:00 - 17:00,75000,Available
3232_8134_12:00,3232,Powerhouse Padel AZURE Taman Surya,8134,Court D,2026-09-23,12:00 - 13:00,75000,Available
3232_8134_13:00,3232,Powerhouse Padel AZURE Taman Surya,8134,Court D,2026-09-23,13:00 - 14:00,75000,Available
3232_8134_14:00,3232,Powerhouse Padel AZURE Taman Surya,8134,Court D,2026-09-23,14:00 - 15:00,75000,Available
3232_8134_15:00,3232,Powerhouse Padel AZURE Taman Surya,8134,Court D,2026-09-23,15:00 - 16:00,75000,Available
3232_8134_16:00,3232,Powerhouse Padel AZURE Taman Surya,8134,Court D,2026-09-23,16:00 - 17:00,75000,Booked
2317_4859_12:00,2317,CPH Citra Padel House,4859,Court 1,2026-09-23,12:00 - 13:00,75000,Available
2317_4859_13:00,2317,CPH Citra Padel House,4859,Court 1,2026-09-23,13:00 - 14:00,75000,Available
2317_4859_14:00,2317,CPH Citra Padel House,4859,Court 1,2026-09-23,14:00 - 15:00,75000,Booked
2317_4859_15:00,2317,CPH Citra Padel House,4859,Court 1,2026-09-23,15:00 - 16:00,75000,Available
2317_4859_16:00,2317,CPH Citra Padel House,4859,Court 1,2026-09-23,16:00 - 17:00,75000,Available
2317_4860_12:00,2317,CPH Citra Padel House,4860,Court 2,2026-09-23,12:00 - 13:00,75000,Available
2317_4860_13:00,2317,CPH Citra Padel House,4860,Court 2,2026-09-23,13:00 - 14:00,75000,Booked
2317_4860_14:00,2317,CPH Citra Padel House,4860,Court 2,2026-09-23,14:00 - 15:00,75000,Booked
2317_4860_15:00,2317,CPH Citra Padel House,4860,Court 2,2026-09-23,15:00 - 16:00,75000,Booked
2317_4860_16:00,2317,CPH Citra Padel House,4860,Court 2,2026-09-23,16:00 - 17:00,75000,Available
2317_4861_12:00,2317,CPH Citra Padel House,4861,Court 3,2026-09-23,12:00 - 13:00,75000,Available
2317_4861_13:00,2317,CPH Citra Padel House,4861,Court 3,2026-09-23,13:00 - 14:00,75000,Available
2317_4861_14:00,2317,CPH Citra Padel House,4861,Court 3,2026-09-23,14:00 - 15:00,75000,Available
2317_4861_15:00,2317,CPH Citra Padel House,4861,Court 3,2026-09-23,15:00 - 16:00,75000,Available
2317_4861_16:00,2317,CPH Citra Padel House,4861,Court 3,2026-09-23,16:00 - 17:00,75000,Available
4333_11147_12:00,4333,Seven Stars Arena,11147,Court A,2026-09-23,12:00 - 13:00,125000,Available
4333_11147_13:00,4333,Seven Stars Arena,11147,Court A,2026-09-23,13:00 - 14:00,125000,Available
4333_11147_14:00,4333,Seven Stars Arena,11147,Court A,2026-09-23,14:00 - 15:00,125000,Available
4333_11147_15:00,4333,Seven Stars Arena,11147,Court A,2026-09-23,15:00 - 16:00,125000,Available
4333_11147_16:00,4333,Seven Stars Arena,11147,Court A,2026-09-23,16:00 - 17:00,220000,Available
4333_11148_12:00,4333,Seven Stars Arena,11148,Court B,2026-09-23,12:00 - 13:00,125000,Available
4333_11148_13:00,4333,Seven Stars Arena,11148,Court B,2026-09-23,13:00 - 14:00,125000,Available
4333_11148_14:00,4333,Seven Stars Arena,11148,Court B,2026-09-23,14:00 - 15:00,125000,Available
4333_11148_15:00,4333,Seven Stars Arena,11148,Court B,2026-09-23,15:00 - 16:00,125000,Available
4333_11148_16:00,4333,Seven Stars Arena,11148,Court B,2026-09-23,16:00 - 17:00,220000,Available
4333_11149_12:00,4333,Seven Stars Arena,11149,Court C,2026-09-23,12:00 - 13:00,125000,Available
4333_11149_13:00,4333,Seven Stars Arena,11149,Court C,2026-09-23,13:00 - 14:00,125000,Available
4333_11149_14:00,4333,Seven Stars Arena,11149,Court C,2026-09-23,14:00 - 15:00,125000,Available
4333_11149_15:00,4333,Seven Stars Arena,11149,Court C,2026-09-23,15:00 - 16:00,125000,Available
4333_11149_16:00,4333,Seven Stars Arena,11149,Court C,2026-09-23,16:00 - 17:00,220000,Available
4333_11150_12:00,4333,Seven Stars Arena,11150,Court D,2026-09-23,12:00 - 13:00,125000,Available
4333_11150_13:00,4333,Seven Stars Arena,11150,Court D,2026-09-23,13:00 - 14:00,125000,Available
4333_11150_14:00,4333,Seven Stars Arena,11150,Court D,2026-09-23,14:00 - 15:00,125000,Available
4333_11150_15:00,4333,Seven Stars Arena,11150,Court D,2026-09-23,15:00 - 16:00,125000,Available
4333_11150_16:00,4333,Seven Stars Arena,11150,Court D,2026-09-23,16:00 - 17:00,220000,Available
3416_8364_12:00,3416,Cosmo Padel,8364,Court 1,2026-09-23,12:00 - 13:00,150000,Available
3416_8364_13:00,3416,Cosmo Padel,8364,Court 1,2026-09-23,13:00 - 14:00,150000,Available
3416_8364_14:00,3416,Cosmo Padel,8364,Court 1,2026-09-23,14:00 - 15:00,150000,Available
3416_8364_15:00,3416,Cosmo Padel,8364,Court 1,2026-09-23,15:00 - 16:00,150000,Available
3416_8364_16:00,3416,Cosmo Padel,8364,Court 1,2026-09-23,16:00 - 17:00,150000,Available
3416_8865_12:00,3416,Cosmo Padel,8865,Court 2,2026-09-23,12:00 - 13:00,150000,Available
3416_8865_13:00,3416,Cosmo Padel,8865,Court 2,2026-09-23,13:00 - 14:00,150000,Available
3416_8865_14:00,3416,Cosmo Padel,8865,Court 2,2026-09-23,14:00 - 15:00,150000,Available
3416_8865_15:00,3416,Cosmo Padel,8865,Court 2,2026-09-23,15:00 - 16:00,150000,Booked
3416_8865_16:00,3416,Cosmo Padel,8865,Court 2,2026-09-23,16:00 - 17:00,150000,Booked
1368_2569_12:00,1368,Vlocity Arena,2569,Tennis 1,2026-09-23,12:00 - 13:00,275000,Booked
1368_2569_13:00,1368,Vlocity Arena,2569,Tennis 1,2026-09-23,13:00 - 14:00,275000,Booked
1368_2569_14:00,1368,Vlocity Arena,2569,Tennis 1,2026-09-23,14:00 - 15:00,275000,Available
1368_2569_15:00,1368,Vlocity Arena,2569,Tennis 1,2026-09-23,15:00 - 16:00,275000,Available
1368_2569_16:00,1368,Vlocity Arena,2569,Tennis 1,2026-09-23,16:00 - 17:00,330000,Booked
1368_2593_12:00,1368,Vlocity Arena,2593,Tennis 2,2026-09-23,12:00 - 13:00,275000,Booked
1368_2593_13:00,1368,Vlocity Arena,2593,Tennis 2,2026-09-23,13:00 - 14:00,275000,Booked
1368_2593_14:00,1368,Vlocity Arena,2593,Tennis 2,2026-09-23,14:00 - 15:00,275000,Available
1368_2593_15:00,1368,Vlocity Arena,2593,Tennis 2,2026-09-23,15:00 - 16:00,275000,Booked
1368_2593_16:00,1368,Vlocity Arena,2593,Tennis 2,2026-09-23,16:00 - 17:00,330000,Booked
1368_2596_12:00,1368,Vlocity Arena,2596,Padel Grandstand,2026-09-23,12:00 - 13:00,137500,Available
1368_2596_13:00,1368,Vlocity Arena,2596,Padel Grandstand,2026-09-23,13:00 - 14:00,137500,Available
1368_2596_14:00,1368,Vlocity Arena,2596,Padel Grandstand,2026-09-23,14:00 - 15:00,137500,Available
1368_2596_15:00,1368,Vlocity Arena,2596,Padel Grandstand,2026-09-23,15:00 - 16:00,137500,Available
1368_2596_16:00,1368,Vlocity Arena,2596,Padel Grandstand,2026-09-23,16:00 - 17:00,137500,Available
1368_2597_12:00,1368,Vlocity Arena,2597,Padel 1,2026-09-23,12:00 - 13:00,137500,Booked
1368_2597_13:00,1368,Vlocity Arena,2597,Padel 1,2026-09-23,13:00 - 14:00,137500,Booked
1368_2597_14:00,1368,Vlocity Arena,2597,Padel 1,2026-09-23,14:00 - 15:00,137500,Available
1368_2597_15:00,1368,Vlocity Arena,2597,Padel 1,2026-09-23,15:00 - 16:00,137500,Available
1368_2597_16:00,1368,Vlocity Arena,2597,Padel 1,2026-09-23,16:00 - 17:00,137500,Available
1368_2598_12:00,1368,Vlocity Arena,2598,Padel 2,2026-09-23,12:00 - 13:00,137500,Booked
1368_2598_13:00,1368,Vlocity Arena,2598,Padel 2,2026-09-23,13:00 - 14:00,137500,Booked
1368_2598_14:00,1368,Vlocity Arena,2598,Padel 2,2026-09-23,14:00 - 15:00,137500,Available
1368_2598_15:00,1368,Vlocity Arena,2598,Padel 2,2026-09-23,15:00 - 16:00,137500,Available
1368_2598_16:00,1368,Vlocity Arena,2598,Padel 2,2026-09-23,16:00 - 17:00,137500,Available
1368_2599_12:00,1368,Vlocity Arena,2599,Padel 3,2026-09-23,12:00 - 13:00,137500,Available
1368_2599_13:00,1368,Vlocity Arena,2599,Padel 3,2026-09-23,13:00 - 14:00,137500,Available
1368_2599_14:00,1368,Vlocity Arena,2599,Padel 3,2026-09-23,14:00 - 15:00,137500,Available
1368_2599_15:00,1368,Vlocity Arena,2599,Padel 3,2026-09-23,15:00 - 16:00,137500,Available
1368_2599_16:00,1368,Vlocity Arena,2599,Padel 3,2026-09-23,16:00 - 17:00,137500,Available
1368_2600_12:00,1368,Vlocity Arena,2600,Padel 4,2026-09-23,12:00 - 13:00,137500,Available
1368_2600_13:00,1368,Vlocity Arena,2600,Padel 4,2026-09-23,13:00 - 14:00,137500,Available
1368_2600_14:00,1368,Vlocity Arena,2600,Padel 4,2026-09-23,14:00 - 15:00,137500,Available
1368_2600_15:00,1368,Vlocity Arena,2600,Padel 4,2026-09-23,15:00 - 16:00,137500,Available
1368_2600_16:00,1368,Vlocity Arena,2600,Padel 4,2026-09-23,16:00 - 17:00,137500,Available
1368_2601_12:00,1368,Vlocity Arena,2601,Padel 5,2026-09-23,12:00 - 13:00,137500,Available
1368_2601_13:00,1368,Vlocity Arena,2601,Padel 5,2026-09-23,13:00 - 14:00,137500,Available
1368_2601_14:00,1368,Vlocity Arena,2601,Padel 5,2026-09-23,14:00 - 15:00,137500,Available
1368_2601_15:00,1368,Vlocity Arena,2601,Padel 5,2026-09-23,15:00 - 16:00,137500,Available
1368_2601_16:00,1368,Vlocity Arena,2601,Padel 5,2026-09-23,16:00 - 17:00,137500,Available
1368_2595_12:00,1368,Vlocity Arena,2595,Badminton 1,2026-09-23,12:00 - 13:00,78000,Booked
1368_2595_13:00,1368,Vlocity Arena,2595,Badminton 1,2026-09-23,13:00 - 14:00,78000,Available
1368_2595_14:00,1368,Vlocity Arena,2595,Badminton 1,2026-09-23,14:00 - 15:00,78000,Booked
1368_2595_15:00,1368,Vlocity Arena,2595,Badminton 1,2026-09-23,15:00 - 16:00,78000,Booked
1368_2595_16:00,1368,Vlocity Arena,2595,Badminton 1,2026-09-23,16:00 - 17:00,128000,Booked
1368_2594_12:00,1368,Vlocity Arena,2594,Badminton 2,2026-09-23,12:00 - 13:00,78000,Booked
1368_2594_13:00,1368,Vlocity Arena,2594,Badminton 2,2026-09-23,13:00 - 14:00,78000,Booked
1368_2594_14:00,1368,Vlocity Arena,2594,Badminton 2,2026-09-23,14:00 - 15:00,78000,Available
1368_2594_15:00,1368,Vlocity Arena,2594,Badminton 2,2026-09-23,15:00 - 16:00,78000,Available
1368_2594_16:00,1368,Vlocity Arena,2594,Badminton 2,2026-09-23,16:00 - 17:00,128000,Available
1628_9721_12:00,1628,Anwa Racquet Privé (ex Anwa Tennis Club),9721,Court 1,2026-09-23,12:00 - 13:00,199000,Available
1628_9721_13:00,1628,Anwa Racquet Privé (ex Anwa Tennis Club),9721,Court 1,2026-09-23,13:00 - 14:00,199000,Available
1628_9721_14:00,1628,Anwa Racquet Privé (ex Anwa Tennis Club),9721,Court 1,2026-09-23,14:00 - 15:00,199000,Available
1628_9721_15:00,1628,Anwa Racquet Privé (ex Anwa Tennis Club),9721,Court 1,2026-09-23,15:00 - 16:00,199000,Available
1628_9721_16:00,1628,Anwa Racquet Privé (ex Anwa Tennis Club),9721,Court 1,2026-09-23,16:00 - 17:00,249000,Available
1628_9722_12:00,1628,Anwa Racquet Privé (ex Anwa Tennis Club),9722,Court 2,2026-09-23,12:00 - 13:00,199000,Available
1628_9722_13:00,1628,Anwa Racquet Privé (ex Anwa Tennis Club),9722,Court 2,2026-09-23,13:00 - 14:00,199000,Available
1628_9722_14:00,1628,Anwa Racquet Privé (ex Anwa Tennis Club),9722,Court 2,2026-09-23,14:00 - 15:00,199000,Available
1628_9722_15:00,1628,Anwa Racquet Privé (ex Anwa Tennis Club),9722,Court 2,2026-09-23,15:00 - 16:00,199000,Available
1628_9722_16:00,1628,Anwa Racquet Privé (ex Anwa Tennis Club),9722,Court 2,2026-09-23,16:00 - 17:00,249000,Available
1628_9723_12:00,1628,Anwa Racquet Privé (ex Anwa Tennis Club),9723,Court 3,2026-09-23,12:00 - 13:00,199000,Available
1628_9723_13:00,1628,Anwa Racquet Privé (ex Anwa Tennis Club),9723,Court 3,2026-09-23,13:00 - 14:00,199000,Available
1628_9723_14:00,1628,Anwa Racquet Privé (ex Anwa Tennis Club),9723,Court 3,2026-09-23,14:00 - 15:00,199000,Available
1628_9723_15:00,1628,Anwa Racquet Privé (ex Anwa Tennis Club),9723,Court 3,2026-09-23,15:00 - 16:00,199000,Available
1628_9723_16:00,1628,Anwa Racquet Privé (ex Anwa Tennis Club),9723,Court 3,2026-09-23,16:00 - 17:00,249000,Available
1628_10523_12:00,1628,Anwa Racquet Privé (ex Anwa Tennis Club),10523,Mahjong 1,2026-09-23,12:00 - 13:00,200000,Available
1628_10523_13:00,1628,Anwa Racquet Privé (ex Anwa Tennis Club),10523,Mahjong 1,2026-09-23,13:00 - 14:00,200000,Available
1628_10523_14:00,1628,Anwa Racquet Privé (ex Anwa Tennis Club),10523,Mahjong 1,2026-09-23,14:00 - 15:00,200000,Available
1628_10523_15:00,1628,Anwa Racquet Privé (ex Anwa Tennis Club),10523,Mahjong 1,2026-09-23,15:00 - 16:00,200000,Available
1628_10523_16:00,1628,Anwa Racquet Privé (ex Anwa Tennis Club),10523,Mahjong 1,2026-09-23,16:00 - 17:00,200000,Available
1628_10524_12:00,1628,Anwa Racquet Privé (ex Anwa Tennis Club),10524,Mahjong 2,2026-09-23,12:00 - 13:00,200000,Available
1628_10524_13:00,1628,Anwa Racquet Privé (ex Anwa Tennis Club),10524,Mahjong 2,2026-09-23,13:00 - 14:00,200000,Available
1628_10524_14:00,1628,Anwa Racquet Privé (ex Anwa Tennis Club),10524,Mahjong 2,2026-09-23,14:00 - 15:00,200000,Available
1628_10524_15:00,1628,Anwa Racquet Privé (ex Anwa Tennis Club),10524,Mahjong 2,2026-09-23,15:00 - 16:00,200000,Available
1628_10524_16:00,1628,Anwa Racquet Privé (ex Anwa Tennis Club),10524,Mahjong 2,2026-09-23,16:00 - 17:00,200000,Available
1628_10525_12:00,1628,Anwa Racquet Privé (ex Anwa Tennis Club),10525,Mahjong 3,2026-09-23,12:00 - 13:00,200000,Available
1628_10525_13:00,1628,Anwa Racquet Privé (ex Anwa Tennis Club),10525,Mahjong 3,2026-09-23,13:00 - 14:00,200000,Available
1628_10525_14:00,1628,Anwa Racquet Privé (ex Anwa Tennis Club),10525,Mahjong 3,2026-09-23,14:00 - 15:00,200000,Available
1628_10525_15:00,1628,Anwa Racquet Privé (ex Anwa Tennis Club),10525,Mahjong 3,2026-09-23,15:00 - 16:00,200000,Available
1628_10525_16:00,1628,Anwa Racquet Privé (ex Anwa Tennis Club),10525,Mahjong 3,2026-09-23,16:00 - 17:00,200000,Available
1628_10526_12:00,1628,Anwa Racquet Privé (ex Anwa Tennis Club),10526,Mahjong 4,2026-09-23,12:00 - 13:00,200000,Available
1628_10526_13:00,1628,Anwa Racquet Privé (ex Anwa Tennis Club),10526,Mahjong 4,2026-09-23,13:00 - 14:00,200000,Available
1628_10526_14:00,1628,Anwa Racquet Privé (ex Anwa Tennis Club),10526,Mahjong 4,2026-09-23,14:00 - 15:00,200000,Available
1628_10526_15:00,1628,Anwa Racquet Privé (ex Anwa Tennis Club),10526,Mahjong 4,2026-09-23,15:00 - 16:00,200000,Available
1628_10526_16:00,1628,Anwa Racquet Privé (ex Anwa Tennis Club),10526,Mahjong 4,2026-09-23,16:00 - 17:00,200000,Available
1628_3306_12:00,1628,Anwa Racquet Privé (ex Anwa Tennis Club),3306,Love,2026-09-23,12:00 - 13:00,275000,Available
1628_3306_13:00,1628,Anwa Racquet Privé (ex Anwa Tennis Club),3306,Love,2026-09-23,13:00 - 14:00,275000,Available
1628_3306_14:00,1628,Anwa Racquet Privé (ex Anwa Tennis Club),3306,Love,2026-09-23,14:00 - 15:00,275000,Available
1628_3306_15:00,1628,Anwa Racquet Privé (ex Anwa Tennis Club),3306,Love,2026-09-23,15:00 - 16:00,275000,Available
1628_3306_16:00,1628,Anwa Racquet Privé (ex Anwa Tennis Club),3306,Love,2026-09-23,16:00 - 17:00,300000,Booked
1628_3308_12:00,1628,Anwa Racquet Privé (ex Anwa Tennis Club),3308,Hope,2026-09-23,12:00 - 13:00,275000,Booked
1628_3308_13:00,1628,Anwa Racquet Privé (ex Anwa Tennis Club),3308,Hope,2026-09-23,13:00 - 14:00,275000,Available
1628_3308_14:00,1628,Anwa Racquet Privé (ex Anwa Tennis Club),3308,Hope,2026-09-23,14:00 - 15:00,275000,Available
1628_3308_15:00,1628,Anwa Racquet Privé (ex Anwa Tennis Club),3308,Hope,2026-09-23,15:00 - 16:00,275000,Booked
1628_3308_16:00,1628,Anwa Racquet Privé (ex Anwa Tennis Club),3308,Hope,2026-09-23,16:00 - 17:00,300000,Booked
1628_3307_12:00,1628,Anwa Racquet Privé (ex Anwa Tennis Club),3307,Faith,2026-09-23,12:00 - 13:00,275000,Available
1628_3307_13:00,1628,Anwa Racquet Privé (ex Anwa Tennis Club),3307,Faith,2026-09-23,13:00 - 14:00,275000,Available
1628_3307_14:00,1628,Anwa Racquet Privé (ex Anwa Tennis Club),3307,Faith,2026-09-23,14:00 - 15:00,275000,Booked
1628_3307_15:00,1628,Anwa Racquet Privé (ex Anwa Tennis Club),3307,Faith,2026-09-23,15:00 - 16:00,275000,Booked
1628_3307_16:00,1628,Anwa Racquet Privé (ex Anwa Tennis Club),3307,Faith,2026-09-23,16:00 - 17:00,300000,Booked
1628_12588_12:00,1628,Anwa Racquet Privé (ex Anwa Tennis Club),12588,Mini Soccer,2026-09-23,12:00 - 14:00,1000000,Booked
1628_12588_14:00,1628,Anwa Racquet Privé (ex Anwa Tennis Club),12588,Mini Soccer,2026-09-23,14:00 - 16:00,1000000,Booked
1628_12588_16:00,1628,Anwa Racquet Privé (ex Anwa Tennis Club),12588,Mini Soccer,2026-09-23,16:00 - 18:00,1400000,Booked
3064_7631_12:00,3064,Country Club | Padel & Lounge,7631,Court 1,2026-09-23,12:00 - 13:00,200000,Available
3064_7631_13:00,3064,Country Club | Padel & Lounge,7631,Court 1,2026-09-23,13:00 - 14:00,200000,Available
3064_7631_14:00,3064,Country Club | Padel & Lounge,7631,Court 1,2026-09-23,14:00 - 15:00,200000,Available
3064_7631_15:00,3064,Country Club | Padel & Lounge,7631,Court 1,2026-09-23,15:00 - 16:00,200000,Available
3064_7631_16:00,3064,Country Club | Padel & Lounge,7631,Court 1,2026-09-23,16:00 - 17:00,200000,Available
3064_7706_12:00,3064,Country Club | Padel & Lounge,7706,Court 2,2026-09-23,12:00 - 13:00,200000,Available
3064_7706_13:00,3064,Country Club | Padel & Lounge,7706,Court 2,2026-09-23,13:00 - 14:00,200000,Available
3064_7706_14:00,3064,Country Club | Padel & Lounge,7706,Court 2,2026-09-23,14:00 - 15:00,200000,Available
3064_7706_15:00,3064,Country Club | Padel & Lounge,7706,Court 2,2026-09-23,15:00 - 16:00,200000,Available
3064_7706_16:00,3064,Country Club | Padel & Lounge,7706,Court 2,2026-09-23,16:00 - 17:00,200000,Available
1922_4080_12:00,1922,Kobana Padel,4080,Court 1,2026-09-23,12:00 - 13:00,200000,Available
1922_4080_13:00,1922,Kobana Padel,4080,Court 1,2026-09-23,13:00 - 14:00,200000,Available
1922_4080_14:00,1922,Kobana Padel,4080,Court 1,2026-09-23,14:00 - 15:00,200000,Available
1922_4080_15:00,1922,Kobana Padel,4080,Court 1,2026-09-23,15:00 - 16:00,200000,Available
1922_4080_16:00,1922,Kobana Padel,4080,Court 1,2026-09-23,16:00 - 17:00,240000,Available
1922_4272_12:00,1922,Kobana Padel,4272,Court 2,2026-09-23,12:00 - 13:00,200000,Available
1922_4272_13:00,1922,Kobana Padel,4272,Court 2,2026-09-23,13:00 - 14:00,200000,Available
1922_4272_14:00,1922,Kobana Padel,4272,Court 2,2026-09-23,14:00 - 15:00,200000,Available
1922_4272_15:00,1922,Kobana Padel,4272,Court 2,2026-09-23,15:00 - 16:00,200000,Available
1922_4272_16:00,1922,Kobana Padel,4272,Court 2,2026-09-23,16:00 - 17:00,240000,Available
1922_4273_12:00,1922,Kobana Padel,4273,Court 3,2026-09-23,12:00 - 13:00,200000,Available
1922_4273_13:00,1922,Kobana Padel,4273,Court 3,2026-09-23,13:00 - 14:00,200000,Available
1922_4273_14:00,1922,Kobana Padel,4273,Court 3,2026-09-23,14:00 - 15:00,200000,Available
1922_4273_15:00,1922,Kobana Padel,4273,Court 3,2026-09-23,15:00 - 16:00,200000,Available
1922_4273_16:00,1922,Kobana Padel,4273,Court 3,2026-09-23,16:00 - 17:00,240000,Available
1300_2682_12:00,1300,The Citadel,2682,Court 1 - Purple,2026-09-23,12:00 - 13:00,195000,Available
1300_2682_13:00,1300,The Citadel,2682,Court 1 - Purple,2026-09-23,13:00 - 14:00,195000,Available
1300_2682_14:00,1300,The Citadel,2682,Court 1 - Purple,2026-09-23,14:00 - 15:00,195000,Available
1300_2682_15:00,1300,The Citadel,2682,Court 1 - Purple,2026-09-23,15:00 - 16:00,195000,Available
1300_2682_16:00,1300,The Citadel,2682,Court 1 - Purple,2026-09-23,16:00 - 17:00,250000,Available
1300_7171_12:00,1300,The Citadel,7171,Court 2,2026-09-23,12:00 - 13:00,195000,Available
1300_7171_13:00,1300,The Citadel,7171,Court 2,2026-09-23,13:00 - 14:00,195000,Available
1300_7171_14:00,1300,The Citadel,7171,Court 2,2026-09-23,14:00 - 15:00,195000,Available
1300_7171_15:00,1300,The Citadel,7171,Court 2,2026-09-23,15:00 - 16:00,195000,Available
1300_7171_16:00,1300,The Citadel,7171,Court 2,2026-09-23,16:00 - 17:00,250000,Available
1300_7172_12:00,1300,The Citadel,7172,Court 3,2026-09-23,12:00 - 13:00,195000,Available
1300_7172_13:00,1300,The Citadel,7172,Court 3,2026-09-23,13:00 - 14:00,195000,Available
1300_7172_14:00,1300,The Citadel,7172,Court 3,2026-09-23,14:00 - 15:00,195000,Available
1300_7172_15:00,1300,The Citadel,7172,Court 3,2026-09-23,15:00 - 16:00,195000,Available
1300_7172_16:00,1300,The Citadel,7172,Court 3,2026-09-23,16:00 - 17:00,250000,Available
1300_7173_12:00,1300,The Citadel,7173,Court 4,2026-09-23,12:00 - 13:00,195000,Available
1300_7173_13:00,1300,The Citadel,7173,Court 4,2026-09-23,13:00 - 14:00,195000,Available
1300_7173_14:00,1300,The Citadel,7173,Court 4,2026-09-23,14:00 - 15:00,195000,Available
1300_7173_15:00,1300,The Citadel,7173,Court 4,2026-09-23,15:00 - 16:00,195000,Available
1300_7173_16:00,1300,The Citadel,7173,Court 4,2026-09-23,16:00 - 17:00,250000,Available
1300_11427_12:00,1300,The Citadel,11427,Court A,2026-09-23,12:00 - 13:00,275000,Booked
1300_11427_13:00,1300,The Citadel,11427,Court A,2026-09-23,13:00 - 14:00,275000,Booked
1300_11427_14:00,1300,The Citadel,11427,Court A,2026-09-23,14:00 - 15:00,275000,Available
1300_11427_15:00,1300,The Citadel,11427,Court A,2026-09-23,15:00 - 16:00,275000,Available
1300_11427_16:00,1300,The Citadel,11427,Court A,2026-09-23,16:00 - 17:00,330000,Booked
1300_11428_12:00,1300,The Citadel,11428,Court B,2026-09-23,12:00 - 13:00,275000,Booked
1300_11428_13:00,1300,The Citadel,11428,Court B,2026-09-23,13:00 - 14:00,275000,Booked
1300_11428_14:00,1300,The Citadel,11428,Court B,2026-09-23,14:00 - 15:00,275000,Booked
1300_11428_15:00,1300,The Citadel,11428,Court B,2026-09-23,15:00 - 16:00,275000,Booked
1300_11428_16:00,1300,The Citadel,11428,Court B,2026-09-23,16:00 - 17:00,330000,Booked
2519_5434_12:00,2519,Hachi Padel Puri Indah Jakarta,5434,Court 1,2026-09-23,12:00 - 13:00,288000,Available
2519_5434_13:00,2519,Hachi Padel Puri Indah Jakarta,5434,Court 1,2026-09-23,13:00 - 14:00,288000,Available
2519_5434_14:00,2519,Hachi Padel Puri Indah Jakarta,5434,Court 1,2026-09-23,14:00 - 15:00,288000,Available
2519_5434_15:00,2519,Hachi Padel Puri Indah Jakarta,5434,Court 1,2026-09-23,15:00 - 16:00,288000,Available
2519_5434_16:00,2519,Hachi Padel Puri Indah Jakarta,5434,Court 1,2026-09-23,16:00 - 17:00,288000,Booked
2519_5435_12:00,2519,Hachi Padel Puri Indah Jakarta,5435,Court 2,2026-09-23,12:00 - 13:00,288000,Available
2519_5435_13:00,2519,Hachi Padel Puri Indah Jakarta,5435,Court 2,2026-09-23,13:00 - 14:00,288000,Available
2519_5435_14:00,2519,Hachi Padel Puri Indah Jakarta,5435,Court 2,2026-09-23,14:00 - 15:00,288000,Available
2519_5435_15:00,2519,Hachi Padel Puri Indah Jakarta,5435,Court 2,2026-09-23,15:00 - 16:00,288000,Available
2519_5435_16:00,2519,Hachi Padel Puri Indah Jakarta,5435,Court 2,2026-09-23,16:00 - 17:00,288000,Booked
2519_5436_12:00,2519,Hachi Padel Puri Indah Jakarta,5436,Court 3,2026-09-23,12:00 - 13:00,288000,Available
2519_5436_13:00,2519,Hachi Padel Puri Indah Jakarta,5436,Court 3,2026-09-23,13:00 - 14:00,288000,Available
2519_5436_14:00,2519,Hachi Padel Puri Indah Jakarta,5436,Court 3,2026-09-23,14:00 - 15:00,288000,Available
2519_5436_15:00,2519,Hachi Padel Puri Indah Jakarta,5436,Court 3,2026-09-23,15:00 - 16:00,288000,Available
2519_5436_16:00,2519,Hachi Padel Puri Indah Jakarta,5436,Court 3,2026-09-23,16:00 - 17:00,288000,Available
2519_5437_12:00,2519,Hachi Padel Puri Indah Jakarta,5437,Court 4,2026-09-23,12:00 - 13:00,288000,Available
2519_5437_13:00,2519,Hachi Padel Puri Indah Jakarta,5437,Court 4,2026-09-23,13:00 - 14:00,288000,Available
2519_5437_14:00,2519,Hachi Padel Puri Indah Jakarta,5437,Court 4,2026-09-23,14:00 - 15:00,288000,Available
2519_5437_15:00,2519,Hachi Padel Puri Indah Jakarta,5437,Court 4,2026-09-23,15:00 - 16:00,288000,Available
2519_5437_16:00,2519,Hachi Padel Puri Indah Jakarta,5437,Court 4,2026-09-23,16:00 - 17:00,288000,Available
3139_7379_12:00,3139,PIPC - Play In Padel Collective - Srengseng,7379,Court 1,2026-09-23,12:00 - 13:00,99000,Available
3139_7379_13:00,3139,PIPC - Play In Padel Collective - Srengseng,7379,Court 1,2026-09-23,13:00 - 14:00,99000,Available
3139_7379_14:00,3139,PIPC - Play In Padel Collective - Srengseng,7379,Court 1,2026-09-23,14:00 - 15:00,99000,Available
3139_7379_15:00,3139,PIPC - Play In Padel Collective - Srengseng,7379,Court 1,2026-09-23,15:00 - 16:00,99000,Available
3139_7379_16:00,3139,PIPC - Play In Padel Collective - Srengseng,7379,Court 1,2026-09-23,16:00 - 17:00,99000,Available
3139_7380_12:00,3139,PIPC - Play In Padel Collective - Srengseng,7380,Court 2,2026-09-23,12:00 - 13:00,99000,Available
3139_7380_13:00,3139,PIPC - Play In Padel Collective - Srengseng,7380,Court 2,2026-09-23,13:00 - 14:00,99000,Available
3139_7380_14:00,3139,PIPC - Play In Padel Collective - Srengseng,7380,Court 2,2026-09-23,14:00 - 15:00,99000,Available
3139_7380_15:00,3139,PIPC - Play In Padel Collective - Srengseng,7380,Court 2,2026-09-23,15:00 - 16:00,99000,Available
3139_7380_16:00,3139,PIPC - Play In Padel Collective - Srengseng,7380,Court 2,2026-09-23,16:00 - 17:00,99000,Available
3139_7381_12:00,3139,PIPC - Play In Padel Collective - Srengseng,7381,Court 3,2026-09-23,12:00 - 13:00,99000,Available
3139_7381_13:00,3139,PIPC - Play In Padel Collective - Srengseng,7381,Court 3,2026-09-23,13:00 - 14:00,99000,Available
3139_7381_14:00,3139,PIPC - Play In Padel Collective - Srengseng,7381,Court 3,2026-09-23,14:00 - 15:00,99000,Available
3139_7381_15:00,3139,PIPC - Play In Padel Collective - Srengseng,7381,Court 3,2026-09-23,15:00 - 16:00,99000,Available
3139_7381_16:00,3139,PIPC - Play In Padel Collective - Srengseng,7381,Court 3,2026-09-23,16:00 - 17:00,99000,Available
3139_7382_12:00,3139,PIPC - Play In Padel Collective - Srengseng,7382,Court 4,2026-09-23,12:00 - 13:00,99000,Available
3139_7382_13:00,3139,PIPC - Play In Padel Collective - Srengseng,7382,Court 4,2026-09-23,13:00 - 14:00,99000,Available
3139_7382_14:00,3139,PIPC - Play In Padel Collective - Srengseng,7382,Court 4,2026-09-23,14:00 - 15:00,99000,Available
3139_7382_15:00,3139,PIPC - Play In Padel Collective - Srengseng,7382,Court 4,2026-09-23,15:00 - 16:00,99000,Available
3139_7382_16:00,3139,PIPC - Play In Padel Collective - Srengseng,7382,Court 4,2026-09-23,16:00 - 17:00,99000,Available
3139_7383_12:00,3139,PIPC - Play In Padel Collective - Srengseng,7383,Court 5,2026-09-23,12:00 - 13:00,99000,Available
3139_7383_13:00,3139,PIPC - Play In Padel Collective - Srengseng,7383,Court 5,2026-09-23,13:00 - 14:00,99000,Available
3139_7383_14:00,3139,PIPC - Play In Padel Collective - Srengseng,7383,Court 5,2026-09-23,14:00 - 15:00,99000,Available
3139_7383_15:00,3139,PIPC - Play In Padel Collective - Srengseng,7383,Court 5,2026-09-23,15:00 - 16:00,99000,Available
3139_7383_16:00,3139,PIPC - Play In Padel Collective - Srengseng,7383,Court 5,2026-09-23,16:00 - 17:00,99000,Available
3139_7384_12:00,3139,PIPC - Play In Padel Collective - Srengseng,7384,Court 6,2026-09-23,12:00 - 13:00,99000,Available
3139_7384_13:00,3139,PIPC - Play In Padel Collective - Srengseng,7384,Court 6,2026-09-23,13:00 - 14:00,99000,Available
3139_7384_14:00,3139,PIPC - Play In Padel Collective - Srengseng,7384,Court 6,2026-09-23,14:00 - 15:00,99000,Available
3139_7384_15:00,3139,PIPC - Play In Padel Collective - Srengseng,7384,Court 6,2026-09-23,15:00 - 16:00,187500,Available
3139_7384_16:00,3139,PIPC - Play In Padel Collective - Srengseng,7384,Court 6,2026-09-23,16:00 - 17:00,187500,Available
4103_10155_12:00,4103,Golcindo Padel Club,10155,Court 1,2026-09-23,12:00 - 13:00,59000,Available
4103_10155_13:00,4103,Golcindo Padel Club,10155,Court 1,2026-09-23,13:00 - 14:00,59000,Available
4103_10155_14:00,4103,Golcindo Padel Club,10155,Court 1,2026-09-23,14:00 - 15:00,59000,Available
4103_10155_15:00,4103,Golcindo Padel Club,10155,Court 1,2026-09-23,15:00 - 16:00,59000,Available
4103_10155_16:00,4103,Golcindo Padel Club,10155,Court 1,2026-09-23,16:00 - 17:00,99000,Available
4103_10156_12:00,4103,Golcindo Padel Club,10156,Court 2,2026-09-23,12:00 - 13:00,59000,Available
4103_10156_13:00,4103,Golcindo Padel Club,10156,Court 2,2026-09-23,13:00 - 14:00,59000,Available
4103_10156_14:00,4103,Golcindo Padel Club,10156,Court 2,2026-09-23,14:00 - 15:00,59000,Available
4103_10156_15:00,4103,Golcindo Padel Club,10156,Court 2,2026-09-23,15:00 - 16:00,59000,Available
4103_10156_16:00,4103,Golcindo Padel Club,10156,Court 2,2026-09-23,16:00 - 17:00,99000,Available
1155_2027_12:00,1155,Homeground Padel Premiere Kedoya,2027,Court A,2026-09-23,12:00 - 13:00,150000,Available
1155_2027_13:00,1155,Homeground Padel Premiere Kedoya,2027,Court A,2026-09-23,13:00 - 14:00,150000,Available
1155_2027_14:00,1155,Homeground Padel Premiere Kedoya,2027,Court A,2026-09-23,14:00 - 15:00,150000,Booked
1155_2027_15:00,1155,Homeground Padel Premiere Kedoya,2027,Court A,2026-09-23,15:00 - 16:00,150000,Booked
1155_2027_16:00,1155,Homeground Padel Premiere Kedoya,2027,Court A,2026-09-23,16:00 - 17:00,250000,Available
1155_2028_12:00,1155,Homeground Padel Premiere Kedoya,2028,Court B,2026-09-23,12:00 - 13:00,150000,Available
1155_2028_13:00,1155,Homeground Padel Premiere Kedoya,2028,Court B,2026-09-23,13:00 - 14:00,150000,Available
1155_2028_14:00,1155,Homeground Padel Premiere Kedoya,2028,Court B,2026-09-23,14:00 - 15:00,150000,Available
1155_2028_15:00,1155,Homeground Padel Premiere Kedoya,2028,Court B,2026-09-23,15:00 - 16:00,150000,Available
1155_2028_16:00,1155,Homeground Padel Premiere Kedoya,2028,Court B,2026-09-23,16:00 - 17:00,250000,Available
1252_2257_12:00,1252,Padel One Club,2257,Court A,2026-09-23,12:00 - 13:00,150000,Available
1252_2257_13:00,1252,Padel One Club,2257,Court A,2026-09-23,13:00 - 14:00,150000,Available
1252_2257_14:00,1252,Padel One Club,2257,Court A,2026-09-23,14:00 - 15:00,150000,Available
1252_2257_15:00,1252,Padel One Club,2257,Court A,2026-09-23,15:00 - 16:00,150000,Available
1252_2257_16:00,1252,Padel One Club,2257,Court A,2026-09-23,16:00 - 17:00,250000,Booked
1252_2259_12:00,1252,Padel One Club,2259,Court B,2026-09-23,12:00 - 13:00,150000,Available
1252_2259_13:00,1252,Padel One Club,2259,Court B,2026-09-23,13:00 - 14:00,150000,Available
1252_2259_14:00,1252,Padel One Club,2259,Court B,2026-09-23,14:00 - 15:00,150000,Available
1252_2259_15:00,1252,Padel One Club,2259,Court B,2026-09-23,15:00 - 16:00,150000,Available
1252_2259_16:00,1252,Padel One Club,2259,Court B,2026-09-23,16:00 - 17:00,250000,Booked
1252_2260_12:00,1252,Padel One Club,2260,Court C,2026-09-23,12:00 - 13:00,150000,Available
1252_2260_13:00,1252,Padel One Club,2260,Court C,2026-09-23,13:00 - 14:00,150000,Booked
1252_2260_14:00,1252,Padel One Club,2260,Court C,2026-09-23,14:00 - 15:00,150000,Booked
1252_2260_15:00,1252,Padel One Club,2260,Court C,2026-09-23,15:00 - 16:00,150000,Available
1252_2260_16:00,1252,Padel One Club,2260,Court C,2026-09-23,16:00 - 17:00,250000,Booked
1252_2261_12:00,1252,Padel One Club,2261,Court D,2026-09-23,12:00 - 13:00,150000,Available
1252_2261_13:00,1252,Padel One Club,2261,Court D,2026-09-23,13:00 - 14:00,150000,Available
1252_2261_14:00,1252,Padel One Club,2261,Court D,2026-09-23,14:00 - 15:00,150000,Available
1252_2261_15:00,1252,Padel One Club,2261,Court D,2026-09-23,15:00 - 16:00,150000,Available
1252_2261_16:00,1252,Padel One Club,2261,Court D,2026-09-23,16:00 - 17:00,250000,Available
3854_10231_12:00,3854,Malta Padel Club,10231,Court 1,2026-09-23,12:00 - 13:00,150000,Available
3854_10231_13:00,3854,Malta Padel Club,10231,Court 1,2026-09-23,13:00 - 14:00,150000,Available
3854_10231_14:00,3854,Malta Padel Club,10231,Court 1,2026-09-23,14:00 - 15:00,150000,Available
3854_10231_15:00,3854,Malta Padel Club,10231,Court 1,2026-09-23,15:00 - 16:00,150000,Available
3854_10231_16:00,3854,Malta Padel Club,10231,Court 1,2026-09-23,16:00 - 17:00,150000,Available
3854_10232_12:00,3854,Malta Padel Club,10232,Court 2,2026-09-23,12:00 - 13:00,150000,Available
3854_10232_13:00,3854,Malta Padel Club,10232,Court 2,2026-09-23,13:00 - 14:00,150000,Available
3854_10232_14:00,3854,Malta Padel Club,10232,Court 2,2026-09-23,14:00 - 15:00,150000,Available
3854_10232_15:00,3854,Malta Padel Club,10232,Court 2,2026-09-23,15:00 - 16:00,150000,Available
3854_10232_16:00,3854,Malta Padel Club,10232,Court 2,2026-09-23,16:00 - 17:00,150000,Available
3854_10233_12:00,3854,Malta Padel Club,10233,Court 3,2026-09-23,12:00 - 13:00,150000,Available
3854_10233_13:00,3854,Malta Padel Club,10233,Court 3,2026-09-23,13:00 - 14:00,150000,Available
3854_10233_14:00,3854,Malta Padel Club,10233,Court 3,2026-09-23,14:00 - 15:00,150000,Available
3854_10233_15:00,3854,Malta Padel Club,10233,Court 3,2026-09-23,15:00 - 16:00,150000,Available
3854_10233_16:00,3854,Malta Padel Club,10233,Court 3,2026-09-23,16:00 - 17:00,150000,Available
3854_9463_12:00,3854,Malta Padel Club,9463,Centre Court,2026-09-23,12:00 - 13:00,150000,Available
3854_9463_13:00,3854,Malta Padel Club,9463,Centre Court,2026-09-23,13:00 - 14:00,150000,Available
3854_9463_14:00,3854,Malta Padel Club,9463,Centre Court,2026-09-23,14:00 - 15:00,150000,Available
3854_9463_15:00,3854,Malta Padel Club,9463,Centre Court,2026-09-23,15:00 - 16:00,150000,Available
3854_9463_16:00,3854,Malta Padel Club,9463,Centre Court,2026-09-23,16:00 - 17:00,150000,Available
3854_10234_12:00,3854,Malta Padel Club,10234,Court 5,2026-09-23,12:00 - 13:00,150000,Available
3854_10234_13:00,3854,Malta Padel Club,10234,Court 5,2026-09-23,13:00 - 14:00,150000,Available
3854_10234_14:00,3854,Malta Padel Club,10234,Court 5,2026-09-23,14:00 - 15:00,150000,Available
3854_10234_15:00,3854,Malta Padel Club,10234,Court 5,2026-09-23,15:00 - 16:00,150000,Available
3854_10234_16:00,3854,Malta Padel Club,10234,Court 5,2026-09-23,16:00 - 17:00,150000,Available
2792_6416_12:00,2792,Donkey Padel,6416,Court 1,2026-09-23,12:00 - 13:00,99000,Available
2792_6416_13:00,2792,Donkey Padel,6416,Court 1,2026-09-23,13:00 - 14:00,99000,Available
2792_6416_14:00,2792,Donkey Padel,6416,Court 1,2026-09-23,14:00 - 15:00,99000,Available
2792_6416_15:00,2792,Donkey Padel,6416,Court 1,2026-09-23,15:00 - 16:00,99000,Available
2792_6416_16:00,2792,Donkey Padel,6416,Court 1,2026-09-23,16:00 - 17:00,149000,Booked
2792_6439_12:00,2792,Donkey Padel,6439,Court 2,2026-09-23,12:00 - 13:00,99000,Available
2792_6439_13:00,2792,Donkey Padel,6439,Court 2,2026-09-23,13:00 - 14:00,99000,Available
2792_6439_14:00,2792,Donkey Padel,6439,Court 2,2026-09-23,14:00 - 15:00,99000,Available
2792_6439_15:00,2792,Donkey Padel,6439,Court 2,2026-09-23,15:00 - 16:00,99000,Available
2792_6439_16:00,2792,Donkey Padel,6439,Court 2,2026-09-23,16:00 - 17:00,149000,Available
2870_6534_12:00,2870,Ace Padel Club (APC) - Jalan Panjang Kedoya,6534,Court 1 - Jenius,2026-09-23,12:00 - 13:00,220000,Booked
2870_6534_13:00,2870,Ace Padel Club (APC) - Jalan Panjang Kedoya,6534,Court 1 - Jenius,2026-09-23,13:00 - 14:00,220000,Available
2870_6534_14:00,2870,Ace Padel Club (APC) - Jalan Panjang Kedoya,6534,Court 1 - Jenius,2026-09-23,14:00 - 15:00,220000,Available
2870_6534_15:00,2870,Ace Padel Club (APC) - Jalan Panjang Kedoya,6534,Court 1 - Jenius,2026-09-23,15:00 - 16:00,220000,Available
2870_6534_16:00,2870,Ace Padel Club (APC) - Jalan Panjang Kedoya,6534,Court 1 - Jenius,2026-09-23,16:00 - 17:00,220000,Available
2870_6573_12:00,2870,Ace Padel Club (APC) - Jalan Panjang Kedoya,6573,Court 2,2026-09-23,12:00 - 13:00,220000,Booked
2870_6573_13:00,2870,Ace Padel Club (APC) - Jalan Panjang Kedoya,6573,Court 2,2026-09-23,13:00 - 14:00,220000,Booked
2870_6573_14:00,2870,Ace Padel Club (APC) - Jalan Panjang Kedoya,6573,Court 2,2026-09-23,14:00 - 15:00,220000,Booked
2870_6573_15:00,2870,Ace Padel Club (APC) - Jalan Panjang Kedoya,6573,Court 2,2026-09-23,15:00 - 16:00,220000,Booked
2870_6573_16:00,2870,Ace Padel Club (APC) - Jalan Panjang Kedoya,6573,Court 2,2026-09-23,16:00 - 17:00,220000,Booked
2870_6574_12:00,2870,Ace Padel Club (APC) - Jalan Panjang Kedoya,6574,Court 3,2026-09-23,12:00 - 13:00,220000,Available
2870_6574_13:00,2870,Ace Padel Club (APC) - Jalan Panjang Kedoya,6574,Court 3,2026-09-23,13:00 - 14:00,220000,Booked
2870_6574_14:00,2870,Ace Padel Club (APC) - Jalan Panjang Kedoya,6574,Court 3,2026-09-23,14:00 - 15:00,220000,Available
2870_6574_15:00,2870,Ace Padel Club (APC) - Jalan Panjang Kedoya,6574,Court 3,2026-09-23,15:00 - 16:00,220000,Booked
2870_6574_16:00,2870,Ace Padel Club (APC) - Jalan Panjang Kedoya,6574,Court 3,2026-09-23,16:00 - 17:00,220000,Booked
2870_6575_12:00,2870,Ace Padel Club (APC) - Jalan Panjang Kedoya,6575,Court 4,2026-09-23,12:00 - 13:00,220000,Available
2870_6575_13:00,2870,Ace Padel Club (APC) - Jalan Panjang Kedoya,6575,Court 4,2026-09-23,13:00 - 14:00,220000,Available
2870_6575_14:00,2870,Ace Padel Club (APC) - Jalan Panjang Kedoya,6575,Court 4,2026-09-23,14:00 - 15:00,220000,Available
2870_6575_15:00,2870,Ace Padel Club (APC) - Jalan Panjang Kedoya,6575,Court 4,2026-09-23,15:00 - 16:00,220000,Available
2870_6575_16:00,2870,Ace Padel Club (APC) - Jalan Panjang Kedoya,6575,Court 4,2026-09-23,16:00 - 17:00,220000,Booked
2870_6576_12:00,2870,Ace Padel Club (APC) - Jalan Panjang Kedoya,6576,Court 5,2026-09-23,12:00 - 13:00,220000,Available
2870_6576_13:00,2870,Ace Padel Club (APC) - Jalan Panjang Kedoya,6576,Court 5,2026-09-23,13:00 - 14:00,220000,Available
2870_6576_14:00,2870,Ace Padel Club (APC) - Jalan Panjang Kedoya,6576,Court 5,2026-09-23,14:00 - 15:00,220000,Booked
2870_6576_15:00,2870,Ace Padel Club (APC) - Jalan Panjang Kedoya,6576,Court 5,2026-09-23,15:00 - 16:00,220000,Available
2870_6576_16:00,2870,Ace Padel Club (APC) - Jalan Panjang Kedoya,6576,Court 5,2026-09-23,16:00 - 17:00,220000,Booked
2870_6539_12:00,2870,Ace Padel Club (APC) - Jalan Panjang Kedoya,6539,Private Recovery,2026-09-23,12:00 - 13:00,100000,Booked
2870_6539_13:00,2870,Ace Padel Club (APC) - Jalan Panjang Kedoya,6539,Private Recovery,2026-09-23,13:00 - 14:00,100000,Available
2870_6539_14:00,2870,Ace Padel Club (APC) - Jalan Panjang Kedoya,6539,Private Recovery,2026-09-23,14:00 - 15:00,100000,Available
2870_6539_15:00,2870,Ace Padel Club (APC) - Jalan Panjang Kedoya,6539,Private Recovery,2026-09-23,15:00 - 16:00,100000,Booked
2870_6539_16:00,2870,Ace Padel Club (APC) - Jalan Panjang Kedoya,6539,Private Recovery,2026-09-23,16:00 - 17:00,100000,Available
2617_6948_12:00,2617,JC Padel Kedoya,6948,Purple Court,2026-09-23,12:00 - 13:00,140000,Available
2617_6948_13:00,2617,JC Padel Kedoya,6948,Purple Court,2026-09-23,13:00 - 14:00,140000,Available
2617_6948_14:00,2617,JC Padel Kedoya,6948,Purple Court,2026-09-23,14:00 - 15:00,140000,Available
2617_6948_15:00,2617,JC Padel Kedoya,6948,Purple Court,2026-09-23,15:00 - 16:00,140000,Booked
2617_6948_16:00,2617,JC Padel Kedoya,6948,Purple Court,2026-09-23,16:00 - 17:00,140000,Available
2617_6949_12:00,2617,JC Padel Kedoya,6949,Blue Court,2026-09-23,12:00 - 13:00,140000,Available
2617_6949_13:00,2617,JC Padel Kedoya,6949,Blue Court,2026-09-23,13:00 - 14:00,140000,Available
2617_6949_14:00,2617,JC Padel Kedoya,6949,Blue Court,2026-09-23,14:00 - 15:00,140000,Available
2617_6949_15:00,2617,JC Padel Kedoya,6949,Blue Court,2026-09-23,15:00 - 16:00,140000,Available
2617_6949_16:00,2617,JC Padel Kedoya,6949,Blue Court,2026-09-23,16:00 - 17:00,140000,Available
4519_11488_12:00,4519,SERA COMMUNITY CLUB,11488,Court 1 - Sera Community Club,2026-09-23,12:00 - 13:00,165000,Available
4519_11488_13:00,4519,SERA COMMUNITY CLUB,11488,Court 1 - Sera Community Club,2026-09-23,13:00 - 14:00,165000,Available
4519_11488_14:00,4519,SERA COMMUNITY CLUB,11488,Court 1 - Sera Community Club,2026-09-23,14:00 - 15:00,165000,Available
4519_11488_15:00,4519,SERA COMMUNITY CLUB,11488,Court 1 - Sera Community Club,2026-09-23,15:00 - 16:00,165000,Available
4519_11488_16:00,4519,SERA COMMUNITY CLUB,11488,Court 1 - Sera Community Club,2026-09-23,16:00 - 17:00,165000,Booked
4519_11580_12:00,4519,SERA COMMUNITY CLUB,11580,Court 2 - Sera Community Club,2026-09-23,12:00 - 13:00,165000,Available
4519_11580_13:00,4519,SERA COMMUNITY CLUB,11580,Court 2 - Sera Community Club,2026-09-23,13:00 - 14:00,165000,Available
4519_11580_14:00,4519,SERA COMMUNITY CLUB,11580,Court 2 - Sera Community Club,2026-09-23,14:00 - 15:00,165000,Booked
4519_11580_15:00,4519,SERA COMMUNITY CLUB,11580,Court 2 - Sera Community Club,2026-09-23,15:00 - 16:00,165000,Booked
4519_11580_16:00,4519,SERA COMMUNITY CLUB,11580,Court 2 - Sera Community Club,2026-09-23,16:00 - 17:00,165000,Booked
1678_4890_12:00,1678,Padel Spot,4890,Court 1,2026-09-23,12:00 - 13:00,150000,Available
1678_4890_13:00,1678,Padel Spot,4890,Court 1,2026-09-23,13:00 - 14:00,150000,Available
1678_4890_14:00,1678,Padel Spot,4890,Court 1,2026-09-23,14:00 - 15:00,150000,Available
1678_4890_15:00,1678,Padel Spot,4890,Court 1,2026-09-23,15:00 - 16:00,150000,Available
1678_4890_16:00,1678,Padel Spot,4890,Court 1,2026-09-23,16:00 - 17:00,150000,Available
1678_9151_12:00,1678,Padel Spot,9151,Court 2,2026-09-23,12:00 - 13:00,150000,Available
1678_9151_13:00,1678,Padel Spot,9151,Court 2,2026-09-23,13:00 - 14:00,150000,Available
1678_9151_14:00,1678,Padel Spot,9151,Court 2,2026-09-23,14:00 - 15:00,150000,Available
1678_9151_15:00,1678,Padel Spot,9151,Court 2,2026-09-23,15:00 - 16:00,150000,Available
1678_9151_16:00,1678,Padel Spot,9151,Court 2,2026-09-23,16:00 - 17:00,150000,Available
1678_9179_12:00,1678,Padel Spot,9179,Court 3,2026-09-23,12:00 - 13:00,150000,Available
1678_9179_13:00,1678,Padel Spot,9179,Court 3,2026-09-23,13:00 - 14:00,150000,Booked
1678_9179_14:00,1678,Padel Spot,9179,Court 3,2026-09-23,14:00 - 15:00,150000,Booked
1678_9179_15:00,1678,Padel Spot,9179,Court 3,2026-09-23,15:00 - 16:00,150000,Booked
1678_9179_16:00,1678,Padel Spot,9179,Court 3,2026-09-23,16:00 - 17:00,150000,Available
1678_9180_12:00,1678,Padel Spot,9180,Court 4,2026-09-23,12:00 - 13:00,150000,Available
1678_9180_13:00,1678,Padel Spot,9180,Court 4,2026-09-23,13:00 - 14:00,150000,Available
1678_9180_14:00,1678,Padel Spot,9180,Court 4,2026-09-23,14:00 - 15:00,150000,Available
1678_9180_15:00,1678,Padel Spot,9180,Court 4,2026-09-23,15:00 - 16:00,150000,Available
1678_9180_16:00,1678,Padel Spot,9180,Court 4,2026-09-23,16:00 - 17:00,150000,Available
1678_9181_12:00,1678,Padel Spot,9181,Court 5,2026-09-23,12:00 - 13:00,150000,Available
1678_9181_13:00,1678,Padel Spot,9181,Court 5,2026-09-23,13:00 - 14:00,150000,Available
1678_9181_14:00,1678,Padel Spot,9181,Court 5,2026-09-23,14:00 - 15:00,150000,Available
1678_9181_15:00,1678,Padel Spot,9181,Court 5,2026-09-23,15:00 - 16:00,150000,Available
1678_9181_16:00,1678,Padel Spot,9181,Court 5,2026-09-23,16:00 - 17:00,150000,Available
1678_9182_12:00,1678,Padel Spot,9182,Court 6,2026-09-23,12:00 - 13:00,150000,Available
1678_9182_13:00,1678,Padel Spot,9182,Court 6,2026-09-23,13:00 - 14:00,150000,Available
1678_9182_14:00,1678,Padel Spot,9182,Court 6,2026-09-23,14:00 - 15:00,150000,Available
1678_9182_15:00,1678,Padel Spot,9182,Court 6,2026-09-23,15:00 - 16:00,150000,Available
1678_9182_16:00,1678,Padel Spot,9182,Court 6,2026-09-23,16:00 - 17:00,150000,Available
1982_4103_12:00,1982,Glass House Padel,4103,Court 1,2026-09-23,12:00 - 13:00,149000,Available
1982_4103_13:00,1982,Glass House Padel,4103,Court 1,2026-09-23,13:00 - 14:00,149000,Available
1982_4103_14:00,1982,Glass House Padel,4103,Court 1,2026-09-23,14:00 - 15:00,149000,Booked
1982_4103_15:00,1982,Glass House Padel,4103,Court 1,2026-09-23,15:00 - 16:00,149000,Booked
1982_4103_16:00,1982,Glass House Padel,4103,Court 1,2026-09-23,16:00 - 17:00,149000,Available
1982_5447_12:00,1982,Glass House Padel,5447,Court 2,2026-09-23,12:00 - 13:00,149000,Available
1982_5447_13:00,1982,Glass House Padel,5447,Court 2,2026-09-23,13:00 - 14:00,149000,Available
1982_5447_14:00,1982,Glass House Padel,5447,Court 2,2026-09-23,14:00 - 15:00,149000,Booked
1982_5447_15:00,1982,Glass House Padel,5447,Court 2,2026-09-23,15:00 - 16:00,149000,Booked
1982_5447_16:00,1982,Glass House Padel,5447,Court 2,2026-09-23,16:00 - 17:00,149000,Available
1982_11671_12:00,1982,Glass House Padel,11671,Mahjong KONG,2026-09-23,12:00 - 13:00,90000,Available
1982_11671_13:00,1982,Glass House Padel,11671,Mahjong KONG,2026-09-23,13:00 - 14:00,90000,Available
1982_11671_14:00,1982,Glass House Padel,11671,Mahjong KONG,2026-09-23,14:00 - 15:00,90000,Available
1982_11671_15:00,1982,Glass House Padel,11671,Mahjong KONG,2026-09-23,15:00 - 16:00,90000,Available
1982_11671_16:00,1982,Glass House Padel,11671,Mahjong KONG,2026-09-23,16:00 - 17:00,90000,Available
1982_12777_12:00,1982,Glass House Padel,12777,Mahjong PONG,2026-09-23,12:00 - 13:00,90000,Available
1982_12777_13:00,1982,Glass House Padel,12777,Mahjong PONG,2026-09-23,13:00 - 14:00,90000,Available
1982_12777_14:00,1982,Glass House Padel,12777,Mahjong PONG,2026-09-23,14:00 - 15:00,90000,Available
1982_12777_15:00,1982,Glass House Padel,12777,Mahjong PONG,2026-09-23,15:00 - 16:00,90000,Available
1982_12777_16:00,1982,Glass House Padel,12777,Mahjong PONG,2026-09-23,16:00 - 17:00,90000,Available
614_935_12:00,614,Homeground Padel Kedoya,935,Court 1 Outdoor,2026-09-23,12:00 - 13:00,99000,Available
614_935_13:00,614,Homeground Padel Kedoya,935,Court 1 Outdoor,2026-09-23,13:00 - 14:00,99000,Available
614_935_14:00,614,Homeground Padel Kedoya,935,Court 1 Outdoor,2026-09-23,14:00 - 15:00,99000,Available
614_935_15:00,614,Homeground Padel Kedoya,935,Court 1 Outdoor,2026-09-23,15:00 - 16:00,99000,Available
614_935_16:00,614,Homeground Padel Kedoya,935,Court 1 Outdoor,2026-09-23,16:00 - 17:00,125000,Available
614_936_12:00,614,Homeground Padel Kedoya,936,Court 2 Roof,2026-09-23,12:00 - 13:00,99000,Available
614_936_13:00,614,Homeground Padel Kedoya,936,Court 2 Roof,2026-09-23,13:00 - 14:00,99000,Available
614_936_14:00,614,Homeground Padel Kedoya,936,Court 2 Roof,2026-09-23,14:00 - 15:00,125000,Available
614_936_15:00,614,Homeground Padel Kedoya,936,Court 2 Roof,2026-09-23,15:00 - 16:00,125000,Available
614_936_16:00,614,Homeground Padel Kedoya,936,Court 2 Roof,2026-09-23,16:00 - 17:00,200000,Available
614_937_12:00,614,Homeground Padel Kedoya,937,Court 3 Roof,2026-09-23,12:00 - 13:00,99000,Available
614_937_13:00,614,Homeground Padel Kedoya,937,Court 3 Roof,2026-09-23,13:00 - 14:00,99000,Available
614_937_14:00,614,Homeground Padel Kedoya,937,Court 3 Roof,2026-09-23,14:00 - 15:00,125000,Available
614_937_15:00,614,Homeground Padel Kedoya,937,Court 3 Roof,2026-09-23,15:00 - 16:00,125000,Available
614_937_16:00,614,Homeground Padel Kedoya,937,Court 3 Roof,2026-09-23,16:00 - 17:00,200000,Available
614_938_12:00,614,Homeground Padel Kedoya,938,Court 4 Roof,2026-09-23,12:00 - 13:00,99000,Available
614_938_13:00,614,Homeground Padel Kedoya,938,Court 4 Roof,2026-09-23,13:00 - 14:00,99000,Available
614_938_14:00,614,Homeground Padel Kedoya,938,Court 4 Roof,2026-09-23,14:00 - 15:00,125000,Available
614_938_15:00,614,Homeground Padel Kedoya,938,Court 4 Roof,2026-09-23,15:00 - 16:00,125000,Available
614_938_16:00,614,Homeground Padel Kedoya,938,Court 4 Roof,2026-09-23,16:00 - 17:00,200000,Available
1812_3895_12:00,1812,Terra Padel Court,3895,Court A,2026-09-23,12:00 - 13:00,99000,Available
1812_3895_13:00,1812,Terra Padel Court,3895,Court A,2026-09-23,13:00 - 14:00,99000,Available
1812_3895_14:00,1812,Terra Padel Court,3895,Court A,2026-09-23,14:00 - 15:00,99000,Available
1812_3895_15:00,1812,Terra Padel Court,3895,Court A,2026-09-23,15:00 - 16:00,99000,Available
1812_3895_16:00,1812,Terra Padel Court,3895,Court A,2026-09-23,16:00 - 17:00,99000,Booked
1812_7091_12:00,1812,Terra Padel Court,7091,Court B,2026-09-23,12:00 - 13:00,99000,Available
1812_7091_13:00,1812,Terra Padel Court,7091,Court B,2026-09-23,13:00 - 14:00,99000,Available
1812_7091_14:00,1812,Terra Padel Court,7091,Court B,2026-09-23,14:00 - 15:00,99000,Available
1812_7091_15:00,1812,Terra Padel Court,7091,Court B,2026-09-23,15:00 - 16:00,99000,Available
1812_7091_16:00,1812,Terra Padel Court,7091,Court B,2026-09-23,16:00 - 17:00,99000,Booked
4044_10194_12:00,4044,De Luz Padel,10194,Court 1,2026-09-23,12:00 - 13:00,125000,Available
4044_10194_13:00,4044,De Luz Padel,10194,Court 1,2026-09-23,13:00 - 14:00,125000,Available
4044_10194_14:00,4044,De Luz Padel,10194,Court 1,2026-09-23,14:00 - 15:00,125000,Available
4044_10194_15:00,4044,De Luz Padel,10194,Court 1,2026-09-23,15:00 - 16:00,125000,Available
4044_10194_16:00,4044,De Luz Padel,10194,Court 1,2026-09-23,16:00 - 17:00,180000,Available
4044_10994_12:00,4044,De Luz Padel,10994,Court 2,2026-09-23,12:00 - 13:00,125000,Available
4044_10994_13:00,4044,De Luz Padel,10994,Court 2,2026-09-23,13:00 - 14:00,125000,Available
4044_10994_14:00,4044,De Luz Padel,10994,Court 2,2026-09-23,14:00 - 15:00,125000,Available
4044_10994_15:00,4044,De Luz Padel,10994,Court 2,2026-09-23,15:00 - 16:00,125000,Available
4044_10994_16:00,4044,De Luz Padel,10994,Court 2,2026-09-23,16:00 - 17:00,180000,Available
4044_10995_12:00,4044,De Luz Padel,10995,Court 3,2026-09-23,12:00 - 13:00,125000,Available
4044_10995_13:00,4044,De Luz Padel,10995,Court 3,2026-09-23,13:00 - 14:00,125000,Available
4044_10995_14:00,4044,De Luz Padel,10995,Court 3,2026-09-23,14:00 - 15:00,125000,Available
4044_10995_15:00,4044,De Luz Padel,10995,Court 3,2026-09-23,15:00 - 16:00,125000,Available
4044_10995_16:00,4044,De Luz Padel,10995,Court 3,2026-09-23,16:00 - 17:00,180000,Available
4044_10996_12:00,4044,De Luz Padel,10996,Court 4,2026-09-23,12:00 - 13:00,125000,Available
4044_10996_13:00,4044,De Luz Padel,10996,Court 4,2026-09-23,13:00 - 14:00,125000,Available
4044_10996_14:00,4044,De Luz Padel,10996,Court 4,2026-09-23,14:00 - 15:00,125000,Available
4044_10996_15:00,4044,De Luz Padel,10996,Court 4,2026-09-23,15:00 - 16:00,125000,Available
4044_10996_16:00,4044,De Luz Padel,10996,Court 4,2026-09-23,16:00 - 17:00,180000,Available
4044_10997_12:00,4044,De Luz Padel,10997,Court 5,2026-09-23,12:00 - 13:00,125000,Available
4044_10997_13:00,4044,De Luz Padel,10997,Court 5,2026-09-23,13:00 - 14:00,125000,Available
4044_10997_14:00,4044,De Luz Padel,10997,Court 5,2026-09-23,14:00 - 15:00,125000,Available
4044_10997_15:00,4044,De Luz Padel,10997,Court 5,2026-09-23,15:00 - 16:00,125000,Available
4044_10997_16:00,4044,De Luz Padel,10997,Court 5,2026-09-23,16:00 - 17:00,180000,Available
4044_10199_12:00,4044,De Luz Padel,10199,VIP Court,2026-09-23,12:00 - 13:00,125000,Available
4044_10199_13:00,4044,De Luz Padel,10199,VIP Court,2026-09-23,13:00 - 14:00,125000,Available
4044_10199_14:00,4044,De Luz Padel,10199,VIP Court,2026-09-23,14:00 - 15:00,125000,Available
4044_10199_15:00,4044,De Luz Padel,10199,VIP Court,2026-09-23,15:00 - 16:00,125000,Available
4044_10199_16:00,4044,De Luz Padel,10199,VIP Court,2026-09-23,16:00 - 17:00,180000,Available
4044_10200_12:00,4044,De Luz Padel,10200,Pickleball,2026-09-23,12:00 - 13:00,80000,Available
4044_10200_13:00,4044,De Luz Padel,10200,Pickleball,2026-09-23,13:00 - 14:00,80000,Available
4044_10200_14:00,4044,De Luz Padel,10200,Pickleball,2026-09-23,14:00 - 15:00,80000,Available
4044_10200_15:00,4044,De Luz Padel,10200,Pickleball,2026-09-23,15:00 - 16:00,80000,Available
4044_10200_16:00,4044,De Luz Padel,10200,Pickleball,2026-09-23,16:00 - 17:00,80000,Available
1262_2281_12:00,1262,EZ Padel Tomang,2281,Court A,2026-09-23,12:00 - 13:00,148000,Booked
1262_2281_13:00,1262,EZ Padel Tomang,2281,Court A,2026-09-23,13:00 - 14:00,148000,Available
1262_2281_14:00,1262,EZ Padel Tomang,2281,Court A,2026-09-23,14:00 - 15:00,148000,Available
1262_2281_15:00,1262,EZ Padel Tomang,2281,Court A,2026-09-23,15:00 - 16:00,148000,Available
1262_2281_16:00,1262,EZ Padel Tomang,2281,Court A,2026-09-23,16:00 - 17:00,348999,Available
1262_2479_12:00,1262,EZ Padel Tomang,2479,Court B,2026-09-23,12:00 - 13:00,148000,Booked
1262_2479_13:00,1262,EZ Padel Tomang,2479,Court B,2026-09-23,13:00 - 14:00,148000,Available
1262_2479_14:00,1262,EZ Padel Tomang,2479,Court B,2026-09-23,14:00 - 15:00,148000,Available
1262_2479_15:00,1262,EZ Padel Tomang,2479,Court B,2026-09-23,15:00 - 16:00,148000,Available
1262_2479_16:00,1262,EZ Padel Tomang,2479,Court B,2026-09-23,16:00 - 17:00,348999,Available
1262_2480_12:00,1262,EZ Padel Tomang,2480,Court C,2026-09-23,12:00 - 13:00,148000,Available
1262_2480_13:00,1262,EZ Padel Tomang,2480,Court C,2026-09-23,13:00 - 14:00,148000,Available
1262_2480_14:00,1262,EZ Padel Tomang,2480,Court C,2026-09-23,14:00 - 15:00,148000,Available
1262_2480_15:00,1262,EZ Padel Tomang,2480,Court C,2026-09-23,15:00 - 16:00,148000,Available
1262_2480_16:00,1262,EZ Padel Tomang,2480,Court C,2026-09-23,16:00 - 17:00,348999,Available
1262_2481_12:00,1262,EZ Padel Tomang,2481,Court D,2026-09-23,12:00 - 13:00,148000,Available
1262_2481_13:00,1262,EZ Padel Tomang,2481,Court D,2026-09-23,13:00 - 14:00,148000,Available
1262_2481_14:00,1262,EZ Padel Tomang,2481,Court D,2026-09-23,14:00 - 15:00,148000,Available
1262_2481_15:00,1262,EZ Padel Tomang,2481,Court D,2026-09-23,15:00 - 16:00,148000,Available
1262_2481_16:00,1262,EZ Padel Tomang,2481,Court D,2026-09-23,16:00 - 17:00,348999,Available
1837_3742_12:00,1837,Tinny Padel,3742,COURT VIP Super Panoramic,2026-09-23,12:00 - 13:00,125000,Booked
1837_3742_13:00,1837,Tinny Padel,3742,COURT VIP Super Panoramic,2026-09-23,13:00 - 14:00,125000,Booked
1837_3742_14:00,1837,Tinny Padel,3742,COURT VIP Super Panoramic,2026-09-23,14:00 - 15:00,125000,Booked
1837_3742_15:00,1837,Tinny Padel,3742,COURT VIP Super Panoramic,2026-09-23,15:00 - 16:00,125000,Available
1837_3742_16:00,1837,Tinny Padel,3742,COURT VIP Super Panoramic,2026-09-23,16:00 - 17:00,125000,Booked
1214_2221_12:00,1214,Orange Garden Padel Club,2221,Court 1,2026-09-23,12:00 - 13:00,88000,Available
1214_2221_13:00,1214,Orange Garden Padel Club,2221,Court 1,2026-09-23,13:00 - 14:00,88000,Available
1214_2221_14:00,1214,Orange Garden Padel Club,2221,Court 1,2026-09-23,14:00 - 15:00,88000,Available
1214_2221_15:00,1214,Orange Garden Padel Club,2221,Court 1,2026-09-23,15:00 - 16:00,88000,Available
1214_2221_16:00,1214,Orange Garden Padel Club,2221,Court 1,2026-09-23,16:00 - 17:00,88000,Available
1214_2227_12:00,1214,Orange Garden Padel Club,2227,Court 2,2026-09-23,12:00 - 13:00,88000,Available
1214_2227_13:00,1214,Orange Garden Padel Club,2227,Court 2,2026-09-23,13:00 - 14:00,88000,Booked
1214_2227_14:00,1214,Orange Garden Padel Club,2227,Court 2,2026-09-23,14:00 - 15:00,88000,Available
1214_2227_15:00,1214,Orange Garden Padel Club,2227,Court 2,2026-09-23,15:00 - 16:00,88000,Available
1214_2227_16:00,1214,Orange Garden Padel Club,2227,Court 2,2026-09-23,16:00 - 17:00,88000,Available
1214_2228_12:00,1214,Orange Garden Padel Club,2228,Court 3,2026-09-23,12:00 - 13:00,88000,Available
1214_2228_13:00,1214,Orange Garden Padel Club,2228,Court 3,2026-09-23,13:00 - 14:00,88000,Available
1214_2228_14:00,1214,Orange Garden Padel Club,2228,Court 3,2026-09-23,14:00 - 15:00,88000,Available
1214_2228_15:00,1214,Orange Garden Padel Club,2228,Court 3,2026-09-23,15:00 - 16:00,88000,Available
1214_2228_16:00,1214,Orange Garden Padel Club,2228,Court 3,2026-09-23,16:00 - 17:00,88000,Available
1214_2229_12:00,1214,Orange Garden Padel Club,2229,Court 4,2026-09-23,12:00 - 13:00,88000,Available
1214_2229_13:00,1214,Orange Garden Padel Club,2229,Court 4,2026-09-23,13:00 - 14:00,88000,Available
1214_2229_14:00,1214,Orange Garden Padel Club,2229,Court 4,2026-09-23,14:00 - 15:00,88000,Available
1214_2229_15:00,1214,Orange Garden Padel Club,2229,Court 4,2026-09-23,15:00 - 16:00,88000,Available
1214_2229_16:00,1214,Orange Garden Padel Club,2229,Court 4,2026-09-23,16:00 - 17:00,88000,Available
2246_5096_12:00,2246,Padeloo,5096,Court 1,2026-09-23,12:00 - 13:00,99000,Available
2246_5096_13:00,2246,Padeloo,5096,Court 1,2026-09-23,13:00 - 14:00,99000,Booked
2246_5096_14:00,2246,Padeloo,5096,Court 1,2026-09-23,14:00 - 15:00,99000,Booked
2246_5096_15:00,2246,Padeloo,5096,Court 1,2026-09-23,15:00 - 16:00,99000,Booked
2246_5096_16:00,2246,Padeloo,5096,Court 1,2026-09-23,16:00 - 17:00,99000,Available
2246_9263_12:00,2246,Padeloo,9263,Court 2,2026-09-23,12:00 - 13:00,99000,Available
2246_9263_13:00,2246,Padeloo,9263,Court 2,2026-09-23,13:00 - 14:00,99000,Booked
2246_9263_14:00,2246,Padeloo,9263,Court 2,2026-09-23,14:00 - 15:00,99000,Booked
2246_9263_15:00,2246,Padeloo,9263,Court 2,2026-09-23,15:00 - 16:00,99000,Booked
2246_9263_16:00,2246,Padeloo,9263,Court 2,2026-09-23,16:00 - 17:00,99000,Available
2246_9264_12:00,2246,Padeloo,9264,Court 3,2026-09-23,12:00 - 13:00,99000,Available
2246_9264_13:00,2246,Padeloo,9264,Court 3,2026-09-23,13:00 - 14:00,99000,Available
2246_9264_14:00,2246,Padeloo,9264,Court 3,2026-09-23,14:00 - 15:00,99000,Available
2246_9264_15:00,2246,Padeloo,9264,Court 3,2026-09-23,15:00 - 16:00,99000,Available
2246_9264_16:00,2246,Padeloo,9264,Court 3,2026-09-23,16:00 - 17:00,99000,Available
2476_5358_12:00,2476,Padel On Mars,5358,Court 1,2026-09-23,12:00 - 13:00,115000,Available
2476_5358_13:00,2476,Padel On Mars,5358,Court 1,2026-09-23,13:00 - 14:00,115000,Available
2476_5358_14:00,2476,Padel On Mars,5358,Court 1,2026-09-23,14:00 - 15:00,115000,Available
2476_5358_15:00,2476,Padel On Mars,5358,Court 1,2026-09-23,15:00 - 16:00,115000,Available
2476_5358_16:00,2476,Padel On Mars,5358,Court 1,2026-09-23,16:00 - 17:00,135000,Available
2476_5809_12:00,2476,Padel On Mars,5809,Court 2,2026-09-23,12:00 - 13:00,115000,Available
2476_5809_13:00,2476,Padel On Mars,5809,Court 2,2026-09-23,13:00 - 14:00,115000,Available
2476_5809_14:00,2476,Padel On Mars,5809,Court 2,2026-09-23,14:00 - 15:00,115000,Available
2476_5809_15:00,2476,Padel On Mars,5809,Court 2,2026-09-23,15:00 - 16:00,115000,Available
2476_5809_16:00,2476,Padel On Mars,5809,Court 2,2026-09-23,16:00 - 17:00,135000,Available
1785_3635_12:00,1785,Badel Padel,3635,Ppc 1,2026-09-23,12:00 - 13:00,125000,Available
1785_3635_13:00,1785,Badel Padel,3635,Ppc 1,2026-09-23,13:00 - 14:00,125000,Available
1785_3635_14:00,1785,Badel Padel,3635,Ppc 1,2026-09-23,14:00 - 15:00,125000,Available
1785_3635_15:00,1785,Badel Padel,3635,Ppc 1,2026-09-23,15:00 - 16:00,125000,Available
1785_3635_16:00,1785,Badel Padel,3635,Ppc 1,2026-09-23,16:00 - 17:00,125000,Booked
1785_4467_12:00,1785,Badel Padel,4467,Ppc 2,2026-09-23,12:00 - 13:00,125000,Available
1785_4467_13:00,1785,Badel Padel,4467,Ppc 2,2026-09-23,13:00 - 14:00,125000,Available
1785_4467_14:00,1785,Badel Padel,4467,Ppc 2,2026-09-23,14:00 - 15:00,125000,Available
1785_4467_15:00,1785,Badel Padel,4467,Ppc 2,2026-09-23,15:00 - 16:00,125000,Available
1785_4467_16:00,1785,Badel Padel,4467,Ppc 2,2026-09-23,16:00 - 17:00,125000,Available
1785_4468_12:00,1785,Badel Padel,4468,Ppc 3,2026-09-23,12:00 - 13:00,125000,Available
1785_4468_13:00,1785,Badel Padel,4468,Ppc 3,2026-09-23,13:00 - 14:00,125000,Available
1785_4468_14:00,1785,Badel Padel,4468,Ppc 3,2026-09-23,14:00 - 15:00,125000,Available
1785_4468_15:00,1785,Badel Padel,4468,Ppc 3,2026-09-23,15:00 - 16:00,125000,Available
1785_4468_16:00,1785,Badel Padel,4468,Ppc 3,2026-09-23,16:00 - 17:00,125000,Available
1785_4469_12:00,1785,Badel Padel,4469,Ppc 4,2026-09-23,12:00 - 13:00,125000,Available
1785_4469_13:00,1785,Badel Padel,4469,Ppc 4,2026-09-23,13:00 - 14:00,125000,Available
1785_4469_14:00,1785,Badel Padel,4469,Ppc 4,2026-09-23,14:00 - 15:00,125000,Available
1785_4469_15:00,1785,Badel Padel,4469,Ppc 4,2026-09-23,15:00 - 16:00,125000,Available
1785_4469_16:00,1785,Badel Padel,4469,Ppc 4,2026-09-23,16:00 - 17:00,125000,Available
3387_8243_12:00,3387,Tangkas Padel,8243,Court 1,2026-09-23,12:00 - 13:00,150000,Available
3387_8243_13:00,3387,Tangkas Padel,8243,Court 1,2026-09-23,13:00 - 14:00,150000,Available
3387_8243_14:00,3387,Tangkas Padel,8243,Court 1,2026-09-23,14:00 - 15:00,150000,Available
3387_8243_15:00,3387,Tangkas Padel,8243,Court 1,2026-09-23,15:00 - 16:00,150000,Available
3387_8243_16:00,3387,Tangkas Padel,8243,Court 1,2026-09-23,16:00 - 17:00,200000,Available
3387_8244_12:00,3387,Tangkas Padel,8244,Court 2,2026-09-23,12:00 - 13:00,150000,Available
3387_8244_13:00,3387,Tangkas Padel,8244,Court 2,2026-09-23,13:00 - 14:00,150000,Available
3387_8244_14:00,3387,Tangkas Padel,8244,Court 2,2026-09-23,14:00 - 15:00,150000,Available
3387_8244_15:00,3387,Tangkas Padel,8244,Court 2,2026-09-23,15:00 - 16:00,150000,Available
3387_8244_16:00,3387,Tangkas Padel,8244,Court 2,2026-09-23,16:00 - 17:00,200000,Available
3387_8245_12:00,3387,Tangkas Padel,8245,Court 3,2026-09-23,12:00 - 13:00,150000,Available
3387_8245_13:00,3387,Tangkas Padel,8245,Court 3,2026-09-23,13:00 - 14:00,150000,Available
3387_8245_14:00,3387,Tangkas Padel,8245,Court 3,2026-09-23,14:00 - 15:00,150000,Available
3387_8245_15:00,3387,Tangkas Padel,8245,Court 3,2026-09-23,15:00 - 16:00,150000,Available
3387_8245_16:00,3387,Tangkas Padel,8245,Court 3,2026-09-23,16:00 - 17:00,200000,Available
2015_4169_12:00,2015,Xcite Padel,4169,Court 1,2026-09-23,12:00 - 13:00,125000,Available
2015_4169_13:00,2015,Xcite Padel,4169,Court 1,2026-09-23,13:00 - 14:00,125000,Available
2015_4169_14:00,2015,Xcite Padel,4169,Court 1,2026-09-23,14:00 - 15:00,125000,Available
2015_4169_15:00,2015,Xcite Padel,4169,Court 1,2026-09-23,15:00 - 16:00,125000,Available
2015_4169_16:00,2015,Xcite Padel,4169,Court 1,2026-09-23,16:00 - 17:00,230000,Available
2015_9987_12:00,2015,Xcite Padel,9987,Court 2,2026-09-23,12:00 - 13:00,125000,Available
2015_9987_13:00,2015,Xcite Padel,9987,Court 2,2026-09-23,13:00 - 14:00,125000,Available
2015_9987_14:00,2015,Xcite Padel,9987,Court 2,2026-09-23,14:00 - 15:00,125000,Available
2015_9987_15:00,2015,Xcite Padel,9987,Court 2,2026-09-23,15:00 - 16:00,125000,Available
2015_9987_16:00,2015,Xcite Padel,9987,Court 2,2026-09-23,16:00 - 17:00,230000,Available
2015_9988_12:00,2015,Xcite Padel,9988,Court 3,2026-09-23,12:00 - 13:00,125000,Available
2015_9988_13:00,2015,Xcite Padel,9988,Court 3,2026-09-23,13:00 - 14:00,125000,Available
2015_9988_14:00,2015,Xcite Padel,9988,Court 3,2026-09-23,14:00 - 15:00,125000,Available
2015_9988_15:00,2015,Xcite Padel,9988,Court 3,2026-09-23,15:00 - 16:00,125000,Available
2015_9988_16:00,2015,Xcite Padel,9988,Court 3,2026-09-23,16:00 - 17:00,230000,Available
2015_9989_12:00,2015,Xcite Padel,9989,Court 4,2026-09-23,12:00 - 13:00,125000,Available
2015_9989_13:00,2015,Xcite Padel,9989,Court 4,2026-09-23,13:00 - 14:00,125000,Available
2015_9989_14:00,2015,Xcite Padel,9989,Court 4,2026-09-23,14:00 - 15:00,125000,Available
2015_9989_15:00,2015,Xcite Padel,9989,Court 4,2026-09-23,15:00 - 16:00,125000,Available
2015_9989_16:00,2015,Xcite Padel,9989,Court 4,2026-09-23,16:00 - 17:00,230000,Available
2645_5795_12:00,2645,Tennis Padel Matic Mal Ciputra,5795,Court Padel (blue),2026-09-23,12:00 - 13:00,108000,Available
2645_5795_13:00,2645,Tennis Padel Matic Mal Ciputra,5795,Court Padel (blue),2026-09-23,13:00 - 14:00,108000,Available
2645_5795_14:00,2645,Tennis Padel Matic Mal Ciputra,5795,Court Padel (blue),2026-09-23,14:00 - 15:00,108000,Available
2645_5795_15:00,2645,Tennis Padel Matic Mal Ciputra,5795,Court Padel (blue),2026-09-23,15:00 - 16:00,120000,Available
2645_5795_16:00,2645,Tennis Padel Matic Mal Ciputra,5795,Court Padel (blue),2026-09-23,16:00 - 17:00,120000,Available
2645_5796_12:00,2645,Tennis Padel Matic Mal Ciputra,5796,Court Padel (yellow),2026-09-23,12:00 - 13:00,120000,Available
2645_5796_13:00,2645,Tennis Padel Matic Mal Ciputra,5796,Court Padel (yellow),2026-09-23,13:00 - 14:00,120000,Available
2645_5796_14:00,2645,Tennis Padel Matic Mal Ciputra,5796,Court Padel (yellow),2026-09-23,14:00 - 15:00,120000,Available
2645_5796_15:00,2645,Tennis Padel Matic Mal Ciputra,5796,Court Padel (yellow),2026-09-23,15:00 - 16:00,140000,Available
2645_5796_16:00,2645,Tennis Padel Matic Mal Ciputra,5796,Court Padel (yellow),2026-09-23,16:00 - 17:00,140000,Available
2645_5797_12:00,2645,Tennis Padel Matic Mal Ciputra,5797,Court Padel (green),2026-09-23,12:00 - 13:00,120000,Available
2645_5797_13:00,2645,Tennis Padel Matic Mal Ciputra,5797,Court Padel (green),2026-09-23,13:00 - 14:00,120000,Available
2645_5797_14:00,2645,Tennis Padel Matic Mal Ciputra,5797,Court Padel (green),2026-09-23,14:00 - 15:00,120000,Available
2645_5797_15:00,2645,Tennis Padel Matic Mal Ciputra,5797,Court Padel (green),2026-09-23,15:00 - 16:00,140000,Available
2645_5797_16:00,2645,Tennis Padel Matic Mal Ciputra,5797,Court Padel (green),2026-09-23,16:00 - 17:00,140000,Available
2645_5798_12:00,2645,Tennis Padel Matic Mal Ciputra,5798,Court Padel (purple),2026-09-23,12:00 - 13:00,120000,Available
2645_5798_13:00,2645,Tennis Padel Matic Mal Ciputra,5798,Court Padel (purple),2026-09-23,13:00 - 14:00,120000,Available
2645_5798_14:00,2645,Tennis Padel Matic Mal Ciputra,5798,Court Padel (purple),2026-09-23,14:00 - 15:00,120000,Available
2645_5798_15:00,2645,Tennis Padel Matic Mal Ciputra,5798,Court Padel (purple),2026-09-23,15:00 - 16:00,140000,Available
2645_5798_16:00,2645,Tennis Padel Matic Mal Ciputra,5798,Court Padel (purple),2026-09-23,16:00 - 17:00,140000,Available
2645_5799_12:00,2645,Tennis Padel Matic Mal Ciputra,5799,Court Padel ( Pink),2026-09-23,12:00 - 13:00,96000,Available
2645_5799_13:00,2645,Tennis Padel Matic Mal Ciputra,5799,Court Padel ( Pink),2026-09-23,13:00 - 14:00,96000,Available
2645_5799_14:00,2645,Tennis Padel Matic Mal Ciputra,5799,Court Padel ( Pink),2026-09-23,14:00 - 15:00,96000,Available
2645_5799_15:00,2645,Tennis Padel Matic Mal Ciputra,5799,Court Padel ( Pink),2026-09-23,15:00 - 16:00,108000,Available
2645_5799_16:00,2645,Tennis Padel Matic Mal Ciputra,5799,Court Padel ( Pink),2026-09-23,16:00 - 17:00,108000,Available
1542_6003_12:00,1542,Stone Padel - Citra Garden City,6003,Court 1,2026-09-23,12:00 - 13:00,100000,Available
1542_6003_13:00,1542,Stone Padel - Citra Garden City,6003,Court 1,2026-09-23,13:00 - 14:00,100000,Booked
1542_6003_14:00,1542,Stone Padel - Citra Garden City,6003,Court 1,2026-09-23,14:00 - 15:00,100000,Available
1542_6003_15:00,1542,Stone Padel - Citra Garden City,6003,Court 1,2026-09-23,15:00 - 16:00,100000,Booked
1542_6003_16:00,1542,Stone Padel - Citra Garden City,6003,Court 1,2026-09-23,16:00 - 17:00,200000,Available
1542_6004_12:00,1542,Stone Padel - Citra Garden City,6004,Court 2,2026-09-23,12:00 - 13:00,100000,Booked
1542_6004_13:00,1542,Stone Padel - Citra Garden City,6004,Court 2,2026-09-23,13:00 - 14:00,100000,Booked
1542_6004_14:00,1542,Stone Padel - Citra Garden City,6004,Court 2,2026-09-23,14:00 - 15:00,100000,Available
1542_6004_15:00,1542,Stone Padel - Citra Garden City,6004,Court 2,2026-09-23,15:00 - 16:00,100000,Booked
1542_6004_16:00,1542,Stone Padel - Citra Garden City,6004,Court 2,2026-09-23,16:00 - 17:00,200000,Available
1542_6005_12:00,1542,Stone Padel - Citra Garden City,6005,Court 3,2026-09-23,12:00 - 13:00,100000,Booked
1542_6005_13:00,1542,Stone Padel - Citra Garden City,6005,Court 3,2026-09-23,13:00 - 14:00,100000,Available
1542_6005_14:00,1542,Stone Padel - Citra Garden City,6005,Court 3,2026-09-23,14:00 - 15:00,100000,Available
1542_6005_15:00,1542,Stone Padel - Citra Garden City,6005,Court 3,2026-09-23,15:00 - 16:00,100000,Available
1542_6005_16:00,1542,Stone Padel - Citra Garden City,6005,Court 3,2026-09-23,16:00 - 17:00,200000,Available
1542_3115_12:00,1542,Stone Padel - Citra Garden City,3115,Private Court,2026-09-23,12:00 - 13:00,100000,Available
1542_3115_13:00,1542,Stone Padel - Citra Garden City,3115,Private Court,2026-09-23,13:00 - 14:00,100000,Available
1542_3115_14:00,1542,Stone Padel - Citra Garden City,3115,Private Court,2026-09-23,14:00 - 15:00,100000,Available
1542_3115_15:00,1542,Stone Padel - Citra Garden City,3115,Private Court,2026-09-23,15:00 - 16:00,100000,Available
1542_3115_16:00,1542,Stone Padel - Citra Garden City,3115,Private Court,2026-09-23,16:00 - 17:00,200000,Available
1563_3171_12:00,1563,Daily Court,3171,Tennis Outdoor Court,2026-09-23,12:00 - 13:00,180000,Available
1563_3171_13:00,1563,Daily Court,3171,Tennis Outdoor Court,2026-09-23,13:00 - 14:00,180000,Available
1563_3171_14:00,1563,Daily Court,3171,Tennis Outdoor Court,2026-09-23,14:00 - 15:00,180000,Available
1563_3171_15:00,1563,Daily Court,3171,Tennis Outdoor Court,2026-09-23,15:00 - 16:00,180000,Available
1563_3171_16:00,1563,Daily Court,3171,Tennis Outdoor Court,2026-09-23,16:00 - 17:00,210000,Available
1563_3645_12:00,1563,Daily Court,3645,Padel - A,2026-09-23,12:00 - 13:00,100000,Available
1563_3645_13:00,1563,Daily Court,3645,Padel - A,2026-09-23,13:00 - 14:00,100000,Available
1563_3645_14:00,1563,Daily Court,3645,Padel - A,2026-09-23,14:00 - 15:00,100000,Available
1563_3645_15:00,1563,Daily Court,3645,Padel - A,2026-09-23,15:00 - 16:00,100000,Available
1563_3645_16:00,1563,Daily Court,3645,Padel - A,2026-09-23,16:00 - 17:00,100000,Available
1563_3174_12:00,1563,Daily Court,3174,Padel - B,2026-09-23,12:00 - 13:00,100000,Available
1563_3174_13:00,1563,Daily Court,3174,Padel - B,2026-09-23,13:00 - 14:00,100000,Available
1563_3174_14:00,1563,Daily Court,3174,Padel - B,2026-09-23,14:00 - 15:00,100000,Available
1563_3174_15:00,1563,Daily Court,3174,Padel - B,2026-09-23,15:00 - 16:00,100000,Available
1563_3174_16:00,1563,Daily Court,3174,Padel - B,2026-09-23,16:00 - 17:00,100000,Available
1563_3175_12:00,1563,Daily Court,3175,Padel - C,2026-09-23,12:00 - 13:00,100000,Available
1563_3175_13:00,1563,Daily Court,3175,Padel - C,2026-09-23,13:00 - 14:00,100000,Available
1563_3175_14:00,1563,Daily Court,3175,Padel - C,2026-09-23,14:00 - 15:00,100000,Available
1563_3175_15:00,1563,Daily Court,3175,Padel - C,2026-09-23,15:00 - 16:00,100000,Available
1563_3175_16:00,1563,Daily Court,3175,Padel - C,2026-09-23,16:00 - 17:00,100000,Available
1563_3176_12:00,1563,Daily Court,3176,Padel - D,2026-09-23,12:00 - 13:00,100000,Available
1563_3176_13:00,1563,Daily Court,3176,Padel - D,2026-09-23,13:00 - 14:00,100000,Available
1563_3176_14:00,1563,Daily Court,3176,Padel - D,2026-09-23,14:00 - 15:00,100000,Available
1563_3176_15:00,1563,Daily Court,3176,Padel - D,2026-09-23,15:00 - 16:00,100000,Available
1563_3176_16:00,1563,Daily Court,3176,Padel - D,2026-09-23,16:00 - 17:00,100000,Available
1563_3177_12:00,1563,Daily Court,3177,Padel - E,2026-09-23,12:00 - 13:00,100000,Available
1563_3177_13:00,1563,Daily Court,3177,Padel - E,2026-09-23,13:00 - 14:00,100000,Available
1563_3177_14:00,1563,Daily Court,3177,Padel - E,2026-09-23,14:00 - 15:00,100000,Available
1563_3177_15:00,1563,Daily Court,3177,Padel - E,2026-09-23,15:00 - 16:00,100000,Available
1563_3177_16:00,1563,Daily Court,3177,Padel - E,2026-09-23,16:00 - 17:00,100000,Available
1222_2858_12:00,1222,Westside Padel,2858,Court 1,2026-09-23,12:00 - 13:00,195000,Booked
1222_2858_13:00,1222,Westside Padel,2858,Court 1,2026-09-23,13:00 - 14:00,195000,Available
1222_2858_14:00,1222,Westside Padel,2858,Court 1,2026-09-23,14:00 - 15:00,195000,Available
1222_2858_15:00,1222,Westside Padel,2858,Court 1,2026-09-23,15:00 - 16:00,195000,Available
1222_2858_16:00,1222,Westside Padel,2858,Court 1,2026-09-23,16:00 - 17:00,275000,Booked
1222_3303_12:00,1222,Westside Padel,3303,Court 2,2026-09-23,12:00 - 13:00,195000,Booked
1222_3303_13:00,1222,Westside Padel,3303,Court 2,2026-09-23,13:00 - 14:00,195000,Booked
1222_3303_14:00,1222,Westside Padel,3303,Court 2,2026-09-23,14:00 - 15:00,195000,Booked
1222_3303_15:00,1222,Westside Padel,3303,Court 2,2026-09-23,15:00 - 16:00,195000,Booked
1222_3303_16:00,1222,Westside Padel,3303,Court 2,2026-09-23,16:00 - 17:00,275000,Booked
1222_3304_12:00,1222,Westside Padel,3304,Court 3,2026-09-23,12:00 - 13:00,195000,Booked
1222_3304_13:00,1222,Westside Padel,3304,Court 3,2026-09-23,13:00 - 14:00,195000,Available
1222_3304_14:00,1222,Westside Padel,3304,Court 3,2026-09-23,14:00 - 15:00,195000,Booked
1222_3304_15:00,1222,Westside Padel,3304,Court 3,2026-09-23,15:00 - 16:00,195000,Booked
1222_3304_16:00,1222,Westside Padel,3304,Court 3,2026-09-23,16:00 - 17:00,275000,Booked
1222_3305_12:00,1222,Westside Padel,3305,Court 4,2026-09-23,12:00 - 13:00,195000,Available
1222_3305_13:00,1222,Westside Padel,3305,Court 4,2026-09-23,13:00 - 14:00,195000,Available
1222_3305_14:00,1222,Westside Padel,3305,Court 4,2026-09-23,14:00 - 15:00,195000,Booked
1222_3305_15:00,1222,Westside Padel,3305,Court 4,2026-09-23,15:00 - 16:00,195000,Booked
1222_3305_16:00,1222,Westside Padel,3305,Court 4,2026-09-23,16:00 - 17:00,275000,Available
2711_6021_12:00,2711,Coco Padel Court Jakarta,6021,Court 1,2026-09-23,12:00 - 13:00,115000,Available
2711_6021_13:00,2711,Coco Padel Court Jakarta,6021,Court 1,2026-09-23,13:00 - 14:00,115000,Available
2711_6021_14:00,2711,Coco Padel Court Jakarta,6021,Court 1,2026-09-23,14:00 - 15:00,115000,Available
2711_6021_15:00,2711,Coco Padel Court Jakarta,6021,Court 1,2026-09-23,15:00 - 16:00,115000,Available
2711_6021_16:00,2711,Coco Padel Court Jakarta,6021,Court 1,2026-09-23,16:00 - 17:00,115000,Available
2711_6022_12:00,2711,Coco Padel Court Jakarta,6022,Court 2,2026-09-23,12:00 - 13:00,115000,Available
2711_6022_13:00,2711,Coco Padel Court Jakarta,6022,Court 2,2026-09-23,13:00 - 14:00,115000,Available
2711_6022_14:00,2711,Coco Padel Court Jakarta,6022,Court 2,2026-09-23,14:00 - 15:00,115000,Available
2711_6022_15:00,2711,Coco Padel Court Jakarta,6022,Court 2,2026-09-23,15:00 - 16:00,115000,Available
2711_6022_16:00,2711,Coco Padel Court Jakarta,6022,Court 2,2026-09-23,16:00 - 17:00,115000,Available
2711_6023_12:00,2711,Coco Padel Court Jakarta,6023,Court 3,2026-09-23,12:00 - 13:00,115000,Available
2711_6023_13:00,2711,Coco Padel Court Jakarta,6023,Court 3,2026-09-23,13:00 - 14:00,115000,Available
2711_6023_14:00,2711,Coco Padel Court Jakarta,6023,Court 3,2026-09-23,14:00 - 15:00,115000,Available
2711_6023_15:00,2711,Coco Padel Court Jakarta,6023,Court 3,2026-09-23,15:00 - 16:00,115000,Available
2711_6023_16:00,2711,Coco Padel Court Jakarta,6023,Court 3,2026-09-23,16:00 - 17:00,115000,Available
2997_7157_12:00,2997,"KALMA Social Club - Jl. Panjang, Kedoya",7157,Court 1 Padel,2026-09-23,12:00 - 13:00,299000,Available
2997_7157_13:00,2997,"KALMA Social Club - Jl. Panjang, Kedoya",7157,Court 1 Padel,2026-09-23,13:00 - 14:00,299000,Available
2997_7157_14:00,2997,"KALMA Social Club - Jl. Panjang, Kedoya",7157,Court 1 Padel,2026-09-23,14:00 - 15:00,299000,Available
2997_7157_15:00,2997,"KALMA Social Club - Jl. Panjang, Kedoya",7157,Court 1 Padel,2026-09-23,15:00 - 16:00,299000,Available
2997_7157_16:00,2997,"KALMA Social Club - Jl. Panjang, Kedoya",7157,Court 1 Padel,2026-09-23,16:00 - 17:00,399000,Available
2997_7158_12:00,2997,"KALMA Social Club - Jl. Panjang, Kedoya",7158,Court 2 Padel (Center Court),2026-09-23,12:00 - 13:00,299000,Available
2997_7158_13:00,2997,"KALMA Social Club - Jl. Panjang, Kedoya",7158,Court 2 Padel (Center Court),2026-09-23,13:00 - 14:00,299000,Available
2997_7158_14:00,2997,"KALMA Social Club - Jl. Panjang, Kedoya",7158,Court 2 Padel (Center Court),2026-09-23,14:00 - 15:00,299000,Available
2997_7158_15:00,2997,"KALMA Social Club - Jl. Panjang, Kedoya",7158,Court 2 Padel (Center Court),2026-09-23,15:00 - 16:00,299000,Available
2997_7158_16:00,2997,"KALMA Social Club - Jl. Panjang, Kedoya",7158,Court 2 Padel (Center Court),2026-09-23,16:00 - 17:00,399000,Available
2997_7159_12:00,2997,"KALMA Social Club - Jl. Panjang, Kedoya",7159,Court 3 Padel,2026-09-23,12:00 - 13:00,299000,Available
2997_7159_13:00,2997,"KALMA Social Club - Jl. Panjang, Kedoya",7159,Court 3 Padel,2026-09-23,13:00 - 14:00,299000,Available
2997_7159_14:00,2997,"KALMA Social Club - Jl. Panjang, Kedoya",7159,Court 3 Padel,2026-09-23,14:00 - 15:00,299000,Available
2997_7159_15:00,2997,"KALMA Social Club - Jl. Panjang, Kedoya",7159,Court 3 Padel,2026-09-23,15:00 - 16:00,299000,Available
2997_7159_16:00,2997,"KALMA Social Club - Jl. Panjang, Kedoya",7159,Court 3 Padel,2026-09-23,16:00 - 17:00,399000,Available
2997_7160_12:00,2997,"KALMA Social Club - Jl. Panjang, Kedoya",7160,Court 4 Padel,2026-09-23,12:00 - 13:00,299000,Available
2997_7160_13:00,2997,"KALMA Social Club - Jl. Panjang, Kedoya",7160,Court 4 Padel,2026-09-23,13:00 - 14:00,299000,Available
2997_7160_14:00,2997,"KALMA Social Club - Jl. Panjang, Kedoya",7160,Court 4 Padel,2026-09-23,14:00 - 15:00,299000,Available
2997_7160_15:00,2997,"KALMA Social Club - Jl. Panjang, Kedoya",7160,Court 4 Padel,2026-09-23,15:00 - 16:00,299000,Available
2997_7160_16:00,2997,"KALMA Social Club - Jl. Panjang, Kedoya",7160,Court 4 Padel,2026-09-23,16:00 - 17:00,399000,Available
2997_7161_12:00,2997,"KALMA Social Club - Jl. Panjang, Kedoya",7161,Private Indoor Pickleball Court,2026-09-23,12:00 - 13:00,150000,Available
2997_7161_13:00,2997,"KALMA Social Club - Jl. Panjang, Kedoya",7161,Private Indoor Pickleball Court,2026-09-23,13:00 - 14:00,150000,Available
2997_7161_14:00,2997,"KALMA Social Club - Jl. Panjang, Kedoya",7161,Private Indoor Pickleball Court,2026-09-23,14:00 - 15:00,150000,Available
2997_7161_15:00,2997,"KALMA Social Club - Jl. Panjang, Kedoya",7161,Private Indoor Pickleball Court,2026-09-23,15:00 - 16:00,150000,Available
2997_7161_16:00,2997,"KALMA Social Club - Jl. Panjang, Kedoya",7161,Private Indoor Pickleball Court,2026-09-23,16:00 - 17:00,170000,Available
1406_2702_12:00,1406,Boss Padel - Kedoya,2702,Court 1,2026-09-23,12:00 - 13:00,150000,Available
1406_2702_13:00,1406,Boss Padel - Kedoya,2702,Court 1,2026-09-23,13:00 - 14:00,150000,Available
1406_2702_14:00,1406,Boss Padel - Kedoya,2702,Court 1,2026-09-23,14:00 - 15:00,150000,Available
1406_2702_15:00,1406,Boss Padel - Kedoya,2702,Court 1,2026-09-23,15:00 - 16:00,250000,Available
1406_2702_16:00,1406,Boss Padel - Kedoya,2702,Court 1,2026-09-23,16:00 - 17:00,250000,Booked
1406_2780_12:00,1406,Boss Padel - Kedoya,2780,My BCA Court,2026-09-23,12:00 - 13:00,150000,Available
1406_2780_13:00,1406,Boss Padel - Kedoya,2780,My BCA Court,2026-09-23,13:00 - 14:00,150000,Available
1406_2780_14:00,1406,Boss Padel - Kedoya,2780,My BCA Court,2026-09-23,14:00 - 15:00,150000,Available
1406_2780_15:00,1406,Boss Padel - Kedoya,2780,My BCA Court,2026-09-23,15:00 - 16:00,250000,Available
1406_2780_16:00,1406,Boss Padel - Kedoya,2780,My BCA Court,2026-09-23,16:00 - 17:00,250000,Booked
1406_2781_12:00,1406,Boss Padel - Kedoya,2781,BRImo Court,2026-09-23,12:00 - 13:00,150000,Available
1406_2781_13:00,1406,Boss Padel - Kedoya,2781,BRImo Court,2026-09-23,13:00 - 14:00,150000,Available
1406_2781_14:00,1406,Boss Padel - Kedoya,2781,BRImo Court,2026-09-23,14:00 - 15:00,150000,Available
1406_2781_15:00,1406,Boss Padel - Kedoya,2781,BRImo Court,2026-09-23,15:00 - 16:00,250000,Available
1406_2781_16:00,1406,Boss Padel - Kedoya,2781,BRImo Court,2026-09-23,16:00 - 17:00,250000,Booked
1406_2782_12:00,1406,Boss Padel - Kedoya,2782,Tolak Linu Court,2026-09-23,12:00 - 13:00,150000,Available
1406_2782_13:00,1406,Boss Padel - Kedoya,2782,Tolak Linu Court,2026-09-23,13:00 - 14:00,150000,Available
1406_2782_14:00,1406,Boss Padel - Kedoya,2782,Tolak Linu Court,2026-09-23,14:00 - 15:00,150000,Available
1406_2782_15:00,1406,Boss Padel - Kedoya,2782,Tolak Linu Court,2026-09-23,15:00 - 16:00,250000,Available
1406_2782_16:00,1406,Boss Padel - Kedoya,2782,Tolak Linu Court,2026-09-23,16:00 - 17:00,250000,Booked
1406_2783_12:00,1406,Boss Padel - Kedoya,2783,C+ Collagen Court,2026-09-23,12:00 - 13:00,150000,Available
1406_2783_13:00,1406,Boss Padel - Kedoya,2783,C+ Collagen Court,2026-09-23,13:00 - 14:00,150000,Available
1406_2783_14:00,1406,Boss Padel - Kedoya,2783,C+ Collagen Court,2026-09-23,14:00 - 15:00,150000,Available
1406_2783_15:00,1406,Boss Padel - Kedoya,2783,C+ Collagen Court,2026-09-23,15:00 - 16:00,150000,Booked
1406_2783_16:00,1406,Boss Padel - Kedoya,2783,C+ Collagen Court,2026-09-23,16:00 - 17:00,150000,Booked
1590_3222_12:00,1590,KSC Racquet Club,3222,Tennis Court 1 - Semi Indoor New,2026-09-23,12:00 - 13:00,250000,Booked
1590_3222_13:00,1590,KSC Racquet Club,3222,Tennis Court 1 - Semi Indoor New,2026-09-23,13:00 - 14:00,250000,Available
1590_3222_14:00,1590,KSC Racquet Club,3222,Tennis Court 1 - Semi Indoor New,2026-09-23,14:00 - 15:00,250000,Booked
1590_3222_15:00,1590,KSC Racquet Club,3222,Tennis Court 1 - Semi Indoor New,2026-09-23,15:00 - 16:00,305000,Booked
1590_3222_16:00,1590,KSC Racquet Club,3222,Tennis Court 1 - Semi Indoor New,2026-09-23,16:00 - 17:00,305000,Booked
1590_3223_12:00,1590,KSC Racquet Club,3223,Tennis Court 2 - Semi Indoor New,2026-09-23,12:00 - 13:00,250000,Available
1590_3223_13:00,1590,KSC Racquet Club,3223,Tennis Court 2 - Semi Indoor New,2026-09-23,13:00 - 14:00,250000,Available
1590_3223_14:00,1590,KSC Racquet Club,3223,Tennis Court 2 - Semi Indoor New,2026-09-23,14:00 - 15:00,250000,Available
1590_3223_15:00,1590,KSC Racquet Club,3223,Tennis Court 2 - Semi Indoor New,2026-09-23,15:00 - 16:00,305000,Booked
1590_3223_16:00,1590,KSC Racquet Club,3223,Tennis Court 2 - Semi Indoor New,2026-09-23,16:00 - 17:00,305000,Booked
1590_3224_12:00,1590,KSC Racquet Club,3224,Tennis Court - Indoor Private,2026-09-23,12:00 - 13:00,250000,Available
1590_3224_13:00,1590,KSC Racquet Club,3224,Tennis Court - Indoor Private,2026-09-23,13:00 - 14:00,250000,Available
1590_3224_14:00,1590,KSC Racquet Club,3224,Tennis Court - Indoor Private,2026-09-23,14:00 - 15:00,250000,Available
1590_3224_15:00,1590,KSC Racquet Club,3224,Tennis Court - Indoor Private,2026-09-23,15:00 - 16:00,300000,Available
1590_3224_16:00,1590,KSC Racquet Club,3224,Tennis Court - Indoor Private,2026-09-23,16:00 - 17:00,300000,Booked
1590_3226_12:00,1590,KSC Racquet Club,3226,Padel Court A - Tribun,2026-09-23,12:00 - 13:00,200000,Available
1590_3226_13:00,1590,KSC Racquet Club,3226,Padel Court A - Tribun,2026-09-23,13:00 - 14:00,200000,Available
1590_3226_14:00,1590,KSC Racquet Club,3226,Padel Court A - Tribun,2026-09-23,14:00 - 15:00,200000,Available
1590_3226_15:00,1590,KSC Racquet Club,3226,Padel Court A - Tribun,2026-09-23,15:00 - 16:00,200000,Available
1590_3226_16:00,1590,KSC Racquet Club,3226,Padel Court A - Tribun,2026-09-23,16:00 - 17:00,200000,Available
1590_7562_12:00,1590,KSC Racquet Club,7562,Padel Court B,2026-09-23,12:00 - 13:00,200000,Available
1590_7562_13:00,1590,KSC Racquet Club,7562,Padel Court B,2026-09-23,13:00 - 14:00,200000,Available
1590_7562_14:00,1590,KSC Racquet Club,7562,Padel Court B,2026-09-23,14:00 - 15:00,200000,Available
1590_7562_15:00,1590,KSC Racquet Club,7562,Padel Court B,2026-09-23,15:00 - 16:00,200000,Available
1590_7562_16:00,1590,KSC Racquet Club,7562,Padel Court B,2026-09-23,16:00 - 17:00,200000,Available
1590_7563_12:00,1590,KSC Racquet Club,7563,Padel Court C,2026-09-23,12:00 - 13:00,200000,Available
1590_7563_13:00,1590,KSC Racquet Club,7563,Padel Court C,2026-09-23,13:00 - 14:00,200000,Available
1590_7563_14:00,1590,KSC Racquet Club,7563,Padel Court C,2026-09-23,14:00 - 15:00,200000,Available
1590_7563_15:00,1590,KSC Racquet Club,7563,Padel Court C,2026-09-23,15:00 - 16:00,200000,Available
1590_7563_16:00,1590,KSC Racquet Club,7563,Padel Court C,2026-09-23,16:00 - 17:00,200000,Available
1590_7564_12:00,1590,KSC Racquet Club,7564,Padel Court D,2026-09-23,12:00 - 13:00,200000,Available
1590_7564_13:00,1590,KSC Racquet Club,7564,Padel Court D,2026-09-23,13:00 - 14:00,200000,Available
1590_7564_14:00,1590,KSC Racquet Club,7564,Padel Court D,2026-09-23,14:00 - 15:00,200000,Available
1590_7564_15:00,1590,KSC Racquet Club,7564,Padel Court D,2026-09-23,15:00 - 16:00,200000,Available
1590_7564_16:00,1590,KSC Racquet Club,7564,Padel Court D,2026-09-23,16:00 - 17:00,200000,Available
1590_11484_12:00,1590,KSC Racquet Club,11484,Automatic Mahjong Table,2026-09-23,12:00 - 14:00,150000,Available
1590_11484_14:00,1590,KSC Racquet Club,11484,Automatic Mahjong Table,2026-09-23,14:00 - 16:00,150000,Available
1590_11484_16:00,1590,KSC Racquet Club,11484,Automatic Mahjong Table,2026-09-23,16:00 - 18:00,150000,Available
3116_7673_11:30,3116,Social Field,7673,Panoramic Court 1,2026-09-23,11:30 - 12:00,99500,Available
3116_7673_12:00,3116,Social Field,7673,Panoramic Court 1,2026-09-23,12:00 - 12:30,99500,Available
3116_7673_12:30,3116,Social Field,7673,Panoramic Court 1,2026-09-23,12:30 - 13:00,99500,Available
3116_7673_13:00,3116,Social Field,7673,Panoramic Court 1,2026-09-23,13:00 - 13:30,99500,Available
3116_7673_13:30,3116,Social Field,7673,Panoramic Court 1,2026-09-23,13:30 - 14:00,99500,Available
3116_7673_14:00,3116,Social Field,7673,Panoramic Court 1,2026-09-23,14:00 - 14:30,99500,Available
3116_7673_14:30,3116,Social Field,7673,Panoramic Court 1,2026-09-23,14:30 - 15:00,99500,Available
3116_7673_15:00,3116,Social Field,7673,Panoramic Court 1,2026-09-23,15:00 - 15:30,99500,Available
3116_7673_15:30,3116,Social Field,7673,Panoramic Court 1,2026-09-23,15:30 - 16:00,99500,Available
3116_7673_16:00,3116,Social Field,7673,Panoramic Court 1,2026-09-23,16:00 - 17:00,249000,Available
3116_8054_11:30,3116,Social Field,8054,Panoramic Court 2,2026-09-23,11:30 - 12:00,99500,Available
3116_8054_12:00,3116,Social Field,8054,Panoramic Court 2,2026-09-23,12:00 - 12:30,99500,Available
3116_8054_12:30,3116,Social Field,8054,Panoramic Court 2,2026-09-23,12:30 - 13:00,99500,Available
3116_8054_13:00,3116,Social Field,8054,Panoramic Court 2,2026-09-23,13:00 - 13:30,99500,Available
3116_8054_13:30,3116,Social Field,8054,Panoramic Court 2,2026-09-23,13:30 - 14:00,99500,Available
3116_8054_14:00,3116,Social Field,8054,Panoramic Court 2,2026-09-23,14:00 - 14:30,99500,Available
3116_8054_14:30,3116,Social Field,8054,Panoramic Court 2,2026-09-23,14:30 - 15:00,99500,Available
3116_8054_15:00,3116,Social Field,8054,Panoramic Court 2,2026-09-23,15:00 - 15:30,99500,Available
3116_8054_15:30,3116,Social Field,8054,Panoramic Court 2,2026-09-23,15:30 - 16:00,99500,Available
3116_8054_16:00,3116,Social Field,8054,Panoramic Court 2,2026-09-23,16:00 - 17:00,249000,Available
3116_8059_11:30,3116,Social Field,8059,OKX Super Panoramic Court 3,2026-09-23,11:30 - 12:00,124500,Available
3116_8059_12:00,3116,Social Field,8059,OKX Super Panoramic Court 3,2026-09-23,12:00 - 12:30,124500,Available
3116_8059_12:30,3116,Social Field,8059,OKX Super Panoramic Court 3,2026-09-23,12:30 - 13:00,124500,Available
3116_8059_13:00,3116,Social Field,8059,OKX Super Panoramic Court 3,2026-09-23,13:00 - 13:30,124500,Available
3116_8059_13:30,3116,Social Field,8059,OKX Super Panoramic Court 3,2026-09-23,13:30 - 14:00,124500,Available
3116_8059_14:00,3116,Social Field,8059,OKX Super Panoramic Court 3,2026-09-23,14:00 - 14:30,124500,Available
3116_8059_14:30,3116,Social Field,8059,OKX Super Panoramic Court 3,2026-09-23,14:30 - 15:00,124500,Available
3116_8059_15:00,3116,Social Field,8059,OKX Super Panoramic Court 3,2026-09-23,15:00 - 15:30,124500,Booked
3116_8059_15:30,3116,Social Field,8059,OKX Super Panoramic Court 3,2026-09-23,15:30 - 16:00,124500,Booked
3116_8059_16:00,3116,Social Field,8059,OKX Super Panoramic Court 3,2026-09-23,16:00 - 17:00,299000,Available
3116_8060_11:30,3116,Social Field,8060,OKX Super Panoramic Court 4,2026-09-23,11:30 - 12:00,124500,Available
3116_8060_12:00,3116,Social Field,8060,OKX Super Panoramic Court 4,2026-09-23,12:00 - 12:30,124500,Available
3116_8060_12:30,3116,Social Field,8060,OKX Super Panoramic Court 4,2026-09-23,12:30 - 13:00,124500,Available
3116_8060_13:00,3116,Social Field,8060,OKX Super Panoramic Court 4,2026-09-23,13:00 - 13:30,124500,Available
3116_8060_13:30,3116,Social Field,8060,OKX Super Panoramic Court 4,2026-09-23,13:30 - 14:00,124500,Available
3116_8060_14:00,3116,Social Field,8060,OKX Super Panoramic Court 4,2026-09-23,14:00 - 14:30,124500,Available
3116_8060_14:30,3116,Social Field,8060,OKX Super Panoramic Court 4,2026-09-23,14:30 - 15:00,124500,Available
3116_8060_15:00,3116,Social Field,8060,OKX Super Panoramic Court 4,2026-09-23,15:00 - 15:30,124500,Available
3116_8060_15:30,3116,Social Field,8060,OKX Super Panoramic Court 4,2026-09-23,15:30 - 16:00,124500,Available
3116_8060_16:00,3116,Social Field,8060,OKX Super Panoramic Court 4,2026-09-23,16:00 - 17:00,299000,Available
3116_8055_11:30,3116,Social Field,8055,Panoramic Court 5,2026-09-23,11:30 - 12:00,99500,Available
3116_8055_12:00,3116,Social Field,8055,Panoramic Court 5,2026-09-23,12:00 - 12:30,99500,Available
3116_8055_12:30,3116,Social Field,8055,Panoramic Court 5,2026-09-23,12:30 - 13:00,99500,Available
3116_8055_13:00,3116,Social Field,8055,Panoramic Court 5,2026-09-23,13:00 - 13:30,99500,Available
3116_8055_13:30,3116,Social Field,8055,Panoramic Court 5,2026-09-23,13:30 - 14:00,99500,Available
3116_8055_14:00,3116,Social Field,8055,Panoramic Court 5,2026-09-23,14:00 - 14:30,99500,Available
3116_8055_14:30,3116,Social Field,8055,Panoramic Court 5,2026-09-23,14:30 - 15:00,99500,Available
3116_8055_15:00,3116,Social Field,8055,Panoramic Court 5,2026-09-23,15:00 - 15:30,99500,Available
3116_8055_15:30,3116,Social Field,8055,Panoramic Court 5,2026-09-23,15:30 - 16:00,99500,Available
3116_8055_16:00,3116,Social Field,8055,Panoramic Court 5,2026-09-23,16:00 - 17:00,249000,Available
3116_8056_11:30,3116,Social Field,8056,Panoramic Court 6,2026-09-23,11:30 - 12:00,99500,Available
3116_8056_12:00,3116,Social Field,8056,Panoramic Court 6,2026-09-23,12:00 - 12:30,99500,Available
3116_8056_12:30,3116,Social Field,8056,Panoramic Court 6,2026-09-23,12:30 - 13:00,99500,Available
3116_8056_13:00,3116,Social Field,8056,Panoramic Court 6,2026-09-23,13:00 - 13:30,99500,Available
3116_8056_13:30,3116,Social Field,8056,Panoramic Court 6,2026-09-23,13:30 - 14:00,99500,Available
3116_8056_14:00,3116,Social Field,8056,Panoramic Court 6,2026-09-23,14:00 - 14:30,99500,Available
3116_8056_14:30,3116,Social Field,8056,Panoramic Court 6,2026-09-23,14:30 - 15:00,99500,Available
3116_8056_15:00,3116,Social Field,8056,Panoramic Court 6,2026-09-23,15:00 - 15:30,99500,Available
3116_8056_15:30,3116,Social Field,8056,Panoramic Court 6,2026-09-23,15:30 - 16:00,99500,Available
3116_8056_16:00,3116,Social Field,8056,Panoramic Court 6,2026-09-23,16:00 - 17:00,249000,Available
3116_8057_11:30,3116,Social Field,8057,Panoramic Court 7,2026-09-23,11:30 - 12:00,99500,Available
3116_8057_12:00,3116,Social Field,8057,Panoramic Court 7,2026-09-23,12:00 - 12:30,99500,Available
3116_8057_12:30,3116,Social Field,8057,Panoramic Court 7,2026-09-23,12:30 - 13:00,99500,Available
3116_8057_13:00,3116,Social Field,8057,Panoramic Court 7,2026-09-23,13:00 - 13:30,99500,Available
3116_8057_13:30,3116,Social Field,8057,Panoramic Court 7,2026-09-23,13:30 - 14:00,99500,Available
3116_8057_14:00,3116,Social Field,8057,Panoramic Court 7,2026-09-23,14:00 - 14:30,99500,Available
3116_8057_14:30,3116,Social Field,8057,Panoramic Court 7,2026-09-23,14:30 - 15:00,99500,Available
3116_8057_15:00,3116,Social Field,8057,Panoramic Court 7,2026-09-23,15:00 - 15:30,99500,Available
3116_8057_15:30,3116,Social Field,8057,Panoramic Court 7,2026-09-23,15:30 - 16:00,99500,Available
3116_8057_16:00,3116,Social Field,8057,Panoramic Court 7,2026-09-23,16:00 - 17:00,249000,Available
3116_8058_11:30,3116,Social Field,8058,Panoramic Court 8,2026-09-23,11:30 - 12:00,99500,Available
3116_8058_12:00,3116,Social Field,8058,Panoramic Court 8,2026-09-23,12:00 - 12:30,99500,Available
3116_8058_12:30,3116,Social Field,8058,Panoramic Court 8,2026-09-23,12:30 - 13:00,99500,Available
3116_8058_13:00,3116,Social Field,8058,Panoramic Court 8,2026-09-23,13:00 - 13:30,99500,Available
3116_8058_13:30,3116,Social Field,8058,Panoramic Court 8,2026-09-23,13:30 - 14:00,99500,Available
3116_8058_14:00,3116,Social Field,8058,Panoramic Court 8,2026-09-23,14:00 - 14:30,99500,Available
3116_8058_14:30,3116,Social Field,8058,Panoramic Court 8,2026-09-23,14:30 - 15:00,99500,Available
3116_8058_15:00,3116,Social Field,8058,Panoramic Court 8,2026-09-23,15:00 - 15:30,99500,Available
3116_8058_15:30,3116,Social Field,8058,Panoramic Court 8,2026-09-23,15:30 - 16:00,99500,Available
3116_8058_16:00,3116,Social Field,8058,Panoramic Court 8,2026-09-23,16:00 - 17:00,249000,Available
2177_6932_12:00,2177,La Chiquita Padel,6932,Court 1,2026-09-23,12:00 - 13:00,200000,Available
2177_6932_13:00,2177,La Chiquita Padel,6932,Court 1,2026-09-23,13:00 - 14:00,200000,Available
2177_6932_14:00,2177,La Chiquita Padel,6932,Court 1,2026-09-23,14:00 - 15:00,200000,Available
2177_6932_15:00,2177,La Chiquita Padel,6932,Court 1,2026-09-23,15:00 - 16:00,200000,Available
2177_6932_16:00,2177,La Chiquita Padel,6932,Court 1,2026-09-23,16:00 - 17:00,300000,Available
2177_8225_12:00,2177,La Chiquita Padel,8225,Court 2,2026-09-23,12:00 - 13:00,200000,Available
2177_8225_13:00,2177,La Chiquita Padel,8225,Court 2,2026-09-23,13:00 - 14:00,200000,Available
2177_8225_14:00,2177,La Chiquita Padel,8225,Court 2,2026-09-23,14:00 - 15:00,200000,Available
2177_8225_15:00,2177,La Chiquita Padel,8225,Court 2,2026-09-23,15:00 - 16:00,200000,Available
2177_8225_16:00,2177,La Chiquita Padel,8225,Court 2,2026-09-23,16:00 - 17:00,300000,Booked
2935_7044_12:00,2935,ZEN PADEL,7044,Court 1 - Matcha,2026-09-23,12:00 - 13:00,49000,Available
2935_7044_13:00,2935,ZEN PADEL,7044,Court 1 - Matcha,2026-09-23,13:00 - 14:00,49000,Available
2935_7044_14:00,2935,ZEN PADEL,7044,Court 1 - Matcha,2026-09-23,14:00 - 15:00,49000,Available
2935_7044_15:00,2935,ZEN PADEL,7044,Court 1 - Matcha,2026-09-23,15:00 - 16:00,49000,Available
2935_7044_16:00,2935,ZEN PADEL,7044,Court 1 - Matcha,2026-09-23,16:00 - 17:00,68000,Available
2506_5391_12:00,2506,Padel Meruya Airdome,5391,Court 1,2026-09-23,12:00 - 14:00,550000,Available
2506_5391_14:00,2506,Padel Meruya Airdome,5391,Court 1,2026-09-23,14:00 - 16:00,550000,Available
2506_5391_16:00,2506,Padel Meruya Airdome,5391,Court 1,2026-09-23,16:00 - 17:00,399000,Available
2506_10503_12:00,2506,Padel Meruya Airdome,10503,Court 2,2026-09-23,12:00 - 14:00,550000,Available
2506_10503_14:00,2506,Padel Meruya Airdome,10503,Court 2,2026-09-23,14:00 - 16:00,550000,Available
2506_10503_16:00,2506,Padel Meruya Airdome,10503,Court 2,2026-09-23,16:00 - 17:00,399000,Available
2506_10504_12:00,2506,Padel Meruya Airdome,10504,Court 3,2026-09-23,12:00 - 14:00,550000,Available
2506_10504_14:00,2506,Padel Meruya Airdome,10504,Court 3,2026-09-23,14:00 - 16:00,550000,Available
2506_10504_16:00,2506,Padel Meruya Airdome,10504,Court 3,2026-09-23,16:00 - 17:00,399000,Available
2506_10505_12:00,2506,Padel Meruya Airdome,10505,Court 4,2026-09-23,12:00 - 14:00,550000,Available
2506_10505_14:00,2506,Padel Meruya Airdome,10505,Court 4,2026-09-23,14:00 - 16:00,550000,Available
2506_10505_16:00,2506,Padel Meruya Airdome,10505,Court 4,2026-09-23,16:00 - 17:00,399000,Available
2506_10506_12:00,2506,Padel Meruya Airdome,10506,Court 5,2026-09-23,12:00 - 14:00,550000,Available
2506_10506_14:00,2506,Padel Meruya Airdome,10506,Court 5,2026-09-23,14:00 - 16:00,550000,Available
2506_10506_16:00,2506,Padel Meruya Airdome,10506,Court 5,2026-09-23,16:00 - 17:00,399000,Available
2506_10507_12:00,2506,Padel Meruya Airdome,10507,Court 6,2026-09-23,12:00 - 14:00,550000,Available
2506_10507_14:00,2506,Padel Meruya Airdome,10507,Court 6,2026-09-23,14:00 - 16:00,550000,Available
2506_10507_16:00,2506,Padel Meruya Airdome,10507,Court 6,2026-09-23,16:00 - 17:00,399000,Available
2008_4108_12:00,2008,Sini Padel Court,4108,Court 1,2026-09-23,12:00 - 13:00,98000,Booked
2008_4108_13:00,2008,Sini Padel Court,4108,Court 1,2026-09-23,13:00 - 14:00,98000,Available
2008_4108_14:00,2008,Sini Padel Court,4108,Court 1,2026-09-23,14:00 - 15:00,98000,Available
2008_4108_15:00,2008,Sini Padel Court,4108,Court 1,2026-09-23,15:00 - 16:00,98000,Available
2008_4108_16:00,2008,Sini Padel Court,4108,Court 1,2026-09-23,16:00 - 17:00,195000,Available
2008_5386_12:00,2008,Sini Padel Court,5386,Court 2,2026-09-23,12:00 - 13:00,98000,Booked
2008_5386_13:00,2008,Sini Padel Court,5386,Court 2,2026-09-23,13:00 - 14:00,98000,Available
2008_5386_14:00,2008,Sini Padel Court,5386,Court 2,2026-09-23,14:00 - 15:00,98000,Available
2008_5386_15:00,2008,Sini Padel Court,5386,Court 2,2026-09-23,15:00 - 16:00,98000,Available
2008_5386_16:00,2008,Sini Padel Court,5386,Court 2,2026-09-23,16:00 - 17:00,195000,Available
2008_5387_12:00,2008,Sini Padel Court,5387,Court 3,2026-09-23,12:00 - 13:00,98000,Booked
2008_5387_13:00,2008,Sini Padel Court,5387,Court 3,2026-09-23,13:00 - 14:00,98000,Available
2008_5387_14:00,2008,Sini Padel Court,5387,Court 3,2026-09-23,14:00 - 15:00,98000,Available
2008_5387_15:00,2008,Sini Padel Court,5387,Court 3,2026-09-23,15:00 - 16:00,98000,Available
2008_5387_16:00,2008,Sini Padel Court,5387,Court 3,2026-09-23,16:00 - 17:00,195000,Available
2008_11906_12:00,2008,Sini Padel Court,11906,Mahjong 1 (Manual),2026-09-23,12:00 - 13:00,125000,Available
2008_11906_13:00,2008,Sini Padel Court,11906,Mahjong 1 (Manual),2026-09-23,13:00 - 14:00,125000,Available
2008_11906_14:00,2008,Sini Padel Court,11906,Mahjong 1 (Manual),2026-09-23,14:00 - 15:00,125000,Available
2008_11906_15:00,2008,Sini Padel Court,11906,Mahjong 1 (Manual),2026-09-23,15:00 - 16:00,125000,Available
2008_11906_16:00,2008,Sini Padel Court,11906,Mahjong 1 (Manual),2026-09-23,16:00 - 17:00,125000,Available
2008_11907_12:00,2008,Sini Padel Court,11907,Mahjong 2 (Manual),2026-09-23,12:00 - 13:00,125000,Available
2008_11907_13:00,2008,Sini Padel Court,11907,Mahjong 2 (Manual),2026-09-23,13:00 - 14:00,125000,Available
2008_11907_14:00,2008,Sini Padel Court,11907,Mahjong 2 (Manual),2026-09-23,14:00 - 15:00,125000,Available
2008_11907_15:00,2008,Sini Padel Court,11907,Mahjong 2 (Manual),2026-09-23,15:00 - 16:00,125000,Available
2008_11907_16:00,2008,Sini Padel Court,11907,Mahjong 2 (Manual),2026-09-23,16:00 - 17:00,125000,Available
3062_7170_12:00,3062,Padel V,7170,Court 1,2026-09-23,12:00 - 13:00,160000,Available
3062_7170_13:00,3062,Padel V,7170,Court 1,2026-09-23,13:00 - 14:00,160000,Available
3062_7170_14:00,3062,Padel V,7170,Court 1,2026-09-23,14:00 - 15:00,160000,Available
3062_7170_15:00,3062,Padel V,7170,Court 1,2026-09-23,15:00 - 16:00,160000,Available
3062_7170_16:00,3062,Padel V,7170,Court 1,2026-09-23,16:00 - 17:00,260000,Available
3062_9024_12:00,3062,Padel V,9024,Court 2,2026-09-23,12:00 - 13:00,160000,Available
3062_9024_13:00,3062,Padel V,9024,Court 2,2026-09-23,13:00 - 14:00,160000,Available
3062_9024_14:00,3062,Padel V,9024,Court 2,2026-09-23,14:00 - 15:00,160000,Available
3062_9024_15:00,3062,Padel V,9024,Court 2,2026-09-23,15:00 - 16:00,160000,Available
3062_9024_16:00,3062,Padel V,9024,Court 2,2026-09-23,16:00 - 17:00,260000,Available
1589_3221_12:00,1589,River Padel,3221,Court 1,2026-09-23,12:00 - 13:00,150000,Available
1589_3221_13:00,1589,River Padel,3221,Court 1,2026-09-23,13:00 - 14:00,150000,Available
1589_3221_14:00,1589,River Padel,3221,Court 1,2026-09-23,14:00 - 15:00,150000,Available
1589_3221_15:00,1589,River Padel,3221,Court 1,2026-09-23,15:00 - 16:00,150000,Available
1589_3221_16:00,1589,River Padel,3221,Court 1,2026-09-23,16:00 - 17:00,219000,Available
1589_4406_12:00,1589,River Padel,4406,Court 2,2026-09-23,12:00 - 13:00,150000,Available
1589_4406_13:00,1589,River Padel,4406,Court 2,2026-09-23,13:00 - 14:00,150000,Available
1589_4406_14:00,1589,River Padel,4406,Court 2,2026-09-23,14:00 - 15:00,150000,Available
1589_4406_15:00,1589,River Padel,4406,Court 2,2026-09-23,15:00 - 16:00,150000,Available
1589_4406_16:00,1589,River Padel,4406,Court 2,2026-09-23,16:00 - 17:00,219000,Available
1589_4407_12:00,1589,River Padel,4407,Court 3,2026-09-23,12:00 - 13:00,150000,Available
1589_4407_13:00,1589,River Padel,4407,Court 3,2026-09-23,13:00 - 14:00,150000,Available
1589_4407_14:00,1589,River Padel,4407,Court 3,2026-09-23,14:00 - 15:00,150000,Available
1589_4407_15:00,1589,River Padel,4407,Court 3,2026-09-23,15:00 - 16:00,150000,Available
1589_4407_16:00,1589,River Padel,4407,Court 3,2026-09-23,16:00 - 17:00,219000,Available
1303_2415_12:00,1303,Padel at largo - Kedoya,2415,Pristine,2026-09-23,12:00 - 13:00,150000,Booked
1303_2415_13:00,1303,Padel at largo - Kedoya,2415,Pristine,2026-09-23,13:00 - 14:00,150000,Available
1303_2415_14:00,1303,Padel at largo - Kedoya,2415,Pristine,2026-09-23,14:00 - 15:00,150000,Available
1303_2415_15:00,1303,Padel at largo - Kedoya,2415,Pristine,2026-09-23,15:00 - 16:00,150000,Available
1303_2415_16:00,1303,Padel at largo - Kedoya,2415,Pristine,2026-09-23,16:00 - 17:00,150000,Booked
1303_2416_12:00,1303,Padel at largo - Kedoya,2416,Court 2,2026-09-23,12:00 - 13:00,150000,Available
1303_2416_13:00,1303,Padel at largo - Kedoya,2416,Court 2,2026-09-23,13:00 - 14:00,150000,Available
1303_2416_14:00,1303,Padel at largo - Kedoya,2416,Court 2,2026-09-23,14:00 - 15:00,150000,Available
1303_2416_15:00,1303,Padel at largo - Kedoya,2416,Court 2,2026-09-23,15:00 - 16:00,150000,Available
1303_2416_16:00,1303,Padel at largo - Kedoya,2416,Court 2,2026-09-23,16:00 - 17:00,150000,Available
1303_2417_12:00,1303,Padel at largo - Kedoya,2417,Court 3,2026-09-23,12:00 - 13:00,150000,Available
1303_2417_13:00,1303,Padel at largo - Kedoya,2417,Court 3,2026-09-23,13:00 - 14:00,150000,Available
1303_2417_14:00,1303,Padel at largo - Kedoya,2417,Court 3,2026-09-23,14:00 - 15:00,150000,Available
1303_2417_15:00,1303,Padel at largo - Kedoya,2417,Court 3,2026-09-23,15:00 - 16:00,150000,Available
1303_2417_16:00,1303,Padel at largo - Kedoya,2417,Court 3,2026-09-23,16:00 - 17:00,150000,Available
1796_4675_12:00,1796,Patra Padel House,4675,Court 1,2026-09-23,12:00 - 13:00,125000,Available
1796_4675_13:00,1796,Patra Padel House,4675,Court 1,2026-09-23,13:00 - 14:00,125000,Available
1796_4675_14:00,1796,Patra Padel House,4675,Court 1,2026-09-23,14:00 - 15:00,125000,Available
1796_4675_15:00,1796,Patra Padel House,4675,Court 1,2026-09-23,15:00 - 16:00,200000,Available
1796_4675_16:00,1796,Patra Padel House,4675,Court 1,2026-09-23,16:00 - 17:00,200000,Available
2443_5186_12:00,2443,Courtyard Padel Club,5186,Court 1,2026-09-23,12:00 - 13:00,215000,Available
2443_5186_13:00,2443,Courtyard Padel Club,5186,Court 1,2026-09-23,13:00 - 14:00,215000,Available
2443_5186_14:00,2443,Courtyard Padel Club,5186,Court 1,2026-09-23,14:00 - 15:00,215000,Available
2443_5186_15:00,2443,Courtyard Padel Club,5186,Court 1,2026-09-23,15:00 - 16:00,215000,Available
2443_5186_16:00,2443,Courtyard Padel Club,5186,Court 1,2026-09-23,16:00 - 17:00,295000,Booked
2443_5187_12:00,2443,Courtyard Padel Club,5187,Court 2,2026-09-23,12:00 - 13:00,215000,Available
2443_5187_13:00,2443,Courtyard Padel Club,5187,Court 2,2026-09-23,13:00 - 14:00,215000,Available
2443_5187_14:00,2443,Courtyard Padel Club,5187,Court 2,2026-09-23,14:00 - 15:00,215000,Available
2443_5187_15:00,2443,Courtyard Padel Club,5187,Court 2,2026-09-23,15:00 - 16:00,215000,Available
2443_5187_16:00,2443,Courtyard Padel Club,5187,Court 2,2026-09-23,16:00 - 17:00,295000,Booked
2443_5188_12:00,2443,Courtyard Padel Club,5188,Court 3,2026-09-23,12:00 - 13:00,215000,Available
2443_5188_13:00,2443,Courtyard Padel Club,5188,Court 3,2026-09-23,13:00 - 14:00,215000,Available
2443_5188_14:00,2443,Courtyard Padel Club,5188,Court 3,2026-09-23,14:00 - 15:00,215000,Available
2443_5188_15:00,2443,Courtyard Padel Club,5188,Court 3,2026-09-23,15:00 - 16:00,215000,Available
2443_5188_16:00,2443,Courtyard Padel Club,5188,Court 3,2026-09-23,16:00 - 17:00,295000,Booked
2443_5189_12:00,2443,Courtyard Padel Club,5189,Court Vip,2026-09-23,12:00 - 13:00,235000,Available
2443_5189_13:00,2443,Courtyard Padel Club,5189,Court Vip,2026-09-23,13:00 - 14:00,235000,Available
2443_5189_14:00,2443,Courtyard Padel Club,5189,Court Vip,2026-09-23,14:00 - 15:00,235000,Available
2443_5189_15:00,2443,Courtyard Padel Club,5189,Court Vip,2026-09-23,15:00 - 16:00,235000,Available
2443_5189_16:00,2443,Courtyard Padel Club,5189,Court Vip,2026-09-23,16:00 - 17:00,325000,Booked
2443_8323_12:00,2443,Courtyard Padel Club,8323,Court A,2026-09-23,12:00 - 13:00,165000,Available
2443_8323_13:00,2443,Courtyard Padel Club,8323,Court A,2026-09-23,13:00 - 14:00,165000,Available
2443_8323_14:00,2443,Courtyard Padel Club,8323,Court A,2026-09-23,14:00 - 15:00,165000,Available
2443_8323_15:00,2443,Courtyard Padel Club,8323,Court A,2026-09-23,15:00 - 16:00,165000,Available
2443_8323_16:00,2443,Courtyard Padel Club,8323,Court A,2026-09-23,16:00 - 17:00,215000,Available
2443_8324_12:00,2443,Courtyard Padel Club,8324,Court B,2026-09-23,12:00 - 13:00,165000,Available
2443_8324_13:00,2443,Courtyard Padel Club,8324,Court B,2026-09-23,13:00 - 14:00,165000,Available
2443_8324_14:00,2443,Courtyard Padel Club,8324,Court B,2026-09-23,14:00 - 15:00,165000,Available
2443_8324_15:00,2443,Courtyard Padel Club,8324,Court B,2026-09-23,15:00 - 16:00,165000,Available
2443_8324_16:00,2443,Courtyard Padel Club,8324,Court B,2026-09-23,16:00 - 17:00,215000,Available
2443_8325_12:00,2443,Courtyard Padel Club,8325,Court C,2026-09-23,12:00 - 13:00,165000,Available
2443_8325_13:00,2443,Courtyard Padel Club,8325,Court C,2026-09-23,13:00 - 14:00,165000,Available
2443_8325_14:00,2443,Courtyard Padel Club,8325,Court C,2026-09-23,14:00 - 15:00,165000,Available
2443_8325_15:00,2443,Courtyard Padel Club,8325,Court C,2026-09-23,15:00 - 16:00,165000,Available
2443_8325_16:00,2443,Courtyard Padel Club,8325,Court C,2026-09-23,16:00 - 17:00,215000,Available
1679_4888_12:00,1679,IPC Padel Club Kedoya,4888,1 Blue,2026-09-23,12:00 - 13:00,150000,Available
1679_4888_13:00,1679,IPC Padel Club Kedoya,4888,1 Blue,2026-09-23,13:00 - 14:00,150000,Available
1679_4888_14:00,1679,IPC Padel Club Kedoya,4888,1 Blue,2026-09-23,14:00 - 15:00,150000,Available
1679_4888_15:00,1679,IPC Padel Club Kedoya,4888,1 Blue,2026-09-23,15:00 - 16:00,150000,Available
1679_4888_16:00,1679,IPC Padel Club Kedoya,4888,1 Blue,2026-09-23,16:00 - 17:00,150000,Available
1679_6870_12:00,1679,IPC Padel Club Kedoya,6870,2 Blue,2026-09-23,12:00 - 13:00,150000,Available
1679_6870_13:00,1679,IPC Padel Club Kedoya,6870,2 Blue,2026-09-23,13:00 - 14:00,150000,Booked
1679_6870_14:00,1679,IPC Padel Club Kedoya,6870,2 Blue,2026-09-23,14:00 - 15:00,150000,Booked
1679_6870_15:00,1679,IPC Padel Club Kedoya,6870,2 Blue,2026-09-23,15:00 - 16:00,150000,Available
1679_6870_16:00,1679,IPC Padel Club Kedoya,6870,2 Blue,2026-09-23,16:00 - 17:00,150000,Booked
1679_6871_12:00,1679,IPC Padel Club Kedoya,6871,3 Green,2026-09-23,12:00 - 13:00,150000,Booked
1679_6871_13:00,1679,IPC Padel Club Kedoya,6871,3 Green,2026-09-23,13:00 - 14:00,150000,Available
1679_6871_14:00,1679,IPC Padel Club Kedoya,6871,3 Green,2026-09-23,14:00 - 15:00,150000,Available
1679_6871_15:00,1679,IPC Padel Club Kedoya,6871,3 Green,2026-09-23,15:00 - 16:00,150000,Available
1679_6871_16:00,1679,IPC Padel Club Kedoya,6871,3 Green,2026-09-23,16:00 - 17:00,150000,Available
1679_6872_12:00,1679,IPC Padel Club Kedoya,6872,4 Green,2026-09-23,12:00 - 13:00,150000,Available
1679_6872_13:00,1679,IPC Padel Club Kedoya,6872,4 Green,2026-09-23,13:00 - 14:00,150000,Available
1679_6872_14:00,1679,IPC Padel Club Kedoya,6872,4 Green,2026-09-23,14:00 - 15:00,150000,Available
1679_6872_15:00,1679,IPC Padel Club Kedoya,6872,4 Green,2026-09-23,15:00 - 16:00,150000,Available
1679_6872_16:00,1679,IPC Padel Club Kedoya,6872,4 Green,2026-09-23,16:00 - 17:00,150000,Available
1679_6873_12:00,1679,IPC Padel Club Kedoya,6873,5 Terracotta,2026-09-23,12:00 - 13:00,150000,Available
1679_6873_13:00,1679,IPC Padel Club Kedoya,6873,5 Terracotta,2026-09-23,13:00 - 14:00,150000,Available
1679_6873_14:00,1679,IPC Padel Club Kedoya,6873,5 Terracotta,2026-09-23,14:00 - 15:00,150000,Available
1679_6873_15:00,1679,IPC Padel Club Kedoya,6873,5 Terracotta,2026-09-23,15:00 - 16:00,150000,Available
1679_6873_16:00,1679,IPC Padel Club Kedoya,6873,5 Terracotta,2026-09-23,16:00 - 17:00,150000,Available
1679_6874_12:00,1679,IPC Padel Club Kedoya,6874,6 Terracotta,2026-09-23,12:00 - 13:00,150000,Available
1679_6874_13:00,1679,IPC Padel Club Kedoya,6874,6 Terracotta,2026-09-23,13:00 - 14:00,150000,Available
1679_6874_14:00,1679,IPC Padel Club Kedoya,6874,6 Terracotta,2026-09-23,14:00 - 15:00,150000,Available
1679_6874_15:00,1679,IPC Padel Club Kedoya,6874,6 Terracotta,2026-09-23,15:00 - 16:00,150000,Available
1679_6874_16:00,1679,IPC Padel Club Kedoya,6874,6 Terracotta,2026-09-23,16:00 - 17:00,150000,Available
1679_6875_12:00,1679,IPC Padel Club Kedoya,6875,7 Pink,2026-09-23,12:00 - 13:00,150000,Available
1679_6875_13:00,1679,IPC Padel Club Kedoya,6875,7 Pink,2026-09-23,13:00 - 14:00,150000,Available
1679_6875_14:00,1679,IPC Padel Club Kedoya,6875,7 Pink,2026-09-23,14:00 - 15:00,150000,Available
1679_6875_15:00,1679,IPC Padel Club Kedoya,6875,7 Pink,2026-09-23,15:00 - 16:00,150000,Available
1679_6875_16:00,1679,IPC Padel Club Kedoya,6875,7 Pink,2026-09-23,16:00 - 17:00,150000,Available
1679_6876_12:00,1679,IPC Padel Club Kedoya,6876,8 Pink,2026-09-23,12:00 - 13:00,150000,Available
1679_6876_13:00,1679,IPC Padel Club Kedoya,6876,8 Pink,2026-09-23,13:00 - 14:00,150000,Available
1679_6876_14:00,1679,IPC Padel Club Kedoya,6876,8 Pink,2026-09-23,14:00 - 15:00,150000,Available
1679_6876_15:00,1679,IPC Padel Club Kedoya,6876,8 Pink,2026-09-23,15:00 - 16:00,150000,Available
1679_6876_16:00,1679,IPC Padel Club Kedoya,6876,8 Pink,2026-09-23,16:00 - 17:00,150000,Available
3351_8504_12:00,3351,DAAN MOGOT PADEL COURT,8504,Court 1,2026-09-23,12:00 - 13:00,125000,Available
3351_8504_13:00,3351,DAAN MOGOT PADEL COURT,8504,Court 1,2026-09-23,13:00 - 14:00,125000,Available
3351_8504_14:00,3351,DAAN MOGOT PADEL COURT,8504,Court 1,2026-09-23,14:00 - 15:00,125000,Available
3351_8504_15:00,3351,DAAN MOGOT PADEL COURT,8504,Court 1,2026-09-23,15:00 - 16:00,125000,Available
3351_8504_16:00,3351,DAAN MOGOT PADEL COURT,8504,Court 1,2026-09-23,16:00 - 17:00,125000,Available
3351_8505_12:00,3351,DAAN MOGOT PADEL COURT,8505,Court 2,2026-09-23,12:00 - 13:00,125000,Available
3351_8505_13:00,3351,DAAN MOGOT PADEL COURT,8505,Court 2,2026-09-23,13:00 - 14:00,125000,Available
3351_8505_14:00,3351,DAAN MOGOT PADEL COURT,8505,Court 2,2026-09-23,14:00 - 15:00,125000,Available
3351_8505_15:00,3351,DAAN MOGOT PADEL COURT,8505,Court 2,2026-09-23,15:00 - 16:00,125000,Available
3351_8505_16:00,3351,DAAN MOGOT PADEL COURT,8505,Court 2,2026-09-23,16:00 - 17:00,125000,Available
3351_8506_12:00,3351,DAAN MOGOT PADEL COURT,8506,Court 3,2026-09-23,12:00 - 13:00,125000,Available
3351_8506_13:00,3351,DAAN MOGOT PADEL COURT,8506,Court 3,2026-09-23,13:00 - 14:00,125000,Available
3351_8506_14:00,3351,DAAN MOGOT PADEL COURT,8506,Court 3,2026-09-23,14:00 - 15:00,125000,Available
3351_8506_15:00,3351,DAAN MOGOT PADEL COURT,8506,Court 3,2026-09-23,15:00 - 16:00,125000,Available
3351_8506_16:00,3351,DAAN MOGOT PADEL COURT,8506,Court 3,2026-09-23,16:00 - 17:00,125000,Available
3351_8507_12:00,3351,DAAN MOGOT PADEL COURT,8507,Court 4,2026-09-23,12:00 - 13:00,125000,Available
3351_8507_13:00,3351,DAAN MOGOT PADEL COURT,8507,Court 4,2026-09-23,13:00 - 14:00,125000,Available
3351_8507_14:00,3351,DAAN MOGOT PADEL COURT,8507,Court 4,2026-09-23,14:00 - 15:00,125000,Available
3351_8507_15:00,3351,DAAN MOGOT PADEL COURT,8507,Court 4,2026-09-23,15:00 - 16:00,125000,Available
3351_8507_16:00,3351,DAAN MOGOT PADEL COURT,8507,Court 4,2026-09-23,16:00 - 17:00,125000,Available
3351_8508_12:00,3351,DAAN MOGOT PADEL COURT,8508,Court 5,2026-09-23,12:00 - 13:00,125000,Available
3351_8508_13:00,3351,DAAN MOGOT PADEL COURT,8508,Court 5,2026-09-23,13:00 - 14:00,125000,Available
3351_8508_14:00,3351,DAAN MOGOT PADEL COURT,8508,Court 5,2026-09-23,14:00 - 15:00,125000,Available
3351_8508_15:00,3351,DAAN MOGOT PADEL COURT,8508,Court 5,2026-09-23,15:00 - 16:00,125000,Available
3351_8508_16:00,3351,DAAN MOGOT PADEL COURT,8508,Court 5,2026-09-23,16:00 - 17:00,125000,Available
3351_8509_12:00,3351,DAAN MOGOT PADEL COURT,8509,Court 6,2026-09-23,12:00 - 13:00,125000,Available
3351_8509_13:00,3351,DAAN MOGOT PADEL COURT,8509,Court 6,2026-09-23,13:00 - 14:00,125000,Available
3351_8509_14:00,3351,DAAN MOGOT PADEL COURT,8509,Court 6,2026-09-23,14:00 - 15:00,125000,Available
3351_8509_15:00,3351,DAAN MOGOT PADEL COURT,8509,Court 6,2026-09-23,15:00 - 16:00,125000,Available
3351_8509_16:00,3351,DAAN MOGOT PADEL COURT,8509,Court 6,2026-09-23,16:00 - 17:00,125000,Available
3738_9239_12:00,3738,EL WILLY PADEL,9239,Court 1,2026-09-23,12:00 - 13:00,250000,Available
3738_9239_13:00,3738,EL WILLY PADEL,9239,Court 1,2026-09-23,13:00 - 14:00,250000,Available
3738_9239_14:00,3738,EL WILLY PADEL,9239,Court 1,2026-09-23,14:00 - 15:00,250000,Available
3738_9239_15:00,3738,EL WILLY PADEL,9239,Court 1,2026-09-23,15:00 - 16:00,250000,Available
3738_9239_16:00,3738,EL WILLY PADEL,9239,Court 1,2026-09-23,16:00 - 17:00,380000,Available
3738_9240_12:00,3738,EL WILLY PADEL,9240,Court 2,2026-09-23,12:00 - 13:00,250000,Available
3738_9240_13:00,3738,EL WILLY PADEL,9240,Court 2,2026-09-23,13:00 - 14:00,250000,Available
3738_9240_14:00,3738,EL WILLY PADEL,9240,Court 2,2026-09-23,14:00 - 15:00,250000,Available
3738_9240_15:00,3738,EL WILLY PADEL,9240,Court 2,2026-09-23,15:00 - 16:00,250000,Available
3738_9240_16:00,3738,EL WILLY PADEL,9240,Court 2,2026-09-23,16:00 - 17:00,380000,Available
2667_5975_12:00,2667,Paddle Padel,5975,Court Left,2026-09-23,12:00 - 13:00,150000,Available
2667_5975_13:00,2667,Paddle Padel,5975,Court Left,2026-09-23,13:00 - 14:00,150000,Available
2667_5975_14:00,2667,Paddle Padel,5975,Court Left,2026-09-23,14:00 - 15:00,150000,Available
2667_5975_15:00,2667,Paddle Padel,5975,Court Left,2026-09-23,15:00 - 16:00,150000,Available
2667_5975_16:00,2667,Paddle Padel,5975,Court Left,2026-09-23,16:00 - 17:00,200000,Available
2667_5976_12:00,2667,Paddle Padel,5976,Court Right,2026-09-23,12:00 - 13:00,150000,Available
2667_5976_13:00,2667,Paddle Padel,5976,Court Right,2026-09-23,13:00 - 14:00,150000,Available
2667_5976_14:00,2667,Paddle Padel,5976,Court Right,2026-09-23,14:00 - 15:00,150000,Available
2667_5976_15:00,2667,Paddle Padel,5976,Court Right,2026-09-23,15:00 - 16:00,150000,Available
2667_5976_16:00,2667,Paddle Padel,5976,Court Right,2026-09-23,16:00 - 17:00,200000,Available
4047_10008_12:00,4047,Dale Padel,10008,Court A,2026-09-23,12:00 - 13:00,90000,Available
4047_10008_13:00,4047,Dale Padel,10008,Court A,2026-09-23,13:00 - 14:00,90000,Available
4047_10008_14:00,4047,Dale Padel,10008,Court A,2026-09-23,14:00 - 15:00,90000,Available
4047_10008_15:00,4047,Dale Padel,10008,Court A,2026-09-23,15:00 - 16:00,90000,Available
4047_10008_16:00,4047,Dale Padel,10008,Court A,2026-09-23,16:00 - 17:00,140000,Available
4047_11193_12:00,4047,Dale Padel,11193,Court B - VIP,2026-09-23,12:00 - 13:00,100000,Available
4047_11193_13:00,4047,Dale Padel,11193,Court B - VIP,2026-09-23,13:00 - 14:00,100000,Available
4047_11193_14:00,4047,Dale Padel,11193,Court B - VIP,2026-09-23,14:00 - 15:00,100000,Available
4047_11193_15:00,4047,Dale Padel,11193,Court B - VIP,2026-09-23,15:00 - 16:00,100000,Available
4047_11193_16:00,4047,Dale Padel,11193,Court B - VIP,2026-09-23,16:00 - 17:00,150000,Available
2175_4505_12:00,2175,Eagle Padel PIK,4505,Lapangan A,2026-09-23,12:00 - 13:00,170000,Available
2175_4505_13:00,2175,Eagle Padel PIK,4505,Lapangan A,2026-09-23,13:00 - 14:00,170000,Booked
2175_4505_14:00,2175,Eagle Padel PIK,4505,Lapangan A,2026-09-23,14:00 - 15:00,170000,Available
2175_4505_15:00,2175,Eagle Padel PIK,4505,Lapangan A,2026-09-23,15:00 - 16:00,170000,Available
2175_4505_16:00,2175,Eagle Padel PIK,4505,Lapangan A,2026-09-23,16:00 - 17:00,170000,Available
2175_5430_12:00,2175,Eagle Padel PIK,5430,Lapangan B,2026-09-23,12:00 - 13:00,170000,Available
2175_5430_13:00,2175,Eagle Padel PIK,5430,Lapangan B,2026-09-23,13:00 - 14:00,170000,Booked
2175_5430_14:00,2175,Eagle Padel PIK,5430,Lapangan B,2026-09-23,14:00 - 15:00,170000,Booked
2175_5430_15:00,2175,Eagle Padel PIK,5430,Lapangan B,2026-09-23,15:00 - 16:00,170000,Available
2175_5430_16:00,2175,Eagle Padel PIK,5430,Lapangan B,2026-09-23,16:00 - 17:00,170000,Available
2175_5431_12:00,2175,Eagle Padel PIK,5431,Lapangan C,2026-09-23,12:00 - 13:00,170000,Available
2175_5431_13:00,2175,Eagle Padel PIK,5431,Lapangan C,2026-09-23,13:00 - 14:00,170000,Available
2175_5431_14:00,2175,Eagle Padel PIK,5431,Lapangan C,2026-09-23,14:00 - 15:00,170000,Available
2175_5431_15:00,2175,Eagle Padel PIK,5431,Lapangan C,2026-09-23,15:00 - 16:00,170000,Available
2175_5431_16:00,2175,Eagle Padel PIK,5431,Lapangan C,2026-09-23,16:00 - 17:00,170000,Booked
2175_5432_12:00,2175,Eagle Padel PIK,5432,Lapangan D,2026-09-23,12:00 - 13:00,170000,Available
2175_5432_13:00,2175,Eagle Padel PIK,5432,Lapangan D,2026-09-23,13:00 - 14:00,170000,Available
2175_5432_14:00,2175,Eagle Padel PIK,5432,Lapangan D,2026-09-23,14:00 - 15:00,170000,Available
2175_5432_15:00,2175,Eagle Padel PIK,5432,Lapangan D,2026-09-23,15:00 - 16:00,170000,Available
2175_5432_16:00,2175,Eagle Padel PIK,5432,Lapangan D,2026-09-23,16:00 - 17:00,170000,Booked
2674_7654_12:00,2674,Roots Padel House,7654,The House,2026-09-23,12:00 - 13:00,149000,Available
2674_7654_13:00,2674,Roots Padel House,7654,The House,2026-09-23,13:00 - 14:00,149000,Booked
2674_7654_14:00,2674,Roots Padel House,7654,The House,2026-09-23,14:00 - 15:00,149000,Available
2674_7654_15:00,2674,Roots Padel House,7654,The House,2026-09-23,15:00 - 16:00,149000,Available
2674_7654_16:00,2674,Roots Padel House,7654,The House,2026-09-23,16:00 - 17:00,200000,Available
4442_11186_12:00,4442,Alley Social Padel Mahjong By Homeground,11186,Court 1,2026-09-23,12:00 - 13:00,125000,Booked
4442_11186_13:00,4442,Alley Social Padel Mahjong By Homeground,11186,Court 1,2026-09-23,13:00 - 14:00,125000,Available
4442_11186_14:00,4442,Alley Social Padel Mahjong By Homeground,11186,Court 1,2026-09-23,14:00 - 15:00,150000,Available
4442_11186_15:00,4442,Alley Social Padel Mahjong By Homeground,11186,Court 1,2026-09-23,15:00 - 16:00,150000,Available
4442_11186_16:00,4442,Alley Social Padel Mahjong By Homeground,11186,Court 1,2026-09-23,16:00 - 17:00,225000,Available
4442_11400_12:00,4442,Alley Social Padel Mahjong By Homeground,11400,Court 2,2026-09-23,12:00 - 13:00,125000,Booked
4442_11400_13:00,4442,Alley Social Padel Mahjong By Homeground,11400,Court 2,2026-09-23,13:00 - 14:00,125000,Booked
4442_11400_14:00,4442,Alley Social Padel Mahjong By Homeground,11400,Court 2,2026-09-23,14:00 - 15:00,150000,Booked
4442_11400_15:00,4442,Alley Social Padel Mahjong By Homeground,11400,Court 2,2026-09-23,15:00 - 16:00,150000,Booked
4442_11400_16:00,4442,Alley Social Padel Mahjong By Homeground,11400,Court 2,2026-09-23,16:00 - 17:00,225000,Available
4442_11401_12:00,4442,Alley Social Padel Mahjong By Homeground,11401,VIP Court,2026-09-23,12:00 - 13:00,125000,Available
4442_11401_13:00,4442,Alley Social Padel Mahjong By Homeground,11401,VIP Court,2026-09-23,13:00 - 14:00,125000,Available
4442_11401_14:00,4442,Alley Social Padel Mahjong By Homeground,11401,VIP Court,2026-09-23,14:00 - 15:00,150000,Available
4442_11401_15:00,4442,Alley Social Padel Mahjong By Homeground,11401,VIP Court,2026-09-23,15:00 - 16:00,150000,Booked
4442_11401_16:00,4442,Alley Social Padel Mahjong By Homeground,11401,VIP Court,2026-09-23,16:00 - 17:00,210000,Booked
4442_12415_12:00,4442,Alley Social Padel Mahjong By Homeground,12415,Mahjong,2026-09-23,12:00 - 13:00,75000,Available
4442_12415_13:00,4442,Alley Social Padel Mahjong By Homeground,12415,Mahjong,2026-09-23,13:00 - 14:00,75000,Available
4442_12415_14:00,4442,Alley Social Padel Mahjong By Homeground,12415,Mahjong,2026-09-23,14:00 - 15:00,75000,Available
4442_12415_15:00,4442,Alley Social Padel Mahjong By Homeground,12415,Mahjong,2026-09-23,15:00 - 16:00,75000,Available
4442_12415_16:00,4442,Alley Social Padel Mahjong By Homeground,12415,Mahjong,2026-09-23,16:00 - 17:00,75000,Available
332_6129_12:00,332,Fighter Hall,6129,Padel Court,2026-09-23,12:00 - 13:00,100000,Available
332_6129_13:00,332,Fighter Hall,6129,Padel Court,2026-09-23,13:00 - 14:00,100000,Available
332_6129_14:00,332,Fighter Hall,6129,Padel Court,2026-09-23,14:00 - 15:00,100000,Available
332_6129_15:00,332,Fighter Hall,6129,Padel Court,2026-09-23,15:00 - 16:00,100000,Available
332_6129_16:00,332,Fighter Hall,6129,Padel Court,2026-09-23,16:00 - 17:00,100000,Available
332_487_12:00,332,Fighter Hall,487,Hall 1,2026-09-23,12:00 - 13:00,60000,Available
332_487_13:00,332,Fighter Hall,487,Hall 1,2026-09-23,13:00 - 14:00,60000,Available
332_487_14:00,332,Fighter Hall,487,Hall 1,2026-09-23,14:00 - 15:00,60000,Available
332_487_15:00,332,Fighter Hall,487,Hall 1,2026-09-23,15:00 - 16:00,80000,Available
332_487_16:00,332,Fighter Hall,487,Hall 1,2026-09-23,16:00 - 17:00,80000,Available
332_488_12:00,332,Fighter Hall,488,Hall 2,2026-09-23,12:00 - 13:00,60000,Available
332_488_13:00,332,Fighter Hall,488,Hall 2,2026-09-23,13:00 - 14:00,60000,Available
332_488_14:00,332,Fighter Hall,488,Hall 2,2026-09-23,14:00 - 15:00,60000,Available
332_488_15:00,332,Fighter Hall,488,Hall 2,2026-09-23,15:00 - 16:00,80000,Available
332_488_16:00,332,Fighter Hall,488,Hall 2,2026-09-23,16:00 - 17:00,80000,Available
332_489_12:00,332,Fighter Hall,489,Hall 3,2026-09-23,12:00 - 13:00,60000,Available
332_489_13:00,332,Fighter Hall,489,Hall 3,2026-09-23,13:00 - 14:00,60000,Available
332_489_14:00,332,Fighter Hall,489,Hall 3,2026-09-23,14:00 - 15:00,60000,Available
332_489_15:00,332,Fighter Hall,489,Hall 3,2026-09-23,15:00 - 16:00,80000,Available
332_489_16:00,332,Fighter Hall,489,Hall 3,2026-09-23,16:00 - 17:00,80000,Available
332_490_12:00,332,Fighter Hall,490,Hall 4,2026-09-23,12:00 - 13:00,60000,Available
332_490_13:00,332,Fighter Hall,490,Hall 4,2026-09-23,13:00 - 14:00,60000,Available
332_490_14:00,332,Fighter Hall,490,Hall 4,2026-09-23,14:00 - 15:00,60000,Available
332_490_15:00,332,Fighter Hall,490,Hall 4,2026-09-23,15:00 - 16:00,80000,Available
332_490_16:00,332,Fighter Hall,490,Hall 4,2026-09-23,16:00 - 17:00,80000,Available
332_491_12:00,332,Fighter Hall,491,Hall 5,2026-09-23,12:00 - 13:00,60000,Available
332_491_13:00,332,Fighter Hall,491,Hall 5,2026-09-23,13:00 - 14:00,60000,Available
332_491_14:00,332,Fighter Hall,491,Hall 5,2026-09-23,14:00 - 15:00,60000,Available
332_491_15:00,332,Fighter Hall,491,Hall 5,2026-09-23,15:00 - 16:00,80000,Available
332_491_16:00,332,Fighter Hall,491,Hall 5,2026-09-23,16:00 - 17:00,80000,Available
2383_5055_12:00,2383,Como Padel Court,5055,Court 1 - MILAN,2026-09-23,12:00 - 13:00,99000,Available
2383_5055_13:00,2383,Como Padel Court,5055,Court 1 - MILAN,2026-09-23,13:00 - 14:00,99000,Available
2383_5055_14:00,2383,Como Padel Court,5055,Court 1 - MILAN,2026-09-23,14:00 - 15:00,99000,Available
2383_5055_15:00,2383,Como Padel Court,5055,Court 1 - MILAN,2026-09-23,15:00 - 16:00,140000,Available
2383_5055_16:00,2383,Como Padel Court,5055,Court 1 - MILAN,2026-09-23,16:00 - 17:00,140000,Available
2383_9973_12:00,2383,Como Padel Court,9973,Court 2 - ROMA,2026-09-23,12:00 - 13:00,99000,Available
2383_9973_13:00,2383,Como Padel Court,9973,Court 2 - ROMA,2026-09-23,13:00 - 14:00,99000,Available
2383_9973_14:00,2383,Como Padel Court,9973,Court 2 - ROMA,2026-09-23,14:00 - 15:00,99000,Available
2383_9973_15:00,2383,Como Padel Court,9973,Court 2 - ROMA,2026-09-23,15:00 - 16:00,140000,Available
2383_9973_16:00,2383,Como Padel Court,9973,Court 2 - ROMA,2026-09-23,16:00 - 17:00,140000,Available
2383_9974_12:00,2383,Como Padel Court,9974,Court 3 - FIRENZE,2026-09-23,12:00 - 13:00,99000,Available
2383_9974_13:00,2383,Como Padel Court,9974,Court 3 - FIRENZE,2026-09-23,13:00 - 14:00,99000,Available
2383_9974_14:00,2383,Como Padel Court,9974,Court 3 - FIRENZE,2026-09-23,14:00 - 15:00,99000,Available
2383_9974_15:00,2383,Como Padel Court,9974,Court 3 - FIRENZE,2026-09-23,15:00 - 16:00,140000,Booked
2383_9974_16:00,2383,Como Padel Court,9974,Court 3 - FIRENZE,2026-09-23,16:00 - 17:00,140000,Booked
2383_9972_12:00,2383,Como Padel Court,9972,Court 4 - NAPOLI,2026-09-23,12:00 - 13:00,99000,Booked
2383_9972_13:00,2383,Como Padel Court,9972,Court 4 - NAPOLI,2026-09-23,13:00 - 14:00,99000,Available
2383_9972_14:00,2383,Como Padel Court,9972,Court 4 - NAPOLI,2026-09-23,14:00 - 15:00,99000,Available
2383_9972_15:00,2383,Como Padel Court,9972,Court 4 - NAPOLI,2026-09-23,15:00 - 16:00,140000,Available
2383_9972_16:00,2383,Como Padel Court,9972,Court 4 - NAPOLI,2026-09-23,16:00 - 17:00,140000,Available
1064_1908_12:00,1064,Avion Sports Center,1908,Field A,2026-09-23,12:00 - 13:00,500000,Available
1064_1908_13:00,1064,Avion Sports Center,1908,Field A,2026-09-23,13:00 - 14:00,500000,Available
1064_1908_14:00,1064,Avion Sports Center,1908,Field A,2026-09-23,14:00 - 15:00,500000,Available
1064_1908_15:00,1064,Avion Sports Center,1908,Field A,2026-09-23,15:00 - 16:00,1000000,Available
1064_1908_16:00,1064,Avion Sports Center,1908,Field A,2026-09-23,16:00 - 17:00,1000000,Available
1064_2352_12:00,1064,Avion Sports Center,2352,Field B,2026-09-23,12:00 - 13:00,500000,Available
1064_2352_13:00,1064,Avion Sports Center,2352,Field B,2026-09-23,13:00 - 14:00,500000,Available
1064_2352_14:00,1064,Avion Sports Center,2352,Field B,2026-09-23,14:00 - 15:00,500000,Available
1064_2352_15:00,1064,Avion Sports Center,2352,Field B,2026-09-23,15:00 - 16:00,1000000,Available
1064_2352_16:00,1064,Avion Sports Center,2352,Field B,2026-09-23,16:00 - 17:00,1000000,Available
1064_1885_12:00,1064,Avion Sports Center,1885,Biru 1,2026-09-23,12:00 - 13:00,180000,Available
1064_1885_13:00,1064,Avion Sports Center,1885,Biru 1,2026-09-23,13:00 - 14:00,180000,Available
1064_1885_14:00,1064,Avion Sports Center,1885,Biru 1,2026-09-23,14:00 - 15:00,180000,Available
1064_1885_15:00,1064,Avion Sports Center,1885,Biru 1,2026-09-23,15:00 - 16:00,180000,Available
1064_1885_16:00,1064,Avion Sports Center,1885,Biru 1,2026-09-23,16:00 - 17:00,250000,Available
1064_2354_12:00,1064,Avion Sports Center,2354,Biru 2,2026-09-23,12:00 - 13:00,180000,Available
1064_2354_13:00,1064,Avion Sports Center,2354,Biru 2,2026-09-23,13:00 - 14:00,180000,Available
1064_2354_14:00,1064,Avion Sports Center,2354,Biru 2,2026-09-23,14:00 - 15:00,180000,Available
1064_2354_15:00,1064,Avion Sports Center,2354,Biru 2,2026-09-23,15:00 - 16:00,180000,Available
1064_2354_16:00,1064,Avion Sports Center,2354,Biru 2,2026-09-23,16:00 - 17:00,250000,Available
1064_2355_12:00,1064,Avion Sports Center,2355,Biru 3,2026-09-23,12:00 - 13:00,180000,Available
1064_2355_13:00,1064,Avion Sports Center,2355,Biru 3,2026-09-23,13:00 - 14:00,180000,Available
1064_2355_14:00,1064,Avion Sports Center,2355,Biru 3,2026-09-23,14:00 - 15:00,180000,Available
1064_2355_15:00,1064,Avion Sports Center,2355,Biru 3,2026-09-23,15:00 - 16:00,180000,Available
1064_2355_16:00,1064,Avion Sports Center,2355,Biru 3,2026-09-23,16:00 - 17:00,250000,Available
1064_2356_12:00,1064,Avion Sports Center,2356,Biru 4,2026-09-23,12:00 - 13:00,180000,Available
1064_2356_13:00,1064,Avion Sports Center,2356,Biru 4,2026-09-23,13:00 - 14:00,180000,Available
1064_2356_14:00,1064,Avion Sports Center,2356,Biru 4,2026-09-23,14:00 - 15:00,180000,Available
1064_2356_15:00,1064,Avion Sports Center,2356,Biru 4,2026-09-23,15:00 - 16:00,180000,Available
1064_2356_16:00,1064,Avion Sports Center,2356,Biru 4,2026-09-23,16:00 - 17:00,250000,Available
1064_1879_12:00,1064,Avion Sports Center,1879,Hijau 1,2026-09-23,12:00 - 13:00,180000,Available
1064_1879_13:00,1064,Avion Sports Center,1879,Hijau 1,2026-09-23,13:00 - 14:00,180000,Available
1064_1879_14:00,1064,Avion Sports Center,1879,Hijau 1,2026-09-23,14:00 - 15:00,180000,Available
1064_1879_15:00,1064,Avion Sports Center,1879,Hijau 1,2026-09-23,15:00 - 16:00,180000,Available
1064_1879_16:00,1064,Avion Sports Center,1879,Hijau 1,2026-09-23,16:00 - 17:00,250000,Available
1064_1880_12:00,1064,Avion Sports Center,1880,Hijau 2,2026-09-23,12:00 - 13:00,180000,Available
1064_1880_13:00,1064,Avion Sports Center,1880,Hijau 2,2026-09-23,13:00 - 14:00,180000,Available
1064_1880_14:00,1064,Avion Sports Center,1880,Hijau 2,2026-09-23,14:00 - 15:00,180000,Available
1064_1880_15:00,1064,Avion Sports Center,1880,Hijau 2,2026-09-23,15:00 - 16:00,180000,Available
1064_1880_16:00,1064,Avion Sports Center,1880,Hijau 2,2026-09-23,16:00 - 17:00,250000,Available
3565_8801_12:00,3565,Commune Courts,8801,Center Court (Outdoor),2026-09-23,12:00 - 13:00,150000,Available
3565_8801_13:00,3565,Commune Courts,8801,Center Court (Outdoor),2026-09-23,13:00 - 14:00,150000,Available
3565_8801_14:00,3565,Commune Courts,8801,Center Court (Outdoor),2026-09-23,14:00 - 15:00,150000,Available
3565_8801_15:00,3565,Commune Courts,8801,Center Court (Outdoor),2026-09-23,15:00 - 16:00,150000,Available
3565_8801_16:00,3565,Commune Courts,8801,Center Court (Outdoor),2026-09-23,16:00 - 17:00,300000,Available
3565_8795_12:00,3565,Commune Courts,8795,Court 1,2026-09-23,12:00 - 13:00,100000,Available
3565_8795_13:00,3565,Commune Courts,8795,Court 1,2026-09-23,13:00 - 14:00,100000,Available
3565_8795_14:00,3565,Commune Courts,8795,Court 1,2026-09-23,14:00 - 15:00,100000,Available
3565_8795_15:00,3565,Commune Courts,8795,Court 1,2026-09-23,15:00 - 16:00,100000,Available
3565_8795_16:00,3565,Commune Courts,8795,Court 1,2026-09-23,16:00 - 17:00,300000,Available
3565_8796_12:00,3565,Commune Courts,8796,Courts 2,2026-09-23,12:00 - 13:00,100000,Available
3565_8796_13:00,3565,Commune Courts,8796,Courts 2,2026-09-23,13:00 - 14:00,100000,Available
3565_8796_14:00,3565,Commune Courts,8796,Courts 2,2026-09-23,14:00 - 15:00,100000,Available
3565_8796_15:00,3565,Commune Courts,8796,Courts 2,2026-09-23,15:00 - 16:00,100000,Available
3565_8796_16:00,3565,Commune Courts,8796,Courts 2,2026-09-23,16:00 - 17:00,300000,Available
3565_8797_12:00,3565,Commune Courts,8797,Court 3,2026-09-23,12:00 - 13:00,100000,Available
3565_8797_13:00,3565,Commune Courts,8797,Court 3,2026-09-23,13:00 - 14:00,100000,Available
3565_8797_14:00,3565,Commune Courts,8797,Court 3,2026-09-23,14:00 - 15:00,100000,Available
3565_8797_15:00,3565,Commune Courts,8797,Court 3,2026-09-23,15:00 - 16:00,100000,Available
3565_8797_16:00,3565,Commune Courts,8797,Court 3,2026-09-23,16:00 - 17:00,300000,Available
3565_8798_12:00,3565,Commune Courts,8798,Court 4,2026-09-23,12:00 - 13:00,100000,Available
3565_8798_13:00,3565,Commune Courts,8798,Court 4,2026-09-23,13:00 - 14:00,100000,Available
3565_8798_14:00,3565,Commune Courts,8798,Court 4,2026-09-23,14:00 - 15:00,100000,Available
3565_8798_15:00,3565,Commune Courts,8798,Court 4,2026-09-23,15:00 - 16:00,100000,Available
3565_8798_16:00,3565,Commune Courts,8798,Court 4,2026-09-23,16:00 - 17:00,300000,Available
3565_8799_12:00,3565,Commune Courts,8799,Court 5,2026-09-23,12:00 - 13:00,100000,Available
3565_8799_13:00,3565,Commune Courts,8799,Court 5,2026-09-23,13:00 - 14:00,100000,Available
3565_8799_14:00,3565,Commune Courts,8799,Court 5,2026-09-23,14:00 - 15:00,100000,Available
3565_8799_15:00,3565,Commune Courts,8799,Court 5,2026-09-23,15:00 - 16:00,100000,Available
3565_8799_16:00,3565,Commune Courts,8799,Court 5,2026-09-23,16:00 - 17:00,300000,Available
2132_4745_12:00,2132,The Padel Point,4745,Court A,2026-09-23,12:00 - 13:00,150000,Available
2132_4745_13:00,2132,The Padel Point,4745,Court A,2026-09-23,13:00 - 14:00,150000,Available
2132_4745_14:00,2132,The Padel Point,4745,Court A,2026-09-23,14:00 - 15:00,150000,Available
2132_4745_15:00,2132,The Padel Point,4745,Court A,2026-09-23,15:00 - 16:00,200000,Available
2132_4745_16:00,2132,The Padel Point,4745,Court A,2026-09-23,16:00 - 17:00,200000,Available
2132_7321_12:00,2132,The Padel Point,7321,Court B,2026-09-23,12:00 - 13:00,150000,Available
2132_7321_13:00,2132,The Padel Point,7321,Court B,2026-09-23,13:00 - 14:00,150000,Available
2132_7321_14:00,2132,The Padel Point,7321,Court B,2026-09-23,14:00 - 15:00,150000,Available
2132_7321_15:00,2132,The Padel Point,7321,Court B,2026-09-23,15:00 - 16:00,200000,Available
2132_7321_16:00,2132,The Padel Point,7321,Court B,2026-09-23,16:00 - 17:00,200000,Available
2132_7322_12:00,2132,The Padel Point,7322,Court C,2026-09-23,12:00 - 13:00,150000,Available
2132_7322_13:00,2132,The Padel Point,7322,Court C,2026-09-23,13:00 - 14:00,150000,Available
2132_7322_14:00,2132,The Padel Point,7322,Court C,2026-09-23,14:00 - 15:00,150000,Available
2132_7322_15:00,2132,The Padel Point,7322,Court C,2026-09-23,15:00 - 16:00,200000,Available
2132_7322_16:00,2132,The Padel Point,7322,Court C,2026-09-23,16:00 - 17:00,200000,Available
2132_7323_12:00,2132,The Padel Point,7323,Court D,2026-09-23,12:00 - 13:00,150000,Available
2132_7323_13:00,2132,The Padel Point,7323,Court D,2026-09-23,13:00 - 14:00,150000,Available
2132_7323_14:00,2132,The Padel Point,7323,Court D,2026-09-23,14:00 - 15:00,150000,Available
2132_7323_15:00,2132,The Padel Point,7323,Court D,2026-09-23,15:00 - 16:00,200000,Available
2132_7323_16:00,2132,The Padel Point,7323,Court D,2026-09-23,16:00 - 17:00,200000,Available
3221_7716_12:00,3221,United Padel Club,7716,Court A,2026-09-23,12:00 - 13:00,120000,Available
3221_7716_13:00,3221,United Padel Club,7716,Court A,2026-09-23,13:00 - 14:00,120000,Available
3221_7716_14:00,3221,United Padel Club,7716,Court A,2026-09-23,14:00 - 15:00,180000,Available
3221_7716_15:00,3221,United Padel Club,7716,Court A,2026-09-23,15:00 - 16:00,180000,Available
3221_7716_16:00,3221,United Padel Club,7716,Court A,2026-09-23,16:00 - 17:00,180000,Available
3221_8485_12:00,3221,United Padel Club,8485,Court B,2026-09-23,12:00 - 13:00,120000,Available
3221_8485_13:00,3221,United Padel Club,8485,Court B,2026-09-23,13:00 - 14:00,120000,Available
3221_8485_14:00,3221,United Padel Club,8485,Court B,2026-09-23,14:00 - 15:00,180000,Available
3221_8485_15:00,3221,United Padel Club,8485,Court B,2026-09-23,15:00 - 16:00,180000,Available
3221_8485_16:00,3221,United Padel Club,8485,Court B,2026-09-23,16:00 - 17:00,180000,Available
3221_8486_12:00,3221,United Padel Club,8486,Court C,2026-09-23,12:00 - 13:00,120000,Available
3221_8486_13:00,3221,United Padel Club,8486,Court C,2026-09-23,13:00 - 14:00,120000,Available
3221_8486_14:00,3221,United Padel Club,8486,Court C,2026-09-23,14:00 - 15:00,180000,Available
3221_8486_15:00,3221,United Padel Club,8486,Court C,2026-09-23,15:00 - 16:00,180000,Available
3221_8486_16:00,3221,United Padel Club,8486,Court C,2026-09-23,16:00 - 17:00,180000,Available
3221_8487_12:00,3221,United Padel Club,8487,Court D,2026-09-23,12:00 - 13:00,120000,Available
3221_8487_13:00,3221,United Padel Club,8487,Court D,2026-09-23,13:00 - 14:00,120000,Available
3221_8487_14:00,3221,United Padel Club,8487,Court D,2026-09-23,14:00 - 15:00,180000,Available
3221_8487_15:00,3221,United Padel Club,8487,Court D,2026-09-23,15:00 - 16:00,180000,Available
3221_8487_16:00,3221,United Padel Club,8487,Court D,2026-09-23,16:00 - 17:00,180000,Available
2800_12664_12:00,2800,Sunrise Padel - Sunrise Garden,12664,Table 01,2026-09-23,12:00 - 13:00,50000,Available
2800_12664_13:00,2800,Sunrise Padel - Sunrise Garden,12664,Table 01,2026-09-23,13:00 - 14:00,50000,Available
2800_12664_14:00,2800,Sunrise Padel - Sunrise Garden,12664,Table 01,2026-09-23,14:00 - 15:00,50000,Available
2800_12664_15:00,2800,Sunrise Padel - Sunrise Garden,12664,Table 01,2026-09-23,15:00 - 16:00,50000,Available
2800_12664_16:00,2800,Sunrise Padel - Sunrise Garden,12664,Table 01,2026-09-23,16:00 - 17:00,50000,Booked
2800_12665_12:00,2800,Sunrise Padel - Sunrise Garden,12665,Table 02,2026-09-23,12:00 - 13:00,50000,Available
2800_12665_13:00,2800,Sunrise Padel - Sunrise Garden,12665,Table 02,2026-09-23,13:00 - 14:00,50000,Available
2800_12665_14:00,2800,Sunrise Padel - Sunrise Garden,12665,Table 02,2026-09-23,14:00 - 15:00,50000,Available
2800_12665_15:00,2800,Sunrise Padel - Sunrise Garden,12665,Table 02,2026-09-23,15:00 - 16:00,50000,Available
2800_12665_16:00,2800,Sunrise Padel - Sunrise Garden,12665,Table 02,2026-09-23,16:00 - 17:00,50000,Available
2800_12666_12:00,2800,Sunrise Padel - Sunrise Garden,12666,Table 03,2026-09-23,12:00 - 13:00,50000,Available
2800_12666_13:00,2800,Sunrise Padel - Sunrise Garden,12666,Table 03,2026-09-23,13:00 - 14:00,50000,Available
2800_12666_14:00,2800,Sunrise Padel - Sunrise Garden,12666,Table 03,2026-09-23,14:00 - 15:00,50000,Available
2800_12666_15:00,2800,Sunrise Padel - Sunrise Garden,12666,Table 03,2026-09-23,15:00 - 16:00,50000,Available
2800_12666_16:00,2800,Sunrise Padel - Sunrise Garden,12666,Table 03,2026-09-23,16:00 - 17:00,50000,Available
2800_6326_12:00,2800,Sunrise Padel - Sunrise Garden,6326,Rose,2026-09-23,12:00 - 13:00,100000,Available
2800_6326_13:00,2800,Sunrise Padel - Sunrise Garden,6326,Rose,2026-09-23,13:00 - 14:00,100000,Available
2800_6326_14:00,2800,Sunrise Padel - Sunrise Garden,6326,Rose,2026-09-23,14:00 - 15:00,100000,Booked
2800_6326_15:00,2800,Sunrise Padel - Sunrise Garden,6326,Rose,2026-09-23,15:00 - 16:00,100000,Booked
2800_6326_16:00,2800,Sunrise Padel - Sunrise Garden,6326,Rose,2026-09-23,16:00 - 17:00,199000,Booked
2800_6328_12:00,2800,Sunrise Padel - Sunrise Garden,6328,Garden,2026-09-23,12:00 - 13:00,100000,Available
2800_6328_13:00,2800,Sunrise Padel - Sunrise Garden,6328,Garden,2026-09-23,13:00 - 14:00,100000,Available
2800_6328_14:00,2800,Sunrise Padel - Sunrise Garden,6328,Garden,2026-09-23,14:00 - 15:00,100000,Available
2800_6328_15:00,2800,Sunrise Padel - Sunrise Garden,6328,Garden,2026-09-23,15:00 - 16:00,100000,Available
2800_6328_16:00,2800,Sunrise Padel - Sunrise Garden,6328,Garden,2026-09-23,16:00 - 17:00,199000,Available
2800_6327_12:00,2800,Sunrise Padel - Sunrise Garden,6327,Sky,2026-09-23,12:00 - 13:00,100000,Available
2800_6327_13:00,2800,Sunrise Padel - Sunrise Garden,6327,Sky,2026-09-23,13:00 - 14:00,100000,Available
2800_6327_14:00,2800,Sunrise Padel - Sunrise Garden,6327,Sky,2026-09-23,14:00 - 15:00,100000,Available
2800_6327_15:00,2800,Sunrise Padel - Sunrise Garden,6327,Sky,2026-09-23,15:00 - 16:00,100000,Available
2800_6327_16:00,2800,Sunrise Padel - Sunrise Garden,6327,Sky,2026-09-23,16:00 - 17:00,199000,Available
2800_6923_12:00,2800,Sunrise Padel - Sunrise Garden,6923,Sunrise,2026-09-23,12:00 - 13:00,100000,Available
2800_6923_13:00,2800,Sunrise Padel - Sunrise Garden,6923,Sunrise,2026-09-23,13:00 - 14:00,100000,Available
2800_6923_14:00,2800,Sunrise Padel - Sunrise Garden,6923,Sunrise,2026-09-23,14:00 - 15:00,100000,Available
2800_6923_15:00,2800,Sunrise Padel - Sunrise Garden,6923,Sunrise,2026-09-23,15:00 - 16:00,100000,Available
2800_6923_16:00,2800,Sunrise Padel - Sunrise Garden,6923,Sunrise,2026-09-23,16:00 - 17:00,199000,Available
3261_7836_12:00,3261,MMT Padel,7836,Signature Court 1,2026-09-23,12:00 - 13:00,280000,Available
3261_7836_13:00,3261,MMT Padel,7836,Signature Court 1,2026-09-23,13:00 - 14:00,280000,Available
3261_7836_14:00,3261,MMT Padel,7836,Signature Court 1,2026-09-23,14:00 - 15:00,280000,Available
3261_7836_15:00,3261,MMT Padel,7836,Signature Court 1,2026-09-23,15:00 - 16:00,280000,Available
3261_7836_16:00,3261,MMT Padel,7836,Signature Court 1,2026-09-23,16:00 - 17:00,350000,Available
3261_7843_12:00,3261,MMT Padel,7843,Signature Court 2,2026-09-23,12:00 - 13:00,280000,Available
3261_7843_13:00,3261,MMT Padel,7843,Signature Court 2,2026-09-23,13:00 - 14:00,280000,Available
3261_7843_14:00,3261,MMT Padel,7843,Signature Court 2,2026-09-23,14:00 - 15:00,280000,Available
3261_7843_15:00,3261,MMT Padel,7843,Signature Court 2,2026-09-23,15:00 - 16:00,280000,Available
3261_7843_16:00,3261,MMT Padel,7843,Signature Court 2,2026-09-23,16:00 - 17:00,350000,Available
3261_7837_12:00,3261,MMT Padel,7837,Grand Court 3,2026-09-23,12:00 - 13:00,230000,Available
3261_7837_13:00,3261,MMT Padel,7837,Grand Court 3,2026-09-23,13:00 - 14:00,230000,Available
3261_7837_14:00,3261,MMT Padel,7837,Grand Court 3,2026-09-23,14:00 - 15:00,230000,Available
3261_7837_15:00,3261,MMT Padel,7837,Grand Court 3,2026-09-23,15:00 - 16:00,230000,Available
3261_7837_16:00,3261,MMT Padel,7837,Grand Court 3,2026-09-23,16:00 - 17:00,300000,Available
3261_7844_12:00,3261,MMT Padel,7844,Grand Court 5,2026-09-23,12:00 - 13:00,230000,Available
3261_7844_13:00,3261,MMT Padel,7844,Grand Court 5,2026-09-23,13:00 - 14:00,230000,Available
3261_7844_14:00,3261,MMT Padel,7844,Grand Court 5,2026-09-23,14:00 - 15:00,230000,Available
3261_7844_15:00,3261,MMT Padel,7844,Grand Court 5,2026-09-23,15:00 - 16:00,230000,Available
3261_7844_16:00,3261,MMT Padel,7844,Grand Court 5,2026-09-23,16:00 - 17:00,300000,Available
3261_7845_12:00,3261,MMT Padel,7845,Grand Court 6,2026-09-23,12:00 - 13:00,230000,Available
3261_7845_13:00,3261,MMT Padel,7845,Grand Court 6,2026-09-23,13:00 - 14:00,230000,Available
3261_7845_14:00,3261,MMT Padel,7845,Grand Court 6,2026-09-23,14:00 - 15:00,230000,Available
3261_7845_15:00,3261,MMT Padel,7845,Grand Court 6,2026-09-23,15:00 - 16:00,230000,Available
3261_7845_16:00,3261,MMT Padel,7845,Grand Court 6,2026-09-23,16:00 - 17:00,300000,Booked
3261_7846_12:00,3261,MMT Padel,7846,Grand Court 7,2026-09-23,12:00 - 13:00,230000,Available
3261_7846_13:00,3261,MMT Padel,7846,Grand Court 7,2026-09-23,13:00 - 14:00,230000,Available
3261_7846_14:00,3261,MMT Padel,7846,Grand Court 7,2026-09-23,14:00 - 15:00,230000,Available
3261_7846_15:00,3261,MMT Padel,7846,Grand Court 7,2026-09-23,15:00 - 16:00,230000,Available
3261_7846_16:00,3261,MMT Padel,7846,Grand Court 7,2026-09-23,16:00 - 17:00,300000,Available
3261_7847_12:00,3261,MMT Padel,7847,Grand Court 8,2026-09-23,12:00 - 13:00,230000,Available
3261_7847_13:00,3261,MMT Padel,7847,Grand Court 8,2026-09-23,13:00 - 14:00,230000,Available
3261_7847_14:00,3261,MMT Padel,7847,Grand Court 8,2026-09-23,14:00 - 15:00,230000,Available
3261_7847_15:00,3261,MMT Padel,7847,Grand Court 8,2026-09-23,15:00 - 16:00,230000,Available
3261_7847_16:00,3261,MMT Padel,7847,Grand Court 8,2026-09-23,16:00 - 17:00,300000,Available
2318_4891_12:00,2318,Vamos Arena Indonesia,4891,OCTO CIMB Outdoor,2026-09-23,12:00 - 13:00,200000,Available
2318_4891_13:00,2318,Vamos Arena Indonesia,4891,OCTO CIMB Outdoor,2026-09-23,13:00 - 14:00,200000,Available
2318_4891_14:00,2318,Vamos Arena Indonesia,4891,OCTO CIMB Outdoor,2026-09-23,14:00 - 15:00,200000,Available
2318_4891_15:00,2318,Vamos Arena Indonesia,4891,OCTO CIMB Outdoor,2026-09-23,15:00 - 16:00,200000,Available
2318_4891_16:00,2318,Vamos Arena Indonesia,4891,OCTO CIMB Outdoor,2026-09-23,16:00 - 17:00,350000,Available
2318_4892_12:00,2318,Vamos Arena Indonesia,4892,CIMB OCTO Indoor 1,2026-09-23,12:00 - 13:00,200000,Booked
2318_4892_13:00,2318,Vamos Arena Indonesia,4892,CIMB OCTO Indoor 1,2026-09-23,13:00 - 14:00,200000,Available
2318_4892_14:00,2318,Vamos Arena Indonesia,4892,CIMB OCTO Indoor 1,2026-09-23,14:00 - 15:00,200000,Available
2318_4892_15:00,2318,Vamos Arena Indonesia,4892,CIMB OCTO Indoor 1,2026-09-23,15:00 - 16:00,200000,Available
2318_4892_16:00,2318,Vamos Arena Indonesia,4892,CIMB OCTO Indoor 1,2026-09-23,16:00 - 17:00,250000,Available
2318_10172_12:00,2318,Vamos Arena Indonesia,10172,CIMB OCTO Indoor 2,2026-09-23,12:00 - 13:00,200000,Booked
2318_10172_13:00,2318,Vamos Arena Indonesia,10172,CIMB OCTO Indoor 2,2026-09-23,13:00 - 14:00,200000,Available
2318_10172_14:00,2318,Vamos Arena Indonesia,10172,CIMB OCTO Indoor 2,2026-09-23,14:00 - 15:00,200000,Available
2318_10172_15:00,2318,Vamos Arena Indonesia,10172,CIMB OCTO Indoor 2,2026-09-23,15:00 - 16:00,200000,Available
2318_10172_16:00,2318,Vamos Arena Indonesia,10172,CIMB OCTO Indoor 2,2026-09-23,16:00 - 17:00,250000,Available
2318_4896_12:00,2318,Vamos Arena Indonesia,4896,Boss Mobil Main Court,2026-09-23,12:00 - 13:00,350000,Booked
2318_4896_13:00,2318,Vamos Arena Indonesia,4896,Boss Mobil Main Court,2026-09-23,13:00 - 14:00,350000,Available
2318_4896_14:00,2318,Vamos Arena Indonesia,4896,Boss Mobil Main Court,2026-09-23,14:00 - 15:00,350000,Available
2318_4896_15:00,2318,Vamos Arena Indonesia,4896,Boss Mobil Main Court,2026-09-23,15:00 - 16:00,350000,Available
2318_4896_16:00,2318,Vamos Arena Indonesia,4896,Boss Mobil Main Court,2026-09-23,16:00 - 17:00,350000,Available
2318_10175_12:00,2318,Vamos Arena Indonesia,10175,BIOAQUA Indoor 3,2026-09-23,12:00 - 13:00,200000,Booked
2318_10175_13:00,2318,Vamos Arena Indonesia,10175,BIOAQUA Indoor 3,2026-09-23,13:00 - 14:00,200000,Available
2318_10175_14:00,2318,Vamos Arena Indonesia,10175,BIOAQUA Indoor 3,2026-09-23,14:00 - 15:00,200000,Available
2318_10175_15:00,2318,Vamos Arena Indonesia,10175,BIOAQUA Indoor 3,2026-09-23,15:00 - 16:00,200000,Available
2318_10175_16:00,2318,Vamos Arena Indonesia,10175,BIOAQUA Indoor 3,2026-09-23,16:00 - 17:00,250000,Available
2318_10176_12:00,2318,Vamos Arena Indonesia,10176,AQUVIVA Indoor 4,2026-09-23,12:00 - 13:00,200000,Available
2318_10176_13:00,2318,Vamos Arena Indonesia,10176,AQUVIVA Indoor 4,2026-09-23,13:00 - 14:00,200000,Available
2318_10176_14:00,2318,Vamos Arena Indonesia,10176,AQUVIVA Indoor 4,2026-09-23,14:00 - 15:00,200000,Available
2318_10176_15:00,2318,Vamos Arena Indonesia,10176,AQUVIVA Indoor 4,2026-09-23,15:00 - 16:00,200000,Available
2318_10176_16:00,2318,Vamos Arena Indonesia,10176,AQUVIVA Indoor 4,2026-09-23,16:00 - 17:00,250000,Available
2318_10177_12:00,2318,Vamos Arena Indonesia,10177,BALIHAI Indoor 5,2026-09-23,12:00 - 13:00,200000,Available
2318_10177_13:00,2318,Vamos Arena Indonesia,10177,BALIHAI Indoor 5,2026-09-23,13:00 - 14:00,200000,Available
2318_10177_14:00,2318,Vamos Arena Indonesia,10177,BALIHAI Indoor 5,2026-09-23,14:00 - 15:00,200000,Available
2318_10177_15:00,2318,Vamos Arena Indonesia,10177,BALIHAI Indoor 5,2026-09-23,15:00 - 16:00,200000,Available
2318_10177_16:00,2318,Vamos Arena Indonesia,10177,BALIHAI Indoor 5,2026-09-23,16:00 - 17:00,250000,Available
2318_10178_12:00,2318,Vamos Arena Indonesia,10178,ELITE SKIN Indoor 6,2026-09-23,12:00 - 13:00,200000,Available
2318_10178_13:00,2318,Vamos Arena Indonesia,10178,ELITE SKIN Indoor 6,2026-09-23,13:00 - 14:00,200000,Available
2318_10178_14:00,2318,Vamos Arena Indonesia,10178,ELITE SKIN Indoor 6,2026-09-23,14:00 - 15:00,200000,Available
2318_10178_15:00,2318,Vamos Arena Indonesia,10178,ELITE SKIN Indoor 6,2026-09-23,15:00 - 16:00,200000,Available
2318_10178_16:00,2318,Vamos Arena Indonesia,10178,ELITE SKIN Indoor 6,2026-09-23,16:00 - 17:00,250000,Available
2318_10173_12:00,2318,Vamos Arena Indonesia,10173,CIMB OCTO Indoor 7,2026-09-23,12:00 - 13:00,200000,Available
2318_10173_13:00,2318,Vamos Arena Indonesia,10173,CIMB OCTO Indoor 7,2026-09-23,13:00 - 14:00,200000,Available
2318_10173_14:00,2318,Vamos Arena Indonesia,10173,CIMB OCTO Indoor 7,2026-09-23,14:00 - 15:00,200000,Available
2318_10173_15:00,2318,Vamos Arena Indonesia,10173,CIMB OCTO Indoor 7,2026-09-23,15:00 - 16:00,200000,Available
2318_10173_16:00,2318,Vamos Arena Indonesia,10173,CIMB OCTO Indoor 7,2026-09-23,16:00 - 17:00,250000,Available
2318_10174_12:00,2318,Vamos Arena Indonesia,10174,CIMB OCTO Indoor 8,2026-09-23,12:00 - 13:00,200000,Available
2318_10174_13:00,2318,Vamos Arena Indonesia,10174,CIMB OCTO Indoor 8,2026-09-23,13:00 - 14:00,200000,Available
2318_10174_14:00,2318,Vamos Arena Indonesia,10174,CIMB OCTO Indoor 8,2026-09-23,14:00 - 15:00,200000,Available
2318_10174_15:00,2318,Vamos Arena Indonesia,10174,CIMB OCTO Indoor 8,2026-09-23,15:00 - 16:00,200000,Available
2318_10174_16:00,2318,Vamos Arena Indonesia,10174,CIMB OCTO Indoor 8,2026-09-23,16:00 - 17:00,250000,Available
2235_4832_12:00,2235,Padre Padel Duri Kosambi,4832,Court 1 - Terracotta,2026-09-23,12:00 - 13:00,150000,Available
2235_4832_13:00,2235,Padre Padel Duri Kosambi,4832,Court 1 - Terracotta,2026-09-23,13:00 - 14:00,150000,Available
2235_4832_14:00,2235,Padre Padel Duri Kosambi,4832,Court 1 - Terracotta,2026-09-23,14:00 - 15:00,150000,Available
2235_4832_15:00,2235,Padre Padel Duri Kosambi,4832,Court 1 - Terracotta,2026-09-23,15:00 - 16:00,150000,Available
2235_4832_16:00,2235,Padre Padel Duri Kosambi,4832,Court 1 - Terracotta,2026-09-23,16:00 - 17:00,210000,Available
2235_5602_12:00,2235,Padre Padel Duri Kosambi,5602,Court 2 - Blue,2026-09-23,12:00 - 13:00,150000,Available
2235_5602_13:00,2235,Padre Padel Duri Kosambi,5602,Court 2 - Blue,2026-09-23,13:00 - 14:00,150000,Available
2235_5602_14:00,2235,Padre Padel Duri Kosambi,5602,Court 2 - Blue,2026-09-23,14:00 - 15:00,150000,Available
2235_5602_15:00,2235,Padre Padel Duri Kosambi,5602,Court 2 - Blue,2026-09-23,15:00 - 16:00,150000,Available
2235_5602_16:00,2235,Padre Padel Duri Kosambi,5602,Court 2 - Blue,2026-09-23,16:00 - 17:00,210000,Available
2235_5603_12:00,2235,Padre Padel Duri Kosambi,5603,Court 3 - Blue,2026-09-23,12:00 - 13:00,150000,Available
2235_5603_13:00,2235,Padre Padel Duri Kosambi,5603,Court 3 - Blue,2026-09-23,13:00 - 14:00,150000,Available
2235_5603_14:00,2235,Padre Padel Duri Kosambi,5603,Court 3 - Blue,2026-09-23,14:00 - 15:00,150000,Available
2235_5603_15:00,2235,Padre Padel Duri Kosambi,5603,Court 3 - Blue,2026-09-23,15:00 - 16:00,150000,Available
2235_5603_16:00,2235,Padre Padel Duri Kosambi,5603,Court 3 - Blue,2026-09-23,16:00 - 17:00,210000,Available
2235_5604_12:00,2235,Padre Padel Duri Kosambi,5604,Court 4 - Terracotta,2026-09-23,12:00 - 13:00,150000,Available
2235_5604_13:00,2235,Padre Padel Duri Kosambi,5604,Court 4 - Terracotta,2026-09-23,13:00 - 14:00,150000,Available
2235_5604_14:00,2235,Padre Padel Duri Kosambi,5604,Court 4 - Terracotta,2026-09-23,14:00 - 15:00,150000,Available
2235_5604_15:00,2235,Padre Padel Duri Kosambi,5604,Court 4 - Terracotta,2026-09-23,15:00 - 16:00,150000,Available
2235_5604_16:00,2235,Padre Padel Duri Kosambi,5604,Court 4 - Terracotta,2026-09-23,16:00 - 17:00,210000,Available
3802_9395_12:00,3802,Dash Padel House,9395,Maybank Court,2026-09-23,12:00 - 13:00,199000,Available
3802_9395_13:00,3802,Dash Padel House,9395,Maybank Court,2026-09-23,13:00 - 14:00,199000,Available
3802_9395_14:00,3802,Dash Padel House,9395,Maybank Court,2026-09-23,14:00 - 15:00,199000,Booked
3802_9395_15:00,3802,Dash Padel House,9395,Maybank Court,2026-09-23,15:00 - 16:00,199000,Booked
3802_9395_16:00,3802,Dash Padel House,9395,Maybank Court,2026-09-23,16:00 - 17:00,249000,Available
3802_9415_12:00,3802,Dash Padel House,9415,Court B,2026-09-23,12:00 - 13:00,199000,Available
3802_9415_13:00,3802,Dash Padel House,9415,Court B,2026-09-23,13:00 - 14:00,199000,Available
3802_9415_14:00,3802,Dash Padel House,9415,Court B,2026-09-23,14:00 - 15:00,199000,Available
3802_9415_15:00,3802,Dash Padel House,9415,Court B,2026-09-23,15:00 - 16:00,199000,Available
3802_9415_16:00,3802,Dash Padel House,9415,Court B,2026-09-23,16:00 - 17:00,249000,Available
3802_9416_12:00,3802,Dash Padel House,9416,Court C,2026-09-23,12:00 - 13:00,199000,Available
3802_9416_13:00,3802,Dash Padel House,9416,Court C,2026-09-23,13:00 - 14:00,199000,Available
3802_9416_14:00,3802,Dash Padel House,9416,Court C,2026-09-23,14:00 - 15:00,199000,Available
3802_9416_15:00,3802,Dash Padel House,9416,Court C,2026-09-23,15:00 - 16:00,199000,Available
3802_9416_16:00,3802,Dash Padel House,9416,Court C,2026-09-23,16:00 - 17:00,249000,Available
3802_9417_12:00,3802,Dash Padel House,9417,Court D,2026-09-23,12:00 - 13:00,199000,Available
3802_9417_13:00,3802,Dash Padel House,9417,Court D,2026-09-23,13:00 - 14:00,199000,Available
3802_9417_14:00,3802,Dash Padel House,9417,Court D,2026-09-23,14:00 - 15:00,199000,Available
3802_9417_15:00,3802,Dash Padel House,9417,Court D,2026-09-23,15:00 - 16:00,199000,Available
3802_9417_16:00,3802,Dash Padel House,9417,Court D,2026-09-23,16:00 - 17:00,249000,Available
3802_9418_12:00,3802,Dash Padel House,9418,Pickle,2026-09-23,12:00 - 13:00,100000,Available
3802_9418_13:00,3802,Dash Padel House,9418,Pickle,2026-09-23,13:00 - 14:00,100000,Available
3802_9418_14:00,3802,Dash Padel House,9418,Pickle,2026-09-23,14:00 - 15:00,100000,Available
3802_9418_15:00,3802,Dash Padel House,9418,Pickle,2026-09-23,15:00 - 16:00,100000,Available
3802_9418_16:00,3802,Dash Padel House,9418,Pickle,2026-09-23,16:00 - 17:00,100000,Available
1268_3728_12:00,1268,Max Padel,3728,Court M,2026-09-23,12:00 - 13:00,125000,Available
1268_3728_13:00,1268,Max Padel,3728,Court M,2026-09-23,13:00 - 14:00,125000,Available
1268_3728_14:00,1268,Max Padel,3728,Court M,2026-09-23,14:00 - 15:00,125000,Booked
1268_3728_15:00,1268,Max Padel,3728,Court M,2026-09-23,15:00 - 16:00,125000,Available
1268_3728_16:00,1268,Max Padel,3728,Court M,2026-09-23,16:00 - 17:00,300000,Booked
1268_3729_12:00,1268,Max Padel,3729,Court A,2026-09-23,12:00 - 13:00,125000,Available
1268_3729_13:00,1268,Max Padel,3729,Court A,2026-09-23,13:00 - 14:00,125000,Available
1268_3729_14:00,1268,Max Padel,3729,Court A,2026-09-23,14:00 - 15:00,125000,Available
1268_3729_15:00,1268,Max Padel,3729,Court A,2026-09-23,15:00 - 16:00,125000,Available
1268_3729_16:00,1268,Max Padel,3729,Court A,2026-09-23,16:00 - 17:00,300000,Booked
1268_3730_12:00,1268,Max Padel,3730,Court X,2026-09-23,12:00 - 13:00,125000,Available
1268_3730_13:00,1268,Max Padel,3730,Court X,2026-09-23,13:00 - 14:00,125000,Available
1268_3730_14:00,1268,Max Padel,3730,Court X,2026-09-23,14:00 - 15:00,125000,Available
1268_3730_15:00,1268,Max Padel,3730,Court X,2026-09-23,15:00 - 16:00,125000,Available
1268_3730_16:00,1268,Max Padel,3730,Court X,2026-09-23,16:00 - 17:00,300000,Available
1268_2393_12:00,1268,Max Padel,2393,Court 1,2026-09-23,12:00 - 13:00,125000,Available
1268_2393_13:00,1268,Max Padel,2393,Court 1,2026-09-23,13:00 - 14:00,125000,Available
1268_2393_14:00,1268,Max Padel,2393,Court 1,2026-09-23,14:00 - 15:00,125000,Available
1268_2393_15:00,1268,Max Padel,2393,Court 1,2026-09-23,15:00 - 16:00,125000,Available
1268_2393_16:00,1268,Max Padel,2393,Court 1,2026-09-23,16:00 - 17:00,125000,Available
1268_2394_12:00,1268,Max Padel,2394,Court 2,2026-09-23,12:00 - 13:00,125000,Available
1268_2394_13:00,1268,Max Padel,2394,Court 2,2026-09-23,13:00 - 14:00,125000,Available
1268_2394_14:00,1268,Max Padel,2394,Court 2,2026-09-23,14:00 - 15:00,125000,Available
1268_2394_15:00,1268,Max Padel,2394,Court 2,2026-09-23,15:00 - 16:00,125000,Available
1268_2394_16:00,1268,Max Padel,2394,Court 2,2026-09-23,16:00 - 17:00,125000,Available
1268_2395_12:00,1268,Max Padel,2395,Court 3,2026-09-23,12:00 - 13:00,125000,Available
1268_2395_13:00,1268,Max Padel,2395,Court 3,2026-09-23,13:00 - 14:00,125000,Available
1268_2395_14:00,1268,Max Padel,2395,Court 3,2026-09-23,14:00 - 15:00,125000,Available
1268_2395_15:00,1268,Max Padel,2395,Court 3,2026-09-23,15:00 - 16:00,125000,Available
1268_2395_16:00,1268,Max Padel,2395,Court 3,2026-09-23,16:00 - 17:00,125000,Available
1268_2396_12:00,1268,Max Padel,2396,Court 4,2026-09-23,12:00 - 13:00,125000,Available
1268_2396_13:00,1268,Max Padel,2396,Court 4,2026-09-23,13:00 - 14:00,125000,Available
1268_2396_14:00,1268,Max Padel,2396,Court 4,2026-09-23,14:00 - 15:00,125000,Available
1268_2396_15:00,1268,Max Padel,2396,Court 4,2026-09-23,15:00 - 16:00,125000,Available
1268_2396_16:00,1268,Max Padel,2396,Court 4,2026-09-23,16:00 - 17:00,125000,Available
1791_3647_12:00,1791,Base Padel,3647,Court 1,2026-09-23,12:00 - 13:00,150000,Available
1791_3647_13:00,1791,Base Padel,3647,Court 1,2026-09-23,13:00 - 14:00,150000,Available
1791_3647_14:00,1791,Base Padel,3647,Court 1,2026-09-23,14:00 - 15:00,150000,Available
1791_3647_15:00,1791,Base Padel,3647,Court 1,2026-09-23,15:00 - 16:00,150000,Available
1791_3647_16:00,1791,Base Padel,3647,Court 1,2026-09-23,16:00 - 17:00,150000,Available
1791_3646_12:00,1791,Base Padel,3646,Court 2,2026-09-23,12:00 - 13:00,150000,Available
1791_3646_13:00,1791,Base Padel,3646,Court 2,2026-09-23,13:00 - 14:00,150000,Available
1791_3646_14:00,1791,Base Padel,3646,Court 2,2026-09-23,14:00 - 15:00,150000,Available
1791_3646_15:00,1791,Base Padel,3646,Court 2,2026-09-23,15:00 - 16:00,150000,Available
1791_3646_16:00,1791,Base Padel,3646,Court 2,2026-09-23,16:00 - 17:00,150000,Available
1791_3648_12:00,1791,Base Padel,3648,Court 3,2026-09-23,12:00 - 13:00,150000,Available
1791_3648_13:00,1791,Base Padel,3648,Court 3,2026-09-23,13:00 - 14:00,150000,Available
1791_3648_14:00,1791,Base Padel,3648,Court 3,2026-09-23,14:00 - 15:00,150000,Available
1791_3648_15:00,1791,Base Padel,3648,Court 3,2026-09-23,15:00 - 16:00,150000,Available
1791_3648_16:00,1791,Base Padel,3648,Court 3,2026-09-23,16:00 - 17:00,150000,Available
1463_2908_12:00,1463,Juego Padel Club (JPC),2908,Court A,2026-09-23,12:00 - 13:00,160000,Available
1463_2908_13:00,1463,Juego Padel Club (JPC),2908,Court A,2026-09-23,13:00 - 14:00,160000,Available
1463_2908_14:00,1463,Juego Padel Club (JPC),2908,Court A,2026-09-23,14:00 - 15:00,160000,Available
1463_2908_15:00,1463,Juego Padel Club (JPC),2908,Court A,2026-09-23,15:00 - 16:00,160000,Available
1463_2908_16:00,1463,Juego Padel Club (JPC),2908,Court A,2026-09-23,16:00 - 17:00,160000,Available
1463_10695_12:00,1463,Juego Padel Club (JPC),10695,Court B,2026-09-23,12:00 - 13:00,160000,Available
1463_10695_13:00,1463,Juego Padel Club (JPC),10695,Court B,2026-09-23,13:00 - 14:00,160000,Available
1463_10695_14:00,1463,Juego Padel Club (JPC),10695,Court B,2026-09-23,14:00 - 15:00,160000,Available
1463_10695_15:00,1463,Juego Padel Club (JPC),10695,Court B,2026-09-23,15:00 - 16:00,160000,Available
1463_10695_16:00,1463,Juego Padel Club (JPC),10695,Court B,2026-09-23,16:00 - 17:00,160000,Available
1463_10697_12:00,1463,Juego Padel Club (JPC),10697,Court C,2026-09-23,12:00 - 13:00,160000,Available
1463_10697_13:00,1463,Juego Padel Club (JPC),10697,Court C,2026-09-23,13:00 - 14:00,160000,Available
1463_10697_14:00,1463,Juego Padel Club (JPC),10697,Court C,2026-09-23,14:00 - 15:00,160000,Available
1463_10697_15:00,1463,Juego Padel Club (JPC),10697,Court C,2026-09-23,15:00 - 16:00,160000,Available
1463_10697_16:00,1463,Juego Padel Club (JPC),10697,Court C,2026-09-23,16:00 - 17:00,160000,Available
1463_10698_12:00,1463,Juego Padel Club (JPC),10698,Court D,2026-09-23,12:00 - 13:00,160000,Available
1463_10698_13:00,1463,Juego Padel Club (JPC),10698,Court D,2026-09-23,13:00 - 14:00,160000,Available
1463_10698_14:00,1463,Juego Padel Club (JPC),10698,Court D,2026-09-23,14:00 - 15:00,160000,Available
1463_10698_15:00,1463,Juego Padel Club (JPC),10698,Court D,2026-09-23,15:00 - 16:00,160000,Available
1463_10698_16:00,1463,Juego Padel Club (JPC),10698,Court D,2026-09-23,16:00 - 17:00,160000,Available
1463_10699_12:00,1463,Juego Padel Club (JPC),10699,Court E,2026-09-23,12:00 - 13:00,160000,Available
1463_10699_13:00,1463,Juego Padel Club (JPC),10699,Court E,2026-09-23,13:00 - 14:00,160000,Available
1463_10699_14:00,1463,Juego Padel Club (JPC),10699,Court E,2026-09-23,14:00 - 15:00,160000,Available
1463_10699_15:00,1463,Juego Padel Club (JPC),10699,Court E,2026-09-23,15:00 - 16:00,160000,Available
1463_10699_16:00,1463,Juego Padel Club (JPC),10699,Court E,2026-09-23,16:00 - 17:00,160000,Available
1463_9864_12:00,1463,Juego Padel Club (JPC),9864,P1 (Private),2026-09-23,12:00 - 13:00,250000,Available
1463_9864_13:00,1463,Juego Padel Club (JPC),9864,P1 (Private),2026-09-23,13:00 - 14:00,250000,Available
1463_9864_14:00,1463,Juego Padel Club (JPC),9864,P1 (Private),2026-09-23,14:00 - 15:00,250000,Available
1463_9864_15:00,1463,Juego Padel Club (JPC),9864,P1 (Private),2026-09-23,15:00 - 16:00,250000,Available
1463_9864_16:00,1463,Juego Padel Club (JPC),9864,P1 (Private),2026-09-23,16:00 - 17:00,250000,Available
1463_9867_12:00,1463,Juego Padel Club (JPC),9867,P2 (Private),2026-09-23,12:00 - 13:00,250000,Available
1463_9867_13:00,1463,Juego Padel Club (JPC),9867,P2 (Private),2026-09-23,13:00 - 14:00,250000,Available
1463_9867_14:00,1463,Juego Padel Club (JPC),9867,P2 (Private),2026-09-23,14:00 - 15:00,250000,Available
1463_9867_15:00,1463,Juego Padel Club (JPC),9867,P2 (Private),2026-09-23,15:00 - 16:00,250000,Available
1463_9867_16:00,1463,Juego Padel Club (JPC),9867,P2 (Private),2026-09-23,16:00 - 17:00,250000,Available
1463_12704_12:00,1463,Juego Padel Club (JPC),12704,Mahjong - Table 1,2026-09-23,12:00 - 13:00,80000,Available
1463_12704_13:00,1463,Juego Padel Club (JPC),12704,Mahjong - Table 1,2026-09-23,13:00 - 14:00,80000,Available
1463_12704_14:00,1463,Juego Padel Club (JPC),12704,Mahjong - Table 1,2026-09-23,14:00 - 15:00,80000,Available
1463_12704_15:00,1463,Juego Padel Club (JPC),12704,Mahjong - Table 1,2026-09-23,15:00 - 16:00,80000,Available
1463_12704_16:00,1463,Juego Padel Club (JPC),12704,Mahjong - Table 1,2026-09-23,16:00 - 17:00,80000,Available
1463_12718_12:00,1463,Juego Padel Club (JPC),12718,Mahjong - Table 2,2026-09-23,12:00 - 13:00,80000,Available
1463_12718_13:00,1463,Juego Padel Club (JPC),12718,Mahjong - Table 2,2026-09-23,13:00 - 14:00,80000,Available
1463_12718_14:00,1463,Juego Padel Club (JPC),12718,Mahjong - Table 2,2026-09-23,14:00 - 15:00,80000,Available
1463_12718_15:00,1463,Juego Padel Club (JPC),12718,Mahjong - Table 2,2026-09-23,15:00 - 16:00,80000,Available
1463_12718_16:00,1463,Juego Padel Club (JPC),12718,Mahjong - Table 2,2026-09-23,16:00 - 17:00,80000,Available
3815_9419_12:00,3815,Citra Padel Club,9419,Court 1,2026-09-23,12:00 - 13:00,100000,Available
3815_9419_13:00,3815,Citra Padel Club,9419,Court 1,2026-09-23,13:00 - 14:00,100000,Available
3815_9419_14:00,3815,Citra Padel Club,9419,Court 1,2026-09-23,14:00 - 15:00,100000,Available
3815_9419_15:00,3815,Citra Padel Club,9419,Court 1,2026-09-23,15:00 - 16:00,100000,Available
3815_9419_16:00,3815,Citra Padel Club,9419,Court 1,2026-09-23,16:00 - 17:00,100000,Available
3815_9715_12:00,3815,Citra Padel Club,9715,Court 2,2026-09-23,12:00 - 13:00,100000,Available
3815_9715_13:00,3815,Citra Padel Club,9715,Court 2,2026-09-23,13:00 - 14:00,100000,Available
3815_9715_14:00,3815,Citra Padel Club,9715,Court 2,2026-09-23,14:00 - 15:00,100000,Available
3815_9715_15:00,3815,Citra Padel Club,9715,Court 2,2026-09-23,15:00 - 16:00,100000,Booked
3815_9715_16:00,3815,Citra Padel Club,9715,Court 2,2026-09-23,16:00 - 17:00,100000,Available
3815_9716_12:00,3815,Citra Padel Club,9716,Court 3,2026-09-23,12:00 - 13:00,100000,Available
3815_9716_13:00,3815,Citra Padel Club,9716,Court 3,2026-09-23,13:00 - 14:00,100000,Available
3815_9716_14:00,3815,Citra Padel Club,9716,Court 3,2026-09-23,14:00 - 15:00,100000,Available
3815_9716_15:00,3815,Citra Padel Club,9716,Court 3,2026-09-23,15:00 - 16:00,100000,Available
3815_9716_16:00,3815,Citra Padel Club,9716,Court 3,2026-09-23,16:00 - 17:00,100000,Available
3815_9717_12:00,3815,Citra Padel Club,9717,Court 4,2026-09-23,12:00 - 13:00,100000,Available
3815_9717_13:00,3815,Citra Padel Club,9717,Court 4,2026-09-23,13:00 - 14:00,100000,Available
3815_9717_14:00,3815,Citra Padel Club,9717,Court 4,2026-09-23,14:00 - 15:00,100000,Available
3815_9717_15:00,3815,Citra Padel Club,9717,Court 4,2026-09-23,15:00 - 16:00,100000,Available
3815_9717_16:00,3815,Citra Padel Club,9717,Court 4,2026-09-23,16:00 - 17:00,100000,Booked
3815_9718_12:00,3815,Citra Padel Club,9718,Court 5,2026-09-23,12:00 - 13:00,100000,Available
3815_9718_13:00,3815,Citra Padel Club,9718,Court 5,2026-09-23,13:00 - 14:00,100000,Available
3815_9718_14:00,3815,Citra Padel Club,9718,Court 5,2026-09-23,14:00 - 15:00,100000,Available
3815_9718_15:00,3815,Citra Padel Club,9718,Court 5,2026-09-23,15:00 - 16:00,100000,Available
3815_9718_16:00,3815,Citra Padel Club,9718,Court 5,2026-09-23,16:00 - 17:00,100000,Booked
3815_9719_12:00,3815,Citra Padel Club,9719,Court 6,2026-09-23,12:00 - 13:00,100000,Available
3815_9719_13:00,3815,Citra Padel Club,9719,Court 6,2026-09-23,13:00 - 14:00,100000,Available
3815_9719_14:00,3815,Citra Padel Club,9719,Court 6,2026-09-23,14:00 - 15:00,100000,Available
3815_9719_15:00,3815,Citra Padel Club,9719,Court 6,2026-09-23,15:00 - 16:00,100000,Available
3815_9719_16:00,3815,Citra Padel Club,9719,Court 6,2026-09-23,16:00 - 17:00,100000,Available
3815_12181_12:00,3815,Citra Padel Club,12181,Mahjong Table 1,2026-09-23,12:00 - 14:00,100000,Available
3815_12181_14:00,3815,Citra Padel Club,12181,Mahjong Table 1,2026-09-23,14:00 - 16:00,100000,Available
3815_12181_16:00,3815,Citra Padel Club,12181,Mahjong Table 1,2026-09-23,16:00 - 18:00,100000,Available
3815_12182_12:00,3815,Citra Padel Club,12182,Mahjong Table 2,2026-09-23,12:00 - 14:00,100000,Available
3815_12182_14:00,3815,Citra Padel Club,12182,Mahjong Table 2,2026-09-23,14:00 - 16:00,100000,Available
3815_12182_16:00,3815,Citra Padel Club,12182,Mahjong Table 2,2026-09-23,16:00 - 18:00,100000,Available
3815_12183_12:00,3815,Citra Padel Club,12183,Mahjong Table 3,2026-09-23,12:00 - 14:00,100000,Available
3815_12183_14:00,3815,Citra Padel Club,12183,Mahjong Table 3,2026-09-23,14:00 - 16:00,100000,Available
3815_12183_16:00,3815,Citra Padel Club,12183,Mahjong Table 3,2026-09-23,16:00 - 18:00,100000,Available
3815_12534_12:00,3815,Citra Padel Club,12534,Mahjong table 4,2026-09-23,12:00 - 14:00,100000,Available
3815_12534_14:00,3815,Citra Padel Club,12534,Mahjong table 4,2026-09-23,14:00 - 16:00,100000,Available
3815_12534_16:00,3815,Citra Padel Club,12534,Mahjong table 4,2026-09-23,16:00 - 18:00,100000,Available
3274_7890_12:00,3274,Clubhouse Meruya,7890,Court 1,2026-09-23,12:00 - 13:00,195000,Available
3274_7890_13:00,3274,Clubhouse Meruya,7890,Court 1,2026-09-23,13:00 - 14:00,195000,Available
3274_7890_14:00,3274,Clubhouse Meruya,7890,Court 1,2026-09-23,14:00 - 15:00,195000,Available
3274_7890_15:00,3274,Clubhouse Meruya,7890,Court 1,2026-09-23,15:00 - 16:00,195000,Available
3274_7890_16:00,3274,Clubhouse Meruya,7890,Court 1,2026-09-23,16:00 - 17:00,245000,Available
3274_7891_12:00,3274,Clubhouse Meruya,7891,Court 2,2026-09-23,12:00 - 13:00,195000,Available
3274_7891_13:00,3274,Clubhouse Meruya,7891,Court 2,2026-09-23,13:00 - 14:00,195000,Available
3274_7891_14:00,3274,Clubhouse Meruya,7891,Court 2,2026-09-23,14:00 - 15:00,195000,Available
3274_7891_15:00,3274,Clubhouse Meruya,7891,Court 2,2026-09-23,15:00 - 16:00,195000,Available
3274_7891_16:00,3274,Clubhouse Meruya,7891,Court 2,2026-09-23,16:00 - 17:00,245000,Available
3274_7892_12:00,3274,Clubhouse Meruya,7892,Court 3,2026-09-23,12:00 - 13:00,195000,Available
3274_7892_13:00,3274,Clubhouse Meruya,7892,Court 3,2026-09-23,13:00 - 14:00,195000,Available
3274_7892_14:00,3274,Clubhouse Meruya,7892,Court 3,2026-09-23,14:00 - 15:00,195000,Available
3274_7892_15:00,3274,Clubhouse Meruya,7892,Court 3,2026-09-23,15:00 - 16:00,195000,Available
3274_7892_16:00,3274,Clubhouse Meruya,7892,Court 3,2026-09-23,16:00 - 17:00,245000,Available
3274_7893_12:00,3274,Clubhouse Meruya,7893,Court 4,2026-09-23,12:00 - 13:00,195000,Available
3274_7893_13:00,3274,Clubhouse Meruya,7893,Court 4,2026-09-23,13:00 - 14:00,195000,Available
3274_7893_14:00,3274,Clubhouse Meruya,7893,Court 4,2026-09-23,14:00 - 15:00,195000,Available
3274_7893_15:00,3274,Clubhouse Meruya,7893,Court 4,2026-09-23,15:00 - 16:00,195000,Available
3274_7893_16:00,3274,Clubhouse Meruya,7893,Court 4,2026-09-23,16:00 - 17:00,245000,Available
3274_7894_12:00,3274,Clubhouse Meruya,7894,Court 5,2026-09-23,12:00 - 13:00,195000,Available
3274_7894_13:00,3274,Clubhouse Meruya,7894,Court 5,2026-09-23,13:00 - 14:00,195000,Available
3274_7894_14:00,3274,Clubhouse Meruya,7894,Court 5,2026-09-23,14:00 - 15:00,195000,Available
3274_7894_15:00,3274,Clubhouse Meruya,7894,Court 5,2026-09-23,15:00 - 16:00,195000,Available
3274_7894_16:00,3274,Clubhouse Meruya,7894,Court 5,2026-09-23,16:00 - 17:00,245000,Available
3274_7895_12:00,3274,Clubhouse Meruya,7895,Court 6,2026-09-23,12:00 - 13:00,195000,Available
3274_7895_13:00,3274,Clubhouse Meruya,7895,Court 6,2026-09-23,13:00 - 14:00,195000,Available
3274_7895_14:00,3274,Clubhouse Meruya,7895,Court 6,2026-09-23,14:00 - 15:00,195000,Available
3274_7895_15:00,3274,Clubhouse Meruya,7895,Court 6,2026-09-23,15:00 - 16:00,195000,Available
3274_7895_16:00,3274,Clubhouse Meruya,7895,Court 6,2026-09-23,16:00 - 17:00,245000,Booked
3274_7896_12:00,3274,Clubhouse Meruya,7896,Court 7,2026-09-23,12:00 - 13:00,195000,Available
3274_7896_13:00,3274,Clubhouse Meruya,7896,Court 7,2026-09-23,13:00 - 14:00,195000,Available
3274_7896_14:00,3274,Clubhouse Meruya,7896,Court 7,2026-09-23,14:00 - 15:00,195000,Available
3274_7896_15:00,3274,Clubhouse Meruya,7896,Court 7,2026-09-23,15:00 - 16:00,195000,Available
3274_7896_16:00,3274,Clubhouse Meruya,7896,Court 7,2026-09-23,16:00 - 17:00,245000,Booked
3274_7897_12:00,3274,Clubhouse Meruya,7897,Court 8,2026-09-23,12:00 - 13:00,195000,Available
3274_7897_13:00,3274,Clubhouse Meruya,7897,Court 8,2026-09-23,13:00 - 14:00,195000,Available
3274_7897_14:00,3274,Clubhouse Meruya,7897,Court 8,2026-09-23,14:00 - 15:00,195000,Available
3274_7897_15:00,3274,Clubhouse Meruya,7897,Court 8,2026-09-23,15:00 - 16:00,195000,Available
3274_7897_16:00,3274,Clubhouse Meruya,7897,Court 8,2026-09-23,16:00 - 17:00,245000,Available
2401_5107_12:00,2401,World Padel,5107,Alpha Court,2026-09-23,12:00 - 13:00,100000,Booked
2401_5107_13:00,2401,World Padel,5107,Alpha Court,2026-09-23,13:00 - 14:00,100000,Booked
2401_5107_14:00,2401,World Padel,5107,Alpha Court,2026-09-23,14:00 - 15:00,100000,Booked
2401_5107_15:00,2401,World Padel,5107,Alpha Court,2026-09-23,15:00 - 16:00,100000,Available
2401_5107_16:00,2401,World Padel,5107,Alpha Court,2026-09-23,16:00 - 17:00,125000,Available
2401_7372_12:00,2401,World Padel,7372,Beta Court,2026-09-23,12:00 - 13:00,100000,Booked
2401_7372_13:00,2401,World Padel,7372,Beta Court,2026-09-23,13:00 - 14:00,100000,Booked
2401_7372_14:00,2401,World Padel,7372,Beta Court,2026-09-23,14:00 - 15:00,100000,Available
2401_7372_15:00,2401,World Padel,7372,Beta Court,2026-09-23,15:00 - 16:00,100000,Available
2401_7372_16:00,2401,World Padel,7372,Beta Court,2026-09-23,16:00 - 17:00,125000,Available
2401_12035_12:00,2401,World Padel,12035,Meja Mahjong Manual,2026-09-23,12:00 - 13:00,50000,Available
2401_12035_13:00,2401,World Padel,12035,Meja Mahjong Manual,2026-09-23,13:00 - 14:00,50000,Available
2401_12035_14:00,2401,World Padel,12035,Meja Mahjong Manual,2026-09-23,14:00 - 15:00,50000,Available
2401_12035_15:00,2401,World Padel,12035,Meja Mahjong Manual,2026-09-23,15:00 - 16:00,50000,Available
2401_12035_16:00,2401,World Padel,12035,Meja Mahjong Manual,2026-09-23,16:00 - 17:00,50000,Available
3249_7789_12:00,3249,OLA PADEL CLUB,7789,Court 1,2026-09-23,12:00 - 13:00,135000,Available
3249_7789_13:00,3249,OLA PADEL CLUB,7789,Court 1,2026-09-23,13:00 - 14:00,135000,Available
3249_7789_14:00,3249,OLA PADEL CLUB,7789,Court 1,2026-09-23,14:00 - 15:00,135000,Available
3249_7789_15:00,3249,OLA PADEL CLUB,7789,Court 1,2026-09-23,15:00 - 16:00,135000,Available
3249_7789_16:00,3249,OLA PADEL CLUB,7789,Court 1,2026-09-23,16:00 - 17:00,135000,Available
3249_7805_12:00,3249,OLA PADEL CLUB,7805,Court 2,2026-09-23,12:00 - 13:00,135000,Available
3249_7805_13:00,3249,OLA PADEL CLUB,7805,Court 2,2026-09-23,13:00 - 14:00,135000,Available
3249_7805_14:00,3249,OLA PADEL CLUB,7805,Court 2,2026-09-23,14:00 - 15:00,135000,Available
3249_7805_15:00,3249,OLA PADEL CLUB,7805,Court 2,2026-09-23,15:00 - 16:00,135000,Booked
3249_7805_16:00,3249,OLA PADEL CLUB,7805,Court 2,2026-09-23,16:00 - 17:00,135000,Available
3249_7806_12:00,3249,OLA PADEL CLUB,7806,Court 3,2026-09-23,12:00 - 13:00,135000,Available
3249_7806_13:00,3249,OLA PADEL CLUB,7806,Court 3,2026-09-23,13:00 - 14:00,135000,Available
3249_7806_14:00,3249,OLA PADEL CLUB,7806,Court 3,2026-09-23,14:00 - 15:00,135000,Available
3249_7806_15:00,3249,OLA PADEL CLUB,7806,Court 3,2026-09-23,15:00 - 16:00,135000,Available
3249_7806_16:00,3249,OLA PADEL CLUB,7806,Court 3,2026-09-23,16:00 - 17:00,135000,Available
3249_7807_12:00,3249,OLA PADEL CLUB,7807,Court 4,2026-09-23,12:00 - 13:00,135000,Available
3249_7807_13:00,3249,OLA PADEL CLUB,7807,Court 4,2026-09-23,13:00 - 14:00,135000,Available
3249_7807_14:00,3249,OLA PADEL CLUB,7807,Court 4,2026-09-23,14:00 - 15:00,135000,Booked
3249_7807_15:00,3249,OLA PADEL CLUB,7807,Court 4,2026-09-23,15:00 - 16:00,135000,Booked
3249_7807_16:00,3249,OLA PADEL CLUB,7807,Court 4,2026-09-23,16:00 - 17:00,135000,Available
3249_11723_12:00,3249,OLA PADEL CLUB,11723,Meja 1,2026-09-23,12:00 - 13:00,100000,Available
3249_11723_13:00,3249,OLA PADEL CLUB,11723,Meja 1,2026-09-23,13:00 - 14:00,100000,Available
3249_11723_14:00,3249,OLA PADEL CLUB,11723,Meja 1,2026-09-23,14:00 - 15:00,100000,Available
3249_11723_15:00,3249,OLA PADEL CLUB,11723,Meja 1,2026-09-23,15:00 - 16:00,100000,Available
3249_11723_16:00,3249,OLA PADEL CLUB,11723,Meja 1,2026-09-23,16:00 - 17:00,100000,Available
3249_11724_12:00,3249,OLA PADEL CLUB,11724,Meja 2,2026-09-23,12:00 - 13:00,100000,Available
3249_11724_13:00,3249,OLA PADEL CLUB,11724,Meja 2,2026-09-23,13:00 - 14:00,100000,Available
3249_11724_14:00,3249,OLA PADEL CLUB,11724,Meja 2,2026-09-23,14:00 - 15:00,100000,Available
3249_11724_15:00,3249,OLA PADEL CLUB,11724,Meja 2,2026-09-23,15:00 - 16:00,100000,Available
3249_11724_16:00,3249,OLA PADEL CLUB,11724,Meja 2,2026-09-23,16:00 - 17:00,100000,Available
2140_4413_12:00,2140,RacketGo Citra 5,4413,FANTECH BLUE ( 1 ),2026-09-23,12:00 - 13:00,125000,Available
2140_4413_13:00,2140,RacketGo Citra 5,4413,FANTECH BLUE ( 1 ),2026-09-23,13:00 - 14:00,125000,Available
2140_4413_14:00,2140,RacketGo Citra 5,4413,FANTECH BLUE ( 1 ),2026-09-23,14:00 - 15:00,125000,Available
2140_4413_15:00,2140,RacketGo Citra 5,4413,FANTECH BLUE ( 1 ),2026-09-23,15:00 - 16:00,125000,Available
2140_4413_16:00,2140,RacketGo Citra 5,4413,FANTECH BLUE ( 1 ),2026-09-23,16:00 - 17:00,190000,Booked
2140_4414_12:00,2140,RacketGo Citra 5,4414,TEH PUCUK GREEN (2),2026-09-23,12:00 - 13:00,125000,Available
2140_4414_13:00,2140,RacketGo Citra 5,4414,TEH PUCUK GREEN (2),2026-09-23,13:00 - 14:00,125000,Available
2140_4414_14:00,2140,RacketGo Citra 5,4414,TEH PUCUK GREEN (2),2026-09-23,14:00 - 15:00,125000,Available
2140_4414_15:00,2140,RacketGo Citra 5,4414,TEH PUCUK GREEN (2),2026-09-23,15:00 - 16:00,125000,Available
2140_4414_16:00,2140,RacketGo Citra 5,4414,TEH PUCUK GREEN (2),2026-09-23,16:00 - 17:00,190000,Available
2140_4422_12:00,2140,RacketGo Citra 5,4422,TELOON PINK (3),2026-09-23,12:00 - 13:00,125000,Available
2140_4422_13:00,2140,RacketGo Citra 5,4422,TELOON PINK (3),2026-09-23,13:00 - 14:00,125000,Available
2140_4422_14:00,2140,RacketGo Citra 5,4422,TELOON PINK (3),2026-09-23,14:00 - 15:00,125000,Booked
2140_4422_15:00,2140,RacketGo Citra 5,4422,TELOON PINK (3),2026-09-23,15:00 - 16:00,125000,Booked
2140_4422_16:00,2140,RacketGo Citra 5,4422,TELOON PINK (3),2026-09-23,16:00 - 17:00,190000,Available
2140_4423_12:00,2140,RacketGo Citra 5,4423,TERRACOTA (4),2026-09-23,12:00 - 13:00,125000,Available
2140_4423_13:00,2140,RacketGo Citra 5,4423,TERRACOTA (4),2026-09-23,13:00 - 14:00,125000,Available
2140_4423_14:00,2140,RacketGo Citra 5,4423,TERRACOTA (4),2026-09-23,14:00 - 15:00,125000,Booked
2140_4423_15:00,2140,RacketGo Citra 5,4423,TERRACOTA (4),2026-09-23,15:00 - 16:00,125000,Booked
2140_4423_16:00,2140,RacketGo Citra 5,4423,TERRACOTA (4),2026-09-23,16:00 - 17:00,190000,Available
2779_6299_12:00,2779,Zplay Padel,6299,Zplay Padel,2026-09-23,12:00 - 13:00,145000,Booked
2779_6299_13:00,2779,Zplay Padel,6299,Zplay Padel,2026-09-23,13:00 - 14:00,145000,Available
2779_6299_14:00,2779,Zplay Padel,6299,Zplay Padel,2026-09-23,14:00 - 15:00,145000,Booked
2779_6299_15:00,2779,Zplay Padel,6299,Zplay Padel,2026-09-23,15:00 - 16:00,145000,Available
2779_6299_16:00,2779,Zplay Padel,6299,Zplay Padel,2026-09-23,16:00 - 17:00,175000,Booked
2779_8046_12:00,2779,Zplay Padel,8046,Lapangan Pickle 1,2026-09-23,12:00 - 13:00,65000,Available
2779_8046_13:00,2779,Zplay Padel,8046,Lapangan Pickle 1,2026-09-23,13:00 - 14:00,65000,Available
2779_8046_14:00,2779,Zplay Padel,8046,Lapangan Pickle 1,2026-09-23,14:00 - 15:00,65000,Available
2779_8046_15:00,2779,Zplay Padel,8046,Lapangan Pickle 1,2026-09-23,15:00 - 16:00,65000,Available
2779_8046_16:00,2779,Zplay Padel,8046,Lapangan Pickle 1,2026-09-23,16:00 - 17:00,80000,Available
2779_8047_12:00,2779,Zplay Padel,8047,Lapangan Pickle 2,2026-09-23,12:00 - 13:00,65000,Available
2779_8047_13:00,2779,Zplay Padel,8047,Lapangan Pickle 2,2026-09-23,13:00 - 14:00,65000,Available
2779_8047_14:00,2779,Zplay Padel,8047,Lapangan Pickle 2,2026-09-23,14:00 - 15:00,65000,Available
2779_8047_15:00,2779,Zplay Padel,8047,Lapangan Pickle 2,2026-09-23,15:00 - 16:00,65000,Available
2779_8047_16:00,2779,Zplay Padel,8047,Lapangan Pickle 2,2026-09-23,16:00 - 17:00,80000,Available
2983_6954_12:00,2983,YOLO Padel and Lifestyle Slipi,6954,Court 1,2026-09-23,12:00 - 13:00,300000,Available
2983_6954_13:00,2983,YOLO Padel and Lifestyle Slipi,6954,Court 1,2026-09-23,13:00 - 14:00,300000,Available
2983_6954_14:00,2983,YOLO Padel and Lifestyle Slipi,6954,Court 1,2026-09-23,14:00 - 15:00,300000,Available
2983_6954_15:00,2983,YOLO Padel and Lifestyle Slipi,6954,Court 1,2026-09-23,15:00 - 16:00,300000,Available
2983_6954_16:00,2983,YOLO Padel and Lifestyle Slipi,6954,Court 1,2026-09-23,16:00 - 17:00,375000,Booked
2983_6955_12:00,2983,YOLO Padel and Lifestyle Slipi,6955,Court 2,2026-09-23,12:00 - 13:00,300000,Available
2983_6955_13:00,2983,YOLO Padel and Lifestyle Slipi,6955,Court 2,2026-09-23,13:00 - 14:00,300000,Available
2983_6955_14:00,2983,YOLO Padel and Lifestyle Slipi,6955,Court 2,2026-09-23,14:00 - 15:00,300000,Available
2983_6955_15:00,2983,YOLO Padel and Lifestyle Slipi,6955,Court 2,2026-09-23,15:00 - 16:00,300000,Available
2983_6955_16:00,2983,YOLO Padel and Lifestyle Slipi,6955,Court 2,2026-09-23,16:00 - 17:00,375000,Available
2780_6318_12:00,2780,PPC - Puri Padel Club,6318,Private Court PADELSTUDIO,2026-09-23,12:00 - 13:00,225000,Available
2780_6318_13:00,2780,PPC - Puri Padel Club,6318,Private Court PADELSTUDIO,2026-09-23,13:00 - 14:00,225000,Available
2780_6318_14:00,2780,PPC - Puri Padel Club,6318,Private Court PADELSTUDIO,2026-09-23,14:00 - 15:00,225000,Available
2780_6318_15:00,2780,PPC - Puri Padel Club,6318,Private Court PADELSTUDIO,2026-09-23,15:00 - 16:00,225000,Booked
2780_6318_16:00,2780,PPC - Puri Padel Club,6318,Private Court PADELSTUDIO,2026-09-23,16:00 - 17:00,225000,Booked
2780_6319_12:00,2780,PPC - Puri Padel Club,6319,Private Court 2,2026-09-23,12:00 - 13:00,225000,Available
2780_6319_13:00,2780,PPC - Puri Padel Club,6319,Private Court 2,2026-09-23,13:00 - 14:00,225000,Available
2780_6319_14:00,2780,PPC - Puri Padel Club,6319,Private Court 2,2026-09-23,14:00 - 15:00,225000,Booked
2780_6319_15:00,2780,PPC - Puri Padel Club,6319,Private Court 2,2026-09-23,15:00 - 16:00,225000,Booked
2780_6319_16:00,2780,PPC - Puri Padel Club,6319,Private Court 2,2026-09-23,16:00 - 17:00,225000,Available
2353_4974_12:00,2353,The Level 9 Padel,4974,V I P -  Wimbledon,2026-09-23,12:00 - 13:00,125000,Available
2353_4974_13:00,2353,The Level 9 Padel,4974,V I P -  Wimbledon,2026-09-23,13:00 - 14:00,125000,Available
2353_4974_14:00,2353,The Level 9 Padel,4974,V I P -  Wimbledon,2026-09-23,14:00 - 15:00,125000,Available
2353_4974_15:00,2353,The Level 9 Padel,4974,V I P -  Wimbledon,2026-09-23,15:00 - 16:00,125000,Available
2353_4974_16:00,2353,The Level 9 Padel,4974,V I P -  Wimbledon,2026-09-23,16:00 - 17:00,150000,Available
2353_4975_12:00,2353,The Level 9 Padel,4975,V I P - Roland Garros,2026-09-23,12:00 - 13:00,125000,Available
2353_4975_13:00,2353,The Level 9 Padel,4975,V I P - Roland Garros,2026-09-23,13:00 - 14:00,125000,Available
2353_4975_14:00,2353,The Level 9 Padel,4975,V I P - Roland Garros,2026-09-23,14:00 - 15:00,125000,Available
2353_4975_15:00,2353,The Level 9 Padel,4975,V I P - Roland Garros,2026-09-23,15:00 - 16:00,125000,Available
2353_4975_16:00,2353,The Level 9 Padel,4975,V I P - Roland Garros,2026-09-23,16:00 - 17:00,150000,Available
2353_5029_12:00,2353,The Level 9 Padel,5029,Court A,2026-09-23,12:00 - 13:00,125000,Available
2353_5029_13:00,2353,The Level 9 Padel,5029,Court A,2026-09-23,13:00 - 14:00,125000,Available
2353_5029_14:00,2353,The Level 9 Padel,5029,Court A,2026-09-23,14:00 - 15:00,125000,Available
2353_5029_15:00,2353,The Level 9 Padel,5029,Court A,2026-09-23,15:00 - 16:00,125000,Available
2353_5029_16:00,2353,The Level 9 Padel,5029,Court A,2026-09-23,16:00 - 17:00,150000,Available
2353_5030_12:00,2353,The Level 9 Padel,5030,Court B,2026-09-23,12:00 - 13:00,125000,Available
2353_5030_13:00,2353,The Level 9 Padel,5030,Court B,2026-09-23,13:00 - 14:00,125000,Available
2353_5030_14:00,2353,The Level 9 Padel,5030,Court B,2026-09-23,14:00 - 15:00,125000,Available
2353_5030_15:00,2353,The Level 9 Padel,5030,Court B,2026-09-23,15:00 - 16:00,125000,Available
2353_5030_16:00,2353,The Level 9 Padel,5030,Court B,2026-09-23,16:00 - 17:00,150000,Available
2353_5053_12:00,2353,The Level 9 Padel,5053,Court C,2026-09-23,12:00 - 13:00,125000,Available
2353_5053_13:00,2353,The Level 9 Padel,5053,Court C,2026-09-23,13:00 - 14:00,125000,Available
2353_5053_14:00,2353,The Level 9 Padel,5053,Court C,2026-09-23,14:00 - 15:00,125000,Available
2353_5053_15:00,2353,The Level 9 Padel,5053,Court C,2026-09-23,15:00 - 16:00,125000,Available
2353_5053_16:00,2353,The Level 9 Padel,5053,Court C,2026-09-23,16:00 - 17:00,150000,Available
2353_5067_12:00,2353,The Level 9 Padel,5067,Court D,2026-09-23,12:00 - 13:00,125000,Available
2353_5067_13:00,2353,The Level 9 Padel,5067,Court D,2026-09-23,13:00 - 14:00,125000,Available
2353_5067_14:00,2353,The Level 9 Padel,5067,Court D,2026-09-23,14:00 - 15:00,125000,Available
2353_5067_15:00,2353,The Level 9 Padel,5067,Court D,2026-09-23,15:00 - 16:00,125000,Available
2353_5067_16:00,2353,The Level 9 Padel,5067,Court D,2026-09-23,16:00 - 17:00,150000,Available
2353_5071_12:00,2353,The Level 9 Padel,5071,Court E > High Roof Membrane,2026-09-23,12:00 - 13:00,125000,Available
2353_5071_13:00,2353,The Level 9 Padel,5071,Court E > High Roof Membrane,2026-09-23,13:00 - 14:00,125000,Available
2353_5071_14:00,2353,The Level 9 Padel,5071,Court E > High Roof Membrane,2026-09-23,14:00 - 15:00,125000,Available
2353_5071_15:00,2353,The Level 9 Padel,5071,Court E > High Roof Membrane,2026-09-23,15:00 - 16:00,125000,Available
2353_5071_16:00,2353,The Level 9 Padel,5071,Court E > High Roof Membrane,2026-09-23,16:00 - 17:00,150000,Available
2353_5072_12:00,2353,The Level 9 Padel,5072,Court F > High Roof Membrane,2026-09-23,12:00 - 13:00,125000,Available
2353_5072_13:00,2353,The Level 9 Padel,5072,Court F > High Roof Membrane,2026-09-23,13:00 - 14:00,125000,Available
2353_5072_14:00,2353,The Level 9 Padel,5072,Court F > High Roof Membrane,2026-09-23,14:00 - 15:00,125000,Available
2353_5072_15:00,2353,The Level 9 Padel,5072,Court F > High Roof Membrane,2026-09-23,15:00 - 16:00,125000,Available
2353_5072_16:00,2353,The Level 9 Padel,5072,Court F > High Roof Membrane,2026-09-23,16:00 - 17:00,150000,Available
2353_5073_12:00,2353,The Level 9 Padel,5073,Court G,2026-09-23,12:00 - 13:00,125000,Available
2353_5073_13:00,2353,The Level 9 Padel,5073,Court G,2026-09-23,13:00 - 14:00,125000,Available
2353_5073_14:00,2353,The Level 9 Padel,5073,Court G,2026-09-23,14:00 - 15:00,125000,Available
2353_5073_15:00,2353,The Level 9 Padel,5073,Court G,2026-09-23,15:00 - 16:00,125000,Available
2353_5073_16:00,2353,The Level 9 Padel,5073,Court G,2026-09-23,16:00 - 17:00,150000,Available
2353_5076_12:00,2353,The Level 9 Padel,5076,Court H,2026-09-23,12:00 - 13:00,125000,Available
2353_5076_13:00,2353,The Level 9 Padel,5076,Court H,2026-09-23,13:00 - 14:00,125000,Available
2353_5076_14:00,2353,The Level 9 Padel,5076,Court H,2026-09-23,14:00 - 15:00,125000,Available
2353_5076_15:00,2353,The Level 9 Padel,5076,Court H,2026-09-23,15:00 - 16:00,125000,Available
2353_5076_16:00,2353,The Level 9 Padel,5076,Court H,2026-09-23,16:00 - 17:00,150000,Available
2353_5077_12:00,2353,The Level 9 Padel,5077,Court K,2026-09-23,12:00 - 13:00,125000,Available
2353_5077_13:00,2353,The Level 9 Padel,5077,Court K,2026-09-23,13:00 - 14:00,125000,Available
2353_5077_14:00,2353,The Level 9 Padel,5077,Court K,2026-09-23,14:00 - 15:00,125000,Available
2353_5077_15:00,2353,The Level 9 Padel,5077,Court K,2026-09-23,15:00 - 16:00,125000,Available
2353_5077_16:00,2353,The Level 9 Padel,5077,Court K,2026-09-23,16:00 - 17:00,150000,Available
3236_7926_12:00,3236,Kore Padel,7926,Centre Court,2026-09-23,12:00 - 13:00,200000,Available
3236_7926_13:00,3236,Kore Padel,7926,Centre Court,2026-09-23,13:00 - 14:00,200000,Available
3236_7926_14:00,3236,Kore Padel,7926,Centre Court,2026-09-23,14:00 - 15:00,200000,Available
3236_7926_15:00,3236,Kore Padel,7926,Centre Court,2026-09-23,15:00 - 16:00,200000,Booked
3236_7926_16:00,3236,Kore Padel,7926,Centre Court,2026-09-23,16:00 - 17:00,325000,Booked
3236_12630_12:00,3236,Kore Padel,12630,COURT 2,2026-09-23,12:00 - 13:00,200000,Available
3236_12630_13:00,3236,Kore Padel,12630,COURT 2,2026-09-23,13:00 - 14:00,200000,Available
3236_12630_14:00,3236,Kore Padel,12630,COURT 2,2026-09-23,14:00 - 15:00,200000,Available
3236_12630_15:00,3236,Kore Padel,12630,COURT 2,2026-09-23,15:00 - 16:00,200000,Booked
3236_12630_16:00,3236,Kore Padel,12630,COURT 2,2026-09-23,16:00 - 17:00,325000,Booked
3236_12634_12:00,3236,Kore Padel,12634,COURT 3,2026-09-23,12:00 - 13:00,200000,Available
3236_12634_13:00,3236,Kore Padel,12634,COURT 3,2026-09-23,13:00 - 14:00,200000,Available
3236_12634_14:00,3236,Kore Padel,12634,COURT 3,2026-09-23,14:00 - 15:00,200000,Available
3236_12634_15:00,3236,Kore Padel,12634,COURT 3,2026-09-23,15:00 - 16:00,200000,Available
3236_12634_16:00,3236,Kore Padel,12634,COURT 3,2026-09-23,16:00 - 17:00,325000,Available
3236_12635_12:00,3236,Kore Padel,12635,COURT 4,2026-09-23,12:00 - 13:00,200000,Available
3236_12635_13:00,3236,Kore Padel,12635,COURT 4,2026-09-23,13:00 - 14:00,200000,Available
3236_12635_14:00,3236,Kore Padel,12635,COURT 4,2026-09-23,14:00 - 15:00,200000,Available
3236_12635_15:00,3236,Kore Padel,12635,COURT 4,2026-09-23,15:00 - 16:00,200000,Available
3236_12635_16:00,3236,Kore Padel,12635,COURT 4,2026-09-23,16:00 - 17:00,325000,Available
3236_12636_12:00,3236,Kore Padel,12636,COURT 5,2026-09-23,12:00 - 13:00,200000,Available
3236_12636_13:00,3236,Kore Padel,12636,COURT 5,2026-09-23,13:00 - 14:00,200000,Available
3236_12636_14:00,3236,Kore Padel,12636,COURT 5,2026-09-23,14:00 - 15:00,200000,Available
3236_12636_15:00,3236,Kore Padel,12636,COURT 5,2026-09-23,15:00 - 16:00,200000,Available
3236_12636_16:00,3236,Kore Padel,12636,COURT 5,2026-09-23,16:00 - 17:00,325000,Available
3551_8764_12:00,3551,MAISON de PADEL,8764,PADEL VIP COURT,2026-09-23,12:00 - 13:00,275000,Available
3551_8764_13:00,3551,MAISON de PADEL,8764,PADEL VIP COURT,2026-09-23,13:00 - 14:00,275000,Available
3551_8764_14:00,3551,MAISON de PADEL,8764,PADEL VIP COURT,2026-09-23,14:00 - 15:00,275000,Available
3551_8764_15:00,3551,MAISON de PADEL,8764,PADEL VIP COURT,2026-09-23,15:00 - 16:00,275000,Available
3551_8764_16:00,3551,MAISON de PADEL,8764,PADEL VIP COURT,2026-09-23,16:00 - 17:00,450000,Available
3555_8782_12:00,3555,Di Atas Social Club - Lippo Mall Puri,8782,Padel Court 1,2026-09-23,12:00 - 13:00,195000,Available
3555_8782_13:00,3555,Di Atas Social Club - Lippo Mall Puri,8782,Padel Court 1,2026-09-23,13:00 - 14:00,195000,Available
3555_8782_14:00,3555,Di Atas Social Club - Lippo Mall Puri,8782,Padel Court 1,2026-09-23,14:00 - 15:00,195000,Available
3555_8782_15:00,3555,Di Atas Social Club - Lippo Mall Puri,8782,Padel Court 1,2026-09-23,15:00 - 16:00,195000,Available
3555_8782_16:00,3555,Di Atas Social Club - Lippo Mall Puri,8782,Padel Court 1,2026-09-23,16:00 - 17:00,280000,Available
3555_8835_12:00,3555,Di Atas Social Club - Lippo Mall Puri,8835,Padel Court 2,2026-09-23,12:00 - 13:00,195000,Available
3555_8835_13:00,3555,Di Atas Social Club - Lippo Mall Puri,8835,Padel Court 2,2026-09-23,13:00 - 14:00,195000,Available
3555_8835_14:00,3555,Di Atas Social Club - Lippo Mall Puri,8835,Padel Court 2,2026-09-23,14:00 - 15:00,195000,Available
3555_8835_15:00,3555,Di Atas Social Club - Lippo Mall Puri,8835,Padel Court 2,2026-09-23,15:00 - 16:00,195000,Available
3555_8835_16:00,3555,Di Atas Social Club - Lippo Mall Puri,8835,Padel Court 2,2026-09-23,16:00 - 17:00,280000,Available
3555_8836_12:00,3555,Di Atas Social Club - Lippo Mall Puri,8836,Padel Court 3,2026-09-23,12:00 - 13:00,195000,Available
3555_8836_13:00,3555,Di Atas Social Club - Lippo Mall Puri,8836,Padel Court 3,2026-09-23,13:00 - 14:00,195000,Available
3555_8836_14:00,3555,Di Atas Social Club - Lippo Mall Puri,8836,Padel Court 3,2026-09-23,14:00 - 15:00,195000,Available
3555_8836_15:00,3555,Di Atas Social Club - Lippo Mall Puri,8836,Padel Court 3,2026-09-23,15:00 - 16:00,195000,Available
3555_8836_16:00,3555,Di Atas Social Club - Lippo Mall Puri,8836,Padel Court 3,2026-09-23,16:00 - 17:00,280000,Available
3555_8837_12:00,3555,Di Atas Social Club - Lippo Mall Puri,8837,Padel Court R a,2026-09-23,12:00 - 13:00,195000,Available
3555_8837_13:00,3555,Di Atas Social Club - Lippo Mall Puri,8837,Padel Court R a,2026-09-23,13:00 - 14:00,195000,Available
3555_8837_14:00,3555,Di Atas Social Club - Lippo Mall Puri,8837,Padel Court R a,2026-09-23,14:00 - 15:00,195000,Available
3555_8837_15:00,3555,Di Atas Social Club - Lippo Mall Puri,8837,Padel Court R a,2026-09-23,15:00 - 16:00,195000,Available
3555_8837_16:00,3555,Di Atas Social Club - Lippo Mall Puri,8837,Padel Court R a,2026-09-23,16:00 - 17:00,280000,Available
3555_8838_12:00,3555,Di Atas Social Club - Lippo Mall Puri,8838,Padel Court R b,2026-09-23,12:00 - 13:00,195000,Available
3555_8838_13:00,3555,Di Atas Social Club - Lippo Mall Puri,8838,Padel Court R b,2026-09-23,13:00 - 14:00,195000,Available
3555_8838_14:00,3555,Di Atas Social Club - Lippo Mall Puri,8838,Padel Court R b,2026-09-23,14:00 - 15:00,195000,Available
3555_8838_15:00,3555,Di Atas Social Club - Lippo Mall Puri,8838,Padel Court R b,2026-09-23,15:00 - 16:00,195000,Available
3555_8838_16:00,3555,Di Atas Social Club - Lippo Mall Puri,8838,Padel Court R b,2026-09-23,16:00 - 17:00,280000,Available
3555_8783_12:00,3555,Di Atas Social Club - Lippo Mall Puri,8783,Pickleball Court 1,2026-09-23,12:00 - 13:00,195000,Available
3555_8783_13:00,3555,Di Atas Social Club - Lippo Mall Puri,8783,Pickleball Court 1,2026-09-23,13:00 - 14:00,195000,Available
3555_8783_14:00,3555,Di Atas Social Club - Lippo Mall Puri,8783,Pickleball Court 1,2026-09-23,14:00 - 15:00,195000,Available
3555_8783_15:00,3555,Di Atas Social Club - Lippo Mall Puri,8783,Pickleball Court 1,2026-09-23,15:00 - 16:00,195000,Available
3555_8783_16:00,3555,Di Atas Social Club - Lippo Mall Puri,8783,Pickleball Court 1,2026-09-23,16:00 - 17:00,225000,Available
3555_8956_12:00,3555,Di Atas Social Club - Lippo Mall Puri,8956,Pickleball Court 2,2026-09-23,12:00 - 13:00,195000,Available
3555_8956_13:00,3555,Di Atas Social Club - Lippo Mall Puri,8956,Pickleball Court 2,2026-09-23,13:00 - 14:00,195000,Available
3555_8956_14:00,3555,Di Atas Social Club - Lippo Mall Puri,8956,Pickleball Court 2,2026-09-23,14:00 - 15:00,195000,Available
3555_8956_15:00,3555,Di Atas Social Club - Lippo Mall Puri,8956,Pickleball Court 2,2026-09-23,15:00 - 16:00,195000,Available
3555_8956_16:00,3555,Di Atas Social Club - Lippo Mall Puri,8956,Pickleball Court 2,2026-09-23,16:00 - 17:00,225000,Available
3555_8957_12:00,3555,Di Atas Social Club - Lippo Mall Puri,8957,Pickleball Court 3,2026-09-23,12:00 - 13:00,195000,Available
3555_8957_13:00,3555,Di Atas Social Club - Lippo Mall Puri,8957,Pickleball Court 3,2026-09-23,13:00 - 14:00,195000,Available
3555_8957_14:00,3555,Di Atas Social Club - Lippo Mall Puri,8957,Pickleball Court 3,2026-09-23,14:00 - 15:00,195000,Available
3555_8957_15:00,3555,Di Atas Social Club - Lippo Mall Puri,8957,Pickleball Court 3,2026-09-23,15:00 - 16:00,195000,Available
3555_8957_16:00,3555,Di Atas Social Club - Lippo Mall Puri,8957,Pickleball Court 3,2026-09-23,16:00 - 17:00,225000,Available
3555_8958_12:00,3555,Di Atas Social Club - Lippo Mall Puri,8958,Pickleball Court 4,2026-09-23,12:00 - 13:00,195000,Available
3555_8958_13:00,3555,Di Atas Social Club - Lippo Mall Puri,8958,Pickleball Court 4,2026-09-23,13:00 - 14:00,195000,Available
3555_8958_14:00,3555,Di Atas Social Club - Lippo Mall Puri,8958,Pickleball Court 4,2026-09-23,14:00 - 15:00,195000,Available
3555_8958_15:00,3555,Di Atas Social Club - Lippo Mall Puri,8958,Pickleball Court 4,2026-09-23,15:00 - 16:00,195000,Available
3555_8958_16:00,3555,Di Atas Social Club - Lippo Mall Puri,8958,Pickleball Court 4,2026-09-23,16:00 - 17:00,225000,Available
4411_11013_17:00,4411,Deuce Arena,11013,Padel Court A,2026-09-23,17:00 - 18:00,120000,Available
4411_11617_17:00,4411,Deuce Arena,11617,Padel Court B,2026-09-23,17:00 - 18:00,120000,Available
4411_11618_17:00,4411,Deuce Arena,11618,Padel Court C,2026-09-23,17:00 - 18:00,120000,Available
4411_11621_17:00,4411,Deuce Arena,11621,Doubles Court 1,2026-09-23,17:00 - 18:00,250000,Available
4411_11622_17:00,4411,Deuce Arena,11622,Doubles Court 2,2026-09-23,17:00 - 18:00,250000,Available
4411_11619_17:00,4411,Deuce Arena,11619,Singles Court 1,2026-09-23,17:00 - 18:00,200000,Booked
4411_11620_17:00,4411,Deuce Arena,11620,Singles Court 2,2026-09-23,17:00 - 18:00,200000,Available
2422_5202_17:00,2422,Nordic Courts,5202,Tennis 1,2026-09-23,17:00 - 18:00,250000,Booked
2422_7140_17:00,2422,Nordic Courts,7140,Tennis 2,2026-09-23,17:00 - 18:00,250000,Booked
2422_5205_17:00,2422,Nordic Courts,5205,Padel A,2026-09-23,17:00 - 18:00,99000,Booked
2422_7149_17:00,2422,Nordic Courts,7149,Padel B,2026-09-23,17:00 - 18:00,99000,Booked
2422_7150_17:00,2422,Nordic Courts,7150,Padel C,2026-09-23,17:00 - 18:00,99000,Available
2422_7151_17:00,2422,Nordic Courts,7151,Padel D,2026-09-23,17:00 - 18:00,99000,Available
2110_4356_17:00,2110,Hobi Padel Meruya,4356,Court 1,2026-09-23,17:00 - 18:00,118000,Booked
2110_6157_17:00,2110,Hobi Padel Meruya,6157,Court 2,2026-09-23,17:00 - 18:00,118000,Booked
2110_6158_17:00,2110,Hobi Padel Meruya,6158,Court 3,2026-09-23,17:00 - 18:00,118000,Booked
2110_6159_17:00,2110,Hobi Padel Meruya,6159,Court 4,2026-09-23,17:00 - 18:00,118000,Booked
2415_5095_17:00,2415,Padelin,5095,Court 1,2026-09-23,17:00 - 18:00,200000,Booked
2415_7551_17:00,2415,Padelin,7551,Court 2,2026-09-23,17:00 - 18:00,200000,Booked
2415_7552_17:00,2415,Padelin,7552,Court 3,2026-09-23,17:00 - 18:00,200000,Booked
1113_2242_17:00,1113,Sunday Padel - Meruya,2242,Court 1,2026-09-23,17:00 - 18:00,99000,Available
1113_2246_17:00,1113,Sunday Padel - Meruya,2246,Court 2,2026-09-23,17:00 - 18:00,99000,Available
1113_2247_17:00,1113,Sunday Padel - Meruya,2247,Court 3,2026-09-23,17:00 - 18:00,99000,Available
1113_2248_17:00,1113,Sunday Padel - Meruya,2248,Court 4,2026-09-23,17:00 - 18:00,99000,Available
1113_2249_17:00,1113,Sunday Padel - Meruya,2249,Court 5,2026-09-23,17:00 - 18:00,99000,Available
3308_8017_17:00,3308,Angke Padel,8017,Court A,2026-09-23,17:00 - 19:00,150000,Available
3308_8333_17:00,3308,Angke Padel,8333,Court B,2026-09-23,17:00 - 19:00,150000,Booked
3308_8334_17:00,3308,Angke Padel,8334,Court C,2026-09-23,17:00 - 19:00,150000,Available
3308_8335_17:00,3308,Angke Padel,8335,Court D,2026-09-23,17:00 - 19:00,150000,Available
3308_8336_17:00,3308,Angke Padel,8336,Court E,2026-09-23,17:00 - 18:00,75000,Booked
3308_8337_17:00,3308,Angke Padel,8337,Court F,2026-09-23,17:00 - 18:00,75000,Available
3358_8176_17:00,3358,Kaia Padel Reserve,8176,Court A (Green),2026-09-23,17:00 - 18:00,125000,Booked
3358_8193_17:00,3358,Kaia Padel Reserve,8193,Court B (Terracotta),2026-09-23,17:00 - 18:00,125000,Booked
3358_8194_17:00,3358,Kaia Padel Reserve,8194,Court C (Green),2026-09-23,17:00 - 18:00,125000,Available
3358_8195_17:00,3358,Kaia Padel Reserve,8195,Court D (Terracotta),2026-09-23,17:00 - 18:00,125000,Available
3358_8196_17:00,3358,Kaia Padel Reserve,8196,Court E (Green),2026-09-23,17:00 - 18:00,125000,Available
4053_10011_17:00,4053,Nice Padel,10011,Court 1,2026-09-23,17:00 - 18:00,99000,Available
4053_10012_17:00,4053,Nice Padel,10012,Court 2,2026-09-23,17:00 - 18:00,99000,Available
4244_10884_17:00,4244,Mono House,10884,Court 1,2026-09-23,17:00 - 18:00,225000,Available
4244_10885_17:00,4244,Mono House,10885,Court 2,2026-09-23,17:00 - 18:00,225000,Available
2958_6927_17:00,2958,Go 2 Padel,6927,Court 1 (Blue),2026-09-23,17:00 - 18:00,60000,Available
2958_7798_17:00,2958,Go 2 Padel,7798,Court 2 (Pink),2026-09-23,17:00 - 18:00,60000,Available
2906_6677_17:00,2906,Padel Quarter,6677,Elite Court,2026-09-23,17:00 - 18:00,100000,Available
2906_6678_17:00,2906,Padel Quarter,6678,Court 1,2026-09-23,17:00 - 18:00,90000,Available
2906_6679_17:00,2906,Padel Quarter,6679,Court 2,2026-09-23,17:00 - 18:00,90000,Booked
2906_6680_17:00,2906,Padel Quarter,6680,Court 3,2026-09-23,17:00 - 18:00,90000,Booked
3232_8048_17:00,3232,Powerhouse Padel AZURE Taman Surya,8048,Court A,2026-09-23,17:00 - 18:00,75000,Available
3232_8132_17:00,3232,Powerhouse Padel AZURE Taman Surya,8132,Court B,2026-09-23,17:00 - 18:00,75000,Available
3232_8133_17:00,3232,Powerhouse Padel AZURE Taman Surya,8133,Court C,2026-09-23,17:00 - 18:00,75000,Available
3232_8134_17:00,3232,Powerhouse Padel AZURE Taman Surya,8134,Court D,2026-09-23,17:00 - 18:00,75000,Booked
2317_4859_17:00,2317,CPH Citra Padel House,4859,Court 1,2026-09-23,17:00 - 18:00,75000,Available
2317_4860_17:00,2317,CPH Citra Padel House,4860,Court 2,2026-09-23,17:00 - 18:00,75000,Available
2317_4861_17:00,2317,CPH Citra Padel House,4861,Court 3,2026-09-23,17:00 - 18:00,75000,Available
4333_11147_17:00,4333,Seven Stars Arena,11147,Court A,2026-09-23,17:00 - 18:00,220000,Available
4333_11148_17:00,4333,Seven Stars Arena,11148,Court B,2026-09-23,17:00 - 18:00,220000,Available
4333_11149_17:00,4333,Seven Stars Arena,11149,Court C,2026-09-23,17:00 - 18:00,220000,Available
4333_11150_17:00,4333,Seven Stars Arena,11150,Court D,2026-09-23,17:00 - 18:00,220000,Available
1930_6855_17:00,1930,PADELGROUNDS - MERUYA,6855,COURT A,2026-09-23,17:00 - 18:00,99000,Available
1930_6856_17:00,1930,PADELGROUNDS - MERUYA,6856,COURT B,2026-09-23,17:00 - 18:00,99000,Available
1930_6857_17:00,1930,PADELGROUNDS - MERUYA,6857,COURT C,2026-09-23,17:00 - 18:00,99000,Available
1930_3955_17:00,1930,PADELGROUNDS - MERUYA,3955,COURT D,2026-09-23,17:00 - 18:00,99000,Available
3416_8364_17:00,3416,Cosmo Padel,8364,Court 1,2026-09-23,17:00 - 18:00,250000,Available
3416_8865_17:00,3416,Cosmo Padel,8865,Court 2,2026-09-23,17:00 - 18:00,275000,Booked
1368_2569_17:00,1368,Vlocity Arena,2569,Tennis 1,2026-09-23,17:00 - 18:00,330000,Booked
1368_2593_17:00,1368,Vlocity Arena,2593,Tennis 2,2026-09-23,17:00 - 18:00,330000,Available
1368_2596_17:00,1368,Vlocity Arena,2596,Padel Grandstand,2026-09-23,17:00 - 18:00,137500,Available
1368_2597_17:00,1368,Vlocity Arena,2597,Padel 1,2026-09-23,17:00 - 18:00,137500,Available
1368_2598_17:00,1368,Vlocity Arena,2598,Padel 2,2026-09-23,17:00 - 18:00,137500,Available
1368_2599_17:00,1368,Vlocity Arena,2599,Padel 3,2026-09-23,17:00 - 18:00,137500,Available
1368_2600_17:00,1368,Vlocity Arena,2600,Padel 4,2026-09-23,17:00 - 18:00,137500,Available
1368_2601_17:00,1368,Vlocity Arena,2601,Padel 5,2026-09-23,17:00 - 18:00,137500,Available
1368_2595_17:00,1368,Vlocity Arena,2595,Badminton 1,2026-09-23,17:00 - 18:00,128000,Available
1368_2594_17:00,1368,Vlocity Arena,2594,Badminton 2,2026-09-23,17:00 - 18:00,128000,Available
1628_9721_17:00,1628,Anwa Racquet Privé (ex Anwa Tennis Club),9721,Court 1,2026-09-23,17:00 - 18:00,249000,Available
1628_9722_17:00,1628,Anwa Racquet Privé (ex Anwa Tennis Club),9722,Court 2,2026-09-23,17:00 - 18:00,249000,Available
1628_9723_17:00,1628,Anwa Racquet Privé (ex Anwa Tennis Club),9723,Court 3,2026-09-23,17:00 - 18:00,249000,Available
1628_10523_17:00,1628,Anwa Racquet Privé (ex Anwa Tennis Club),10523,Mahjong 1,2026-09-23,17:00 - 18:00,200000,Available
1628_10524_17:00,1628,Anwa Racquet Privé (ex Anwa Tennis Club),10524,Mahjong 2,2026-09-23,17:00 - 18:00,200000,Available
1628_10525_17:00,1628,Anwa Racquet Privé (ex Anwa Tennis Club),10525,Mahjong 3,2026-09-23,17:00 - 18:00,200000,Available
1628_10526_17:00,1628,Anwa Racquet Privé (ex Anwa Tennis Club),10526,Mahjong 4,2026-09-23,17:00 - 18:00,200000,Available
1628_3306_17:00,1628,Anwa Racquet Privé (ex Anwa Tennis Club),3306,Love,2026-09-23,17:00 - 18:00,300000,Booked
1628_3308_17:00,1628,Anwa Racquet Privé (ex Anwa Tennis Club),3308,Hope,2026-09-23,17:00 - 18:00,300000,Booked
1628_3307_17:00,1628,Anwa Racquet Privé (ex Anwa Tennis Club),3307,Faith,2026-09-23,17:00 - 18:00,300000,Booked
3064_7631_17:00,3064,Country Club | Padel & Lounge,7631,Court 1,2026-09-23,17:00 - 18:00,200000,Available
3064_7706_17:00,3064,Country Club | Padel & Lounge,7706,Court 2,2026-09-23,17:00 - 18:00,200000,Available
1922_4080_17:00,1922,Kobana Padel,4080,Court 1,2026-09-23,17:00 - 18:00,240000,Available
1922_4272_17:00,1922,Kobana Padel,4272,Court 2,2026-09-23,17:00 - 18:00,240000,Available
1922_4273_17:00,1922,Kobana Padel,4273,Court 3,2026-09-23,17:00 - 18:00,240000,Available
1300_2682_17:00,1300,The Citadel,2682,Court 1 - Purple,2026-09-23,17:00 - 18:00,250000,Available
1300_7171_17:00,1300,The Citadel,7171,Court 2,2026-09-23,17:00 - 18:00,250000,Available
1300_7172_17:00,1300,The Citadel,7172,Court 3,2026-09-23,17:00 - 18:00,250000,Available
1300_7173_17:00,1300,The Citadel,7173,Court 4,2026-09-23,17:00 - 18:00,250000,Available
1300_11427_17:00,1300,The Citadel,11427,Court A,2026-09-23,17:00 - 18:00,330000,Booked
1300_11428_17:00,1300,The Citadel,11428,Court B,2026-09-23,17:00 - 18:00,330000,Booked
2519_5434_17:00,2519,Hachi Padel Puri Indah Jakarta,5434,Court 1,2026-09-23,17:00 - 18:00,288000,Booked
2519_5435_17:00,2519,Hachi Padel Puri Indah Jakarta,5435,Court 2,2026-09-23,17:00 - 18:00,288000,Booked
2519_5436_17:00,2519,Hachi Padel Puri Indah Jakarta,5436,Court 3,2026-09-23,17:00 - 18:00,288000,Booked
2519_5437_17:00,2519,Hachi Padel Puri Indah Jakarta,5437,Court 4,2026-09-23,17:00 - 18:00,288000,Booked
3139_7379_17:00,3139,PIPC - Play In Padel Collective - Srengseng,7379,Court 1,2026-09-23,17:00 - 18:00,99000,Available
3139_7380_17:00,3139,PIPC - Play In Padel Collective - Srengseng,7380,Court 2,2026-09-23,17:00 - 18:00,99000,Available
3139_7381_17:00,3139,PIPC - Play In Padel Collective - Srengseng,7381,Court 3,2026-09-23,17:00 - 18:00,99000,Available
3139_7382_17:00,3139,PIPC - Play In Padel Collective - Srengseng,7382,Court 4,2026-09-23,17:00 - 18:00,99000,Available
3139_7383_17:00,3139,PIPC - Play In Padel Collective - Srengseng,7383,Court 5,2026-09-23,17:00 - 18:00,99000,Available
3139_7384_17:00,3139,PIPC - Play In Padel Collective - Srengseng,7384,Court 6,2026-09-23,17:00 - 18:00,187500,Available
4103_10155_17:00,4103,Golcindo Padel Club,10155,Court 1,2026-09-23,17:00 - 18:00,99000,Booked
4103_10156_17:00,4103,Golcindo Padel Club,10156,Court 2,2026-09-23,17:00 - 18:00,99000,Available
1155_2027_17:00,1155,Homeground Padel Premiere Kedoya,2027,Court A,2026-09-23,17:00 - 18:00,250000,Available
1155_2028_17:00,1155,Homeground Padel Premiere Kedoya,2028,Court B,2026-09-23,17:00 - 18:00,250000,Available
1252_2257_17:00,1252,Padel One Club,2257,Court A,2026-09-23,17:00 - 18:00,250000,Booked
1252_2259_17:00,1252,Padel One Club,2259,Court B,2026-09-23,17:00 - 18:00,250000,Booked
1252_2260_17:00,1252,Padel One Club,2260,Court C,2026-09-23,17:00 - 18:00,250000,Booked
1252_2261_17:00,1252,Padel One Club,2261,Court D,2026-09-23,17:00 - 18:00,250000,Available
3854_10231_17:00,3854,Malta Padel Club,10231,Court 1,2026-09-23,17:00 - 18:00,200000,Available
3854_10232_17:00,3854,Malta Padel Club,10232,Court 2,2026-09-23,17:00 - 18:00,200000,Available
3854_10233_17:00,3854,Malta Padel Club,10233,Court 3,2026-09-23,17:00 - 18:00,200000,Available
3854_9463_17:00,3854,Malta Padel Club,9463,Centre Court,2026-09-23,17:00 - 18:00,200000,Available
3854_10234_17:00,3854,Malta Padel Club,10234,Court 5,2026-09-23,17:00 - 18:00,200000,Available
2792_6416_17:00,2792,Donkey Padel,6416,Court 1,2026-09-23,17:00 - 18:00,149000,Booked
2792_6439_17:00,2792,Donkey Padel,6439,Court 2,2026-09-23,17:00 - 18:00,149000,Available
2870_6534_17:00,2870,Ace Padel Club (APC) - Jalan Panjang Kedoya,6534,Court 1 - Jenius,2026-09-23,17:00 - 18:00,220000,Booked
2870_6573_17:00,2870,Ace Padel Club (APC) - Jalan Panjang Kedoya,6573,Court 2,2026-09-23,17:00 - 18:00,220000,Booked
2870_6574_17:00,2870,Ace Padel Club (APC) - Jalan Panjang Kedoya,6574,Court 3,2026-09-23,17:00 - 18:00,220000,Available
2870_6575_17:00,2870,Ace Padel Club (APC) - Jalan Panjang Kedoya,6575,Court 4,2026-09-23,17:00 - 18:00,220000,Available
2870_6576_17:00,2870,Ace Padel Club (APC) - Jalan Panjang Kedoya,6576,Court 5,2026-09-23,17:00 - 18:00,220000,Available
2870_6539_17:00,2870,Ace Padel Club (APC) - Jalan Panjang Kedoya,6539,Private Recovery,2026-09-23,17:00 - 18:00,100000,Available
2617_6948_17:00,2617,JC Padel Kedoya,6948,Purple Court,2026-09-23,17:00 - 18:00,140000,Available
2617_6949_17:00,2617,JC Padel Kedoya,6949,Blue Court,2026-09-23,17:00 - 18:00,140000,Available
4519_11488_17:00,4519,SERA COMMUNITY CLUB,11488,Court 1 - Sera Community Club,2026-09-23,17:00 - 18:00,165000,Available
4519_11580_17:00,4519,SERA COMMUNITY CLUB,11580,Court 2 - Sera Community Club,2026-09-23,17:00 - 18:00,165000,Booked
1678_4890_17:00,1678,Padel Spot,4890,Court 1,2026-09-23,17:00 - 18:00,200000,Available
1678_9151_17:00,1678,Padel Spot,9151,Court 2,2026-09-23,17:00 - 18:00,200000,Booked
1678_9179_17:00,1678,Padel Spot,9179,Court 3,2026-09-23,17:00 - 18:00,200000,Available
1678_9180_17:00,1678,Padel Spot,9180,Court 4,2026-09-23,17:00 - 18:00,200000,Available
1678_9181_17:00,1678,Padel Spot,9181,Court 5,2026-09-23,17:00 - 18:00,200000,Available
1678_9182_17:00,1678,Padel Spot,9182,Court 6,2026-09-23,17:00 - 18:00,200000,Available
1982_4103_17:00,1982,Glass House Padel,4103,Court 1,2026-09-23,17:00 - 18:00,288000,Booked
1982_5447_17:00,1982,Glass House Padel,5447,Court 2,2026-09-23,17:00 - 18:00,288000,Booked
1982_11671_17:00,1982,Glass House Padel,11671,Mahjong KONG,2026-09-23,17:00 - 18:00,90000,Available
1982_12777_17:00,1982,Glass House Padel,12777,Mahjong PONG,2026-09-23,17:00 - 18:00,90000,Available
614_935_17:00,614,Homeground Padel Kedoya,935,Court 1 Outdoor,2026-09-23,17:00 - 18:00,125000,Available
614_936_17:00,614,Homeground Padel Kedoya,936,Court 2 Roof,2026-09-23,17:00 - 18:00,200000,Available
614_937_17:00,614,Homeground Padel Kedoya,937,Court 3 Roof,2026-09-23,17:00 - 18:00,200000,Available
614_938_17:00,614,Homeground Padel Kedoya,938,Court 4 Roof,2026-09-23,17:00 - 18:00,200000,Available
1812_3895_17:00,1812,Terra Padel Court,3895,Court A,2026-09-23,17:00 - 18:00,99000,Available
1812_7091_17:00,1812,Terra Padel Court,7091,Court B,2026-09-23,17:00 - 18:00,99000,Available
4044_10194_17:00,4044,De Luz Padel,10194,Court 1,2026-09-23,17:00 - 18:00,180000,Available
4044_10994_17:00,4044,De Luz Padel,10994,Court 2,2026-09-23,17:00 - 18:00,180000,Booked
4044_10995_17:00,4044,De Luz Padel,10995,Court 3,2026-09-23,17:00 - 18:00,180000,Available
4044_10996_17:00,4044,De Luz Padel,10996,Court 4,2026-09-23,17:00 - 18:00,180000,Available
4044_10997_17:00,4044,De Luz Padel,10997,Court 5,2026-09-23,17:00 - 18:00,180000,Available
4044_10199_17:00,4044,De Luz Padel,10199,VIP Court,2026-09-23,17:00 - 18:00,180000,Available
4044_10200_17:00,4044,De Luz Padel,10200,Pickleball,2026-09-23,17:00 - 18:00,80000,Available
1262_2281_17:00,1262,EZ Padel Tomang,2281,Court A,2026-09-23,17:00 - 18:00,348999,Booked
1262_2479_17:00,1262,EZ Padel Tomang,2479,Court B,2026-09-23,17:00 - 18:00,348999,Booked
1262_2480_17:00,1262,EZ Padel Tomang,2480,Court C,2026-09-23,17:00 - 18:00,348999,Available
1262_2481_17:00,1262,EZ Padel Tomang,2481,Court D,2026-09-23,17:00 - 18:00,348999,Available
1837_3742_17:00,1837,Tinny Padel,3742,COURT VIP Super Panoramic,2026-09-23,17:00 - 18:00,125000,Booked
1214_2221_17:00,1214,Orange Garden Padel Club,2221,Court 1,2026-09-23,17:00 - 18:00,135000,Available
1214_2227_17:00,1214,Orange Garden Padel Club,2227,Court 2,2026-09-23,17:00 - 18:00,135000,Available
1214_2228_17:00,1214,Orange Garden Padel Club,2228,Court 3,2026-09-23,17:00 - 18:00,135000,Available
1214_2229_17:00,1214,Orange Garden Padel Club,2229,Court 4,2026-09-23,17:00 - 18:00,135000,Available
2246_5096_17:00,2246,Padeloo,5096,Court 1,2026-09-23,17:00 - 18:00,195000,Booked
2246_9263_17:00,2246,Padeloo,9263,Court 2,2026-09-23,17:00 - 18:00,195000,Booked
2246_9264_17:00,2246,Padeloo,9264,Court 3,2026-09-23,17:00 - 18:00,195000,Available
2476_5358_17:00,2476,Padel On Mars,5358,Court 1,2026-09-23,17:00 - 18:00,135000,Available
2476_5809_17:00,2476,Padel On Mars,5809,Court 2,2026-09-23,17:00 - 18:00,135000,Available
1785_3635_17:00,1785,Badel Padel,3635,Ppc 1,2026-09-23,17:00 - 18:00,125000,Booked
1785_4467_17:00,1785,Badel Padel,4467,Ppc 2,2026-09-23,17:00 - 18:00,125000,Booked
1785_4468_17:00,1785,Badel Padel,4468,Ppc 3,2026-09-23,17:00 - 18:00,125000,Available
1785_4469_17:00,1785,Badel Padel,4469,Ppc 4,2026-09-23,17:00 - 18:00,125000,Available
3387_8243_17:00,3387,Tangkas Padel,8243,Court 1,2026-09-23,17:00 - 18:00,200000,Available
3387_8244_17:00,3387,Tangkas Padel,8244,Court 2,2026-09-23,17:00 - 18:00,200000,Available
3387_8245_17:00,3387,Tangkas Padel,8245,Court 3,2026-09-23,17:00 - 18:00,200000,Available
2015_4169_17:00,2015,Xcite Padel,4169,Court 1,2026-09-23,17:00 - 18:00,230000,Booked
2015_9987_17:00,2015,Xcite Padel,9987,Court 2,2026-09-23,17:00 - 18:00,230000,Available
2015_9988_17:00,2015,Xcite Padel,9988,Court 3,2026-09-23,17:00 - 18:00,230000,Booked
2015_9989_17:00,2015,Xcite Padel,9989,Court 4,2026-09-23,17:00 - 18:00,230000,Booked
2645_5795_17:00,2645,Tennis Padel Matic Mal Ciputra,5795,Court Padel (blue),2026-09-23,17:00 - 18:00,120000,Available
2645_5796_17:00,2645,Tennis Padel Matic Mal Ciputra,5796,Court Padel (yellow),2026-09-23,17:00 - 18:00,140000,Available
2645_5797_17:00,2645,Tennis Padel Matic Mal Ciputra,5797,Court Padel (green),2026-09-23,17:00 - 18:00,140000,Available
2645_5798_17:00,2645,Tennis Padel Matic Mal Ciputra,5798,Court Padel (purple),2026-09-23,17:00 - 18:00,140000,Available
2645_5799_17:00,2645,Tennis Padel Matic Mal Ciputra,5799,Court Padel ( Pink),2026-09-23,17:00 - 18:00,108000,Available
1542_6003_17:00,1542,Stone Padel - Citra Garden City,6003,Court 1,2026-09-23,17:00 - 18:00,200000,Available
1542_6004_17:00,1542,Stone Padel - Citra Garden City,6004,Court 2,2026-09-23,17:00 - 18:00,200000,Available
1542_6005_17:00,1542,Stone Padel - Citra Garden City,6005,Court 3,2026-09-23,17:00 - 18:00,200000,Available
1542_3115_17:00,1542,Stone Padel - Citra Garden City,3115,Private Court,2026-09-23,17:00 - 18:00,200000,Available
1563_3171_17:00,1563,Daily Court,3171,Tennis Outdoor Court,2026-09-23,17:00 - 18:00,210000,Booked
1563_3645_17:00,1563,Daily Court,3645,Padel - A,2026-09-23,17:00 - 18:00,175000,Available
1563_3174_17:00,1563,Daily Court,3174,Padel - B,2026-09-23,17:00 - 18:00,175000,Available
1563_3175_17:00,1563,Daily Court,3175,Padel - C,2026-09-23,17:00 - 18:00,175000,Available
1563_3176_17:00,1563,Daily Court,3176,Padel - D,2026-09-23,17:00 - 18:00,175000,Available
1563_3177_17:00,1563,Daily Court,3177,Padel - E,2026-09-23,17:00 - 18:00,175000,Available
1222_2858_17:00,1222,Westside Padel,2858,Court 1,2026-09-23,17:00 - 18:00,275000,Booked
1222_3303_17:00,1222,Westside Padel,3303,Court 2,2026-09-23,17:00 - 18:00,275000,Booked
1222_3304_17:00,1222,Westside Padel,3304,Court 3,2026-09-23,17:00 - 18:00,275000,Booked
1222_3305_17:00,1222,Westside Padel,3305,Court 4,2026-09-23,17:00 - 18:00,275000,Booked
2711_6021_17:00,2711,Coco Padel Court Jakarta,6021,Court 1,2026-09-23,17:00 - 18:00,115000,Available
2711_6022_17:00,2711,Coco Padel Court Jakarta,6022,Court 2,2026-09-23,17:00 - 18:00,115000,Available
2711_6023_17:00,2711,Coco Padel Court Jakarta,6023,Court 3,2026-09-23,17:00 - 18:00,115000,Booked
2997_7157_17:00,2997,"KALMA Social Club - Jl. Panjang, Kedoya",7157,Court 1 Padel,2026-09-23,17:00 - 18:00,399000,Available
2997_7158_17:00,2997,"KALMA Social Club - Jl. Panjang, Kedoya",7158,Court 2 Padel (Center Court),2026-09-23,17:00 - 18:00,399000,Available
2997_7159_17:00,2997,"KALMA Social Club - Jl. Panjang, Kedoya",7159,Court 3 Padel,2026-09-23,17:00 - 18:00,399000,Available
2997_7160_17:00,2997,"KALMA Social Club - Jl. Panjang, Kedoya",7160,Court 4 Padel,2026-09-23,17:00 - 18:00,399000,Available
2997_7161_17:00,2997,"KALMA Social Club - Jl. Panjang, Kedoya",7161,Private Indoor Pickleball Court,2026-09-23,17:00 - 18:00,170000,Available
1406_2702_17:00,1406,Boss Padel - Kedoya,2702,Court 1,2026-09-23,17:00 - 18:00,250000,Booked
1406_2780_17:00,1406,Boss Padel - Kedoya,2780,My BCA Court,2026-09-23,17:00 - 18:00,250000,Booked
1406_2781_17:00,1406,Boss Padel - Kedoya,2781,BRImo Court,2026-09-23,17:00 - 18:00,250000,Booked
1406_2782_17:00,1406,Boss Padel - Kedoya,2782,Tolak Linu Court,2026-09-23,17:00 - 18:00,250000,Booked
1406_2783_17:00,1406,Boss Padel - Kedoya,2783,C+ Collagen Court,2026-09-23,17:00 - 18:00,150000,Booked
1590_3222_17:00,1590,KSC Racquet Club,3222,Tennis Court 1 - Semi Indoor New,2026-09-23,17:00 - 18:00,305000,Booked
1590_3223_17:00,1590,KSC Racquet Club,3223,Tennis Court 2 - Semi Indoor New,2026-09-23,17:00 - 18:00,305000,Booked
1590_3224_17:00,1590,KSC Racquet Club,3224,Tennis Court - Indoor Private,2026-09-23,17:00 - 18:00,300000,Booked
1590_3226_17:00,1590,KSC Racquet Club,3226,Padel Court A - Tribun,2026-09-23,17:00 - 18:00,245000,Available
1590_7562_17:00,1590,KSC Racquet Club,7562,Padel Court B,2026-09-23,17:00 - 18:00,245000,Available
1590_7563_17:00,1590,KSC Racquet Club,7563,Padel Court C,2026-09-23,17:00 - 18:00,245000,Available
1590_7564_17:00,1590,KSC Racquet Club,7564,Padel Court D,2026-09-23,17:00 - 18:00,245000,Available
3116_7673_17:00,3116,Social Field,7673,Panoramic Court 1,2026-09-23,17:00 - 18:00,249000,Available
3116_8054_17:00,3116,Social Field,8054,Panoramic Court 2,2026-09-23,17:00 - 18:00,249000,Available
3116_8059_17:00,3116,Social Field,8059,OKX Super Panoramic Court 3,2026-09-23,17:00 - 18:00,299000,Available
3116_8060_17:00,3116,Social Field,8060,OKX Super Panoramic Court 4,2026-09-23,17:00 - 18:00,299000,Available
3116_8055_17:00,3116,Social Field,8055,Panoramic Court 5,2026-09-23,17:00 - 18:00,249000,Available
3116_8056_17:00,3116,Social Field,8056,Panoramic Court 6,2026-09-23,17:00 - 18:00,249000,Available
3116_8057_17:00,3116,Social Field,8057,Panoramic Court 7,2026-09-23,17:00 - 18:00,249000,Available
3116_8058_17:00,3116,Social Field,8058,Panoramic Court 8,2026-09-23,17:00 - 18:00,249000,Available
2177_6932_17:00,2177,La Chiquita Padel,6932,Court 1,2026-09-23,17:00 - 18:00,300000,Booked
2177_8225_17:00,2177,La Chiquita Padel,8225,Court 2,2026-09-23,17:00 - 18:00,300000,Booked
2935_7044_17:00,2935,ZEN PADEL,7044,Court 1 - Matcha,2026-09-23,17:00 - 18:00,68000,Available
2506_5391_17:00,2506,Padel Meruya Airdome,5391,Court 1,2026-09-23,17:00 - 18:00,399000,Available
2506_10503_17:00,2506,Padel Meruya Airdome,10503,Court 2,2026-09-23,17:00 - 18:00,399000,Available
2506_10504_17:00,2506,Padel Meruya Airdome,10504,Court 3,2026-09-23,17:00 - 18:00,399000,Available
2506_10505_17:00,2506,Padel Meruya Airdome,10505,Court 4,2026-09-23,17:00 - 18:00,399000,Available
2506_10506_17:00,2506,Padel Meruya Airdome,10506,Court 5,2026-09-23,17:00 - 18:00,399000,Available
2506_10507_17:00,2506,Padel Meruya Airdome,10507,Court 6,2026-09-23,17:00 - 18:00,399000,Available
2008_4108_17:00,2008,Sini Padel Court,4108,Court 1,2026-09-23,17:00 - 18:00,195000,Available
2008_5386_17:00,2008,Sini Padel Court,5386,Court 2,2026-09-23,17:00 - 18:00,195000,Available
2008_5387_17:00,2008,Sini Padel Court,5387,Court 3,2026-09-23,17:00 - 18:00,195000,Available
2008_11906_17:00,2008,Sini Padel Court,11906,Mahjong 1 (Manual),2026-09-23,17:00 - 18:00,125000,Available
2008_11907_17:00,2008,Sini Padel Court,11907,Mahjong 2 (Manual),2026-09-23,17:00 - 18:00,125000,Available
3062_7170_17:00,3062,Padel V,7170,Court 1,2026-09-23,17:00 - 18:00,260000,Available
3062_9024_17:00,3062,Padel V,9024,Court 2,2026-09-23,17:00 - 18:00,260000,Available
1589_3221_17:00,1589,River Padel,3221,Court 1,2026-09-23,17:00 - 18:00,219000,Available
1589_4406_17:00,1589,River Padel,4406,Court 2,2026-09-23,17:00 - 18:00,219000,Available
1589_4407_17:00,1589,River Padel,4407,Court 3,2026-09-23,17:00 - 18:00,219000,Available
1303_2415_17:00,1303,Padel at largo - Kedoya,2415,Pristine,2026-09-23,17:00 - 18:00,250000,Booked
1303_2416_17:00,1303,Padel at largo - Kedoya,2416,Court 2,2026-09-23,17:00 - 18:00,250000,Available
1303_2417_17:00,1303,Padel at largo - Kedoya,2417,Court 3,2026-09-23,17:00 - 18:00,250000,Available
1796_4675_17:00,1796,Patra Padel House,4675,Court 1,2026-09-23,17:00 - 18:00,200000,Available
2443_5186_17:00,2443,Courtyard Padel Club,5186,Court 1,2026-09-23,17:00 - 18:00,295000,Available
2443_5187_17:00,2443,Courtyard Padel Club,5187,Court 2,2026-09-23,17:00 - 18:00,295000,Booked
2443_5188_17:00,2443,Courtyard Padel Club,5188,Court 3,2026-09-23,17:00 - 18:00,295000,Booked
2443_5189_17:00,2443,Courtyard Padel Club,5189,Court Vip,2026-09-23,17:00 - 18:00,325000,Booked
2443_8323_17:00,2443,Courtyard Padel Club,8323,Court A,2026-09-23,17:00 - 18:00,215000,Available
2443_8324_17:00,2443,Courtyard Padel Club,8324,Court B,2026-09-23,17:00 - 18:00,215000,Available
2443_8325_17:00,2443,Courtyard Padel Club,8325,Court C,2026-09-23,17:00 - 18:00,215000,Available
1679_4888_17:00,1679,IPC Padel Club Kedoya,4888,1 Blue,2026-09-23,17:00 - 18:00,200000,Available
1679_6870_17:00,1679,IPC Padel Club Kedoya,6870,2 Blue,2026-09-23,17:00 - 18:00,200000,Booked
1679_6871_17:00,1679,IPC Padel Club Kedoya,6871,3 Green,2026-09-23,17:00 - 18:00,200000,Booked
1679_6872_17:00,1679,IPC Padel Club Kedoya,6872,4 Green,2026-09-23,17:00 - 18:00,200000,Booked
1679_6873_17:00,1679,IPC Padel Club Kedoya,6873,5 Terracotta,2026-09-23,17:00 - 18:00,200000,Booked
1679_6874_17:00,1679,IPC Padel Club Kedoya,6874,6 Terracotta,2026-09-23,17:00 - 18:00,200000,Available
1679_6875_17:00,1679,IPC Padel Club Kedoya,6875,7 Pink,2026-09-23,17:00 - 18:00,200000,Available
1679_6876_17:00,1679,IPC Padel Club Kedoya,6876,8 Pink,2026-09-23,17:00 - 18:00,200000,Booked
3351_8504_17:00,3351,DAAN MOGOT PADEL COURT,8504,Court 1,2026-09-23,17:00 - 18:00,125000,Available
3351_8505_17:00,3351,DAAN MOGOT PADEL COURT,8505,Court 2,2026-09-23,17:00 - 18:00,125000,Available
3351_8506_17:00,3351,DAAN MOGOT PADEL COURT,8506,Court 3,2026-09-23,17:00 - 18:00,125000,Available
3351_8507_17:00,3351,DAAN MOGOT PADEL COURT,8507,Court 4,2026-09-23,17:00 - 18:00,125000,Available
3351_8508_17:00,3351,DAAN MOGOT PADEL COURT,8508,Court 5,2026-09-23,17:00 - 18:00,125000,Available
3351_8509_17:00,3351,DAAN MOGOT PADEL COURT,8509,Court 6,2026-09-23,17:00 - 18:00,125000,Available
3738_9239_17:00,3738,EL WILLY PADEL,9239,Court 1,2026-09-23,17:00 - 18:00,380000,Available
3738_9240_17:00,3738,EL WILLY PADEL,9240,Court 2,2026-09-23,17:00 - 18:00,380000,Available
2667_5975_17:00,2667,Paddle Padel,5975,Court Left,2026-09-23,17:00 - 18:00,200000,Available
2667_5976_17:00,2667,Paddle Padel,5976,Court Right,2026-09-23,17:00 - 18:00,200000,Available
4047_10008_17:00,4047,Dale Padel,10008,Court A,2026-09-23,17:00 - 18:00,140000,Available
4047_11193_17:00,4047,Dale Padel,11193,Court B - VIP,2026-09-23,17:00 - 18:00,150000,Available
2175_4505_17:00,2175,Eagle Padel PIK,4505,Lapangan A,2026-09-23,17:00 - 18:00,170000,Booked
2175_5430_17:00,2175,Eagle Padel PIK,5430,Lapangan B,2026-09-23,17:00 - 18:00,170000,Booked
2175_5431_17:00,2175,Eagle Padel PIK,5431,Lapangan C,2026-09-23,17:00 - 18:00,170000,Booked
2175_5432_17:00,2175,Eagle Padel PIK,5432,Lapangan D,2026-09-23,17:00 - 18:00,170000,Booked
2674_7654_17:00,2674,Roots Padel House,7654,The House,2026-09-23,17:00 - 18:00,200000,Available
4442_11186_17:00,4442,Alley Social Padel Mahjong By Homeground,11186,Court 1,2026-09-23,17:00 - 18:00,225000,Available
4442_11400_17:00,4442,Alley Social Padel Mahjong By Homeground,11400,Court 2,2026-09-23,17:00 - 18:00,225000,Available
4442_11401_17:00,4442,Alley Social Padel Mahjong By Homeground,11401,VIP Court,2026-09-23,17:00 - 18:00,210000,Available
4442_12415_17:00,4442,Alley Social Padel Mahjong By Homeground,12415,Mahjong,2026-09-23,17:00 - 18:00,75000,Available
332_6129_17:00,332,Fighter Hall,6129,Padel Court,2026-09-23,17:00 - 18:00,100000,Available
332_487_17:00,332,Fighter Hall,487,Hall 1,2026-09-23,17:00 - 18:00,80000,Available
332_488_17:00,332,Fighter Hall,488,Hall 2,2026-09-23,17:00 - 18:00,80000,Available
332_489_17:00,332,Fighter Hall,489,Hall 3,2026-09-23,17:00 - 18:00,80000,Available
332_490_17:00,332,Fighter Hall,490,Hall 4,2026-09-23,17:00 - 18:00,80000,Available
332_491_17:00,332,Fighter Hall,491,Hall 5,2026-09-23,17:00 - 18:00,80000,Available
2383_5055_17:00,2383,Como Padel Court,5055,Court 1 - MILAN,2026-09-23,17:00 - 18:00,200000,Available
2383_9973_17:00,2383,Como Padel Court,9973,Court 2 - ROMA,2026-09-23,17:00 - 18:00,200000,Available
2383_9974_17:00,2383,Como Padel Court,9974,Court 3 - FIRENZE,2026-09-23,17:00 - 18:00,200000,Booked
2383_9972_17:00,2383,Como Padel Court,9972,Court 4 - NAPOLI,2026-09-23,17:00 - 18:00,200000,Available
1064_1908_17:00,1064,Avion Sports Center,1908,Field A,2026-09-23,17:00 - 18:00,1000000,Booked
1064_2352_17:00,1064,Avion Sports Center,2352,Field B,2026-09-23,17:00 - 18:00,1000000,Available
1064_1885_17:00,1064,Avion Sports Center,1885,Biru 1,2026-09-23,17:00 - 18:00,250000,Available
1064_2354_17:00,1064,Avion Sports Center,2354,Biru 2,2026-09-23,17:00 - 18:00,250000,Available
1064_2355_17:00,1064,Avion Sports Center,2355,Biru 3,2026-09-23,17:00 - 18:00,250000,Available
1064_2356_17:00,1064,Avion Sports Center,2356,Biru 4,2026-09-23,17:00 - 18:00,250000,Available
1064_1879_17:00,1064,Avion Sports Center,1879,Hijau 1,2026-09-23,17:00 - 18:00,250000,Available
1064_1880_17:00,1064,Avion Sports Center,1880,Hijau 2,2026-09-23,17:00 - 18:00,250000,Available
3565_8801_17:00,3565,Commune Courts,8801,Center Court (Outdoor),2026-09-23,17:00 - 18:00,300000,Available
3565_8795_17:00,3565,Commune Courts,8795,Court 1,2026-09-23,17:00 - 18:00,300000,Booked
3565_8796_17:00,3565,Commune Courts,8796,Courts 2,2026-09-23,17:00 - 18:00,300000,Booked
3565_8797_17:00,3565,Commune Courts,8797,Court 3,2026-09-23,17:00 - 18:00,300000,Available
3565_8798_17:00,3565,Commune Courts,8798,Court 4,2026-09-23,17:00 - 18:00,300000,Available
3565_8799_17:00,3565,Commune Courts,8799,Court 5,2026-09-23,17:00 - 18:00,300000,Available
2132_4745_17:00,2132,The Padel Point,4745,Court A,2026-09-23,17:00 - 18:00,200000,Available
2132_7321_17:00,2132,The Padel Point,7321,Court B,2026-09-23,17:00 - 18:00,200000,Available
2132_7322_17:00,2132,The Padel Point,7322,Court C,2026-09-23,17:00 - 18:00,200000,Available
2132_7323_17:00,2132,The Padel Point,7323,Court D,2026-09-23,17:00 - 18:00,200000,Available
3221_7716_17:00,3221,United Padel Club,7716,Court A,2026-09-23,17:00 - 18:00,180000,Available
3221_8485_17:00,3221,United Padel Club,8485,Court B,2026-09-23,17:00 - 18:00,180000,Available
3221_8486_17:00,3221,United Padel Club,8486,Court C,2026-09-23,17:00 - 18:00,180000,Available
3221_8487_17:00,3221,United Padel Club,8487,Court D,2026-09-23,17:00 - 18:00,180000,Available
2800_12664_17:00,2800,Sunrise Padel - Sunrise Garden,12664,Table 01,2026-09-23,17:00 - 18:00,50000,Booked
2800_12665_17:00,2800,Sunrise Padel - Sunrise Garden,12665,Table 02,2026-09-23,17:00 - 18:00,50000,Available
2800_12666_17:00,2800,Sunrise Padel - Sunrise Garden,12666,Table 03,2026-09-23,17:00 - 18:00,50000,Available
2800_6326_17:00,2800,Sunrise Padel - Sunrise Garden,6326,Rose,2026-09-23,17:00 - 18:00,199000,Available
2800_6328_17:00,2800,Sunrise Padel - Sunrise Garden,6328,Garden,2026-09-23,17:00 - 18:00,199000,Available
2800_6327_17:00,2800,Sunrise Padel - Sunrise Garden,6327,Sky,2026-09-23,17:00 - 18:00,199000,Available
2800_6923_17:00,2800,Sunrise Padel - Sunrise Garden,6923,Sunrise,2026-09-23,17:00 - 18:00,199000,Available
3261_7836_17:00,3261,MMT Padel,7836,Signature Court 1,2026-09-23,17:00 - 18:00,350000,Available
3261_7843_17:00,3261,MMT Padel,7843,Signature Court 2,2026-09-23,17:00 - 18:00,350000,Available
3261_7837_17:00,3261,MMT Padel,7837,Grand Court 3,2026-09-23,17:00 - 18:00,300000,Available
3261_7844_17:00,3261,MMT Padel,7844,Grand Court 5,2026-09-23,17:00 - 18:00,300000,Available
3261_7845_17:00,3261,MMT Padel,7845,Grand Court 6,2026-09-23,17:00 - 18:00,300000,Available
3261_7846_17:00,3261,MMT Padel,7846,Grand Court 7,2026-09-23,17:00 - 18:00,300000,Available
3261_7847_17:00,3261,MMT Padel,7847,Grand Court 8,2026-09-23,17:00 - 18:00,300000,Available
2318_4891_17:00,2318,Vamos Arena Indonesia,4891,OCTO CIMB Outdoor,2026-09-23,17:00 - 18:00,350000,Available
2318_4892_17:00,2318,Vamos Arena Indonesia,4892,CIMB OCTO Indoor 1,2026-09-23,17:00 - 18:00,250000,Available
2318_10172_17:00,2318,Vamos Arena Indonesia,10172,CIMB OCTO Indoor 2,2026-09-23,17:00 - 18:00,250000,Available
2318_4896_17:00,2318,Vamos Arena Indonesia,4896,Boss Mobil Main Court,2026-09-23,17:00 - 18:00,350000,Available
2318_10175_17:00,2318,Vamos Arena Indonesia,10175,BIOAQUA Indoor 3,2026-09-23,17:00 - 18:00,250000,Booked
2318_10176_17:00,2318,Vamos Arena Indonesia,10176,AQUVIVA Indoor 4,2026-09-23,17:00 - 18:00,250000,Available
2318_10177_17:00,2318,Vamos Arena Indonesia,10177,BALIHAI Indoor 5,2026-09-23,17:00 - 18:00,250000,Available
2318_10178_17:00,2318,Vamos Arena Indonesia,10178,ELITE SKIN Indoor 6,2026-09-23,17:00 - 18:00,250000,Booked
2318_10173_17:00,2318,Vamos Arena Indonesia,10173,CIMB OCTO Indoor 7,2026-09-23,17:00 - 18:00,250000,Booked
2318_10174_17:00,2318,Vamos Arena Indonesia,10174,CIMB OCTO Indoor 8,2026-09-23,17:00 - 18:00,250000,Available
2235_4832_17:00,2235,Padre Padel Duri Kosambi,4832,Court 1 - Terracotta,2026-09-23,17:00 - 18:00,210000,Booked
2235_5602_17:00,2235,Padre Padel Duri Kosambi,5602,Court 2 - Blue,2026-09-23,17:00 - 18:00,210000,Available
2235_5603_17:00,2235,Padre Padel Duri Kosambi,5603,Court 3 - Blue,2026-09-23,17:00 - 18:00,210000,Available
2235_5604_17:00,2235,Padre Padel Duri Kosambi,5604,Court 4 - Terracotta,2026-09-23,17:00 - 18:00,210000,Available
3802_9395_17:00,3802,Dash Padel House,9395,Maybank Court,2026-09-23,17:00 - 18:00,249000,Available
3802_9415_17:00,3802,Dash Padel House,9415,Court B,2026-09-23,17:00 - 18:00,249000,Available
3802_9416_17:00,3802,Dash Padel House,9416,Court C,2026-09-23,17:00 - 18:00,249000,Available
3802_9417_17:00,3802,Dash Padel House,9417,Court D,2026-09-23,17:00 - 18:00,249000,Available
3802_9418_17:00,3802,Dash Padel House,9418,Pickle,2026-09-23,17:00 - 18:00,100000,Available
1268_3728_17:00,1268,Max Padel,3728,Court M,2026-09-23,17:00 - 18:00,300000,Booked
1268_3729_17:00,1268,Max Padel,3729,Court A,2026-09-23,17:00 - 18:00,300000,Booked
1268_3730_17:00,1268,Max Padel,3730,Court X,2026-09-23,17:00 - 18:00,300000,Available
1268_2393_17:00,1268,Max Padel,2393,Court 1,2026-09-23,17:00 - 18:00,250000,Available
1268_2394_17:00,1268,Max Padel,2394,Court 2,2026-09-23,17:00 - 18:00,250000,Available
1268_2395_17:00,1268,Max Padel,2395,Court 3,2026-09-23,17:00 - 18:00,250000,Available
1268_2396_17:00,1268,Max Padel,2396,Court 4,2026-09-23,17:00 - 18:00,250000,Available
1791_3647_17:00,1791,Base Padel,3647,Court 1,2026-09-23,17:00 - 18:00,150000,Available
1791_3646_17:00,1791,Base Padel,3646,Court 2,2026-09-23,17:00 - 18:00,150000,Available
1791_3648_17:00,1791,Base Padel,3648,Court 3,2026-09-23,17:00 - 18:00,150000,Available
1463_2908_17:00,1463,Juego Padel Club (JPC),2908,Court A,2026-09-23,17:00 - 18:00,160000,Available
1463_10695_17:00,1463,Juego Padel Club (JPC),10695,Court B,2026-09-23,17:00 - 18:00,160000,Available
1463_10697_17:00,1463,Juego Padel Club (JPC),10697,Court C,2026-09-23,17:00 - 18:00,160000,Available
1463_10698_17:00,1463,Juego Padel Club (JPC),10698,Court D,2026-09-23,17:00 - 18:00,160000,Available
1463_10699_17:00,1463,Juego Padel Club (JPC),10699,Court E,2026-09-23,17:00 - 18:00,160000,Available
1463_9864_17:00,1463,Juego Padel Club (JPC),9864,P1 (Private),2026-09-23,17:00 - 18:00,250000,Available
1463_9867_17:00,1463,Juego Padel Club (JPC),9867,P2 (Private),2026-09-23,17:00 - 18:00,250000,Available
1463_12704_17:00,1463,Juego Padel Club (JPC),12704,Mahjong - Table 1,2026-09-23,17:00 - 18:00,80000,Available
1463_12718_17:00,1463,Juego Padel Club (JPC),12718,Mahjong - Table 2,2026-09-23,17:00 - 18:00,80000,Available
3815_9419_17:00,3815,Citra Padel Club,9419,Court 1,2026-09-23,17:00 - 18:00,225000,Available
3815_9715_17:00,3815,Citra Padel Club,9715,Court 2,2026-09-23,17:00 - 18:00,225000,Available
3815_9716_17:00,3815,Citra Padel Club,9716,Court 3,2026-09-23,17:00 - 18:00,225000,Available
3815_9717_17:00,3815,Citra Padel Club,9717,Court 4,2026-09-23,17:00 - 18:00,225000,Booked
3815_9718_17:00,3815,Citra Padel Club,9718,Court 5,2026-09-23,17:00 - 18:00,225000,Booked
3815_9719_17:00,3815,Citra Padel Club,9719,Court 6,2026-09-23,17:00 - 18:00,225000,Available
3274_7890_17:00,3274,Clubhouse Meruya,7890,Court 1,2026-09-23,17:00 - 18:00,245000,Booked
3274_7891_17:00,3274,Clubhouse Meruya,7891,Court 2,2026-09-23,17:00 - 18:00,245000,Available
3274_7892_17:00,3274,Clubhouse Meruya,7892,Court 3,2026-09-23,17:00 - 18:00,245000,Available
3274_7893_17:00,3274,Clubhouse Meruya,7893,Court 4,2026-09-23,17:00 - 18:00,245000,Available
3274_7894_17:00,3274,Clubhouse Meruya,7894,Court 5,2026-09-23,17:00 - 18:00,245000,Available
3274_7895_17:00,3274,Clubhouse Meruya,7895,Court 6,2026-09-23,17:00 - 18:00,245000,Booked
3274_7896_17:00,3274,Clubhouse Meruya,7896,Court 7,2026-09-23,17:00 - 18:00,245000,Booked
3274_7897_17:00,3274,Clubhouse Meruya,7897,Court 8,2026-09-23,17:00 - 18:00,245000,Available
2401_5107_17:00,2401,World Padel,5107,Alpha Court,2026-09-23,17:00 - 18:00,125000,Booked
2401_7372_17:00,2401,World Padel,7372,Beta Court,2026-09-23,17:00 - 18:00,125000,Available
2401_12035_17:00,2401,World Padel,12035,Meja Mahjong Manual,2026-09-23,17:00 - 18:00,50000,Available
3249_7789_17:00,3249,OLA PADEL CLUB,7789,Court 1,2026-09-23,17:00 - 18:00,260000,Available
3249_7805_17:00,3249,OLA PADEL CLUB,7805,Court 2,2026-09-23,17:00 - 18:00,260000,Available
3249_7806_17:00,3249,OLA PADEL CLUB,7806,Court 3,2026-09-23,17:00 - 18:00,260000,Available
3249_7807_17:00,3249,OLA PADEL CLUB,7807,Court 4,2026-09-23,17:00 - 18:00,260000,Available
3249_11723_17:00,3249,OLA PADEL CLUB,11723,Meja 1,2026-09-23,17:00 - 18:00,100000,Available
3249_11724_17:00,3249,OLA PADEL CLUB,11724,Meja 2,2026-09-23,17:00 - 18:00,100000,Available
2140_4413_17:00,2140,RacketGo Citra 5,4413,FANTECH BLUE ( 1 ),2026-09-23,17:00 - 18:00,190000,Booked
2140_4414_17:00,2140,RacketGo Citra 5,4414,TEH PUCUK GREEN (2),2026-09-23,17:00 - 18:00,190000,Available
2140_4422_17:00,2140,RacketGo Citra 5,4422,TELOON PINK (3),2026-09-23,17:00 - 18:00,190000,Booked
2140_4423_17:00,2140,RacketGo Citra 5,4423,TERRACOTA (4),2026-09-23,17:00 - 18:00,190000,Booked
2779_6299_17:00,2779,Zplay Padel,6299,Zplay Padel,2026-09-23,17:00 - 18:00,175000,Booked
2779_8046_17:00,2779,Zplay Padel,8046,Lapangan Pickle 1,2026-09-23,17:00 - 18:00,80000,Available
2779_8047_17:00,2779,Zplay Padel,8047,Lapangan Pickle 2,2026-09-23,17:00 - 18:00,80000,Available
2983_6954_17:00,2983,YOLO Padel and Lifestyle Slipi,6954,Court 1,2026-09-23,17:00 - 18:00,375000,Booked
2983_6955_17:00,2983,YOLO Padel and Lifestyle Slipi,6955,Court 2,2026-09-23,17:00 - 18:00,375000,Available
2780_6318_17:00,2780,PPC - Puri Padel Club,6318,Private Court PADELSTUDIO,2026-09-23,17:00 - 18:00,225000,Booked
2780_6319_17:00,2780,PPC - Puri Padel Club,6319,Private Court 2,2026-09-23,17:00 - 18:00,225000,Booked
2353_4974_17:00,2353,The Level 9 Padel,4974,V I P -  Wimbledon,2026-09-23,17:00 - 18:00,150000,Available
2353_4975_17:00,2353,The Level 9 Padel,4975,V I P - Roland Garros,2026-09-23,17:00 - 18:00,150000,Available
2353_5029_17:00,2353,The Level 9 Padel,5029,Court A,2026-09-23,17:00 - 18:00,150000,Available
2353_5030_17:00,2353,The Level 9 Padel,5030,Court B,2026-09-23,17:00 - 18:00,150000,Available
2353_5053_17:00,2353,The Level 9 Padel,5053,Court C,2026-09-23,17:00 - 18:00,150000,Available
2353_5067_17:00,2353,The Level 9 Padel,5067,Court D,2026-09-23,17:00 - 18:00,150000,Available
2353_5071_17:00,2353,The Level 9 Padel,5071,Court E > High Roof Membrane,2026-09-23,17:00 - 18:00,150000,Available
2353_5072_17:00,2353,The Level 9 Padel,5072,Court F > High Roof Membrane,2026-09-23,17:00 - 18:00,150000,Available
2353_5073_17:00,2353,The Level 9 Padel,5073,Court G,2026-09-23,17:00 - 18:00,150000,Available
2353_5076_17:00,2353,The Level 9 Padel,5076,Court H,2026-09-23,17:00 - 18:00,150000,Available
2353_5077_17:00,2353,The Level 9 Padel,5077,Court K,2026-09-23,17:00 - 18:00,150000,Available
3236_7926_17:00,3236,Kore Padel,7926,Centre Court,2026-09-23,17:00 - 18:00,325000,Available
3236_12630_17:00,3236,Kore Padel,12630,COURT 2,2026-09-23,17:00 - 18:00,325000,Available
3236_12634_17:00,3236,Kore Padel,12634,COURT 3,2026-09-23,17:00 - 18:00,325000,Available
3236_12635_17:00,3236,Kore Padel,12635,COURT 4,2026-09-23,17:00 - 18:00,325000,Available
3236_12636_17:00,3236,Kore Padel,12636,COURT 5,2026-09-23,17:00 - 18:00,325000,Available
3551_8764_17:00,3551,MAISON de PADEL,8764,PADEL VIP COURT,2026-09-23,17:00 - 18:00,450000,Available
3555_8782_17:00,3555,Di Atas Social Club - Lippo Mall Puri,8782,Padel Court 1,2026-09-23,17:00 - 18:00,280000,Available
3555_8835_17:00,3555,Di Atas Social Club - Lippo Mall Puri,8835,Padel Court 2,2026-09-23,17:00 - 18:00,280000,Available
3555_8836_17:00,3555,Di Atas Social Club - Lippo Mall Puri,8836,Padel Court 3,2026-09-23,17:00 - 18:00,280000,Available
3555_8837_17:00,3555,Di Atas Social Club - Lippo Mall Puri,8837,Padel Court R a,2026-09-23,17:00 - 18:00,280000,Available
3555_8838_17:00,3555,Di Atas Social Club - Lippo Mall Puri,8838,Padel Court R b,2026-09-23,17:00 - 18:00,280000,Available
3555_8783_17:00,3555,Di Atas Social Club - Lippo Mall Puri,8783,Pickleball Court 1,2026-09-23,17:00 - 18:00,225000,Available
3555_8956_17:00,3555,Di Atas Social Club - Lippo Mall Puri,8956,Pickleball Court 2,2026-09-23,17:00 - 18:00,225000,Available
3555_8957_17:00,3555,Di Atas Social Club - Lippo Mall Puri,8957,Pickleball Court 3,2026-09-23,17:00 - 18:00,225000,Available
3555_8958_17:00,3555,Di Atas Social Club - Lippo Mall Puri,8958,Pickleball Court 4,2026-09-23,17:00 - 18:00,225000,Available
4411_11013_18:00,4411,Deuce Arena,11013,Padel Court A,2026-09-23,18:00 - 19:00,120000,Available
4411_11013_19:00,4411,Deuce Arena,11013,Padel Court A,2026-09-23,19:00 - 20:00,120000,Available
4411_11013_20:00,4411,Deuce Arena,11013,Padel Court A,2026-09-23,20:00 - 21:00,120000,Booked
4411_11013_21:00,4411,Deuce Arena,11013,Padel Court A,2026-09-23,21:00 - 22:00,120000,Booked
4411_11013_22:00,4411,Deuce Arena,11013,Padel Court A,2026-09-23,22:00 - 23:00,120000,Available
4411_11617_18:00,4411,Deuce Arena,11617,Padel Court B,2026-09-23,18:00 - 19:00,120000,Available
4411_11617_19:00,4411,Deuce Arena,11617,Padel Court B,2026-09-23,19:00 - 20:00,120000,Available
4411_11617_20:00,4411,Deuce Arena,11617,Padel Court B,2026-09-23,20:00 - 21:00,120000,Available
4411_11617_21:00,4411,Deuce Arena,11617,Padel Court B,2026-09-23,21:00 - 22:00,120000,Available
4411_11617_22:00,4411,Deuce Arena,11617,Padel Court B,2026-09-23,22:00 - 23:00,120000,Available
4411_11618_18:00,4411,Deuce Arena,11618,Padel Court C,2026-09-23,18:00 - 19:00,120000,Available
4411_11618_19:00,4411,Deuce Arena,11618,Padel Court C,2026-09-23,19:00 - 20:00,120000,Booked
4411_11618_20:00,4411,Deuce Arena,11618,Padel Court C,2026-09-23,20:00 - 21:00,120000,Booked
4411_11618_21:00,4411,Deuce Arena,11618,Padel Court C,2026-09-23,21:00 - 22:00,120000,Available
4411_11618_22:00,4411,Deuce Arena,11618,Padel Court C,2026-09-23,22:00 - 23:00,120000,Available
4411_11621_18:00,4411,Deuce Arena,11621,Doubles Court 1,2026-09-23,18:00 - 19:00,250000,Booked
4411_11621_19:00,4411,Deuce Arena,11621,Doubles Court 1,2026-09-23,19:00 - 20:00,250000,Booked
4411_11621_20:00,4411,Deuce Arena,11621,Doubles Court 1,2026-09-23,20:00 - 21:00,250000,Booked
4411_11621_21:00,4411,Deuce Arena,11621,Doubles Court 1,2026-09-23,21:00 - 22:00,250000,Available
4411_11621_22:00,4411,Deuce Arena,11621,Doubles Court 1,2026-09-23,22:00 - 23:00,250000,Available
4411_11622_18:00,4411,Deuce Arena,11622,Doubles Court 2,2026-09-23,18:00 - 19:00,250000,Available
4411_11622_19:00,4411,Deuce Arena,11622,Doubles Court 2,2026-09-23,19:00 - 20:00,250000,Booked
4411_11622_20:00,4411,Deuce Arena,11622,Doubles Court 2,2026-09-23,20:00 - 21:00,250000,Booked
4411_11622_21:00,4411,Deuce Arena,11622,Doubles Court 2,2026-09-23,21:00 - 22:00,250000,Booked
4411_11622_22:00,4411,Deuce Arena,11622,Doubles Court 2,2026-09-23,22:00 - 23:00,250000,Available
4411_11619_18:00,4411,Deuce Arena,11619,Singles Court 1,2026-09-23,18:00 - 19:00,200000,Booked
4411_11619_19:00,4411,Deuce Arena,11619,Singles Court 1,2026-09-23,19:00 - 20:00,200000,Available
4411_11619_20:00,4411,Deuce Arena,11619,Singles Court 1,2026-09-23,20:00 - 21:00,200000,Booked
4411_11619_21:00,4411,Deuce Arena,11619,Singles Court 1,2026-09-23,21:00 - 22:00,200000,Booked
4411_11619_22:00,4411,Deuce Arena,11619,Singles Court 1,2026-09-23,22:00 - 23:00,200000,Available
4411_11620_18:00,4411,Deuce Arena,11620,Singles Court 2,2026-09-23,18:00 - 19:00,200000,Booked
4411_11620_19:00,4411,Deuce Arena,11620,Singles Court 2,2026-09-23,19:00 - 20:00,200000,Booked
4411_11620_20:00,4411,Deuce Arena,11620,Singles Court 2,2026-09-23,20:00 - 21:00,200000,Booked
4411_11620_21:00,4411,Deuce Arena,11620,Singles Court 2,2026-09-23,21:00 - 22:00,200000,Booked
4411_11620_22:00,4411,Deuce Arena,11620,Singles Court 2,2026-09-23,22:00 - 23:00,200000,Available
2422_5202_18:00,2422,Nordic Courts,5202,Tennis 1,2026-09-23,18:00 - 19:00,250000,Booked
2422_5202_19:00,2422,Nordic Courts,5202,Tennis 1,2026-09-23,19:00 - 20:00,250000,Booked
2422_5202_20:00,2422,Nordic Courts,5202,Tennis 1,2026-09-23,20:00 - 21:00,250000,Booked
2422_5202_21:00,2422,Nordic Courts,5202,Tennis 1,2026-09-23,21:00 - 22:00,250000,Available
2422_7140_18:00,2422,Nordic Courts,7140,Tennis 2,2026-09-23,18:00 - 19:00,250000,Booked
2422_7140_19:00,2422,Nordic Courts,7140,Tennis 2,2026-09-23,19:00 - 20:00,250000,Booked
2422_7140_20:00,2422,Nordic Courts,7140,Tennis 2,2026-09-23,20:00 - 21:00,250000,Booked
2422_7140_21:00,2422,Nordic Courts,7140,Tennis 2,2026-09-23,21:00 - 22:00,250000,Available
2422_5205_18:00,2422,Nordic Courts,5205,Padel A,2026-09-23,18:00 - 19:00,99000,Booked
2422_5205_19:00,2422,Nordic Courts,5205,Padel A,2026-09-23,19:00 - 20:00,99000,Booked
2422_5205_20:00,2422,Nordic Courts,5205,Padel A,2026-09-23,20:00 - 21:00,99000,Booked
2422_5205_21:00,2422,Nordic Courts,5205,Padel A,2026-09-23,21:00 - 22:00,99000,Available
2422_7149_18:00,2422,Nordic Courts,7149,Padel B,2026-09-23,18:00 - 19:00,99000,Booked
2422_7149_19:00,2422,Nordic Courts,7149,Padel B,2026-09-23,19:00 - 20:00,99000,Booked
2422_7149_20:00,2422,Nordic Courts,7149,Padel B,2026-09-23,20:00 - 21:00,99000,Booked
2422_7149_21:00,2422,Nordic Courts,7149,Padel B,2026-09-23,21:00 - 22:00,99000,Available
2422_7150_18:00,2422,Nordic Courts,7150,Padel C,2026-09-23,18:00 - 19:00,99000,Available
2422_7150_19:00,2422,Nordic Courts,7150,Padel C,2026-09-23,19:00 - 20:00,99000,Booked
2422_7150_20:00,2422,Nordic Courts,7150,Padel C,2026-09-23,20:00 - 21:00,99000,Booked
2422_7150_21:00,2422,Nordic Courts,7150,Padel C,2026-09-23,21:00 - 22:00,99000,Booked
2422_7151_18:00,2422,Nordic Courts,7151,Padel D,2026-09-23,18:00 - 19:00,99000,Booked
2422_7151_19:00,2422,Nordic Courts,7151,Padel D,2026-09-23,19:00 - 20:00,99000,Booked
2422_7151_20:00,2422,Nordic Courts,7151,Padel D,2026-09-23,20:00 - 21:00,99000,Booked
2422_7151_21:00,2422,Nordic Courts,7151,Padel D,2026-09-23,21:00 - 22:00,99000,Available
2110_4356_18:00,2110,Hobi Padel Meruya,4356,Court 1,2026-09-23,18:00 - 19:00,148000,Booked
2110_4356_19:00,2110,Hobi Padel Meruya,4356,Court 1,2026-09-23,19:00 - 20:00,148000,Booked
2110_4356_20:00,2110,Hobi Padel Meruya,4356,Court 1,2026-09-23,20:00 - 21:00,148000,Booked
2110_4356_21:00,2110,Hobi Padel Meruya,4356,Court 1,2026-09-23,21:00 - 22:00,148000,Booked
2110_4356_22:00,2110,Hobi Padel Meruya,4356,Court 1,2026-09-23,22:00 - 23:00,98000,Booked
2110_4356_23:00,2110,Hobi Padel Meruya,4356,Court 1,2026-09-23,23:00 - 00:00,98000,Available
2110_6157_18:00,2110,Hobi Padel Meruya,6157,Court 2,2026-09-23,18:00 - 19:00,148000,Booked
2110_6157_19:00,2110,Hobi Padel Meruya,6157,Court 2,2026-09-23,19:00 - 20:00,148000,Booked
2110_6157_20:00,2110,Hobi Padel Meruya,6157,Court 2,2026-09-23,20:00 - 21:00,148000,Booked
2110_6157_21:00,2110,Hobi Padel Meruya,6157,Court 2,2026-09-23,21:00 - 22:00,148000,Available
2110_6157_22:00,2110,Hobi Padel Meruya,6157,Court 2,2026-09-23,22:00 - 23:00,98000,Available
2110_6157_23:00,2110,Hobi Padel Meruya,6157,Court 2,2026-09-23,23:00 - 00:00,98000,Available
2110_6158_18:00,2110,Hobi Padel Meruya,6158,Court 3,2026-09-23,18:00 - 19:00,148000,Booked
2110_6158_19:00,2110,Hobi Padel Meruya,6158,Court 3,2026-09-23,19:00 - 20:00,148000,Booked
2110_6158_20:00,2110,Hobi Padel Meruya,6158,Court 3,2026-09-23,20:00 - 21:00,148000,Booked
2110_6158_21:00,2110,Hobi Padel Meruya,6158,Court 3,2026-09-23,21:00 - 22:00,148000,Available
2110_6158_22:00,2110,Hobi Padel Meruya,6158,Court 3,2026-09-23,22:00 - 23:00,98000,Available
2110_6158_23:00,2110,Hobi Padel Meruya,6158,Court 3,2026-09-23,23:00 - 00:00,98000,Available
2110_6159_18:00,2110,Hobi Padel Meruya,6159,Court 4,2026-09-23,18:00 - 19:00,148000,Booked
2110_6159_19:00,2110,Hobi Padel Meruya,6159,Court 4,2026-09-23,19:00 - 20:00,148000,Booked
2110_6159_20:00,2110,Hobi Padel Meruya,6159,Court 4,2026-09-23,20:00 - 21:00,148000,Booked
2110_6159_21:00,2110,Hobi Padel Meruya,6159,Court 4,2026-09-23,21:00 - 22:00,148000,Available
2110_6159_22:00,2110,Hobi Padel Meruya,6159,Court 4,2026-09-23,22:00 - 23:00,98000,Available
2110_6159_23:00,2110,Hobi Padel Meruya,6159,Court 4,2026-09-23,23:00 - 00:00,98000,Available
2415_5095_18:00,2415,Padelin,5095,Court 1,2026-09-23,18:00 - 19:00,200000,Available
2415_5095_19:00,2415,Padelin,5095,Court 1,2026-09-23,19:00 - 20:00,200000,Available
2415_5095_20:00,2415,Padelin,5095,Court 1,2026-09-23,20:00 - 21:00,200000,Available
2415_5095_21:00,2415,Padelin,5095,Court 1,2026-09-23,21:00 - 22:00,200000,Available
2415_5095_22:00,2415,Padelin,5095,Court 1,2026-09-23,22:00 - 23:00,100000,Booked
2415_5095_23:00,2415,Padelin,5095,Court 1,2026-09-23,23:00 - 00:00,100000,Available
2415_7551_18:00,2415,Padelin,7551,Court 2,2026-09-23,18:00 - 19:00,200000,Available
2415_7551_19:00,2415,Padelin,7551,Court 2,2026-09-23,19:00 - 20:00,200000,Available
2415_7551_20:00,2415,Padelin,7551,Court 2,2026-09-23,20:00 - 21:00,200000,Available
2415_7551_21:00,2415,Padelin,7551,Court 2,2026-09-23,21:00 - 22:00,200000,Available
2415_7551_22:00,2415,Padelin,7551,Court 2,2026-09-23,22:00 - 23:00,100000,Available
2415_7551_23:00,2415,Padelin,7551,Court 2,2026-09-23,23:00 - 00:00,100000,Available
2415_7552_18:00,2415,Padelin,7552,Court 3,2026-09-23,18:00 - 19:00,200000,Available
2415_7552_19:00,2415,Padelin,7552,Court 3,2026-09-23,19:00 - 20:00,200000,Available
2415_7552_20:00,2415,Padelin,7552,Court 3,2026-09-23,20:00 - 21:00,200000,Booked
2415_7552_21:00,2415,Padelin,7552,Court 3,2026-09-23,21:00 - 22:00,200000,Booked
2415_7552_22:00,2415,Padelin,7552,Court 3,2026-09-23,22:00 - 23:00,100000,Available
2415_7552_23:00,2415,Padelin,7552,Court 3,2026-09-23,23:00 - 00:00,100000,Available
1113_2242_18:00,1113,Sunday Padel - Meruya,2242,Court 1,2026-09-23,18:00 - 19:00,199000,Available
1113_2242_19:00,1113,Sunday Padel - Meruya,2242,Court 1,2026-09-23,19:00 - 20:00,199000,Available
1113_2242_20:00,1113,Sunday Padel - Meruya,2242,Court 1,2026-09-23,20:00 - 21:00,199000,Available
1113_2242_21:00,1113,Sunday Padel - Meruya,2242,Court 1,2026-09-23,21:00 - 22:00,199000,Available
1113_2242_22:00,1113,Sunday Padel - Meruya,2242,Court 1,2026-09-23,22:00 - 23:00,199000,Available
1113_2246_18:00,1113,Sunday Padel - Meruya,2246,Court 2,2026-09-23,18:00 - 19:00,199000,Available
1113_2246_19:00,1113,Sunday Padel - Meruya,2246,Court 2,2026-09-23,19:00 - 20:00,199000,Available
1113_2246_20:00,1113,Sunday Padel - Meruya,2246,Court 2,2026-09-23,20:00 - 21:00,199000,Available
1113_2246_21:00,1113,Sunday Padel - Meruya,2246,Court 2,2026-09-23,21:00 - 22:00,199000,Available
1113_2246_22:00,1113,Sunday Padel - Meruya,2246,Court 2,2026-09-23,22:00 - 23:00,199000,Available
1113_2247_18:00,1113,Sunday Padel - Meruya,2247,Court 3,2026-09-23,18:00 - 19:00,199000,Available
1113_2247_19:00,1113,Sunday Padel - Meruya,2247,Court 3,2026-09-23,19:00 - 20:00,199000,Available
1113_2247_20:00,1113,Sunday Padel - Meruya,2247,Court 3,2026-09-23,20:00 - 21:00,199000,Available
1113_2247_21:00,1113,Sunday Padel - Meruya,2247,Court 3,2026-09-23,21:00 - 22:00,199000,Available
1113_2247_22:00,1113,Sunday Padel - Meruya,2247,Court 3,2026-09-23,22:00 - 23:00,199000,Available
1113_2248_18:00,1113,Sunday Padel - Meruya,2248,Court 4,2026-09-23,18:00 - 19:00,199000,Available
1113_2248_19:00,1113,Sunday Padel - Meruya,2248,Court 4,2026-09-23,19:00 - 20:00,199000,Available
1113_2248_20:00,1113,Sunday Padel - Meruya,2248,Court 4,2026-09-23,20:00 - 21:00,199000,Available
1113_2248_21:00,1113,Sunday Padel - Meruya,2248,Court 4,2026-09-23,21:00 - 22:00,199000,Available
1113_2248_22:00,1113,Sunday Padel - Meruya,2248,Court 4,2026-09-23,22:00 - 23:00,199000,Available
1113_2249_18:00,1113,Sunday Padel - Meruya,2249,Court 5,2026-09-23,18:00 - 19:00,199000,Available
1113_2249_19:00,1113,Sunday Padel - Meruya,2249,Court 5,2026-09-23,19:00 - 20:00,199000,Booked
1113_2249_20:00,1113,Sunday Padel - Meruya,2249,Court 5,2026-09-23,20:00 - 21:00,199000,Booked
1113_2249_21:00,1113,Sunday Padel - Meruya,2249,Court 5,2026-09-23,21:00 - 22:00,199000,Available
1113_2249_22:00,1113,Sunday Padel - Meruya,2249,Court 5,2026-09-23,22:00 - 23:00,199000,Available
3308_8017_19:00,3308,Angke Padel,8017,Court A,2026-09-23,19:00 - 20:00,150000,Booked
3308_8017_20:00,3308,Angke Padel,8017,Court A,2026-09-23,20:00 - 21:00,150000,Booked
3308_8017_21:00,3308,Angke Padel,8017,Court A,2026-09-23,21:00 - 22:00,150000,Booked
3308_8017_22:00,3308,Angke Padel,8017,Court A,2026-09-23,22:00 - 23:00,75000,Available
3308_8017_23:00,3308,Angke Padel,8017,Court A,2026-09-23,23:00 - 00:00,75000,Available
3308_8333_19:00,3308,Angke Padel,8333,Court B,2026-09-23,19:00 - 20:00,150000,Booked
3308_8333_20:00,3308,Angke Padel,8333,Court B,2026-09-23,20:00 - 21:00,150000,Booked
3308_8333_21:00,3308,Angke Padel,8333,Court B,2026-09-23,21:00 - 22:00,150000,Booked
3308_8333_22:00,3308,Angke Padel,8333,Court B,2026-09-23,22:00 - 23:00,75000,Available
3308_8333_23:00,3308,Angke Padel,8333,Court B,2026-09-23,23:00 - 00:00,75000,Available
3308_8334_19:00,3308,Angke Padel,8334,Court C,2026-09-23,19:00 - 20:00,150000,Booked
3308_8334_20:00,3308,Angke Padel,8334,Court C,2026-09-23,20:00 - 21:00,150000,Booked
3308_8334_21:00,3308,Angke Padel,8334,Court C,2026-09-23,21:00 - 22:00,150000,Booked
3308_8334_22:00,3308,Angke Padel,8334,Court C,2026-09-23,22:00 - 23:00,75000,Available
3308_8334_23:00,3308,Angke Padel,8334,Court C,2026-09-23,23:00 - 00:00,75000,Available
3308_8335_19:00,3308,Angke Padel,8335,Court D,2026-09-23,19:00 - 20:00,150000,Booked
3308_8335_20:00,3308,Angke Padel,8335,Court D,2026-09-23,20:00 - 21:00,150000,Booked
3308_8335_21:00,3308,Angke Padel,8335,Court D,2026-09-23,21:00 - 22:00,150000,Booked
3308_8335_22:00,3308,Angke Padel,8335,Court D,2026-09-23,22:00 - 23:00,75000,Available
3308_8335_23:00,3308,Angke Padel,8335,Court D,2026-09-23,23:00 - 00:00,75000,Available
3308_8336_18:00,3308,Angke Padel,8336,Court E,2026-09-23,18:00 - 19:00,100000,Available
3308_8336_19:00,3308,Angke Padel,8336,Court E,2026-09-23,19:00 - 20:00,150000,Booked
3308_8336_20:00,3308,Angke Padel,8336,Court E,2026-09-23,20:00 - 21:00,150000,Booked
3308_8336_21:00,3308,Angke Padel,8336,Court E,2026-09-23,21:00 - 22:00,150000,Booked
3308_8336_22:00,3308,Angke Padel,8336,Court E,2026-09-23,22:00 - 23:00,75000,Available
3308_8336_23:00,3308,Angke Padel,8336,Court E,2026-09-23,23:00 - 00:00,75000,Available
3308_8337_18:00,3308,Angke Padel,8337,Court F,2026-09-23,18:00 - 19:00,100000,Available
3308_8337_19:00,3308,Angke Padel,8337,Court F,2026-09-23,19:00 - 20:00,150000,Booked
3308_8337_20:00,3308,Angke Padel,8337,Court F,2026-09-23,20:00 - 21:00,150000,Booked
3308_8337_21:00,3308,Angke Padel,8337,Court F,2026-09-23,21:00 - 22:00,150000,Booked
3308_8337_22:00,3308,Angke Padel,8337,Court F,2026-09-23,22:00 - 23:00,75000,Booked
3308_8337_23:00,3308,Angke Padel,8337,Court F,2026-09-23,23:00 - 00:00,75000,Available
3358_8176_18:00,3358,Kaia Padel Reserve,8176,Court A (Green),2026-09-23,18:00 - 19:00,200000,Available
3358_8176_19:00,3358,Kaia Padel Reserve,8176,Court A (Green),2026-09-23,19:00 - 20:00,200000,Booked
3358_8176_20:00,3358,Kaia Padel Reserve,8176,Court A (Green),2026-09-23,20:00 - 21:00,200000,Booked
3358_8176_21:00,3358,Kaia Padel Reserve,8176,Court A (Green),2026-09-23,21:00 - 22:00,200000,Available
3358_8176_22:00,3358,Kaia Padel Reserve,8176,Court A (Green),2026-09-23,22:00 - 23:00,125000,Available
3358_8176_23:00,3358,Kaia Padel Reserve,8176,Court A (Green),2026-09-23,23:00 - 00:00,125000,Available
3358_8193_18:00,3358,Kaia Padel Reserve,8193,Court B (Terracotta),2026-09-23,18:00 - 19:00,200000,Booked
3358_8193_19:00,3358,Kaia Padel Reserve,8193,Court B (Terracotta),2026-09-23,19:00 - 20:00,200000,Available
3358_8193_20:00,3358,Kaia Padel Reserve,8193,Court B (Terracotta),2026-09-23,20:00 - 21:00,200000,Available
3358_8193_21:00,3358,Kaia Padel Reserve,8193,Court B (Terracotta),2026-09-23,21:00 - 22:00,200000,Available
3358_8193_22:00,3358,Kaia Padel Reserve,8193,Court B (Terracotta),2026-09-23,22:00 - 23:00,125000,Available
3358_8193_23:00,3358,Kaia Padel Reserve,8193,Court B (Terracotta),2026-09-23,23:00 - 00:00,125000,Available
3358_8194_18:00,3358,Kaia Padel Reserve,8194,Court C (Green),2026-09-23,18:00 - 19:00,200000,Booked
3358_8194_19:00,3358,Kaia Padel Reserve,8194,Court C (Green),2026-09-23,19:00 - 20:00,200000,Booked
3358_8194_20:00,3358,Kaia Padel Reserve,8194,Court C (Green),2026-09-23,20:00 - 21:00,200000,Booked
3358_8194_21:00,3358,Kaia Padel Reserve,8194,Court C (Green),2026-09-23,21:00 - 22:00,200000,Booked
3358_8194_22:00,3358,Kaia Padel Reserve,8194,Court C (Green),2026-09-23,22:00 - 23:00,125000,Available
3358_8194_23:00,3358,Kaia Padel Reserve,8194,Court C (Green),2026-09-23,23:00 - 00:00,125000,Available
3358_8195_18:00,3358,Kaia Padel Reserve,8195,Court D (Terracotta),2026-09-23,18:00 - 19:00,200000,Booked
3358_8195_19:00,3358,Kaia Padel Reserve,8195,Court D (Terracotta),2026-09-23,19:00 - 20:00,200000,Booked
3358_8195_20:00,3358,Kaia Padel Reserve,8195,Court D (Terracotta),2026-09-23,20:00 - 21:00,200000,Booked
3358_8195_21:00,3358,Kaia Padel Reserve,8195,Court D (Terracotta),2026-09-23,21:00 - 22:00,200000,Booked
3358_8195_22:00,3358,Kaia Padel Reserve,8195,Court D (Terracotta),2026-09-23,22:00 - 23:00,125000,Available
3358_8195_23:00,3358,Kaia Padel Reserve,8195,Court D (Terracotta),2026-09-23,23:00 - 00:00,125000,Available
3358_8196_18:00,3358,Kaia Padel Reserve,8196,Court E (Green),2026-09-23,18:00 - 19:00,200000,Booked
3358_8196_19:00,3358,Kaia Padel Reserve,8196,Court E (Green),2026-09-23,19:00 - 20:00,200000,Booked
3358_8196_20:00,3358,Kaia Padel Reserve,8196,Court E (Green),2026-09-23,20:00 - 21:00,200000,Booked
3358_8196_21:00,3358,Kaia Padel Reserve,8196,Court E (Green),2026-09-23,21:00 - 22:00,200000,Booked
3358_8196_22:00,3358,Kaia Padel Reserve,8196,Court E (Green),2026-09-23,22:00 - 23:00,125000,Available
3358_8196_23:00,3358,Kaia Padel Reserve,8196,Court E (Green),2026-09-23,23:00 - 00:00,125000,Available
4053_10011_18:00,4053,Nice Padel,10011,Court 1,2026-09-23,18:00 - 19:00,99000,Available
4053_10011_19:00,4053,Nice Padel,10011,Court 1,2026-09-23,19:00 - 20:00,99000,Booked
4053_10011_20:00,4053,Nice Padel,10011,Court 1,2026-09-23,20:00 - 21:00,99000,Booked
4053_10012_18:00,4053,Nice Padel,10012,Court 2,2026-09-23,18:00 - 19:00,99000,Available
4053_10012_19:00,4053,Nice Padel,10012,Court 2,2026-09-23,19:00 - 20:00,99000,Booked
4053_10012_20:00,4053,Nice Padel,10012,Court 2,2026-09-23,20:00 - 21:00,99000,Booked
4244_10884_18:00,4244,Mono House,10884,Court 1,2026-09-23,18:00 - 19:00,225000,Available
4244_10884_19:00,4244,Mono House,10884,Court 1,2026-09-23,19:00 - 20:00,225000,Booked
4244_10884_20:00,4244,Mono House,10884,Court 1,2026-09-23,20:00 - 21:00,225000,Booked
4244_10884_21:00,4244,Mono House,10884,Court 1,2026-09-23,21:00 - 22:00,225000,Booked
4244_10884_22:00,4244,Mono House,10884,Court 1,2026-09-23,22:00 - 23:00,225000,Available
4244_10885_18:00,4244,Mono House,10885,Court 2,2026-09-23,18:00 - 19:00,225000,Available
4244_10885_19:00,4244,Mono House,10885,Court 2,2026-09-23,19:00 - 20:00,225000,Booked
4244_10885_20:00,4244,Mono House,10885,Court 2,2026-09-23,20:00 - 21:00,225000,Booked
4244_10885_21:00,4244,Mono House,10885,Court 2,2026-09-23,21:00 - 22:00,225000,Available
4244_10885_22:00,4244,Mono House,10885,Court 2,2026-09-23,22:00 - 23:00,225000,Available
2958_6927_18:00,2958,Go 2 Padel,6927,Court 1 (Blue),2026-09-23,18:00 - 19:00,150000,Available
2958_6927_19:00,2958,Go 2 Padel,6927,Court 1 (Blue),2026-09-23,19:00 - 20:00,150000,Booked
2958_6927_20:00,2958,Go 2 Padel,6927,Court 1 (Blue),2026-09-23,20:00 - 21:00,150000,Booked
2958_6927_21:00,2958,Go 2 Padel,6927,Court 1 (Blue),2026-09-23,21:00 - 22:00,150000,Available
2958_6927_22:00,2958,Go 2 Padel,6927,Court 1 (Blue),2026-09-23,22:00 - 23:00,150000,Available
2958_7798_18:00,2958,Go 2 Padel,7798,Court 2 (Pink),2026-09-23,18:00 - 19:00,150000,Available
2958_7798_19:00,2958,Go 2 Padel,7798,Court 2 (Pink),2026-09-23,19:00 - 20:00,150000,Booked
2958_7798_20:00,2958,Go 2 Padel,7798,Court 2 (Pink),2026-09-23,20:00 - 21:00,150000,Booked
2958_7798_21:00,2958,Go 2 Padel,7798,Court 2 (Pink),2026-09-23,21:00 - 22:00,150000,Available
2958_7798_22:00,2958,Go 2 Padel,7798,Court 2 (Pink),2026-09-23,22:00 - 23:00,150000,Available
2906_6677_18:00,2906,Padel Quarter,6677,Elite Court,2026-09-23,18:00 - 19:00,170000,Booked
2906_6677_19:00,2906,Padel Quarter,6677,Elite Court,2026-09-23,19:00 - 20:00,190000,Booked
2906_6677_20:00,2906,Padel Quarter,6677,Elite Court,2026-09-23,20:00 - 22:00,380000,Booked
2906_6677_22:00,2906,Padel Quarter,6677,Elite Court,2026-09-23,22:00 - 23:00,90000,Available
2906_6677_23:00,2906,Padel Quarter,6677,Elite Court,2026-09-23,23:00 - 00:00,90000,Available
2906_6678_18:00,2906,Padel Quarter,6678,Court 1,2026-09-23,18:00 - 19:00,160000,Booked
2906_6678_19:00,2906,Padel Quarter,6678,Court 1,2026-09-23,19:00 - 20:00,180000,Booked
2906_6678_20:00,2906,Padel Quarter,6678,Court 1,2026-09-23,20:00 - 22:00,360000,Booked
2906_6678_22:00,2906,Padel Quarter,6678,Court 1,2026-09-23,22:00 - 23:00,80000,Available
2906_6678_23:00,2906,Padel Quarter,6678,Court 1,2026-09-23,23:00 - 00:00,80000,Available
2906_6679_18:00,2906,Padel Quarter,6679,Court 2,2026-09-23,18:00 - 19:00,160000,Booked
2906_6679_19:00,2906,Padel Quarter,6679,Court 2,2026-09-23,19:00 - 20:00,180000,Booked
2906_6679_20:00,2906,Padel Quarter,6679,Court 2,2026-09-23,20:00 - 22:00,360000,Booked
2906_6679_22:00,2906,Padel Quarter,6679,Court 2,2026-09-23,22:00 - 23:00,80000,Available
2906_6679_23:00,2906,Padel Quarter,6679,Court 2,2026-09-23,23:00 - 00:00,80000,Available
2906_6680_18:00,2906,Padel Quarter,6680,Court 3,2026-09-23,18:00 - 19:00,160000,Booked
2906_6680_19:00,2906,Padel Quarter,6680,Court 3,2026-09-23,19:00 - 20:00,180000,Booked
2906_6680_20:00,2906,Padel Quarter,6680,Court 3,2026-09-23,20:00 - 22:00,360000,Booked
2906_6680_22:00,2906,Padel Quarter,6680,Court 3,2026-09-23,22:00 - 23:00,80000,Available
2906_6680_23:00,2906,Padel Quarter,6680,Court 3,2026-09-23,23:00 - 00:00,80000,Available
3232_8048_18:00,3232,Powerhouse Padel AZURE Taman Surya,8048,Court A,2026-09-23,18:00 - 19:00,170000,Available
3232_8048_19:00,3232,Powerhouse Padel AZURE Taman Surya,8048,Court A,2026-09-23,19:00 - 20:00,170000,Booked
3232_8048_20:00,3232,Powerhouse Padel AZURE Taman Surya,8048,Court A,2026-09-23,20:00 - 21:00,170000,Booked
3232_8048_21:00,3232,Powerhouse Padel AZURE Taman Surya,8048,Court A,2026-09-23,21:00 - 22:00,170000,Available
3232_8048_22:00,3232,Powerhouse Padel AZURE Taman Surya,8048,Court A,2026-09-23,22:00 - 23:00,75000,Available
3232_8048_23:00,3232,Powerhouse Padel AZURE Taman Surya,8048,Court A,2026-09-23,23:00 - 00:00,75000,Available
3232_8132_18:00,3232,Powerhouse Padel AZURE Taman Surya,8132,Court B,2026-09-23,18:00 - 19:00,170000,Available
3232_8132_19:00,3232,Powerhouse Padel AZURE Taman Surya,8132,Court B,2026-09-23,19:00 - 20:00,170000,Available
3232_8132_20:00,3232,Powerhouse Padel AZURE Taman Surya,8132,Court B,2026-09-23,20:00 - 21:00,170000,Available
3232_8132_21:00,3232,Powerhouse Padel AZURE Taman Surya,8132,Court B,2026-09-23,21:00 - 22:00,170000,Available
3232_8132_22:00,3232,Powerhouse Padel AZURE Taman Surya,8132,Court B,2026-09-23,22:00 - 23:00,75000,Available
3232_8132_23:00,3232,Powerhouse Padel AZURE Taman Surya,8132,Court B,2026-09-23,23:00 - 00:00,75000,Available
3232_8133_18:00,3232,Powerhouse Padel AZURE Taman Surya,8133,Court C,2026-09-23,18:00 - 19:00,170000,Available
3232_8133_19:00,3232,Powerhouse Padel AZURE Taman Surya,8133,Court C,2026-09-23,19:00 - 20:00,170000,Booked
3232_8133_20:00,3232,Powerhouse Padel AZURE Taman Surya,8133,Court C,2026-09-23,20:00 - 21:00,170000,Booked
3232_8133_21:00,3232,Powerhouse Padel AZURE Taman Surya,8133,Court C,2026-09-23,21:00 - 22:00,170000,Available
3232_8133_22:00,3232,Powerhouse Padel AZURE Taman Surya,8133,Court C,2026-09-23,22:00 - 23:00,75000,Available
3232_8133_23:00,3232,Powerhouse Padel AZURE Taman Surya,8133,Court C,2026-09-23,23:00 - 00:00,75000,Available
3232_8134_18:00,3232,Powerhouse Padel AZURE Taman Surya,8134,Court D,2026-09-23,18:00 - 19:00,170000,Available
3232_8134_19:00,3232,Powerhouse Padel AZURE Taman Surya,8134,Court D,2026-09-23,19:00 - 20:00,170000,Booked
3232_8134_20:00,3232,Powerhouse Padel AZURE Taman Surya,8134,Court D,2026-09-23,20:00 - 21:00,170000,Booked
3232_8134_21:00,3232,Powerhouse Padel AZURE Taman Surya,8134,Court D,2026-09-23,21:00 - 22:00,170000,Available
3232_8134_22:00,3232,Powerhouse Padel AZURE Taman Surya,8134,Court D,2026-09-23,22:00 - 23:00,75000,Available
3232_8134_23:00,3232,Powerhouse Padel AZURE Taman Surya,8134,Court D,2026-09-23,23:00 - 00:00,75000,Available
2317_4859_18:00,2317,CPH Citra Padel House,4859,Court 1,2026-09-23,18:00 - 19:00,170000,Available
2317_4859_19:00,2317,CPH Citra Padel House,4859,Court 1,2026-09-23,19:00 - 20:00,170000,Available
2317_4859_20:00,2317,CPH Citra Padel House,4859,Court 1,2026-09-23,20:00 - 21:00,170000,Booked
2317_4859_21:00,2317,CPH Citra Padel House,4859,Court 1,2026-09-23,21:00 - 22:00,170000,Booked
2317_4859_22:00,2317,CPH Citra Padel House,4859,Court 1,2026-09-23,22:00 - 23:00,85000,Booked
2317_4860_18:00,2317,CPH Citra Padel House,4860,Court 2,2026-09-23,18:00 - 19:00,170000,Available
2317_4860_19:00,2317,CPH Citra Padel House,4860,Court 2,2026-09-23,19:00 - 20:00,170000,Available
2317_4860_20:00,2317,CPH Citra Padel House,4860,Court 2,2026-09-23,20:00 - 21:00,170000,Booked
2317_4860_21:00,2317,CPH Citra Padel House,4860,Court 2,2026-09-23,21:00 - 22:00,170000,Booked
2317_4860_22:00,2317,CPH Citra Padel House,4860,Court 2,2026-09-23,22:00 - 23:00,85000,Booked
2317_4861_18:00,2317,CPH Citra Padel House,4861,Court 3,2026-09-23,18:00 - 19:00,170000,Available
2317_4861_19:00,2317,CPH Citra Padel House,4861,Court 3,2026-09-23,19:00 - 20:00,170000,Available
2317_4861_20:00,2317,CPH Citra Padel House,4861,Court 3,2026-09-23,20:00 - 21:00,170000,Booked
2317_4861_21:00,2317,CPH Citra Padel House,4861,Court 3,2026-09-23,21:00 - 22:00,170000,Booked
2317_4861_22:00,2317,CPH Citra Padel House,4861,Court 3,2026-09-23,22:00 - 23:00,85000,Booked
4333_11147_18:00,4333,Seven Stars Arena,11147,Court A,2026-09-23,18:00 - 19:00,220000,Booked
4333_11147_19:00,4333,Seven Stars Arena,11147,Court A,2026-09-23,19:00 - 20:00,220000,Booked
4333_11147_20:00,4333,Seven Stars Arena,11147,Court A,2026-09-23,20:00 - 21:00,220000,Booked
4333_11147_21:00,4333,Seven Stars Arena,11147,Court A,2026-09-23,21:00 - 22:00,220000,Available
4333_11148_18:00,4333,Seven Stars Arena,11148,Court B,2026-09-23,18:00 - 19:00,220000,Booked
4333_11148_19:00,4333,Seven Stars Arena,11148,Court B,2026-09-23,19:00 - 20:00,220000,Booked
4333_11148_20:00,4333,Seven Stars Arena,11148,Court B,2026-09-23,20:00 - 21:00,220000,Available
4333_11148_21:00,4333,Seven Stars Arena,11148,Court B,2026-09-23,21:00 - 22:00,220000,Available
4333_11149_18:00,4333,Seven Stars Arena,11149,Court C,2026-09-23,18:00 - 19:00,220000,Booked
4333_11149_19:00,4333,Seven Stars Arena,11149,Court C,2026-09-23,19:00 - 20:00,220000,Booked
4333_11149_20:00,4333,Seven Stars Arena,11149,Court C,2026-09-23,20:00 - 21:00,220000,Available
4333_11149_21:00,4333,Seven Stars Arena,11149,Court C,2026-09-23,21:00 - 22:00,220000,Available
4333_11150_18:00,4333,Seven Stars Arena,11150,Court D,2026-09-23,18:00 - 19:00,220000,Booked
4333_11150_19:00,4333,Seven Stars Arena,11150,Court D,2026-09-23,19:00 - 20:00,220000,Booked
4333_11150_20:00,4333,Seven Stars Arena,11150,Court D,2026-09-23,20:00 - 21:00,220000,Available
4333_11150_21:00,4333,Seven Stars Arena,11150,Court D,2026-09-23,21:00 - 22:00,220000,Available
1930_6855_18:00,1930,PADELGROUNDS - MERUYA,6855,COURT A,2026-09-23,18:00 - 19:00,200000,Available
1930_6855_19:00,1930,PADELGROUNDS - MERUYA,6855,COURT A,2026-09-23,19:00 - 20:00,200000,Available
1930_6855_20:00,1930,PADELGROUNDS - MERUYA,6855,COURT A,2026-09-23,20:00 - 21:00,200000,Available
1930_6855_21:00,1930,PADELGROUNDS - MERUYA,6855,COURT A,2026-09-23,21:00 - 22:00,99000,Booked
1930_6855_22:00,1930,PADELGROUNDS - MERUYA,6855,COURT A,2026-09-23,22:00 - 23:00,99000,Booked
1930_6856_18:00,1930,PADELGROUNDS - MERUYA,6856,COURT B,2026-09-23,18:00 - 19:00,200000,Available
1930_6856_19:00,1930,PADELGROUNDS - MERUYA,6856,COURT B,2026-09-23,19:00 - 20:00,200000,Available
1930_6856_20:00,1930,PADELGROUNDS - MERUYA,6856,COURT B,2026-09-23,20:00 - 21:00,200000,Available
1930_6856_21:00,1930,PADELGROUNDS - MERUYA,6856,COURT B,2026-09-23,21:00 - 22:00,99000,Available
1930_6856_22:00,1930,PADELGROUNDS - MERUYA,6856,COURT B,2026-09-23,22:00 - 23:00,99000,Available
1930_6857_18:00,1930,PADELGROUNDS - MERUYA,6857,COURT C,2026-09-23,18:00 - 19:00,200000,Available
1930_6857_19:00,1930,PADELGROUNDS - MERUYA,6857,COURT C,2026-09-23,19:00 - 20:00,200000,Available
1930_6857_20:00,1930,PADELGROUNDS - MERUYA,6857,COURT C,2026-09-23,20:00 - 21:00,200000,Available
1930_6857_21:00,1930,PADELGROUNDS - MERUYA,6857,COURT C,2026-09-23,21:00 - 22:00,99000,Available
1930_6857_22:00,1930,PADELGROUNDS - MERUYA,6857,COURT C,2026-09-23,22:00 - 23:00,99000,Available
1930_3955_18:00,1930,PADELGROUNDS - MERUYA,3955,COURT D,2026-09-23,18:00 - 19:00,200000,Available
1930_3955_19:00,1930,PADELGROUNDS - MERUYA,3955,COURT D,2026-09-23,19:00 - 20:00,200000,Available
1930_3955_20:00,1930,PADELGROUNDS - MERUYA,3955,COURT D,2026-09-23,20:00 - 21:00,200000,Available
1930_3955_21:00,1930,PADELGROUNDS - MERUYA,3955,COURT D,2026-09-23,21:00 - 22:00,99000,Available
1930_3955_22:00,1930,PADELGROUNDS - MERUYA,3955,COURT D,2026-09-23,22:00 - 23:00,99000,Available
3416_8364_18:00,3416,Cosmo Padel,8364,Court 1,2026-09-23,18:00 - 19:00,250000,Available
3416_8364_19:00,3416,Cosmo Padel,8364,Court 1,2026-09-23,19:00 - 20:00,250000,Booked
3416_8364_20:00,3416,Cosmo Padel,8364,Court 1,2026-09-23,20:00 - 21:00,250000,Booked
3416_8364_21:00,3416,Cosmo Padel,8364,Court 1,2026-09-23,21:00 - 22:00,250000,Available
3416_8364_22:00,3416,Cosmo Padel,8364,Court 1,2026-09-23,22:00 - 23:00,128000,Available
3416_8364_23:00,3416,Cosmo Padel,8364,Court 1,2026-09-23,23:00 - 00:00,128000,Available
3416_8865_18:00,3416,Cosmo Padel,8865,Court 2,2026-09-23,18:00 - 19:00,275000,Available
3416_8865_19:00,3416,Cosmo Padel,8865,Court 2,2026-09-23,19:00 - 20:00,275000,Available
3416_8865_20:00,3416,Cosmo Padel,8865,Court 2,2026-09-23,20:00 - 21:00,275000,Booked
3416_8865_21:00,3416,Cosmo Padel,8865,Court 2,2026-09-23,21:00 - 22:00,275000,Available
3416_8865_22:00,3416,Cosmo Padel,8865,Court 2,2026-09-23,22:00 - 23:00,128000,Available
3416_8865_23:00,3416,Cosmo Padel,8865,Court 2,2026-09-23,23:00 - 00:00,128000,Available
1368_2569_18:00,1368,Vlocity Arena,2569,Tennis 1,2026-09-23,18:00 - 19:00,330000,Booked
1368_2569_19:00,1368,Vlocity Arena,2569,Tennis 1,2026-09-23,19:00 - 20:00,330000,Booked
1368_2569_20:00,1368,Vlocity Arena,2569,Tennis 1,2026-09-23,20:00 - 21:00,330000,Booked
1368_2569_21:00,1368,Vlocity Arena,2569,Tennis 1,2026-09-23,21:00 - 22:00,330000,Booked
1368_2569_22:00,1368,Vlocity Arena,2569,Tennis 1,2026-09-23,22:00 - 23:00,330000,Available
1368_2569_23:00,1368,Vlocity Arena,2569,Tennis 1,2026-09-23,23:00 - 00:00,330000,Available
1368_2593_18:00,1368,Vlocity Arena,2593,Tennis 2,2026-09-23,18:00 - 19:00,330000,Booked
1368_2593_19:00,1368,Vlocity Arena,2593,Tennis 2,2026-09-23,19:00 - 20:00,330000,Booked
1368_2593_20:00,1368,Vlocity Arena,2593,Tennis 2,2026-09-23,20:00 - 21:00,330000,Booked
1368_2593_21:00,1368,Vlocity Arena,2593,Tennis 2,2026-09-23,21:00 - 22:00,330000,Booked
1368_2593_22:00,1368,Vlocity Arena,2593,Tennis 2,2026-09-23,22:00 - 23:00,330000,Available
1368_2593_23:00,1368,Vlocity Arena,2593,Tennis 2,2026-09-23,23:00 - 00:00,330000,Available
1368_2596_18:00,1368,Vlocity Arena,2596,Padel Grandstand,2026-09-23,18:00 - 19:00,275000,Booked
1368_2596_19:00,1368,Vlocity Arena,2596,Padel Grandstand,2026-09-23,19:00 - 20:00,275000,Booked
1368_2596_20:00,1368,Vlocity Arena,2596,Padel Grandstand,2026-09-23,20:00 - 21:00,275000,Booked
1368_2596_21:00,1368,Vlocity Arena,2596,Padel Grandstand,2026-09-23,21:00 - 22:00,275000,Booked
1368_2596_22:00,1368,Vlocity Arena,2596,Padel Grandstand,2026-09-23,22:00 - 23:00,275000,Available
1368_2596_23:00,1368,Vlocity Arena,2596,Padel Grandstand,2026-09-23,23:00 - 00:00,225000,Available
1368_2597_18:00,1368,Vlocity Arena,2597,Padel 1,2026-09-23,18:00 - 19:00,275000,Booked
1368_2597_19:00,1368,Vlocity Arena,2597,Padel 1,2026-09-23,19:00 - 20:00,275000,Booked
1368_2597_20:00,1368,Vlocity Arena,2597,Padel 1,2026-09-23,20:00 - 21:00,275000,Available
1368_2597_21:00,1368,Vlocity Arena,2597,Padel 1,2026-09-23,21:00 - 22:00,275000,Available
1368_2597_22:00,1368,Vlocity Arena,2597,Padel 1,2026-09-23,22:00 - 23:00,275000,Available
1368_2597_23:00,1368,Vlocity Arena,2597,Padel 1,2026-09-23,23:00 - 00:00,225000,Available
1368_2598_18:00,1368,Vlocity Arena,2598,Padel 2,2026-09-23,18:00 - 19:00,275000,Booked
1368_2598_19:00,1368,Vlocity Arena,2598,Padel 2,2026-09-23,19:00 - 20:00,275000,Available
1368_2598_20:00,1368,Vlocity Arena,2598,Padel 2,2026-09-23,20:00 - 21:00,275000,Available
1368_2598_21:00,1368,Vlocity Arena,2598,Padel 2,2026-09-23,21:00 - 22:00,275000,Available
1368_2598_22:00,1368,Vlocity Arena,2598,Padel 2,2026-09-23,22:00 - 23:00,275000,Available
1368_2598_23:00,1368,Vlocity Arena,2598,Padel 2,2026-09-23,23:00 - 00:00,225000,Available
1368_2599_18:00,1368,Vlocity Arena,2599,Padel 3,2026-09-23,18:00 - 19:00,275000,Available
1368_2599_19:00,1368,Vlocity Arena,2599,Padel 3,2026-09-23,19:00 - 20:00,275000,Booked
1368_2599_20:00,1368,Vlocity Arena,2599,Padel 3,2026-09-23,20:00 - 21:00,275000,Booked
1368_2599_21:00,1368,Vlocity Arena,2599,Padel 3,2026-09-23,21:00 - 22:00,275000,Booked
1368_2599_22:00,1368,Vlocity Arena,2599,Padel 3,2026-09-23,22:00 - 23:00,275000,Available
1368_2599_23:00,1368,Vlocity Arena,2599,Padel 3,2026-09-23,23:00 - 00:00,225000,Available
1368_2600_18:00,1368,Vlocity Arena,2600,Padel 4,2026-09-23,18:00 - 19:00,275000,Available
1368_2600_19:00,1368,Vlocity Arena,2600,Padel 4,2026-09-23,19:00 - 20:00,275000,Booked
1368_2600_20:00,1368,Vlocity Arena,2600,Padel 4,2026-09-23,20:00 - 21:00,275000,Booked
1368_2600_21:00,1368,Vlocity Arena,2600,Padel 4,2026-09-23,21:00 - 22:00,275000,Available
1368_2600_22:00,1368,Vlocity Arena,2600,Padel 4,2026-09-23,22:00 - 23:00,275000,Available
1368_2600_23:00,1368,Vlocity Arena,2600,Padel 4,2026-09-23,23:00 - 00:00,225000,Available
1368_2601_18:00,1368,Vlocity Arena,2601,Padel 5,2026-09-23,18:00 - 19:00,275000,Available
1368_2601_19:00,1368,Vlocity Arena,2601,Padel 5,2026-09-23,19:00 - 20:00,275000,Booked
1368_2601_20:00,1368,Vlocity Arena,2601,Padel 5,2026-09-23,20:00 - 21:00,275000,Booked
1368_2601_21:00,1368,Vlocity Arena,2601,Padel 5,2026-09-23,21:00 - 22:00,275000,Available
1368_2601_22:00,1368,Vlocity Arena,2601,Padel 5,2026-09-23,22:00 - 23:00,275000,Available
1368_2601_23:00,1368,Vlocity Arena,2601,Padel 5,2026-09-23,23:00 - 00:00,225000,Available
1368_2595_18:00,1368,Vlocity Arena,2595,Badminton 1,2026-09-23,18:00 - 19:00,128000,Booked
1368_2595_19:00,1368,Vlocity Arena,2595,Badminton 1,2026-09-23,19:00 - 20:00,128000,Booked
1368_2595_20:00,1368,Vlocity Arena,2595,Badminton 1,2026-09-23,20:00 - 21:00,128000,Booked
1368_2595_21:00,1368,Vlocity Arena,2595,Badminton 1,2026-09-23,21:00 - 22:00,128000,Available
1368_2595_22:00,1368,Vlocity Arena,2595,Badminton 1,2026-09-23,22:00 - 23:00,78000,Available
1368_2595_23:00,1368,Vlocity Arena,2595,Badminton 1,2026-09-23,23:00 - 00:00,78000,Available
1368_2594_18:00,1368,Vlocity Arena,2594,Badminton 2,2026-09-23,18:00 - 19:00,128000,Booked
1368_2594_19:00,1368,Vlocity Arena,2594,Badminton 2,2026-09-23,19:00 - 20:00,128000,Booked
1368_2594_20:00,1368,Vlocity Arena,2594,Badminton 2,2026-09-23,20:00 - 21:00,128000,Booked
1368_2594_21:00,1368,Vlocity Arena,2594,Badminton 2,2026-09-23,21:00 - 22:00,128000,Booked
1368_2594_22:00,1368,Vlocity Arena,2594,Badminton 2,2026-09-23,22:00 - 23:00,78000,Available
1368_2594_23:00,1368,Vlocity Arena,2594,Badminton 2,2026-09-23,23:00 - 00:00,78000,Available
1628_9721_18:00,1628,Anwa Racquet Privé (ex Anwa Tennis Club),9721,Court 1,2026-09-23,18:00 - 19:00,249000,Booked
1628_9721_19:00,1628,Anwa Racquet Privé (ex Anwa Tennis Club),9721,Court 1,2026-09-23,19:00 - 20:00,249000,Booked
1628_9721_20:00,1628,Anwa Racquet Privé (ex Anwa Tennis Club),9721,Court 1,2026-09-23,20:00 - 21:00,249000,Booked
1628_9721_21:00,1628,Anwa Racquet Privé (ex Anwa Tennis Club),9721,Court 1,2026-09-23,21:00 - 22:00,249000,Available
1628_9722_18:00,1628,Anwa Racquet Privé (ex Anwa Tennis Club),9722,Court 2,2026-09-23,18:00 - 19:00,249000,Available
1628_9722_19:00,1628,Anwa Racquet Privé (ex Anwa Tennis Club),9722,Court 2,2026-09-23,19:00 - 20:00,249000,Booked
1628_9722_20:00,1628,Anwa Racquet Privé (ex Anwa Tennis Club),9722,Court 2,2026-09-23,20:00 - 21:00,249000,Booked
1628_9722_21:00,1628,Anwa Racquet Privé (ex Anwa Tennis Club),9722,Court 2,2026-09-23,21:00 - 22:00,249000,Available
1628_9723_18:00,1628,Anwa Racquet Privé (ex Anwa Tennis Club),9723,Court 3,2026-09-23,18:00 - 19:00,249000,Available
1628_9723_19:00,1628,Anwa Racquet Privé (ex Anwa Tennis Club),9723,Court 3,2026-09-23,19:00 - 20:00,249000,Available
1628_9723_20:00,1628,Anwa Racquet Privé (ex Anwa Tennis Club),9723,Court 3,2026-09-23,20:00 - 21:00,249000,Available
1628_9723_21:00,1628,Anwa Racquet Privé (ex Anwa Tennis Club),9723,Court 3,2026-09-23,21:00 - 22:00,249000,Available
1628_10523_18:00,1628,Anwa Racquet Privé (ex Anwa Tennis Club),10523,Mahjong 1,2026-09-23,18:00 - 19:00,200000,Available
1628_10523_19:00,1628,Anwa Racquet Privé (ex Anwa Tennis Club),10523,Mahjong 1,2026-09-23,19:00 - 20:00,200000,Available
1628_10523_20:00,1628,Anwa Racquet Privé (ex Anwa Tennis Club),10523,Mahjong 1,2026-09-23,20:00 - 21:00,200000,Available
1628_10523_21:00,1628,Anwa Racquet Privé (ex Anwa Tennis Club),10523,Mahjong 1,2026-09-23,21:00 - 22:00,200000,Available
1628_10524_18:00,1628,Anwa Racquet Privé (ex Anwa Tennis Club),10524,Mahjong 2,2026-09-23,18:00 - 19:00,200000,Available
1628_10524_19:00,1628,Anwa Racquet Privé (ex Anwa Tennis Club),10524,Mahjong 2,2026-09-23,19:00 - 20:00,200000,Available
1628_10524_20:00,1628,Anwa Racquet Privé (ex Anwa Tennis Club),10524,Mahjong 2,2026-09-23,20:00 - 21:00,200000,Available
1628_10524_21:00,1628,Anwa Racquet Privé (ex Anwa Tennis Club),10524,Mahjong 2,2026-09-23,21:00 - 22:00,200000,Available
1628_10525_18:00,1628,Anwa Racquet Privé (ex Anwa Tennis Club),10525,Mahjong 3,2026-09-23,18:00 - 19:00,200000,Available
1628_10525_19:00,1628,Anwa Racquet Privé (ex Anwa Tennis Club),10525,Mahjong 3,2026-09-23,19:00 - 20:00,200000,Available
1628_10525_20:00,1628,Anwa Racquet Privé (ex Anwa Tennis Club),10525,Mahjong 3,2026-09-23,20:00 - 21:00,200000,Available
1628_10525_21:00,1628,Anwa Racquet Privé (ex Anwa Tennis Club),10525,Mahjong 3,2026-09-23,21:00 - 22:00,200000,Available
1628_10526_18:00,1628,Anwa Racquet Privé (ex Anwa Tennis Club),10526,Mahjong 4,2026-09-23,18:00 - 19:00,200000,Available
1628_10526_19:00,1628,Anwa Racquet Privé (ex Anwa Tennis Club),10526,Mahjong 4,2026-09-23,19:00 - 20:00,200000,Available
1628_10526_20:00,1628,Anwa Racquet Privé (ex Anwa Tennis Club),10526,Mahjong 4,2026-09-23,20:00 - 21:00,200000,Available
1628_10526_21:00,1628,Anwa Racquet Privé (ex Anwa Tennis Club),10526,Mahjong 4,2026-09-23,21:00 - 22:00,200000,Available
1628_3306_18:00,1628,Anwa Racquet Privé (ex Anwa Tennis Club),3306,Love,2026-09-23,18:00 - 19:00,300000,Booked
1628_3306_19:00,1628,Anwa Racquet Privé (ex Anwa Tennis Club),3306,Love,2026-09-23,19:00 - 20:00,300000,Booked
1628_3306_20:00,1628,Anwa Racquet Privé (ex Anwa Tennis Club),3306,Love,2026-09-23,20:00 - 21:00,300000,Booked
1628_3306_21:00,1628,Anwa Racquet Privé (ex Anwa Tennis Club),3306,Love,2026-09-23,21:00 - 22:00,300000,Booked
1628_3308_18:00,1628,Anwa Racquet Privé (ex Anwa Tennis Club),3308,Hope,2026-09-23,18:00 - 19:00,300000,Booked
1628_3308_19:00,1628,Anwa Racquet Privé (ex Anwa Tennis Club),3308,Hope,2026-09-23,19:00 - 20:00,300000,Booked
1628_3308_20:00,1628,Anwa Racquet Privé (ex Anwa Tennis Club),3308,Hope,2026-09-23,20:00 - 21:00,300000,Booked
1628_3308_21:00,1628,Anwa Racquet Privé (ex Anwa Tennis Club),3308,Hope,2026-09-23,21:00 - 22:00,300000,Booked
1628_3307_18:00,1628,Anwa Racquet Privé (ex Anwa Tennis Club),3307,Faith,2026-09-23,18:00 - 19:00,300000,Booked
1628_3307_19:00,1628,Anwa Racquet Privé (ex Anwa Tennis Club),3307,Faith,2026-09-23,19:00 - 20:00,300000,Booked
1628_3307_20:00,1628,Anwa Racquet Privé (ex Anwa Tennis Club),3307,Faith,2026-09-23,20:00 - 21:00,300000,Booked
1628_3307_21:00,1628,Anwa Racquet Privé (ex Anwa Tennis Club),3307,Faith,2026-09-23,21:00 - 22:00,300000,Booked
1628_12588_18:00,1628,Anwa Racquet Privé (ex Anwa Tennis Club),12588,Mini Soccer,2026-09-23,18:00 - 20:00,700000,Booked
1628_12588_20:00,1628,Anwa Racquet Privé (ex Anwa Tennis Club),12588,Mini Soccer,2026-09-23,20:00 - 22:00,700000,Booked
3064_7631_18:00,3064,Country Club | Padel & Lounge,7631,Court 1,2026-09-23,18:00 - 19:00,250000,Booked
3064_7631_19:00,3064,Country Club | Padel & Lounge,7631,Court 1,2026-09-23,19:00 - 20:00,250000,Booked
3064_7631_20:00,3064,Country Club | Padel & Lounge,7631,Court 1,2026-09-23,20:00 - 21:00,250000,Available
3064_7631_21:00,3064,Country Club | Padel & Lounge,7631,Court 1,2026-09-23,21:00 - 22:00,250000,Available
3064_7631_22:00,3064,Country Club | Padel & Lounge,7631,Court 1,2026-09-23,22:00 - 23:00,250000,Available
3064_7706_18:00,3064,Country Club | Padel & Lounge,7706,Court 2,2026-09-23,18:00 - 19:00,250000,Booked
3064_7706_19:00,3064,Country Club | Padel & Lounge,7706,Court 2,2026-09-23,19:00 - 20:00,250000,Booked
3064_7706_20:00,3064,Country Club | Padel & Lounge,7706,Court 2,2026-09-23,20:00 - 21:00,250000,Available
3064_7706_21:00,3064,Country Club | Padel & Lounge,7706,Court 2,2026-09-23,21:00 - 22:00,250000,Available
3064_7706_22:00,3064,Country Club | Padel & Lounge,7706,Court 2,2026-09-23,22:00 - 23:00,250000,Available
1922_4080_18:00,1922,Kobana Padel,4080,Court 1,2026-09-23,18:00 - 19:00,240000,Available
1922_4080_19:00,1922,Kobana Padel,4080,Court 1,2026-09-23,19:00 - 20:00,240000,Booked
1922_4080_20:00,1922,Kobana Padel,4080,Court 1,2026-09-23,20:00 - 21:00,240000,Booked
1922_4080_21:00,1922,Kobana Padel,4080,Court 1,2026-09-23,21:00 - 22:00,240000,Available
1922_4080_22:00,1922,Kobana Padel,4080,Court 1,2026-09-23,22:00 - 23:00,240000,Available
1922_4080_23:00,1922,Kobana Padel,4080,Court 1,2026-09-23,23:00 - 00:00,240000,Available
1922_4272_18:00,1922,Kobana Padel,4272,Court 2,2026-09-23,18:00 - 19:00,240000,Booked
1922_4272_19:00,1922,Kobana Padel,4272,Court 2,2026-09-23,19:00 - 20:00,240000,Booked
1922_4272_20:00,1922,Kobana Padel,4272,Court 2,2026-09-23,20:00 - 21:00,240000,Booked
1922_4272_21:00,1922,Kobana Padel,4272,Court 2,2026-09-23,21:00 - 22:00,240000,Booked
1922_4272_22:00,1922,Kobana Padel,4272,Court 2,2026-09-23,22:00 - 23:00,240000,Available
1922_4272_23:00,1922,Kobana Padel,4272,Court 2,2026-09-23,23:00 - 00:00,240000,Available
1922_4273_18:00,1922,Kobana Padel,4273,Court 3,2026-09-23,18:00 - 19:00,240000,Booked
1922_4273_19:00,1922,Kobana Padel,4273,Court 3,2026-09-23,19:00 - 20:00,240000,Booked
1922_4273_20:00,1922,Kobana Padel,4273,Court 3,2026-09-23,20:00 - 21:00,240000,Available
1922_4273_21:00,1922,Kobana Padel,4273,Court 3,2026-09-23,21:00 - 22:00,240000,Available
1922_4273_22:00,1922,Kobana Padel,4273,Court 3,2026-09-23,22:00 - 23:00,240000,Available
1922_4273_23:00,1922,Kobana Padel,4273,Court 3,2026-09-23,23:00 - 00:00,240000,Available
1300_2682_18:00,1300,The Citadel,2682,Court 1 - Purple,2026-09-23,18:00 - 19:00,250000,Available
1300_2682_19:00,1300,The Citadel,2682,Court 1 - Purple,2026-09-23,19:00 - 20:00,250000,Booked
1300_2682_20:00,1300,The Citadel,2682,Court 1 - Purple,2026-09-23,20:00 - 21:00,250000,Booked
1300_2682_21:00,1300,The Citadel,2682,Court 1 - Purple,2026-09-23,21:00 - 22:00,250000,Available
1300_7171_18:00,1300,The Citadel,7171,Court 2,2026-09-23,18:00 - 19:00,250000,Available
1300_7171_19:00,1300,The Citadel,7171,Court 2,2026-09-23,19:00 - 20:00,250000,Available
1300_7171_20:00,1300,The Citadel,7171,Court 2,2026-09-23,20:00 - 21:00,250000,Available
1300_7171_21:00,1300,The Citadel,7171,Court 2,2026-09-23,21:00 - 22:00,250000,Available
1300_7172_18:00,1300,The Citadel,7172,Court 3,2026-09-23,18:00 - 19:00,250000,Available
1300_7172_19:00,1300,The Citadel,7172,Court 3,2026-09-23,19:00 - 20:00,250000,Available
1300_7172_20:00,1300,The Citadel,7172,Court 3,2026-09-23,20:00 - 21:00,250000,Booked
1300_7172_21:00,1300,The Citadel,7172,Court 3,2026-09-23,21:00 - 22:00,250000,Available
1300_7173_18:00,1300,The Citadel,7173,Court 4,2026-09-23,18:00 - 19:00,250000,Available
1300_7173_19:00,1300,The Citadel,7173,Court 4,2026-09-23,19:00 - 20:00,250000,Available
1300_7173_20:00,1300,The Citadel,7173,Court 4,2026-09-23,20:00 - 21:00,250000,Available
1300_7173_21:00,1300,The Citadel,7173,Court 4,2026-09-23,21:00 - 22:00,250000,Available
1300_11427_18:00,1300,The Citadel,11427,Court A,2026-09-23,18:00 - 19:00,330000,Available
1300_11427_19:00,1300,The Citadel,11427,Court A,2026-09-23,19:00 - 20:00,330000,Booked
1300_11427_20:00,1300,The Citadel,11427,Court A,2026-09-23,20:00 - 21:00,330000,Booked
1300_11427_21:00,1300,The Citadel,11427,Court A,2026-09-23,21:00 - 22:00,330000,Booked
1300_11428_18:00,1300,The Citadel,11428,Court B,2026-09-23,18:00 - 19:00,330000,Booked
1300_11428_19:00,1300,The Citadel,11428,Court B,2026-09-23,19:00 - 20:00,330000,Booked
1300_11428_20:00,1300,The Citadel,11428,Court B,2026-09-23,20:00 - 21:00,330000,Booked
1300_11428_21:00,1300,The Citadel,11428,Court B,2026-09-23,21:00 - 22:00,330000,Booked
2519_5434_18:00,2519,Hachi Padel Puri Indah Jakarta,5434,Court 1,2026-09-23,18:00 - 19:00,288000,Booked
2519_5434_19:00,2519,Hachi Padel Puri Indah Jakarta,5434,Court 1,2026-09-23,19:00 - 20:00,288000,Booked
2519_5434_20:00,2519,Hachi Padel Puri Indah Jakarta,5434,Court 1,2026-09-23,20:00 - 21:00,288000,Booked
2519_5434_21:00,2519,Hachi Padel Puri Indah Jakarta,5434,Court 1,2026-09-23,21:00 - 22:00,288000,Available
2519_5434_22:00,2519,Hachi Padel Puri Indah Jakarta,5434,Court 1,2026-09-23,22:00 - 23:00,288000,Available
2519_5435_18:00,2519,Hachi Padel Puri Indah Jakarta,5435,Court 2,2026-09-23,18:00 - 19:00,288000,Booked
2519_5435_19:00,2519,Hachi Padel Puri Indah Jakarta,5435,Court 2,2026-09-23,19:00 - 20:00,288000,Booked
2519_5435_20:00,2519,Hachi Padel Puri Indah Jakarta,5435,Court 2,2026-09-23,20:00 - 21:00,288000,Available
2519_5435_21:00,2519,Hachi Padel Puri Indah Jakarta,5435,Court 2,2026-09-23,21:00 - 22:00,288000,Available
2519_5435_22:00,2519,Hachi Padel Puri Indah Jakarta,5435,Court 2,2026-09-23,22:00 - 23:00,288000,Available
2519_5436_18:00,2519,Hachi Padel Puri Indah Jakarta,5436,Court 3,2026-09-23,18:00 - 19:00,288000,Booked
2519_5436_19:00,2519,Hachi Padel Puri Indah Jakarta,5436,Court 3,2026-09-23,19:00 - 20:00,288000,Available
2519_5436_20:00,2519,Hachi Padel Puri Indah Jakarta,5436,Court 3,2026-09-23,20:00 - 21:00,288000,Available
2519_5436_21:00,2519,Hachi Padel Puri Indah Jakarta,5436,Court 3,2026-09-23,21:00 - 22:00,288000,Available
2519_5436_22:00,2519,Hachi Padel Puri Indah Jakarta,5436,Court 3,2026-09-23,22:00 - 23:00,288000,Available
2519_5437_18:00,2519,Hachi Padel Puri Indah Jakarta,5437,Court 4,2026-09-23,18:00 - 19:00,288000,Booked
2519_5437_19:00,2519,Hachi Padel Puri Indah Jakarta,5437,Court 4,2026-09-23,19:00 - 20:00,288000,Booked
2519_5437_20:00,2519,Hachi Padel Puri Indah Jakarta,5437,Court 4,2026-09-23,20:00 - 21:00,288000,Booked
2519_5437_21:00,2519,Hachi Padel Puri Indah Jakarta,5437,Court 4,2026-09-23,21:00 - 22:00,288000,Available
2519_5437_22:00,2519,Hachi Padel Puri Indah Jakarta,5437,Court 4,2026-09-23,22:00 - 23:00,288000,Available
3139_7379_18:00,3139,PIPC - Play In Padel Collective - Srengseng,7379,Court 1,2026-09-23,18:00 - 19:00,135000,Available
3139_7379_19:00,3139,PIPC - Play In Padel Collective - Srengseng,7379,Court 1,2026-09-23,19:00 - 20:00,135000,Booked
3139_7379_20:00,3139,PIPC - Play In Padel Collective - Srengseng,7379,Court 1,2026-09-23,20:00 - 21:00,135000,Booked
3139_7379_21:00,3139,PIPC - Play In Padel Collective - Srengseng,7379,Court 1,2026-09-23,21:00 - 22:00,135000,Booked
3139_7379_22:00,3139,PIPC - Play In Padel Collective - Srengseng,7379,Court 1,2026-09-23,22:00 - 23:00,100000,Available
3139_7379_23:00,3139,PIPC - Play In Padel Collective - Srengseng,7379,Court 1,2026-09-23,23:00 - 00:00,100000,Available
3139_7380_18:00,3139,PIPC - Play In Padel Collective - Srengseng,7380,Court 2,2026-09-23,18:00 - 19:00,135000,Available
3139_7380_19:00,3139,PIPC - Play In Padel Collective - Srengseng,7380,Court 2,2026-09-23,19:00 - 20:00,135000,Booked
3139_7380_20:00,3139,PIPC - Play In Padel Collective - Srengseng,7380,Court 2,2026-09-23,20:00 - 21:00,135000,Booked
3139_7380_21:00,3139,PIPC - Play In Padel Collective - Srengseng,7380,Court 2,2026-09-23,21:00 - 22:00,135000,Booked
3139_7380_22:00,3139,PIPC - Play In Padel Collective - Srengseng,7380,Court 2,2026-09-23,22:00 - 23:00,100000,Available
3139_7380_23:00,3139,PIPC - Play In Padel Collective - Srengseng,7380,Court 2,2026-09-23,23:00 - 00:00,100000,Available
3139_7381_18:00,3139,PIPC - Play In Padel Collective - Srengseng,7381,Court 3,2026-09-23,18:00 - 19:00,135000,Booked
3139_7381_19:00,3139,PIPC - Play In Padel Collective - Srengseng,7381,Court 3,2026-09-23,19:00 - 20:00,135000,Booked
3139_7381_20:00,3139,PIPC - Play In Padel Collective - Srengseng,7381,Court 3,2026-09-23,20:00 - 21:00,135000,Booked
3139_7381_21:00,3139,PIPC - Play In Padel Collective - Srengseng,7381,Court 3,2026-09-23,21:00 - 22:00,135000,Booked
3139_7381_22:00,3139,PIPC - Play In Padel Collective - Srengseng,7381,Court 3,2026-09-23,22:00 - 23:00,100000,Available
3139_7381_23:00,3139,PIPC - Play In Padel Collective - Srengseng,7381,Court 3,2026-09-23,23:00 - 00:00,100000,Available
3139_7382_18:00,3139,PIPC - Play In Padel Collective - Srengseng,7382,Court 4,2026-09-23,18:00 - 19:00,135000,Booked
3139_7382_19:00,3139,PIPC - Play In Padel Collective - Srengseng,7382,Court 4,2026-09-23,19:00 - 20:00,135000,Booked
3139_7382_20:00,3139,PIPC - Play In Padel Collective - Srengseng,7382,Court 4,2026-09-23,20:00 - 21:00,135000,Booked
3139_7382_21:00,3139,PIPC - Play In Padel Collective - Srengseng,7382,Court 4,2026-09-23,21:00 - 22:00,135000,Booked
3139_7382_22:00,3139,PIPC - Play In Padel Collective - Srengseng,7382,Court 4,2026-09-23,22:00 - 23:00,100000,Available
3139_7382_23:00,3139,PIPC - Play In Padel Collective - Srengseng,7382,Court 4,2026-09-23,23:00 - 00:00,100000,Available
3139_7383_18:00,3139,PIPC - Play In Padel Collective - Srengseng,7383,Court 5,2026-09-23,18:00 - 19:00,135000,Booked
3139_7383_19:00,3139,PIPC - Play In Padel Collective - Srengseng,7383,Court 5,2026-09-23,19:00 - 20:00,135000,Booked
3139_7383_20:00,3139,PIPC - Play In Padel Collective - Srengseng,7383,Court 5,2026-09-23,20:00 - 21:00,135000,Booked
3139_7383_21:00,3139,PIPC - Play In Padel Collective - Srengseng,7383,Court 5,2026-09-23,21:00 - 22:00,135000,Booked
3139_7383_22:00,3139,PIPC - Play In Padel Collective - Srengseng,7383,Court 5,2026-09-23,22:00 - 23:00,100000,Available
3139_7383_23:00,3139,PIPC - Play In Padel Collective - Srengseng,7383,Court 5,2026-09-23,23:00 - 00:00,100000,Available
3139_7384_18:00,3139,PIPC - Play In Padel Collective - Srengseng,7384,Court 6,2026-09-23,18:00 - 19:00,135000,Booked
3139_7384_19:00,3139,PIPC - Play In Padel Collective - Srengseng,7384,Court 6,2026-09-23,19:00 - 20:00,135000,Booked
3139_7384_20:00,3139,PIPC - Play In Padel Collective - Srengseng,7384,Court 6,2026-09-23,20:00 - 21:00,135000,Booked
3139_7384_21:00,3139,PIPC - Play In Padel Collective - Srengseng,7384,Court 6,2026-09-23,21:00 - 22:00,135000,Booked
3139_7384_22:00,3139,PIPC - Play In Padel Collective - Srengseng,7384,Court 6,2026-09-23,22:00 - 23:00,100000,Available
3139_7384_23:00,3139,PIPC - Play In Padel Collective - Srengseng,7384,Court 6,2026-09-23,23:00 - 00:00,100000,Available
4103_10155_18:00,4103,Golcindo Padel Club,10155,Court 1,2026-09-23,18:00 - 19:00,149000,Available
4103_10155_19:00,4103,Golcindo Padel Club,10155,Court 1,2026-09-23,19:00 - 20:00,149000,Available
4103_10155_20:00,4103,Golcindo Padel Club,10155,Court 1,2026-09-23,20:00 - 21:00,149000,Booked
4103_10155_21:00,4103,Golcindo Padel Club,10155,Court 1,2026-09-23,21:00 - 22:00,149000,Booked
4103_10155_22:00,4103,Golcindo Padel Club,10155,Court 1,2026-09-23,22:00 - 23:00,99000,Available
4103_10155_23:00,4103,Golcindo Padel Club,10155,Court 1,2026-09-23,23:00 - 00:00,99000,Available
4103_10156_18:00,4103,Golcindo Padel Club,10156,Court 2,2026-09-23,18:00 - 19:00,149000,Available
4103_10156_19:00,4103,Golcindo Padel Club,10156,Court 2,2026-09-23,19:00 - 20:00,149000,Available
4103_10156_20:00,4103,Golcindo Padel Club,10156,Court 2,2026-09-23,20:00 - 21:00,149000,Booked
4103_10156_21:00,4103,Golcindo Padel Club,10156,Court 2,2026-09-23,21:00 - 22:00,149000,Booked
4103_10156_22:00,4103,Golcindo Padel Club,10156,Court 2,2026-09-23,22:00 - 23:00,99000,Available
4103_10156_23:00,4103,Golcindo Padel Club,10156,Court 2,2026-09-23,23:00 - 00:00,99000,Available
1155_2027_18:00,1155,Homeground Padel Premiere Kedoya,2027,Court A,2026-09-23,18:00 - 19:00,250000,Available
1155_2027_19:00,1155,Homeground Padel Premiere Kedoya,2027,Court A,2026-09-23,19:00 - 20:00,250000,Booked
1155_2027_20:00,1155,Homeground Padel Premiere Kedoya,2027,Court A,2026-09-23,20:00 - 21:00,250000,Booked
1155_2027_21:00,1155,Homeground Padel Premiere Kedoya,2027,Court A,2026-09-23,21:00 - 22:00,250000,Available
1155_2027_22:00,1155,Homeground Padel Premiere Kedoya,2027,Court A,2026-09-23,22:00 - 23:00,150000,Available
1155_2028_18:00,1155,Homeground Padel Premiere Kedoya,2028,Court B,2026-09-23,18:00 - 19:00,250000,Available
1155_2028_19:00,1155,Homeground Padel Premiere Kedoya,2028,Court B,2026-09-23,19:00 - 20:00,250000,Booked
1155_2028_20:00,1155,Homeground Padel Premiere Kedoya,2028,Court B,2026-09-23,20:00 - 21:00,250000,Booked
1155_2028_21:00,1155,Homeground Padel Premiere Kedoya,2028,Court B,2026-09-23,21:00 - 22:00,250000,Available
1155_2028_22:00,1155,Homeground Padel Premiere Kedoya,2028,Court B,2026-09-23,22:00 - 23:00,150000,Available
1252_2257_18:00,1252,Padel One Club,2257,Court A,2026-09-23,18:00 - 19:00,250000,Booked
1252_2257_19:00,1252,Padel One Club,2257,Court A,2026-09-23,19:00 - 20:00,250000,Booked
1252_2257_20:00,1252,Padel One Club,2257,Court A,2026-09-23,20:00 - 21:00,250000,Booked
1252_2257_21:00,1252,Padel One Club,2257,Court A,2026-09-23,21:00 - 22:00,225000,Booked
1252_2257_22:00,1252,Padel One Club,2257,Court A,2026-09-23,22:00 - 23:00,225000,Available
1252_2259_18:00,1252,Padel One Club,2259,Court B,2026-09-23,18:00 - 19:00,250000,Booked
1252_2259_19:00,1252,Padel One Club,2259,Court B,2026-09-23,19:00 - 20:00,250000,Booked
1252_2259_20:00,1252,Padel One Club,2259,Court B,2026-09-23,20:00 - 21:00,250000,Booked
1252_2259_21:00,1252,Padel One Club,2259,Court B,2026-09-23,21:00 - 22:00,225000,Booked
1252_2259_22:00,1252,Padel One Club,2259,Court B,2026-09-23,22:00 - 23:00,225000,Available
1252_2260_18:00,1252,Padel One Club,2260,Court C,2026-09-23,18:00 - 19:00,250000,Booked
1252_2260_19:00,1252,Padel One Club,2260,Court C,2026-09-23,19:00 - 20:00,250000,Booked
1252_2260_20:00,1252,Padel One Club,2260,Court C,2026-09-23,20:00 - 21:00,250000,Booked
1252_2260_21:00,1252,Padel One Club,2260,Court C,2026-09-23,21:00 - 22:00,225000,Booked
1252_2260_22:00,1252,Padel One Club,2260,Court C,2026-09-23,22:00 - 23:00,225000,Available
1252_2261_18:00,1252,Padel One Club,2261,Court D,2026-09-23,18:00 - 19:00,250000,Available
1252_2261_19:00,1252,Padel One Club,2261,Court D,2026-09-23,19:00 - 20:00,250000,Booked
1252_2261_20:00,1252,Padel One Club,2261,Court D,2026-09-23,20:00 - 21:00,250000,Booked
1252_2261_21:00,1252,Padel One Club,2261,Court D,2026-09-23,21:00 - 22:00,225000,Booked
1252_2261_22:00,1252,Padel One Club,2261,Court D,2026-09-23,22:00 - 23:00,225000,Available
3854_10231_18:00,3854,Malta Padel Club,10231,Court 1,2026-09-23,18:00 - 19:00,200000,Available
3854_10231_19:00,3854,Malta Padel Club,10231,Court 1,2026-09-23,19:00 - 20:00,200000,Booked
3854_10231_20:00,3854,Malta Padel Club,10231,Court 1,2026-09-23,20:00 - 21:00,200000,Booked
3854_10231_21:00,3854,Malta Padel Club,10231,Court 1,2026-09-23,21:00 - 22:00,200000,Available
3854_10231_22:00,3854,Malta Padel Club,10231,Court 1,2026-09-23,22:00 - 23:00,200000,Available
3854_10231_23:00,3854,Malta Padel Club,10231,Court 1,2026-09-23,23:00 - 00:00,200000,Available
3854_10232_18:00,3854,Malta Padel Club,10232,Court 2,2026-09-23,18:00 - 19:00,200000,Available
3854_10232_19:00,3854,Malta Padel Club,10232,Court 2,2026-09-23,19:00 - 20:00,200000,Booked
3854_10232_20:00,3854,Malta Padel Club,10232,Court 2,2026-09-23,20:00 - 21:00,200000,Booked
3854_10232_21:00,3854,Malta Padel Club,10232,Court 2,2026-09-23,21:00 - 22:00,200000,Available
3854_10232_22:00,3854,Malta Padel Club,10232,Court 2,2026-09-23,22:00 - 23:00,200000,Available
3854_10232_23:00,3854,Malta Padel Club,10232,Court 2,2026-09-23,23:00 - 00:00,200000,Available
3854_10233_18:00,3854,Malta Padel Club,10233,Court 3,2026-09-23,18:00 - 19:00,200000,Available
3854_10233_19:00,3854,Malta Padel Club,10233,Court 3,2026-09-23,19:00 - 20:00,200000,Booked
3854_10233_20:00,3854,Malta Padel Club,10233,Court 3,2026-09-23,20:00 - 21:00,200000,Booked
3854_10233_21:00,3854,Malta Padel Club,10233,Court 3,2026-09-23,21:00 - 22:00,200000,Available
3854_10233_22:00,3854,Malta Padel Club,10233,Court 3,2026-09-23,22:00 - 23:00,200000,Available
3854_10233_23:00,3854,Malta Padel Club,10233,Court 3,2026-09-23,23:00 - 00:00,200000,Available
3854_9463_18:00,3854,Malta Padel Club,9463,Centre Court,2026-09-23,18:00 - 19:00,200000,Booked
3854_9463_19:00,3854,Malta Padel Club,9463,Centre Court,2026-09-23,19:00 - 20:00,200000,Booked
3854_9463_20:00,3854,Malta Padel Club,9463,Centre Court,2026-09-23,20:00 - 21:00,200000,Booked
3854_9463_21:00,3854,Malta Padel Club,9463,Centre Court,2026-09-23,21:00 - 22:00,200000,Booked
3854_9463_22:00,3854,Malta Padel Club,9463,Centre Court,2026-09-23,22:00 - 23:00,200000,Available
3854_9463_23:00,3854,Malta Padel Club,9463,Centre Court,2026-09-23,23:00 - 00:00,200000,Available
3854_10234_18:00,3854,Malta Padel Club,10234,Court 5,2026-09-23,18:00 - 19:00,200000,Available
3854_10234_19:00,3854,Malta Padel Club,10234,Court 5,2026-09-23,19:00 - 20:00,200000,Booked
3854_10234_20:00,3854,Malta Padel Club,10234,Court 5,2026-09-23,20:00 - 21:00,200000,Booked
3854_10234_21:00,3854,Malta Padel Club,10234,Court 5,2026-09-23,21:00 - 22:00,200000,Available
3854_10234_22:00,3854,Malta Padel Club,10234,Court 5,2026-09-23,22:00 - 23:00,200000,Available
3854_10234_23:00,3854,Malta Padel Club,10234,Court 5,2026-09-23,23:00 - 00:00,200000,Available
2792_6416_18:00,2792,Donkey Padel,6416,Court 1,2026-09-23,18:00 - 19:00,149000,Available
2792_6416_19:00,2792,Donkey Padel,6416,Court 1,2026-09-23,19:00 - 20:00,149000,Available
2792_6416_20:00,2792,Donkey Padel,6416,Court 1,2026-09-23,20:00 - 21:00,149000,Booked
2792_6416_21:00,2792,Donkey Padel,6416,Court 1,2026-09-23,21:00 - 22:00,149000,Booked
2792_6416_22:00,2792,Donkey Padel,6416,Court 1,2026-09-23,22:00 - 23:00,99000,Available
2792_6416_23:00,2792,Donkey Padel,6416,Court 1,2026-09-23,23:00 - 00:00,99000,Available
2792_6439_18:00,2792,Donkey Padel,6439,Court 2,2026-09-23,18:00 - 19:00,149000,Available
2792_6439_19:00,2792,Donkey Padel,6439,Court 2,2026-09-23,19:00 - 20:00,149000,Booked
2792_6439_20:00,2792,Donkey Padel,6439,Court 2,2026-09-23,20:00 - 21:00,149000,Booked
2792_6439_21:00,2792,Donkey Padel,6439,Court 2,2026-09-23,21:00 - 22:00,149000,Available
2792_6439_22:00,2792,Donkey Padel,6439,Court 2,2026-09-23,22:00 - 23:00,99000,Available
2792_6439_23:00,2792,Donkey Padel,6439,Court 2,2026-09-23,23:00 - 00:00,99000,Available
2870_6534_18:00,2870,Ace Padel Club (APC) - Jalan Panjang Kedoya,6534,Court 1 - Jenius,2026-09-23,18:00 - 19:00,300000,Available
2870_6534_19:00,2870,Ace Padel Club (APC) - Jalan Panjang Kedoya,6534,Court 1 - Jenius,2026-09-23,19:00 - 20:00,300000,Booked
2870_6534_20:00,2870,Ace Padel Club (APC) - Jalan Panjang Kedoya,6534,Court 1 - Jenius,2026-09-23,20:00 - 21:00,300000,Booked
2870_6573_18:00,2870,Ace Padel Club (APC) - Jalan Panjang Kedoya,6573,Court 2,2026-09-23,18:00 - 19:00,300000,Booked
2870_6573_19:00,2870,Ace Padel Club (APC) - Jalan Panjang Kedoya,6573,Court 2,2026-09-23,19:00 - 20:00,300000,Booked
2870_6573_20:00,2870,Ace Padel Club (APC) - Jalan Panjang Kedoya,6573,Court 2,2026-09-23,20:00 - 21:00,300000,Booked
2870_6574_18:00,2870,Ace Padel Club (APC) - Jalan Panjang Kedoya,6574,Court 3,2026-09-23,18:00 - 19:00,300000,Available
2870_6574_19:00,2870,Ace Padel Club (APC) - Jalan Panjang Kedoya,6574,Court 3,2026-09-23,19:00 - 20:00,300000,Booked
2870_6574_20:00,2870,Ace Padel Club (APC) - Jalan Panjang Kedoya,6574,Court 3,2026-09-23,20:00 - 21:00,300000,Booked
2870_6575_18:00,2870,Ace Padel Club (APC) - Jalan Panjang Kedoya,6575,Court 4,2026-09-23,18:00 - 19:00,300000,Available
2870_6575_19:00,2870,Ace Padel Club (APC) - Jalan Panjang Kedoya,6575,Court 4,2026-09-23,19:00 - 20:00,300000,Booked
2870_6575_20:00,2870,Ace Padel Club (APC) - Jalan Panjang Kedoya,6575,Court 4,2026-09-23,20:00 - 21:00,300000,Booked
2870_6576_18:00,2870,Ace Padel Club (APC) - Jalan Panjang Kedoya,6576,Court 5,2026-09-23,18:00 - 19:00,300000,Available
2870_6576_19:00,2870,Ace Padel Club (APC) - Jalan Panjang Kedoya,6576,Court 5,2026-09-23,19:00 - 20:00,300000,Booked
2870_6576_20:00,2870,Ace Padel Club (APC) - Jalan Panjang Kedoya,6576,Court 5,2026-09-23,20:00 - 21:00,300000,Booked
2870_6539_18:00,2870,Ace Padel Club (APC) - Jalan Panjang Kedoya,6539,Private Recovery,2026-09-23,18:00 - 19:00,100000,Available
2870_6539_19:00,2870,Ace Padel Club (APC) - Jalan Panjang Kedoya,6539,Private Recovery,2026-09-23,19:00 - 20:00,100000,Available
2870_6539_20:00,2870,Ace Padel Club (APC) - Jalan Panjang Kedoya,6539,Private Recovery,2026-09-23,20:00 - 21:00,100000,Booked
2617_6948_18:00,2617,JC Padel Kedoya,6948,Purple Court,2026-09-23,18:00 - 19:00,190000,Available
2617_6948_19:00,2617,JC Padel Kedoya,6948,Purple Court,2026-09-23,19:00 - 20:00,190000,Booked
2617_6948_20:00,2617,JC Padel Kedoya,6948,Purple Court,2026-09-23,20:00 - 22:00,380000,Booked
2617_6949_18:00,2617,JC Padel Kedoya,6949,Blue Court,2026-09-23,18:00 - 19:00,190000,Available
2617_6949_19:00,2617,JC Padel Kedoya,6949,Blue Court,2026-09-23,19:00 - 20:00,190000,Available
2617_6949_20:00,2617,JC Padel Kedoya,6949,Blue Court,2026-09-23,20:00 - 22:00,380000,Booked
4519_11488_18:00,4519,SERA COMMUNITY CLUB,11488,Court 1 - Sera Community Club,2026-09-23,18:00 - 20:00,400000,Booked
4519_11488_20:00,4519,SERA COMMUNITY CLUB,11488,Court 1 - Sera Community Club,2026-09-23,20:00 - 22:00,400000,Booked
4519_11580_18:00,4519,SERA COMMUNITY CLUB,11580,Court 2 - Sera Community Club,2026-09-23,18:00 - 20:00,400000,Booked
4519_11580_20:00,4519,SERA COMMUNITY CLUB,11580,Court 2 - Sera Community Club,2026-09-23,20:00 - 22:00,400000,Booked
1678_4890_18:00,1678,Padel Spot,4890,Court 1,2026-09-23,18:00 - 19:00,200000,Available
1678_4890_19:00,1678,Padel Spot,4890,Court 1,2026-09-23,19:00 - 20:00,200000,Booked
1678_4890_20:00,1678,Padel Spot,4890,Court 1,2026-09-23,20:00 - 21:00,200000,Booked
1678_4890_21:00,1678,Padel Spot,4890,Court 1,2026-09-23,21:00 - 22:00,200000,Booked
1678_4890_22:00,1678,Padel Spot,4890,Court 1,2026-09-23,22:00 - 23:00,150000,Available
1678_9151_18:00,1678,Padel Spot,9151,Court 2,2026-09-23,18:00 - 19:00,200000,Booked
1678_9151_19:00,1678,Padel Spot,9151,Court 2,2026-09-23,19:00 - 20:00,200000,Booked
1678_9151_20:00,1678,Padel Spot,9151,Court 2,2026-09-23,20:00 - 21:00,200000,Booked
1678_9151_21:00,1678,Padel Spot,9151,Court 2,2026-09-23,21:00 - 22:00,200000,Booked
1678_9151_22:00,1678,Padel Spot,9151,Court 2,2026-09-23,22:00 - 23:00,150000,Available
1678_9179_18:00,1678,Padel Spot,9179,Court 3,2026-09-23,18:00 - 19:00,200000,Available
1678_9179_19:00,1678,Padel Spot,9179,Court 3,2026-09-23,19:00 - 20:00,200000,Booked
1678_9179_20:00,1678,Padel Spot,9179,Court 3,2026-09-23,20:00 - 21:00,200000,Booked
1678_9179_21:00,1678,Padel Spot,9179,Court 3,2026-09-23,21:00 - 22:00,200000,Booked
1678_9179_22:00,1678,Padel Spot,9179,Court 3,2026-09-23,22:00 - 23:00,150000,Available
1678_9180_18:00,1678,Padel Spot,9180,Court 4,2026-09-23,18:00 - 19:00,200000,Booked
1678_9180_19:00,1678,Padel Spot,9180,Court 4,2026-09-23,19:00 - 20:00,200000,Booked
1678_9180_20:00,1678,Padel Spot,9180,Court 4,2026-09-23,20:00 - 21:00,200000,Booked
1678_9180_21:00,1678,Padel Spot,9180,Court 4,2026-09-23,21:00 - 22:00,200000,Booked
1678_9180_22:00,1678,Padel Spot,9180,Court 4,2026-09-23,22:00 - 23:00,150000,Available
1678_9181_18:00,1678,Padel Spot,9181,Court 5,2026-09-23,18:00 - 19:00,200000,Booked
1678_9181_19:00,1678,Padel Spot,9181,Court 5,2026-09-23,19:00 - 20:00,200000,Booked
1678_9181_20:00,1678,Padel Spot,9181,Court 5,2026-09-23,20:00 - 21:00,200000,Booked
1678_9181_21:00,1678,Padel Spot,9181,Court 5,2026-09-23,21:00 - 22:00,200000,Booked
1678_9181_22:00,1678,Padel Spot,9181,Court 5,2026-09-23,22:00 - 23:00,150000,Available
1678_9182_18:00,1678,Padel Spot,9182,Court 6,2026-09-23,18:00 - 19:00,200000,Available
1678_9182_19:00,1678,Padel Spot,9182,Court 6,2026-09-23,19:00 - 20:00,200000,Available
1678_9182_20:00,1678,Padel Spot,9182,Court 6,2026-09-23,20:00 - 21:00,200000,Booked
1678_9182_21:00,1678,Padel Spot,9182,Court 6,2026-09-23,21:00 - 22:00,200000,Booked
1678_9182_22:00,1678,Padel Spot,9182,Court 6,2026-09-23,22:00 - 23:00,150000,Available
1982_4103_18:00,1982,Glass House Padel,4103,Court 1,2026-09-23,18:00 - 19:00,288000,Booked
1982_4103_19:00,1982,Glass House Padel,4103,Court 1,2026-09-23,19:00 - 20:00,288000,Booked
1982_4103_20:00,1982,Glass House Padel,4103,Court 1,2026-09-23,20:00 - 21:00,288000,Booked
1982_4103_21:00,1982,Glass House Padel,4103,Court 1,2026-09-23,21:00 - 22:00,288000,Booked
1982_5447_18:00,1982,Glass House Padel,5447,Court 2,2026-09-23,18:00 - 19:00,288000,Booked
1982_5447_19:00,1982,Glass House Padel,5447,Court 2,2026-09-23,19:00 - 20:00,288000,Booked
1982_5447_20:00,1982,Glass House Padel,5447,Court 2,2026-09-23,20:00 - 21:00,288000,Booked
1982_5447_21:00,1982,Glass House Padel,5447,Court 2,2026-09-23,21:00 - 22:00,288000,Booked
1982_11671_18:00,1982,Glass House Padel,11671,Mahjong KONG,2026-09-23,18:00 - 19:00,90000,Available
1982_11671_19:00,1982,Glass House Padel,11671,Mahjong KONG,2026-09-23,19:00 - 20:00,90000,Available
1982_11671_20:00,1982,Glass House Padel,11671,Mahjong KONG,2026-09-23,20:00 - 21:00,90000,Available
1982_11671_21:00,1982,Glass House Padel,11671,Mahjong KONG,2026-09-23,21:00 - 22:00,90000,Available
1982_12777_18:00,1982,Glass House Padel,12777,Mahjong PONG,2026-09-23,18:00 - 19:00,90000,Available
1982_12777_19:00,1982,Glass House Padel,12777,Mahjong PONG,2026-09-23,19:00 - 20:00,90000,Available
1982_12777_20:00,1982,Glass House Padel,12777,Mahjong PONG,2026-09-23,20:00 - 21:00,90000,Available
1982_12777_21:00,1982,Glass House Padel,12777,Mahjong PONG,2026-09-23,21:00 - 22:00,90000,Available
614_935_18:00,614,Homeground Padel Kedoya,935,Court 1 Outdoor,2026-09-23,18:00 - 19:00,125000,Booked
614_935_19:00,614,Homeground Padel Kedoya,935,Court 1 Outdoor,2026-09-23,19:00 - 20:00,125000,Booked
614_935_20:00,614,Homeground Padel Kedoya,935,Court 1 Outdoor,2026-09-23,20:00 - 21:00,125000,Booked
614_935_21:00,614,Homeground Padel Kedoya,935,Court 1 Outdoor,2026-09-23,21:00 - 22:00,125000,Booked
614_935_22:00,614,Homeground Padel Kedoya,935,Court 1 Outdoor,2026-09-23,22:00 - 23:00,99000,Available
614_936_18:00,614,Homeground Padel Kedoya,936,Court 2 Roof,2026-09-23,18:00 - 19:00,200000,Available
614_936_19:00,614,Homeground Padel Kedoya,936,Court 2 Roof,2026-09-23,19:00 - 20:00,200000,Available
614_936_20:00,614,Homeground Padel Kedoya,936,Court 2 Roof,2026-09-23,20:00 - 21:00,200000,Available
614_936_21:00,614,Homeground Padel Kedoya,936,Court 2 Roof,2026-09-23,21:00 - 22:00,200000,Available
614_936_22:00,614,Homeground Padel Kedoya,936,Court 2 Roof,2026-09-23,22:00 - 23:00,99000,Available
614_937_18:00,614,Homeground Padel Kedoya,937,Court 3 Roof,2026-09-23,18:00 - 19:00,200000,Available
614_937_19:00,614,Homeground Padel Kedoya,937,Court 3 Roof,2026-09-23,19:00 - 20:00,200000,Available
614_937_20:00,614,Homeground Padel Kedoya,937,Court 3 Roof,2026-09-23,20:00 - 21:00,200000,Available
614_937_21:00,614,Homeground Padel Kedoya,937,Court 3 Roof,2026-09-23,21:00 - 22:00,200000,Available
614_937_22:00,614,Homeground Padel Kedoya,937,Court 3 Roof,2026-09-23,22:00 - 23:00,99000,Available
614_938_18:00,614,Homeground Padel Kedoya,938,Court 4 Roof,2026-09-23,18:00 - 19:00,200000,Available
614_938_19:00,614,Homeground Padel Kedoya,938,Court 4 Roof,2026-09-23,19:00 - 20:00,200000,Available
614_938_20:00,614,Homeground Padel Kedoya,938,Court 4 Roof,2026-09-23,20:00 - 21:00,200000,Available
614_938_21:00,614,Homeground Padel Kedoya,938,Court 4 Roof,2026-09-23,21:00 - 22:00,200000,Available
614_938_22:00,614,Homeground Padel Kedoya,938,Court 4 Roof,2026-09-23,22:00 - 23:00,99000,Available
1812_3895_18:00,1812,Terra Padel Court,3895,Court A,2026-09-23,18:00 - 19:00,199000,Available
1812_3895_19:00,1812,Terra Padel Court,3895,Court A,2026-09-23,19:00 - 20:00,199000,Available
1812_3895_20:00,1812,Terra Padel Court,3895,Court A,2026-09-23,20:00 - 21:00,199000,Available
1812_3895_21:00,1812,Terra Padel Court,3895,Court A,2026-09-23,21:00 - 22:00,199000,Available
1812_3895_22:00,1812,Terra Padel Court,3895,Court A,2026-09-23,22:00 - 23:00,99000,Available
1812_3895_23:00,1812,Terra Padel Court,3895,Court A,2026-09-23,23:00 - 00:00,99000,Available
1812_7091_18:00,1812,Terra Padel Court,7091,Court B,2026-09-23,18:00 - 19:00,199000,Available
1812_7091_19:00,1812,Terra Padel Court,7091,Court B,2026-09-23,19:00 - 20:00,199000,Available
1812_7091_20:00,1812,Terra Padel Court,7091,Court B,2026-09-23,20:00 - 21:00,199000,Available
1812_7091_21:00,1812,Terra Padel Court,7091,Court B,2026-09-23,21:00 - 22:00,199000,Available
1812_7091_22:00,1812,Terra Padel Court,7091,Court B,2026-09-23,22:00 - 23:00,99000,Available
1812_7091_23:00,1812,Terra Padel Court,7091,Court B,2026-09-23,23:00 - 00:00,99000,Available
4044_10194_18:00,4044,De Luz Padel,10194,Court 1,2026-09-23,18:00 - 19:00,180000,Available
4044_10194_19:00,4044,De Luz Padel,10194,Court 1,2026-09-23,19:00 - 20:00,180000,Booked
4044_10194_20:00,4044,De Luz Padel,10194,Court 1,2026-09-23,20:00 - 21:00,180000,Booked
4044_10194_21:00,4044,De Luz Padel,10194,Court 1,2026-09-23,21:00 - 22:00,180000,Available
4044_10994_18:00,4044,De Luz Padel,10994,Court 2,2026-09-23,18:00 - 19:00,180000,Booked
4044_10994_19:00,4044,De Luz Padel,10994,Court 2,2026-09-23,19:00 - 20:00,180000,Booked
4044_10994_20:00,4044,De Luz Padel,10994,Court 2,2026-09-23,20:00 - 21:00,180000,Booked
4044_10994_21:00,4044,De Luz Padel,10994,Court 2,2026-09-23,21:00 - 22:00,180000,Available
4044_10995_18:00,4044,De Luz Padel,10995,Court 3,2026-09-23,18:00 - 19:00,180000,Available
4044_10995_19:00,4044,De Luz Padel,10995,Court 3,2026-09-23,19:00 - 20:00,180000,Booked
4044_10995_20:00,4044,De Luz Padel,10995,Court 3,2026-09-23,20:00 - 21:00,180000,Booked
4044_10995_21:00,4044,De Luz Padel,10995,Court 3,2026-09-23,21:00 - 22:00,180000,Available
4044_10996_18:00,4044,De Luz Padel,10996,Court 4,2026-09-23,18:00 - 19:00,180000,Available
4044_10996_19:00,4044,De Luz Padel,10996,Court 4,2026-09-23,19:00 - 20:00,180000,Booked
4044_10996_20:00,4044,De Luz Padel,10996,Court 4,2026-09-23,20:00 - 21:00,180000,Booked
4044_10996_21:00,4044,De Luz Padel,10996,Court 4,2026-09-23,21:00 - 22:00,180000,Available
4044_10997_18:00,4044,De Luz Padel,10997,Court 5,2026-09-23,18:00 - 19:00,180000,Available
4044_10997_19:00,4044,De Luz Padel,10997,Court 5,2026-09-23,19:00 - 20:00,180000,Booked
4044_10997_20:00,4044,De Luz Padel,10997,Court 5,2026-09-23,20:00 - 21:00,180000,Booked
4044_10997_21:00,4044,De Luz Padel,10997,Court 5,2026-09-23,21:00 - 22:00,180000,Available
4044_10199_18:00,4044,De Luz Padel,10199,VIP Court,2026-09-23,18:00 - 19:00,180000,Available
4044_10199_19:00,4044,De Luz Padel,10199,VIP Court,2026-09-23,19:00 - 20:00,180000,Booked
4044_10199_20:00,4044,De Luz Padel,10199,VIP Court,2026-09-23,20:00 - 21:00,180000,Booked
4044_10199_21:00,4044,De Luz Padel,10199,VIP Court,2026-09-23,21:00 - 22:00,180000,Available
4044_10200_18:00,4044,De Luz Padel,10200,Pickleball,2026-09-23,18:00 - 19:00,80000,Booked
4044_10200_19:00,4044,De Luz Padel,10200,Pickleball,2026-09-23,19:00 - 20:00,80000,Booked
4044_10200_20:00,4044,De Luz Padel,10200,Pickleball,2026-09-23,20:00 - 21:00,80000,Available
4044_10200_21:00,4044,De Luz Padel,10200,Pickleball,2026-09-23,21:00 - 22:00,80000,Available
1262_2281_18:00,1262,EZ Padel Tomang,2281,Court A,2026-09-23,18:00 - 19:00,348999,Booked
1262_2281_19:00,1262,EZ Padel Tomang,2281,Court A,2026-09-23,19:00 - 20:00,348999,Booked
1262_2281_20:00,1262,EZ Padel Tomang,2281,Court A,2026-09-23,20:00 - 21:00,348999,Booked
1262_2281_21:00,1262,EZ Padel Tomang,2281,Court A,2026-09-23,21:00 - 22:00,348999,Booked
1262_2281_22:00,1262,EZ Padel Tomang,2281,Court A,2026-09-23,22:00 - 23:00,148000,Booked
1262_2281_23:00,1262,EZ Padel Tomang,2281,Court A,2026-09-23,23:00 - 00:00,148000,Available
1262_2479_18:00,1262,EZ Padel Tomang,2479,Court B,2026-09-23,18:00 - 19:00,348999,Booked
1262_2479_19:00,1262,EZ Padel Tomang,2479,Court B,2026-09-23,19:00 - 20:00,348999,Booked
1262_2479_20:00,1262,EZ Padel Tomang,2479,Court B,2026-09-23,20:00 - 21:00,348999,Booked
1262_2479_21:00,1262,EZ Padel Tomang,2479,Court B,2026-09-23,21:00 - 22:00,348999,Booked
1262_2479_22:00,1262,EZ Padel Tomang,2479,Court B,2026-09-23,22:00 - 23:00,148000,Booked
1262_2479_23:00,1262,EZ Padel Tomang,2479,Court B,2026-09-23,23:00 - 00:00,148000,Available
1262_2480_18:00,1262,EZ Padel Tomang,2480,Court C,2026-09-23,18:00 - 19:00,348999,Booked
1262_2480_19:00,1262,EZ Padel Tomang,2480,Court C,2026-09-23,19:00 - 20:00,348999,Booked
1262_2480_20:00,1262,EZ Padel Tomang,2480,Court C,2026-09-23,20:00 - 21:00,348999,Booked
1262_2480_21:00,1262,EZ Padel Tomang,2480,Court C,2026-09-23,21:00 - 22:00,348999,Available
1262_2480_22:00,1262,EZ Padel Tomang,2480,Court C,2026-09-23,22:00 - 23:00,148000,Available
1262_2480_23:00,1262,EZ Padel Tomang,2480,Court C,2026-09-23,23:00 - 00:00,148000,Available
1262_2481_18:00,1262,EZ Padel Tomang,2481,Court D,2026-09-23,18:00 - 19:00,348999,Available
1262_2481_19:00,1262,EZ Padel Tomang,2481,Court D,2026-09-23,19:00 - 20:00,348999,Booked
1262_2481_20:00,1262,EZ Padel Tomang,2481,Court D,2026-09-23,20:00 - 21:00,348999,Booked
1262_2481_21:00,1262,EZ Padel Tomang,2481,Court D,2026-09-23,21:00 - 22:00,348999,Available
1262_2481_22:00,1262,EZ Padel Tomang,2481,Court D,2026-09-23,22:00 - 23:00,148000,Available
1262_2481_23:00,1262,EZ Padel Tomang,2481,Court D,2026-09-23,23:00 - 00:00,148000,Available
1837_3742_18:00,1837,Tinny Padel,3742,COURT VIP Super Panoramic,2026-09-23,18:00 - 19:00,188000,Available
1837_3742_19:00,1837,Tinny Padel,3742,COURT VIP Super Panoramic,2026-09-23,19:00 - 20:00,188000,Booked
1837_3742_20:00,1837,Tinny Padel,3742,COURT VIP Super Panoramic,2026-09-23,20:00 - 21:00,188000,Available
1837_3742_21:00,1837,Tinny Padel,3742,COURT VIP Super Panoramic,2026-09-23,21:00 - 22:00,188000,Available
1214_2221_18:00,1214,Orange Garden Padel Club,2221,Court 1,2026-09-23,18:00 - 19:00,135000,Available
1214_2221_19:00,1214,Orange Garden Padel Club,2221,Court 1,2026-09-23,19:00 - 20:00,135000,Available
1214_2221_20:00,1214,Orange Garden Padel Club,2221,Court 1,2026-09-23,20:00 - 21:00,135000,Available
1214_2221_21:00,1214,Orange Garden Padel Club,2221,Court 1,2026-09-23,21:00 - 22:00,135000,Available
1214_2227_18:00,1214,Orange Garden Padel Club,2227,Court 2,2026-09-23,18:00 - 19:00,135000,Available
1214_2227_19:00,1214,Orange Garden Padel Club,2227,Court 2,2026-09-23,19:00 - 20:00,135000,Available
1214_2227_20:00,1214,Orange Garden Padel Club,2227,Court 2,2026-09-23,20:00 - 21:00,135000,Booked
1214_2227_21:00,1214,Orange Garden Padel Club,2227,Court 2,2026-09-23,21:00 - 22:00,135000,Booked
1214_2228_18:00,1214,Orange Garden Padel Club,2228,Court 3,2026-09-23,18:00 - 19:00,135000,Available
1214_2228_19:00,1214,Orange Garden Padel Club,2228,Court 3,2026-09-23,19:00 - 20:00,135000,Available
1214_2228_20:00,1214,Orange Garden Padel Club,2228,Court 3,2026-09-23,20:00 - 21:00,135000,Available
1214_2228_21:00,1214,Orange Garden Padel Club,2228,Court 3,2026-09-23,21:00 - 22:00,135000,Available
1214_2229_18:00,1214,Orange Garden Padel Club,2229,Court 4,2026-09-23,18:00 - 19:00,135000,Available
1214_2229_19:00,1214,Orange Garden Padel Club,2229,Court 4,2026-09-23,19:00 - 20:00,135000,Available
1214_2229_20:00,1214,Orange Garden Padel Club,2229,Court 4,2026-09-23,20:00 - 21:00,135000,Available
1214_2229_21:00,1214,Orange Garden Padel Club,2229,Court 4,2026-09-23,21:00 - 22:00,135000,Available
2246_5096_18:00,2246,Padeloo,5096,Court 1,2026-09-23,18:00 - 19:00,195000,Booked
2246_5096_19:00,2246,Padeloo,5096,Court 1,2026-09-23,19:00 - 20:00,195000,Booked
2246_5096_20:00,2246,Padeloo,5096,Court 1,2026-09-23,20:00 - 21:00,195000,Booked
2246_5096_21:00,2246,Padeloo,5096,Court 1,2026-09-23,21:00 - 22:00,195000,Booked
2246_5096_22:00,2246,Padeloo,5096,Court 1,2026-09-23,22:00 - 23:00,195000,Available
2246_5096_23:00,2246,Padeloo,5096,Court 1,2026-09-23,23:00 - 00:00,195000,Available
2246_9263_18:00,2246,Padeloo,9263,Court 2,2026-09-23,18:00 - 19:00,195000,Booked
2246_9263_19:00,2246,Padeloo,9263,Court 2,2026-09-23,19:00 - 20:00,195000,Booked
2246_9263_20:00,2246,Padeloo,9263,Court 2,2026-09-23,20:00 - 21:00,195000,Booked
2246_9263_21:00,2246,Padeloo,9263,Court 2,2026-09-23,21:00 - 22:00,195000,Booked
2246_9263_22:00,2246,Padeloo,9263,Court 2,2026-09-23,22:00 - 23:00,195000,Available
2246_9263_23:00,2246,Padeloo,9263,Court 2,2026-09-23,23:00 - 00:00,195000,Available
2246_9264_18:00,2246,Padeloo,9264,Court 3,2026-09-23,18:00 - 19:00,195000,Available
2246_9264_19:00,2246,Padeloo,9264,Court 3,2026-09-23,19:00 - 20:00,195000,Booked
2246_9264_20:00,2246,Padeloo,9264,Court 3,2026-09-23,20:00 - 21:00,195000,Booked
2246_9264_21:00,2246,Padeloo,9264,Court 3,2026-09-23,21:00 - 22:00,195000,Available
2246_9264_22:00,2246,Padeloo,9264,Court 3,2026-09-23,22:00 - 23:00,195000,Available
2246_9264_23:00,2246,Padeloo,9264,Court 3,2026-09-23,23:00 - 00:00,195000,Available
2476_5358_18:00,2476,Padel On Mars,5358,Court 1,2026-09-23,18:00 - 19:00,135000,Available
2476_5358_19:00,2476,Padel On Mars,5358,Court 1,2026-09-23,19:00 - 20:00,135000,Available
2476_5358_20:00,2476,Padel On Mars,5358,Court 1,2026-09-23,20:00 - 21:00,135000,Available
2476_5809_18:00,2476,Padel On Mars,5809,Court 2,2026-09-23,18:00 - 19:00,135000,Available
2476_5809_19:00,2476,Padel On Mars,5809,Court 2,2026-09-23,19:00 - 20:00,135000,Available
2476_5809_20:00,2476,Padel On Mars,5809,Court 2,2026-09-23,20:00 - 21:00,135000,Available
1785_3635_18:00,1785,Badel Padel,3635,Ppc 1,2026-09-23,18:00 - 19:00,295000,Available
1785_3635_19:00,1785,Badel Padel,3635,Ppc 1,2026-09-23,19:00 - 20:00,295000,Booked
1785_3635_20:00,1785,Badel Padel,3635,Ppc 1,2026-09-23,20:00 - 21:00,295000,Booked
1785_3635_21:00,1785,Badel Padel,3635,Ppc 1,2026-09-23,21:00 - 22:00,295000,Available
1785_3635_22:00,1785,Badel Padel,3635,Ppc 1,2026-09-23,22:00 - 23:00,125000,Booked
1785_3635_23:00,1785,Badel Padel,3635,Ppc 1,2026-09-23,23:00 - 00:00,125000,Booked
1785_4467_18:00,1785,Badel Padel,4467,Ppc 2,2026-09-23,18:00 - 19:00,295000,Booked
1785_4467_19:00,1785,Badel Padel,4467,Ppc 2,2026-09-23,19:00 - 20:00,295000,Booked
1785_4467_20:00,1785,Badel Padel,4467,Ppc 2,2026-09-23,20:00 - 21:00,295000,Booked
1785_4467_21:00,1785,Badel Padel,4467,Ppc 2,2026-09-23,21:00 - 22:00,295000,Booked
1785_4467_22:00,1785,Badel Padel,4467,Ppc 2,2026-09-23,22:00 - 23:00,125000,Available
1785_4467_23:00,1785,Badel Padel,4467,Ppc 2,2026-09-23,23:00 - 00:00,125000,Available
1785_4468_18:00,1785,Badel Padel,4468,Ppc 3,2026-09-23,18:00 - 19:00,295000,Available
1785_4468_19:00,1785,Badel Padel,4468,Ppc 3,2026-09-23,19:00 - 20:00,295000,Booked
1785_4468_20:00,1785,Badel Padel,4468,Ppc 3,2026-09-23,20:00 - 21:00,295000,Booked
1785_4468_21:00,1785,Badel Padel,4468,Ppc 3,2026-09-23,21:00 - 22:00,295000,Booked
1785_4468_22:00,1785,Badel Padel,4468,Ppc 3,2026-09-23,22:00 - 23:00,125000,Available
1785_4468_23:00,1785,Badel Padel,4468,Ppc 3,2026-09-23,23:00 - 00:00,125000,Available
1785_4469_18:00,1785,Badel Padel,4469,Ppc 4,2026-09-23,18:00 - 19:00,295000,Available
1785_4469_19:00,1785,Badel Padel,4469,Ppc 4,2026-09-23,19:00 - 20:00,295000,Available
1785_4469_20:00,1785,Badel Padel,4469,Ppc 4,2026-09-23,20:00 - 21:00,295000,Booked
1785_4469_21:00,1785,Badel Padel,4469,Ppc 4,2026-09-23,21:00 - 22:00,295000,Booked
1785_4469_22:00,1785,Badel Padel,4469,Ppc 4,2026-09-23,22:00 - 23:00,125000,Available
1785_4469_23:00,1785,Badel Padel,4469,Ppc 4,2026-09-23,23:00 - 00:00,125000,Available
3387_8243_18:00,3387,Tangkas Padel,8243,Court 1,2026-09-23,18:00 - 19:00,300000,Available
3387_8243_19:00,3387,Tangkas Padel,8243,Court 1,2026-09-23,19:00 - 20:00,300000,Booked
3387_8243_20:00,3387,Tangkas Padel,8243,Court 1,2026-09-23,20:00 - 21:00,300000,Booked
3387_8243_21:00,3387,Tangkas Padel,8243,Court 1,2026-09-23,21:00 - 22:00,300000,Available
3387_8243_22:00,3387,Tangkas Padel,8243,Court 1,2026-09-23,22:00 - 23:00,200000,Available
3387_8243_23:00,3387,Tangkas Padel,8243,Court 1,2026-09-23,23:00 - 00:00,200000,Available
3387_8244_18:00,3387,Tangkas Padel,8244,Court 2,2026-09-23,18:00 - 19:00,300000,Available
3387_8244_19:00,3387,Tangkas Padel,8244,Court 2,2026-09-23,19:00 - 20:00,300000,Booked
3387_8244_20:00,3387,Tangkas Padel,8244,Court 2,2026-09-23,20:00 - 21:00,300000,Booked
3387_8244_21:00,3387,Tangkas Padel,8244,Court 2,2026-09-23,21:00 - 22:00,300000,Available
3387_8244_22:00,3387,Tangkas Padel,8244,Court 2,2026-09-23,22:00 - 23:00,200000,Available
3387_8244_23:00,3387,Tangkas Padel,8244,Court 2,2026-09-23,23:00 - 00:00,200000,Available
3387_8245_18:00,3387,Tangkas Padel,8245,Court 3,2026-09-23,18:00 - 19:00,300000,Available
3387_8245_19:00,3387,Tangkas Padel,8245,Court 3,2026-09-23,19:00 - 20:00,300000,Booked
3387_8245_20:00,3387,Tangkas Padel,8245,Court 3,2026-09-23,20:00 - 21:00,300000,Booked
3387_8245_21:00,3387,Tangkas Padel,8245,Court 3,2026-09-23,21:00 - 22:00,300000,Booked
3387_8245_22:00,3387,Tangkas Padel,8245,Court 3,2026-09-23,22:00 - 23:00,200000,Available
3387_8245_23:00,3387,Tangkas Padel,8245,Court 3,2026-09-23,23:00 - 00:00,200000,Available
2015_4169_18:00,2015,Xcite Padel,4169,Court 1,2026-09-23,18:00 - 19:00,230000,Booked
2015_4169_19:00,2015,Xcite Padel,4169,Court 1,2026-09-23,19:00 - 20:00,230000,Available
2015_4169_20:00,2015,Xcite Padel,4169,Court 1,2026-09-23,20:00 - 21:00,230000,Booked
2015_4169_21:00,2015,Xcite Padel,4169,Court 1,2026-09-23,21:00 - 22:00,230000,Booked
2015_4169_22:00,2015,Xcite Padel,4169,Court 1,2026-09-23,22:00 - 23:00,160000,Available
2015_9987_18:00,2015,Xcite Padel,9987,Court 2,2026-09-23,18:00 - 19:00,230000,Booked
2015_9987_19:00,2015,Xcite Padel,9987,Court 2,2026-09-23,19:00 - 20:00,230000,Booked
2015_9987_20:00,2015,Xcite Padel,9987,Court 2,2026-09-23,20:00 - 21:00,230000,Booked
2015_9987_21:00,2015,Xcite Padel,9987,Court 2,2026-09-23,21:00 - 22:00,230000,Booked
2015_9987_22:00,2015,Xcite Padel,9987,Court 2,2026-09-23,22:00 - 23:00,160000,Available
2015_9988_18:00,2015,Xcite Padel,9988,Court 3,2026-09-23,18:00 - 19:00,230000,Booked
2015_9988_19:00,2015,Xcite Padel,9988,Court 3,2026-09-23,19:00 - 20:00,230000,Booked
2015_9988_20:00,2015,Xcite Padel,9988,Court 3,2026-09-23,20:00 - 21:00,230000,Booked
2015_9988_21:00,2015,Xcite Padel,9988,Court 3,2026-09-23,21:00 - 22:00,230000,Booked
2015_9988_22:00,2015,Xcite Padel,9988,Court 3,2026-09-23,22:00 - 23:00,160000,Booked
2015_9989_18:00,2015,Xcite Padel,9989,Court 4,2026-09-23,18:00 - 19:00,230000,Booked
2015_9989_19:00,2015,Xcite Padel,9989,Court 4,2026-09-23,19:00 - 20:00,230000,Booked
2015_9989_20:00,2015,Xcite Padel,9989,Court 4,2026-09-23,20:00 - 21:00,230000,Booked
2015_9989_21:00,2015,Xcite Padel,9989,Court 4,2026-09-23,21:00 - 22:00,230000,Available
2015_9989_22:00,2015,Xcite Padel,9989,Court 4,2026-09-23,22:00 - 23:00,160000,Available
2645_5795_18:00,2645,Tennis Padel Matic Mal Ciputra,5795,Court Padel (blue),2026-09-23,18:00 - 19:00,120000,Available
2645_5795_19:00,2645,Tennis Padel Matic Mal Ciputra,5795,Court Padel (blue),2026-09-23,19:00 - 20:00,120000,Booked
2645_5795_20:00,2645,Tennis Padel Matic Mal Ciputra,5795,Court Padel (blue),2026-09-23,20:00 - 21:00,120000,Available
2645_5795_21:00,2645,Tennis Padel Matic Mal Ciputra,5795,Court Padel (blue),2026-09-23,21:00 - 22:00,120000,Available
2645_5796_18:00,2645,Tennis Padel Matic Mal Ciputra,5796,Court Padel (yellow),2026-09-23,18:00 - 19:00,140000,Available
2645_5796_19:00,2645,Tennis Padel Matic Mal Ciputra,5796,Court Padel (yellow),2026-09-23,19:00 - 20:00,140000,Available
2645_5796_20:00,2645,Tennis Padel Matic Mal Ciputra,5796,Court Padel (yellow),2026-09-23,20:00 - 21:00,140000,Available
2645_5796_21:00,2645,Tennis Padel Matic Mal Ciputra,5796,Court Padel (yellow),2026-09-23,21:00 - 22:00,140000,Available
2645_5797_18:00,2645,Tennis Padel Matic Mal Ciputra,5797,Court Padel (green),2026-09-23,18:00 - 19:00,140000,Available
2645_5797_19:00,2645,Tennis Padel Matic Mal Ciputra,5797,Court Padel (green),2026-09-23,19:00 - 20:00,140000,Available
2645_5797_20:00,2645,Tennis Padel Matic Mal Ciputra,5797,Court Padel (green),2026-09-23,20:00 - 21:00,140000,Available
2645_5797_21:00,2645,Tennis Padel Matic Mal Ciputra,5797,Court Padel (green),2026-09-23,21:00 - 22:00,140000,Available
2645_5798_18:00,2645,Tennis Padel Matic Mal Ciputra,5798,Court Padel (purple),2026-09-23,18:00 - 19:00,140000,Available
2645_5798_19:00,2645,Tennis Padel Matic Mal Ciputra,5798,Court Padel (purple),2026-09-23,19:00 - 20:00,140000,Booked
2645_5798_20:00,2645,Tennis Padel Matic Mal Ciputra,5798,Court Padel (purple),2026-09-23,20:00 - 21:00,140000,Available
2645_5798_21:00,2645,Tennis Padel Matic Mal Ciputra,5798,Court Padel (purple),2026-09-23,21:00 - 22:00,140000,Available
2645_5799_18:00,2645,Tennis Padel Matic Mal Ciputra,5799,Court Padel ( Pink),2026-09-23,18:00 - 19:00,108000,Available
2645_5799_19:00,2645,Tennis Padel Matic Mal Ciputra,5799,Court Padel ( Pink),2026-09-23,19:00 - 20:00,108000,Booked
2645_5799_20:00,2645,Tennis Padel Matic Mal Ciputra,5799,Court Padel ( Pink),2026-09-23,20:00 - 21:00,108000,Available
2645_5799_21:00,2645,Tennis Padel Matic Mal Ciputra,5799,Court Padel ( Pink),2026-09-23,21:00 - 22:00,108000,Available
1542_6003_18:00,1542,Stone Padel - Citra Garden City,6003,Court 1,2026-09-23,18:00 - 19:00,200000,Available
1542_6003_19:00,1542,Stone Padel - Citra Garden City,6003,Court 1,2026-09-23,19:00 - 20:00,200000,Available
1542_6003_20:00,1542,Stone Padel - Citra Garden City,6003,Court 1,2026-09-23,20:00 - 21:00,200000,Available
1542_6003_21:00,1542,Stone Padel - Citra Garden City,6003,Court 1,2026-09-23,21:00 - 22:00,200000,Booked
1542_6003_22:00,1542,Stone Padel - Citra Garden City,6003,Court 1,2026-09-23,22:00 - 23:00,100000,Booked
1542_6003_23:00,1542,Stone Padel - Citra Garden City,6003,Court 1,2026-09-23,23:00 - 00:00,100000,Available
1542_6004_18:00,1542,Stone Padel - Citra Garden City,6004,Court 2,2026-09-23,18:00 - 19:00,200000,Available
1542_6004_19:00,1542,Stone Padel - Citra Garden City,6004,Court 2,2026-09-23,19:00 - 20:00,200000,Available
1542_6004_20:00,1542,Stone Padel - Citra Garden City,6004,Court 2,2026-09-23,20:00 - 21:00,200000,Available
1542_6004_21:00,1542,Stone Padel - Citra Garden City,6004,Court 2,2026-09-23,21:00 - 22:00,200000,Booked
1542_6004_22:00,1542,Stone Padel - Citra Garden City,6004,Court 2,2026-09-23,22:00 - 23:00,100000,Booked
1542_6004_23:00,1542,Stone Padel - Citra Garden City,6004,Court 2,2026-09-23,23:00 - 00:00,100000,Available
1542_6005_18:00,1542,Stone Padel - Citra Garden City,6005,Court 3,2026-09-23,18:00 - 19:00,200000,Available
1542_6005_19:00,1542,Stone Padel - Citra Garden City,6005,Court 3,2026-09-23,19:00 - 20:00,200000,Available
1542_6005_20:00,1542,Stone Padel - Citra Garden City,6005,Court 3,2026-09-23,20:00 - 21:00,200000,Available
1542_6005_21:00,1542,Stone Padel - Citra Garden City,6005,Court 3,2026-09-23,21:00 - 22:00,200000,Booked
1542_6005_22:00,1542,Stone Padel - Citra Garden City,6005,Court 3,2026-09-23,22:00 - 23:00,100000,Booked
1542_6005_23:00,1542,Stone Padel - Citra Garden City,6005,Court 3,2026-09-23,23:00 - 00:00,100000,Available
1542_3115_18:00,1542,Stone Padel - Citra Garden City,3115,Private Court,2026-09-23,18:00 - 19:00,200000,Available
1542_3115_19:00,1542,Stone Padel - Citra Garden City,3115,Private Court,2026-09-23,19:00 - 20:00,200000,Available
1542_3115_20:00,1542,Stone Padel - Citra Garden City,3115,Private Court,2026-09-23,20:00 - 21:00,200000,Available
1542_3115_21:00,1542,Stone Padel - Citra Garden City,3115,Private Court,2026-09-23,21:00 - 22:00,200000,Available
1542_3115_22:00,1542,Stone Padel - Citra Garden City,3115,Private Court,2026-09-23,22:00 - 23:00,100000,Booked
1542_3115_23:00,1542,Stone Padel - Citra Garden City,3115,Private Court,2026-09-23,23:00 - 00:00,100000,Booked
1563_3171_18:00,1563,Daily Court,3171,Tennis Outdoor Court,2026-09-23,18:00 - 19:00,210000,Booked
1563_3171_19:00,1563,Daily Court,3171,Tennis Outdoor Court,2026-09-23,19:00 - 20:00,210000,Booked
1563_3171_20:00,1563,Daily Court,3171,Tennis Outdoor Court,2026-09-23,20:00 - 21:00,210000,Booked
1563_3171_21:00,1563,Daily Court,3171,Tennis Outdoor Court,2026-09-23,21:00 - 22:00,210000,Available
1563_3171_22:00,1563,Daily Court,3171,Tennis Outdoor Court,2026-09-23,22:00 - 23:00,210000,Available
1563_3171_23:00,1563,Daily Court,3171,Tennis Outdoor Court,2026-09-23,23:00 - 00:00,210000,Available
1563_3645_18:00,1563,Daily Court,3645,Padel - A,2026-09-23,18:00 - 19:00,175000,Booked
1563_3645_19:00,1563,Daily Court,3645,Padel - A,2026-09-23,19:00 - 20:00,175000,Booked
1563_3645_20:00,1563,Daily Court,3645,Padel - A,2026-09-23,20:00 - 21:00,175000,Booked
1563_3645_21:00,1563,Daily Court,3645,Padel - A,2026-09-23,21:00 - 22:00,175000,Available
1563_3645_22:00,1563,Daily Court,3645,Padel - A,2026-09-23,22:00 - 23:00,100000,Available
1563_3645_23:00,1563,Daily Court,3645,Padel - A,2026-09-23,23:00 - 00:00,100000,Available
1563_3174_18:00,1563,Daily Court,3174,Padel - B,2026-09-23,18:00 - 19:00,175000,Booked
1563_3174_19:00,1563,Daily Court,3174,Padel - B,2026-09-23,19:00 - 20:00,175000,Booked
1563_3174_20:00,1563,Daily Court,3174,Padel - B,2026-09-23,20:00 - 21:00,175000,Booked
1563_3174_21:00,1563,Daily Court,3174,Padel - B,2026-09-23,21:00 - 22:00,175000,Available
1563_3174_22:00,1563,Daily Court,3174,Padel - B,2026-09-23,22:00 - 23:00,100000,Available
1563_3174_23:00,1563,Daily Court,3174,Padel - B,2026-09-23,23:00 - 00:00,100000,Available
1563_3175_18:00,1563,Daily Court,3175,Padel - C,2026-09-23,18:00 - 19:00,175000,Booked
1563_3175_19:00,1563,Daily Court,3175,Padel - C,2026-09-23,19:00 - 20:00,175000,Booked
1563_3175_20:00,1563,Daily Court,3175,Padel - C,2026-09-23,20:00 - 21:00,175000,Booked
1563_3175_21:00,1563,Daily Court,3175,Padel - C,2026-09-23,21:00 - 22:00,175000,Available
1563_3175_22:00,1563,Daily Court,3175,Padel - C,2026-09-23,22:00 - 23:00,100000,Available
1563_3175_23:00,1563,Daily Court,3175,Padel - C,2026-09-23,23:00 - 00:00,100000,Available
1563_3176_18:00,1563,Daily Court,3176,Padel - D,2026-09-23,18:00 - 19:00,175000,Booked
1563_3176_19:00,1563,Daily Court,3176,Padel - D,2026-09-23,19:00 - 20:00,175000,Booked
1563_3176_20:00,1563,Daily Court,3176,Padel - D,2026-09-23,20:00 - 21:00,175000,Booked
1563_3176_21:00,1563,Daily Court,3176,Padel - D,2026-09-23,21:00 - 22:00,175000,Available
1563_3176_22:00,1563,Daily Court,3176,Padel - D,2026-09-23,22:00 - 23:00,100000,Available
1563_3176_23:00,1563,Daily Court,3176,Padel - D,2026-09-23,23:00 - 00:00,100000,Available
1563_3177_18:00,1563,Daily Court,3177,Padel - E,2026-09-23,18:00 - 19:00,175000,Booked
1563_3177_19:00,1563,Daily Court,3177,Padel - E,2026-09-23,19:00 - 20:00,175000,Booked
1563_3177_20:00,1563,Daily Court,3177,Padel - E,2026-09-23,20:00 - 21:00,175000,Booked
1563_3177_21:00,1563,Daily Court,3177,Padel - E,2026-09-23,21:00 - 22:00,175000,Available
1563_3177_22:00,1563,Daily Court,3177,Padel - E,2026-09-23,22:00 - 23:00,100000,Available
1563_3177_23:00,1563,Daily Court,3177,Padel - E,2026-09-23,23:00 - 00:00,100000,Available
1222_2858_18:00,1222,Westside Padel,2858,Court 1,2026-09-23,18:00 - 19:00,275000,Booked
1222_2858_19:00,1222,Westside Padel,2858,Court 1,2026-09-23,19:00 - 20:00,275000,Booked
1222_2858_20:00,1222,Westside Padel,2858,Court 1,2026-09-23,20:00 - 21:00,275000,Booked
1222_2858_21:00,1222,Westside Padel,2858,Court 1,2026-09-23,21:00 - 22:00,275000,Available
1222_3303_18:00,1222,Westside Padel,3303,Court 2,2026-09-23,18:00 - 19:00,275000,Booked
1222_3303_19:00,1222,Westside Padel,3303,Court 2,2026-09-23,19:00 - 20:00,275000,Available
1222_3303_20:00,1222,Westside Padel,3303,Court 2,2026-09-23,20:00 - 21:00,275000,Booked
1222_3303_21:00,1222,Westside Padel,3303,Court 2,2026-09-23,21:00 - 22:00,275000,Booked
1222_3304_18:00,1222,Westside Padel,3304,Court 3,2026-09-23,18:00 - 19:00,275000,Booked
1222_3304_19:00,1222,Westside Padel,3304,Court 3,2026-09-23,19:00 - 20:00,275000,Booked
1222_3304_20:00,1222,Westside Padel,3304,Court 3,2026-09-23,20:00 - 21:00,275000,Booked
1222_3304_21:00,1222,Westside Padel,3304,Court 3,2026-09-23,21:00 - 22:00,275000,Available
1222_3305_18:00,1222,Westside Padel,3305,Court 4,2026-09-23,18:00 - 19:00,275000,Booked
1222_3305_19:00,1222,Westside Padel,3305,Court 4,2026-09-23,19:00 - 20:00,275000,Booked
1222_3305_20:00,1222,Westside Padel,3305,Court 4,2026-09-23,20:00 - 21:00,275000,Booked
1222_3305_21:00,1222,Westside Padel,3305,Court 4,2026-09-23,21:00 - 22:00,275000,Booked
2711_6021_18:00,2711,Coco Padel Court Jakarta,6021,Court 1,2026-09-23,18:00 - 19:00,200000,Booked
2711_6021_19:00,2711,Coco Padel Court Jakarta,6021,Court 1,2026-09-23,19:00 - 20:00,200000,Booked
2711_6021_20:00,2711,Coco Padel Court Jakarta,6021,Court 1,2026-09-23,20:00 - 21:00,200000,Booked
2711_6021_21:00,2711,Coco Padel Court Jakarta,6021,Court 1,2026-09-23,21:00 - 22:00,200000,Booked
2711_6022_18:00,2711,Coco Padel Court Jakarta,6022,Court 2,2026-09-23,18:00 - 19:00,200000,Booked
2711_6022_19:00,2711,Coco Padel Court Jakarta,6022,Court 2,2026-09-23,19:00 - 20:00,200000,Booked
2711_6022_20:00,2711,Coco Padel Court Jakarta,6022,Court 2,2026-09-23,20:00 - 21:00,200000,Booked
2711_6022_21:00,2711,Coco Padel Court Jakarta,6022,Court 2,2026-09-23,21:00 - 22:00,200000,Available
2711_6023_18:00,2711,Coco Padel Court Jakarta,6023,Court 3,2026-09-23,18:00 - 19:00,200000,Booked
2711_6023_19:00,2711,Coco Padel Court Jakarta,6023,Court 3,2026-09-23,19:00 - 20:00,200000,Available
2711_6023_20:00,2711,Coco Padel Court Jakarta,6023,Court 3,2026-09-23,20:00 - 21:00,200000,Booked
2711_6023_21:00,2711,Coco Padel Court Jakarta,6023,Court 3,2026-09-23,21:00 - 22:00,200000,Booked
2997_7157_18:00,2997,"KALMA Social Club - Jl. Panjang, Kedoya",7157,Court 1 Padel,2026-09-23,18:00 - 19:00,399000,Available
2997_7157_19:00,2997,"KALMA Social Club - Jl. Panjang, Kedoya",7157,Court 1 Padel,2026-09-23,19:00 - 20:00,399000,Booked
2997_7157_20:00,2997,"KALMA Social Club - Jl. Panjang, Kedoya",7157,Court 1 Padel,2026-09-23,20:00 - 21:00,399000,Booked
2997_7157_21:00,2997,"KALMA Social Club - Jl. Panjang, Kedoya",7157,Court 1 Padel,2026-09-23,21:00 - 22:00,399000,Booked
2997_7157_22:00,2997,"KALMA Social Club - Jl. Panjang, Kedoya",7157,Court 1 Padel,2026-09-23,22:00 - 23:00,199000,Available
2997_7157_23:00,2997,"KALMA Social Club - Jl. Panjang, Kedoya",7157,Court 1 Padel,2026-09-23,23:00 - 00:00,199000,Available
2997_7158_18:00,2997,"KALMA Social Club - Jl. Panjang, Kedoya",7158,Court 2 Padel (Center Court),2026-09-23,18:00 - 19:00,399000,Available
2997_7158_19:00,2997,"KALMA Social Club - Jl. Panjang, Kedoya",7158,Court 2 Padel (Center Court),2026-09-23,19:00 - 20:00,399000,Booked
2997_7158_20:00,2997,"KALMA Social Club - Jl. Panjang, Kedoya",7158,Court 2 Padel (Center Court),2026-09-23,20:00 - 21:00,399000,Booked
2997_7158_21:00,2997,"KALMA Social Club - Jl. Panjang, Kedoya",7158,Court 2 Padel (Center Court),2026-09-23,21:00 - 22:00,399000,Booked
2997_7158_22:00,2997,"KALMA Social Club - Jl. Panjang, Kedoya",7158,Court 2 Padel (Center Court),2026-09-23,22:00 - 23:00,199000,Available
2997_7158_23:00,2997,"KALMA Social Club - Jl. Panjang, Kedoya",7158,Court 2 Padel (Center Court),2026-09-23,23:00 - 00:00,199000,Available
2997_7159_18:00,2997,"KALMA Social Club - Jl. Panjang, Kedoya",7159,Court 3 Padel,2026-09-23,18:00 - 19:00,399000,Available
2997_7159_19:00,2997,"KALMA Social Club - Jl. Panjang, Kedoya",7159,Court 3 Padel,2026-09-23,19:00 - 20:00,399000,Booked
2997_7159_20:00,2997,"KALMA Social Club - Jl. Panjang, Kedoya",7159,Court 3 Padel,2026-09-23,20:00 - 21:00,399000,Booked
2997_7159_21:00,2997,"KALMA Social Club - Jl. Panjang, Kedoya",7159,Court 3 Padel,2026-09-23,21:00 - 22:00,399000,Booked
2997_7159_22:00,2997,"KALMA Social Club - Jl. Panjang, Kedoya",7159,Court 3 Padel,2026-09-23,22:00 - 23:00,199000,Booked
2997_7159_23:00,2997,"KALMA Social Club - Jl. Panjang, Kedoya",7159,Court 3 Padel,2026-09-23,23:00 - 00:00,199000,Booked
2997_7160_18:00,2997,"KALMA Social Club - Jl. Panjang, Kedoya",7160,Court 4 Padel,2026-09-23,18:00 - 19:00,399000,Available
2997_7160_19:00,2997,"KALMA Social Club - Jl. Panjang, Kedoya",7160,Court 4 Padel,2026-09-23,19:00 - 20:00,399000,Booked
2997_7160_20:00,2997,"KALMA Social Club - Jl. Panjang, Kedoya",7160,Court 4 Padel,2026-09-23,20:00 - 21:00,399000,Booked
2997_7160_21:00,2997,"KALMA Social Club - Jl. Panjang, Kedoya",7160,Court 4 Padel,2026-09-23,21:00 - 22:00,399000,Available
2997_7160_22:00,2997,"KALMA Social Club - Jl. Panjang, Kedoya",7160,Court 4 Padel,2026-09-23,22:00 - 23:00,199000,Booked
2997_7160_23:00,2997,"KALMA Social Club - Jl. Panjang, Kedoya",7160,Court 4 Padel,2026-09-23,23:00 - 00:00,199000,Booked
2997_7161_18:00,2997,"KALMA Social Club - Jl. Panjang, Kedoya",7161,Private Indoor Pickleball Court,2026-09-23,18:00 - 19:00,170000,Available
2997_7161_19:00,2997,"KALMA Social Club - Jl. Panjang, Kedoya",7161,Private Indoor Pickleball Court,2026-09-23,19:00 - 20:00,170000,Available
2997_7161_20:00,2997,"KALMA Social Club - Jl. Panjang, Kedoya",7161,Private Indoor Pickleball Court,2026-09-23,20:00 - 21:00,170000,Available
2997_7161_21:00,2997,"KALMA Social Club - Jl. Panjang, Kedoya",7161,Private Indoor Pickleball Court,2026-09-23,21:00 - 22:00,170000,Available
2997_7161_22:00,2997,"KALMA Social Club - Jl. Panjang, Kedoya",7161,Private Indoor Pickleball Court,2026-09-23,22:00 - 23:00,150000,Available
2997_7161_23:00,2997,"KALMA Social Club - Jl. Panjang, Kedoya",7161,Private Indoor Pickleball Court,2026-09-23,23:00 - 00:00,150000,Available
1406_2702_18:00,1406,Boss Padel - Kedoya,2702,Court 1,2026-09-23,18:00 - 19:00,250000,Booked
1406_2702_19:00,1406,Boss Padel - Kedoya,2702,Court 1,2026-09-23,19:00 - 20:00,350000,Booked
1406_2702_20:00,1406,Boss Padel - Kedoya,2702,Court 1,2026-09-23,20:00 - 21:00,350000,Booked
1406_2702_21:00,1406,Boss Padel - Kedoya,2702,Court 1,2026-09-23,21:00 - 22:00,350000,Booked
1406_2702_22:00,1406,Boss Padel - Kedoya,2702,Court 1,2026-09-23,22:00 - 23:00,150000,Available
1406_2702_23:00,1406,Boss Padel - Kedoya,2702,Court 1,2026-09-23,23:00 - 00:00,150000,Available
1406_2780_18:00,1406,Boss Padel - Kedoya,2780,My BCA Court,2026-09-23,18:00 - 19:00,250000,Booked
1406_2780_19:00,1406,Boss Padel - Kedoya,2780,My BCA Court,2026-09-23,19:00 - 20:00,350000,Booked
1406_2780_20:00,1406,Boss Padel - Kedoya,2780,My BCA Court,2026-09-23,20:00 - 21:00,350000,Booked
1406_2780_21:00,1406,Boss Padel - Kedoya,2780,My BCA Court,2026-09-23,21:00 - 22:00,350000,Booked
1406_2780_22:00,1406,Boss Padel - Kedoya,2780,My BCA Court,2026-09-23,22:00 - 23:00,150000,Available
1406_2780_23:00,1406,Boss Padel - Kedoya,2780,My BCA Court,2026-09-23,23:00 - 00:00,150000,Available
1406_2781_18:00,1406,Boss Padel - Kedoya,2781,BRImo Court,2026-09-23,18:00 - 19:00,250000,Booked
1406_2781_19:00,1406,Boss Padel - Kedoya,2781,BRImo Court,2026-09-23,19:00 - 20:00,350000,Booked
1406_2781_20:00,1406,Boss Padel - Kedoya,2781,BRImo Court,2026-09-23,20:00 - 21:00,350000,Booked
1406_2781_21:00,1406,Boss Padel - Kedoya,2781,BRImo Court,2026-09-23,21:00 - 22:00,350000,Booked
1406_2781_22:00,1406,Boss Padel - Kedoya,2781,BRImo Court,2026-09-23,22:00 - 23:00,150000,Available
1406_2781_23:00,1406,Boss Padel - Kedoya,2781,BRImo Court,2026-09-23,23:00 - 00:00,150000,Available
1406_2782_18:00,1406,Boss Padel - Kedoya,2782,Tolak Linu Court,2026-09-23,18:00 - 19:00,250000,Booked
1406_2782_19:00,1406,Boss Padel - Kedoya,2782,Tolak Linu Court,2026-09-23,19:00 - 20:00,350000,Available
1406_2782_20:00,1406,Boss Padel - Kedoya,2782,Tolak Linu Court,2026-09-23,20:00 - 21:00,350000,Available
1406_2782_21:00,1406,Boss Padel - Kedoya,2782,Tolak Linu Court,2026-09-23,21:00 - 22:00,350000,Available
1406_2782_22:00,1406,Boss Padel - Kedoya,2782,Tolak Linu Court,2026-09-23,22:00 - 23:00,150000,Available
1406_2782_23:00,1406,Boss Padel - Kedoya,2782,Tolak Linu Court,2026-09-23,23:00 - 00:00,150000,Available
1406_2783_18:00,1406,Boss Padel - Kedoya,2783,C+ Collagen Court,2026-09-23,18:00 - 19:00,175000,Booked
1406_2783_19:00,1406,Boss Padel - Kedoya,2783,C+ Collagen Court,2026-09-23,19:00 - 20:00,175000,Available
1406_2783_20:00,1406,Boss Padel - Kedoya,2783,C+ Collagen Court,2026-09-23,20:00 - 21:00,175000,Booked
1406_2783_21:00,1406,Boss Padel - Kedoya,2783,C+ Collagen Court,2026-09-23,21:00 - 22:00,175000,Booked
1406_2783_22:00,1406,Boss Padel - Kedoya,2783,C+ Collagen Court,2026-09-23,22:00 - 23:00,100000,Booked
1406_2783_23:00,1406,Boss Padel - Kedoya,2783,C+ Collagen Court,2026-09-23,23:00 - 00:00,100000,Available
1590_3222_18:00,1590,KSC Racquet Club,3222,Tennis Court 1 - Semi Indoor New,2026-09-23,18:00 - 19:00,305000,Booked
1590_3222_19:00,1590,KSC Racquet Club,3222,Tennis Court 1 - Semi Indoor New,2026-09-23,19:00 - 20:00,305000,Booked
1590_3222_20:00,1590,KSC Racquet Club,3222,Tennis Court 1 - Semi Indoor New,2026-09-23,20:00 - 21:00,305000,Booked
1590_3222_21:00,1590,KSC Racquet Club,3222,Tennis Court 1 - Semi Indoor New,2026-09-23,21:00 - 22:00,305000,Booked
1590_3222_22:00,1590,KSC Racquet Club,3222,Tennis Court 1 - Semi Indoor New,2026-09-23,22:00 - 23:00,305000,Booked
1590_3223_18:00,1590,KSC Racquet Club,3223,Tennis Court 2 - Semi Indoor New,2026-09-23,18:00 - 19:00,305000,Booked
1590_3223_19:00,1590,KSC Racquet Club,3223,Tennis Court 2 - Semi Indoor New,2026-09-23,19:00 - 20:00,305000,Booked
1590_3223_20:00,1590,KSC Racquet Club,3223,Tennis Court 2 - Semi Indoor New,2026-09-23,20:00 - 21:00,305000,Booked
1590_3223_21:00,1590,KSC Racquet Club,3223,Tennis Court 2 - Semi Indoor New,2026-09-23,21:00 - 22:00,305000,Booked
1590_3223_22:00,1590,KSC Racquet Club,3223,Tennis Court 2 - Semi Indoor New,2026-09-23,22:00 - 23:00,305000,Booked
1590_3224_18:00,1590,KSC Racquet Club,3224,Tennis Court - Indoor Private,2026-09-23,18:00 - 19:00,300000,Booked
1590_3224_19:00,1590,KSC Racquet Club,3224,Tennis Court - Indoor Private,2026-09-23,19:00 - 20:00,300000,Booked
1590_3224_20:00,1590,KSC Racquet Club,3224,Tennis Court - Indoor Private,2026-09-23,20:00 - 21:00,300000,Booked
1590_3224_21:00,1590,KSC Racquet Club,3224,Tennis Court - Indoor Private,2026-09-23,21:00 - 22:00,300000,Booked
1590_3224_22:00,1590,KSC Racquet Club,3224,Tennis Court - Indoor Private,2026-09-23,22:00 - 23:00,300000,Booked
1590_3226_18:00,1590,KSC Racquet Club,3226,Padel Court A - Tribun,2026-09-23,18:00 - 19:00,245000,Available
1590_3226_19:00,1590,KSC Racquet Club,3226,Padel Court A - Tribun,2026-09-23,19:00 - 20:00,245000,Booked
1590_3226_20:00,1590,KSC Racquet Club,3226,Padel Court A - Tribun,2026-09-23,20:00 - 21:00,245000,Booked
1590_3226_21:00,1590,KSC Racquet Club,3226,Padel Court A - Tribun,2026-09-23,21:00 - 22:00,245000,Booked
1590_3226_22:00,1590,KSC Racquet Club,3226,Padel Court A - Tribun,2026-09-23,22:00 - 23:00,245000,Available
1590_7562_18:00,1590,KSC Racquet Club,7562,Padel Court B,2026-09-23,18:00 - 19:00,245000,Available
1590_7562_19:00,1590,KSC Racquet Club,7562,Padel Court B,2026-09-23,19:00 - 20:00,245000,Available
1590_7562_20:00,1590,KSC Racquet Club,7562,Padel Court B,2026-09-23,20:00 - 21:00,245000,Available
1590_7562_21:00,1590,KSC Racquet Club,7562,Padel Court B,2026-09-23,21:00 - 22:00,245000,Available
1590_7562_22:00,1590,KSC Racquet Club,7562,Padel Court B,2026-09-23,22:00 - 23:00,245000,Available
1590_7563_18:00,1590,KSC Racquet Club,7563,Padel Court C,2026-09-23,18:00 - 19:00,245000,Available
1590_7563_19:00,1590,KSC Racquet Club,7563,Padel Court C,2026-09-23,19:00 - 20:00,245000,Booked
1590_7563_20:00,1590,KSC Racquet Club,7563,Padel Court C,2026-09-23,20:00 - 21:00,245000,Booked
1590_7563_21:00,1590,KSC Racquet Club,7563,Padel Court C,2026-09-23,21:00 - 22:00,245000,Booked
1590_7563_22:00,1590,KSC Racquet Club,7563,Padel Court C,2026-09-23,22:00 - 23:00,245000,Available
1590_7564_18:00,1590,KSC Racquet Club,7564,Padel Court D,2026-09-23,18:00 - 19:00,245000,Available
1590_7564_19:00,1590,KSC Racquet Club,7564,Padel Court D,2026-09-23,19:00 - 20:00,245000,Booked
1590_7564_20:00,1590,KSC Racquet Club,7564,Padel Court D,2026-09-23,20:00 - 21:00,245000,Booked
1590_7564_21:00,1590,KSC Racquet Club,7564,Padel Court D,2026-09-23,21:00 - 22:00,245000,Booked
1590_7564_22:00,1590,KSC Racquet Club,7564,Padel Court D,2026-09-23,22:00 - 23:00,245000,Available
1590_11484_18:00,1590,KSC Racquet Club,11484,Automatic Mahjong Table,2026-09-23,18:00 - 20:00,150000,Available
1590_11484_20:00,1590,KSC Racquet Club,11484,Automatic Mahjong Table,2026-09-23,20:00 - 22:00,150000,Available
3116_7673_18:00,3116,Social Field,7673,Panoramic Court 1,2026-09-23,18:00 - 19:00,249000,Available
3116_7673_19:00,3116,Social Field,7673,Panoramic Court 1,2026-09-23,19:00 - 20:00,249000,Booked
3116_7673_20:00,3116,Social Field,7673,Panoramic Court 1,2026-09-23,20:00 - 21:00,249000,Booked
3116_7673_21:00,3116,Social Field,7673,Panoramic Court 1,2026-09-23,21:00 - 22:00,249000,Available
3116_8054_18:00,3116,Social Field,8054,Panoramic Court 2,2026-09-23,18:00 - 19:00,249000,Available
3116_8054_19:00,3116,Social Field,8054,Panoramic Court 2,2026-09-23,19:00 - 20:00,249000,Booked
3116_8054_20:00,3116,Social Field,8054,Panoramic Court 2,2026-09-23,20:00 - 21:00,249000,Booked
3116_8054_21:00,3116,Social Field,8054,Panoramic Court 2,2026-09-23,21:00 - 22:00,249000,Available
3116_8059_18:00,3116,Social Field,8059,OKX Super Panoramic Court 3,2026-09-23,18:00 - 19:00,299000,Available
3116_8059_19:00,3116,Social Field,8059,OKX Super Panoramic Court 3,2026-09-23,19:00 - 20:00,299000,Available
3116_8059_20:00,3116,Social Field,8059,OKX Super Panoramic Court 3,2026-09-23,20:00 - 21:00,299000,Available
3116_8059_21:00,3116,Social Field,8059,OKX Super Panoramic Court 3,2026-09-23,21:00 - 22:00,299000,Available
3116_8060_18:00,3116,Social Field,8060,OKX Super Panoramic Court 4,2026-09-23,18:00 - 19:00,299000,Available
3116_8060_19:00,3116,Social Field,8060,OKX Super Panoramic Court 4,2026-09-23,19:00 - 20:00,299000,Available
3116_8060_20:00,3116,Social Field,8060,OKX Super Panoramic Court 4,2026-09-23,20:00 - 21:00,299000,Available
3116_8060_21:00,3116,Social Field,8060,OKX Super Panoramic Court 4,2026-09-23,21:00 - 22:00,299000,Available
3116_8055_18:00,3116,Social Field,8055,Panoramic Court 5,2026-09-23,18:00 - 19:00,249000,Booked
3116_8055_19:00,3116,Social Field,8055,Panoramic Court 5,2026-09-23,19:00 - 20:00,249000,Booked
3116_8055_20:00,3116,Social Field,8055,Panoramic Court 5,2026-09-23,20:00 - 21:00,249000,Available
3116_8055_21:00,3116,Social Field,8055,Panoramic Court 5,2026-09-23,21:00 - 22:00,249000,Available
3116_8056_18:00,3116,Social Field,8056,Panoramic Court 6,2026-09-23,18:00 - 19:00,249000,Booked
3116_8056_19:00,3116,Social Field,8056,Panoramic Court 6,2026-09-23,19:00 - 20:00,249000,Booked
3116_8056_20:00,3116,Social Field,8056,Panoramic Court 6,2026-09-23,20:00 - 21:00,249000,Available
3116_8056_21:00,3116,Social Field,8056,Panoramic Court 6,2026-09-23,21:00 - 22:00,249000,Available
3116_8057_18:00,3116,Social Field,8057,Panoramic Court 7,2026-09-23,18:00 - 19:00,249000,Available
3116_8057_19:00,3116,Social Field,8057,Panoramic Court 7,2026-09-23,19:00 - 20:00,249000,Available
3116_8057_20:00,3116,Social Field,8057,Panoramic Court 7,2026-09-23,20:00 - 21:00,249000,Available
3116_8057_21:00,3116,Social Field,8057,Panoramic Court 7,2026-09-23,21:00 - 22:00,249000,Available
3116_8058_18:00,3116,Social Field,8058,Panoramic Court 8,2026-09-23,18:00 - 19:00,249000,Available
3116_8058_19:00,3116,Social Field,8058,Panoramic Court 8,2026-09-23,19:00 - 20:00,249000,Available
3116_8058_20:00,3116,Social Field,8058,Panoramic Court 8,2026-09-23,20:00 - 21:00,249000,Available
3116_8058_21:00,3116,Social Field,8058,Panoramic Court 8,2026-09-23,21:00 - 22:00,249000,Available
2177_6932_18:00,2177,La Chiquita Padel,6932,Court 1,2026-09-23,18:00 - 19:00,300000,Booked
2177_6932_19:00,2177,La Chiquita Padel,6932,Court 1,2026-09-23,19:00 - 20:00,300000,Booked
2177_6932_20:00,2177,La Chiquita Padel,6932,Court 1,2026-09-23,20:00 - 21:00,300000,Booked
2177_6932_21:00,2177,La Chiquita Padel,6932,Court 1,2026-09-23,21:00 - 22:00,300000,Available
2177_8225_18:00,2177,La Chiquita Padel,8225,Court 2,2026-09-23,18:00 - 19:00,300000,Booked
2177_8225_19:00,2177,La Chiquita Padel,8225,Court 2,2026-09-23,19:00 - 20:00,300000,Booked
2177_8225_20:00,2177,La Chiquita Padel,8225,Court 2,2026-09-23,20:00 - 21:00,300000,Booked
2177_8225_21:00,2177,La Chiquita Padel,8225,Court 2,2026-09-23,21:00 - 22:00,300000,Available
2935_7044_18:00,2935,ZEN PADEL,7044,Court 1 - Matcha,2026-09-23,18:00 - 19:00,68000,Available
2935_7044_19:00,2935,ZEN PADEL,7044,Court 1 - Matcha,2026-09-23,19:00 - 20:00,68000,Booked
2935_7044_20:00,2935,ZEN PADEL,7044,Court 1 - Matcha,2026-09-23,20:00 - 21:00,68000,Booked
2935_7044_21:00,2935,ZEN PADEL,7044,Court 1 - Matcha,2026-09-23,21:00 - 22:00,68000,Available
2935_7045_18:00,2935,ZEN PADEL,7045,Court 2 - Sakura,2026-09-23,18:00 - 19:00,68000,Available
2935_7045_19:00,2935,ZEN PADEL,7045,Court 2 - Sakura,2026-09-23,19:00 - 20:00,68000,Available
2935_7045_20:00,2935,ZEN PADEL,7045,Court 2 - Sakura,2026-09-23,20:00 - 21:00,68000,Booked
2935_7045_21:00,2935,ZEN PADEL,7045,Court 2 - Sakura,2026-09-23,21:00 - 22:00,68000,Booked
2506_5391_18:00,2506,Padel Meruya Airdome,5391,Court 1,2026-09-23,18:00 - 19:00,399000,Available
2506_5391_19:00,2506,Padel Meruya Airdome,5391,Court 1,2026-09-23,19:00 - 20:00,399000,Available
2506_5391_20:00,2506,Padel Meruya Airdome,5391,Court 1,2026-09-23,20:00 - 21:00,399000,Available
2506_5391_21:00,2506,Padel Meruya Airdome,5391,Court 1,2026-09-23,21:00 - 22:00,399000,Available
2506_5391_22:00,2506,Padel Meruya Airdome,5391,Court 1,2026-09-23,22:00 - 23:00,399000,Available
2506_10503_18:00,2506,Padel Meruya Airdome,10503,Court 2,2026-09-23,18:00 - 19:00,399000,Available
2506_10503_19:00,2506,Padel Meruya Airdome,10503,Court 2,2026-09-23,19:00 - 20:00,399000,Available
2506_10503_20:00,2506,Padel Meruya Airdome,10503,Court 2,2026-09-23,20:00 - 21:00,399000,Available
2506_10503_21:00,2506,Padel Meruya Airdome,10503,Court 2,2026-09-23,21:00 - 22:00,399000,Available
2506_10503_22:00,2506,Padel Meruya Airdome,10503,Court 2,2026-09-23,22:00 - 23:00,399000,Available
2506_10504_18:00,2506,Padel Meruya Airdome,10504,Court 3,2026-09-23,18:00 - 19:00,399000,Available
2506_10504_19:00,2506,Padel Meruya Airdome,10504,Court 3,2026-09-23,19:00 - 20:00,399000,Available
2506_10504_20:00,2506,Padel Meruya Airdome,10504,Court 3,2026-09-23,20:00 - 21:00,399000,Available
2506_10504_21:00,2506,Padel Meruya Airdome,10504,Court 3,2026-09-23,21:00 - 22:00,399000,Available
2506_10504_22:00,2506,Padel Meruya Airdome,10504,Court 3,2026-09-23,22:00 - 23:00,399000,Available
2506_10505_18:00,2506,Padel Meruya Airdome,10505,Court 4,2026-09-23,18:00 - 19:00,399000,Booked
2506_10505_19:00,2506,Padel Meruya Airdome,10505,Court 4,2026-09-23,19:00 - 20:00,399000,Booked
2506_10505_20:00,2506,Padel Meruya Airdome,10505,Court 4,2026-09-23,20:00 - 21:00,399000,Booked
2506_10505_21:00,2506,Padel Meruya Airdome,10505,Court 4,2026-09-23,21:00 - 22:00,399000,Available
2506_10505_22:00,2506,Padel Meruya Airdome,10505,Court 4,2026-09-23,22:00 - 23:00,399000,Available
2506_10506_18:00,2506,Padel Meruya Airdome,10506,Court 5,2026-09-23,18:00 - 19:00,399000,Booked
2506_10506_19:00,2506,Padel Meruya Airdome,10506,Court 5,2026-09-23,19:00 - 20:00,399000,Booked
2506_10506_20:00,2506,Padel Meruya Airdome,10506,Court 5,2026-09-23,20:00 - 21:00,399000,Booked
2506_10506_21:00,2506,Padel Meruya Airdome,10506,Court 5,2026-09-23,21:00 - 22:00,399000,Available
2506_10506_22:00,2506,Padel Meruya Airdome,10506,Court 5,2026-09-23,22:00 - 23:00,399000,Available
2506_10507_18:00,2506,Padel Meruya Airdome,10507,Court 6,2026-09-23,18:00 - 19:00,399000,Available
2506_10507_19:00,2506,Padel Meruya Airdome,10507,Court 6,2026-09-23,19:00 - 20:00,399000,Available
2506_10507_20:00,2506,Padel Meruya Airdome,10507,Court 6,2026-09-23,20:00 - 21:00,399000,Available
2506_10507_21:00,2506,Padel Meruya Airdome,10507,Court 6,2026-09-23,21:00 - 22:00,399000,Available
2506_10507_22:00,2506,Padel Meruya Airdome,10507,Court 6,2026-09-23,22:00 - 23:00,399000,Available
2008_4108_18:00,2008,Sini Padel Court,4108,Court 1,2026-09-23,18:00 - 19:00,195000,Available
2008_4108_19:00,2008,Sini Padel Court,4108,Court 1,2026-09-23,19:00 - 20:00,195000,Booked
2008_4108_20:00,2008,Sini Padel Court,4108,Court 1,2026-09-23,20:00 - 21:00,200000,Booked
2008_4108_21:00,2008,Sini Padel Court,4108,Court 1,2026-09-23,21:00 - 22:00,200000,Available
2008_4108_22:00,2008,Sini Padel Court,4108,Court 1,2026-09-23,22:00 - 23:00,200000,Available
2008_5386_18:00,2008,Sini Padel Court,5386,Court 2,2026-09-23,18:00 - 19:00,195000,Available
2008_5386_19:00,2008,Sini Padel Court,5386,Court 2,2026-09-23,19:00 - 20:00,195000,Booked
2008_5386_20:00,2008,Sini Padel Court,5386,Court 2,2026-09-23,20:00 - 21:00,200000,Booked
2008_5386_21:00,2008,Sini Padel Court,5386,Court 2,2026-09-23,21:00 - 22:00,200000,Available
2008_5386_22:00,2008,Sini Padel Court,5386,Court 2,2026-09-23,22:00 - 23:00,200000,Available
2008_5387_18:00,2008,Sini Padel Court,5387,Court 3,2026-09-23,18:00 - 19:00,195000,Available
2008_5387_19:00,2008,Sini Padel Court,5387,Court 3,2026-09-23,19:00 - 20:00,195000,Booked
2008_5387_20:00,2008,Sini Padel Court,5387,Court 3,2026-09-23,20:00 - 21:00,200000,Booked
2008_5387_21:00,2008,Sini Padel Court,5387,Court 3,2026-09-23,21:00 - 22:00,200000,Available
2008_5387_22:00,2008,Sini Padel Court,5387,Court 3,2026-09-23,22:00 - 23:00,200000,Available
2008_11906_18:00,2008,Sini Padel Court,11906,Mahjong 1 (Manual),2026-09-23,18:00 - 19:00,125000,Available
2008_11906_19:00,2008,Sini Padel Court,11906,Mahjong 1 (Manual),2026-09-23,19:00 - 20:00,125000,Available
2008_11906_20:00,2008,Sini Padel Court,11906,Mahjong 1 (Manual),2026-09-23,20:00 - 21:00,125000,Available
2008_11906_21:00,2008,Sini Padel Court,11906,Mahjong 1 (Manual),2026-09-23,21:00 - 22:00,125000,Available
2008_11906_22:00,2008,Sini Padel Court,11906,Mahjong 1 (Manual),2026-09-23,22:00 - 23:00,125000,Available
2008_11907_18:00,2008,Sini Padel Court,11907,Mahjong 2 (Manual),2026-09-23,18:00 - 19:00,125000,Available
2008_11907_19:00,2008,Sini Padel Court,11907,Mahjong 2 (Manual),2026-09-23,19:00 - 20:00,125000,Available
2008_11907_20:00,2008,Sini Padel Court,11907,Mahjong 2 (Manual),2026-09-23,20:00 - 21:00,125000,Available
2008_11907_21:00,2008,Sini Padel Court,11907,Mahjong 2 (Manual),2026-09-23,21:00 - 22:00,125000,Available
2008_11907_22:00,2008,Sini Padel Court,11907,Mahjong 2 (Manual),2026-09-23,22:00 - 23:00,125000,Available
3062_7170_18:00,3062,Padel V,7170,Court 1,2026-09-23,18:00 - 19:00,260000,Available
3062_7170_19:00,3062,Padel V,7170,Court 1,2026-09-23,19:00 - 20:00,260000,Available
3062_7170_20:00,3062,Padel V,7170,Court 1,2026-09-23,20:00 - 21:00,260000,Available
3062_7170_21:00,3062,Padel V,7170,Court 1,2026-09-23,21:00 - 22:00,260000,Available
3062_7170_22:00,3062,Padel V,7170,Court 1,2026-09-23,22:00 - 23:00,210000,Available
3062_9024_18:00,3062,Padel V,9024,Court 2,2026-09-23,18:00 - 19:00,260000,Available
3062_9024_19:00,3062,Padel V,9024,Court 2,2026-09-23,19:00 - 20:00,260000,Available
3062_9024_20:00,3062,Padel V,9024,Court 2,2026-09-23,20:00 - 21:00,260000,Available
3062_9024_21:00,3062,Padel V,9024,Court 2,2026-09-23,21:00 - 22:00,260000,Available
3062_9024_22:00,3062,Padel V,9024,Court 2,2026-09-23,22:00 - 23:00,210000,Available
1589_3221_18:00,1589,River Padel,3221,Court 1,2026-09-23,18:00 - 19:00,219000,Available
1589_3221_19:00,1589,River Padel,3221,Court 1,2026-09-23,19:00 - 20:00,219000,Booked
1589_3221_20:00,1589,River Padel,3221,Court 1,2026-09-23,20:00 - 21:00,219000,Booked
1589_3221_21:00,1589,River Padel,3221,Court 1,2026-09-23,21:00 - 22:00,219000,Available
1589_4406_18:00,1589,River Padel,4406,Court 2,2026-09-23,18:00 - 19:00,219000,Booked
1589_4406_19:00,1589,River Padel,4406,Court 2,2026-09-23,19:00 - 20:00,219000,Booked
1589_4406_20:00,1589,River Padel,4406,Court 2,2026-09-23,20:00 - 21:00,219000,Booked
1589_4406_21:00,1589,River Padel,4406,Court 2,2026-09-23,21:00 - 22:00,219000,Booked
1589_4407_18:00,1589,River Padel,4407,Court 3,2026-09-23,18:00 - 19:00,219000,Booked
1589_4407_19:00,1589,River Padel,4407,Court 3,2026-09-23,19:00 - 20:00,219000,Booked
1589_4407_20:00,1589,River Padel,4407,Court 3,2026-09-23,20:00 - 21:00,219000,Booked
1589_4407_21:00,1589,River Padel,4407,Court 3,2026-09-23,21:00 - 22:00,219000,Booked
1303_2415_18:00,1303,Padel at largo - Kedoya,2415,Pristine,2026-09-23,18:00 - 19:00,250000,Booked
1303_2415_19:00,1303,Padel at largo - Kedoya,2415,Pristine,2026-09-23,19:00 - 20:00,250000,Booked
1303_2415_20:00,1303,Padel at largo - Kedoya,2415,Pristine,2026-09-23,20:00 - 21:00,250000,Booked
1303_2415_21:00,1303,Padel at largo - Kedoya,2415,Pristine,2026-09-23,21:00 - 22:00,150000,Available
1303_2415_22:00,1303,Padel at largo - Kedoya,2415,Pristine,2026-09-23,22:00 - 23:00,150000,Available
1303_2416_18:00,1303,Padel at largo - Kedoya,2416,Court 2,2026-09-23,18:00 - 19:00,250000,Available
1303_2416_19:00,1303,Padel at largo - Kedoya,2416,Court 2,2026-09-23,19:00 - 20:00,250000,Booked
1303_2416_20:00,1303,Padel at largo - Kedoya,2416,Court 2,2026-09-23,20:00 - 21:00,250000,Booked
1303_2416_21:00,1303,Padel at largo - Kedoya,2416,Court 2,2026-09-23,21:00 - 22:00,150000,Available
1303_2416_22:00,1303,Padel at largo - Kedoya,2416,Court 2,2026-09-23,22:00 - 23:00,150000,Available
1303_2417_18:00,1303,Padel at largo - Kedoya,2417,Court 3,2026-09-23,18:00 - 19:00,250000,Available
1303_2417_19:00,1303,Padel at largo - Kedoya,2417,Court 3,2026-09-23,19:00 - 20:00,250000,Booked
1303_2417_20:00,1303,Padel at largo - Kedoya,2417,Court 3,2026-09-23,20:00 - 21:00,250000,Booked
1303_2417_21:00,1303,Padel at largo - Kedoya,2417,Court 3,2026-09-23,21:00 - 22:00,150000,Available
1303_2417_22:00,1303,Padel at largo - Kedoya,2417,Court 3,2026-09-23,22:00 - 23:00,150000,Available
1796_4675_18:00,1796,Patra Padel House,4675,Court 1,2026-09-23,18:00 - 19:00,200000,Booked
1796_4675_19:00,1796,Patra Padel House,4675,Court 1,2026-09-23,19:00 - 20:00,200000,Booked
1796_4675_20:00,1796,Patra Padel House,4675,Court 1,2026-09-23,20:00 - 21:00,200000,Booked
2443_5186_18:00,2443,Courtyard Padel Club,5186,Court 1,2026-09-23,18:00 - 19:00,295000,Available
2443_5186_19:00,2443,Courtyard Padel Club,5186,Court 1,2026-09-23,19:00 - 20:00,295000,Available
2443_5186_20:00,2443,Courtyard Padel Club,5186,Court 1,2026-09-23,20:00 - 22:00,590000,Available
2443_5187_18:00,2443,Courtyard Padel Club,5187,Court 2,2026-09-23,18:00 - 19:00,295000,Booked
2443_5187_19:00,2443,Courtyard Padel Club,5187,Court 2,2026-09-23,19:00 - 20:00,295000,Available
2443_5187_20:00,2443,Courtyard Padel Club,5187,Court 2,2026-09-23,20:00 - 21:00,295000,Available
2443_5187_21:00,2443,Courtyard Padel Club,5187,Court 2,2026-09-23,21:00 - 22:00,295000,Available
2443_5188_18:00,2443,Courtyard Padel Club,5188,Court 3,2026-09-23,18:00 - 19:00,295000,Booked
2443_5188_19:00,2443,Courtyard Padel Club,5188,Court 3,2026-09-23,19:00 - 20:00,295000,Available
2443_5188_20:00,2443,Courtyard Padel Club,5188,Court 3,2026-09-23,20:00 - 21:00,295000,Available
2443_5188_21:00,2443,Courtyard Padel Club,5188,Court 3,2026-09-23,21:00 - 22:00,295000,Available
2443_5189_18:00,2443,Courtyard Padel Club,5189,Court Vip,2026-09-23,18:00 - 19:00,325000,Booked
2443_5189_19:00,2443,Courtyard Padel Club,5189,Court Vip,2026-09-23,19:00 - 20:00,325000,Available
2443_5189_20:00,2443,Courtyard Padel Club,5189,Court Vip,2026-09-23,20:00 - 21:00,325000,Available
2443_5189_21:00,2443,Courtyard Padel Club,5189,Court Vip,2026-09-23,21:00 - 22:00,325000,Available
2443_8323_18:00,2443,Courtyard Padel Club,8323,Court A,2026-09-23,18:00 - 19:00,215000,Available
2443_8323_19:00,2443,Courtyard Padel Club,8323,Court A,2026-09-23,19:00 - 20:00,215000,Available
2443_8323_20:00,2443,Courtyard Padel Club,8323,Court A,2026-09-23,20:00 - 22:00,430000,Booked
2443_8324_18:00,2443,Courtyard Padel Club,8324,Court B,2026-09-23,18:00 - 19:00,215000,Available
2443_8324_19:00,2443,Courtyard Padel Club,8324,Court B,2026-09-23,19:00 - 20:00,215000,Available
2443_8324_20:00,2443,Courtyard Padel Club,8324,Court B,2026-09-23,20:00 - 22:00,430000,Booked
2443_8325_18:00,2443,Courtyard Padel Club,8325,Court C,2026-09-23,18:00 - 19:00,215000,Available
2443_8325_19:00,2443,Courtyard Padel Club,8325,Court C,2026-09-23,19:00 - 20:00,215000,Booked
2443_8325_20:00,2443,Courtyard Padel Club,8325,Court C,2026-09-23,20:00 - 22:00,430000,Booked
1679_4888_18:00,1679,IPC Padel Club Kedoya,4888,1 Blue,2026-09-23,18:00 - 19:00,200000,Available
1679_4888_19:00,1679,IPC Padel Club Kedoya,4888,1 Blue,2026-09-23,19:00 - 20:00,200000,Booked
1679_4888_20:00,1679,IPC Padel Club Kedoya,4888,1 Blue,2026-09-23,20:00 - 21:00,200000,Booked
1679_4888_21:00,1679,IPC Padel Club Kedoya,4888,1 Blue,2026-09-23,21:00 - 22:00,200000,Available
1679_4888_22:00,1679,IPC Padel Club Kedoya,4888,1 Blue,2026-09-23,22:00 - 23:00,150000,Available
1679_4888_23:00,1679,IPC Padel Club Kedoya,4888,1 Blue,2026-09-23,23:00 - 00:00,150000,Available
1679_6870_18:00,1679,IPC Padel Club Kedoya,6870,2 Blue,2026-09-23,18:00 - 19:00,200000,Booked
1679_6870_19:00,1679,IPC Padel Club Kedoya,6870,2 Blue,2026-09-23,19:00 - 20:00,200000,Booked
1679_6870_20:00,1679,IPC Padel Club Kedoya,6870,2 Blue,2026-09-23,20:00 - 21:00,200000,Booked
1679_6870_21:00,1679,IPC Padel Club Kedoya,6870,2 Blue,2026-09-23,21:00 - 22:00,200000,Booked
1679_6870_22:00,1679,IPC Padel Club Kedoya,6870,2 Blue,2026-09-23,22:00 - 23:00,150000,Available
1679_6870_23:00,1679,IPC Padel Club Kedoya,6870,2 Blue,2026-09-23,23:00 - 00:00,150000,Available
1679_6871_18:00,1679,IPC Padel Club Kedoya,6871,3 Green,2026-09-23,18:00 - 19:00,200000,Booked
1679_6871_19:00,1679,IPC Padel Club Kedoya,6871,3 Green,2026-09-23,19:00 - 20:00,200000,Booked
1679_6871_20:00,1679,IPC Padel Club Kedoya,6871,3 Green,2026-09-23,20:00 - 21:00,200000,Booked
1679_6871_21:00,1679,IPC Padel Club Kedoya,6871,3 Green,2026-09-23,21:00 - 22:00,200000,Booked
1679_6871_22:00,1679,IPC Padel Club Kedoya,6871,3 Green,2026-09-23,22:00 - 23:00,150000,Available
1679_6871_23:00,1679,IPC Padel Club Kedoya,6871,3 Green,2026-09-23,23:00 - 00:00,150000,Available
1679_6872_18:00,1679,IPC Padel Club Kedoya,6872,4 Green,2026-09-23,18:00 - 19:00,200000,Booked
1679_6872_19:00,1679,IPC Padel Club Kedoya,6872,4 Green,2026-09-23,19:00 - 20:00,200000,Booked
1679_6872_20:00,1679,IPC Padel Club Kedoya,6872,4 Green,2026-09-23,20:00 - 21:00,200000,Booked
1679_6872_21:00,1679,IPC Padel Club Kedoya,6872,4 Green,2026-09-23,21:00 - 22:00,200000,Booked
1679_6872_22:00,1679,IPC Padel Club Kedoya,6872,4 Green,2026-09-23,22:00 - 23:00,150000,Available
1679_6872_23:00,1679,IPC Padel Club Kedoya,6872,4 Green,2026-09-23,23:00 - 00:00,150000,Available
1679_6873_18:00,1679,IPC Padel Club Kedoya,6873,5 Terracotta,2026-09-23,18:00 - 19:00,200000,Booked
1679_6873_19:00,1679,IPC Padel Club Kedoya,6873,5 Terracotta,2026-09-23,19:00 - 20:00,200000,Booked
1679_6873_20:00,1679,IPC Padel Club Kedoya,6873,5 Terracotta,2026-09-23,20:00 - 21:00,200000,Booked
1679_6873_21:00,1679,IPC Padel Club Kedoya,6873,5 Terracotta,2026-09-23,21:00 - 22:00,200000,Available
1679_6873_22:00,1679,IPC Padel Club Kedoya,6873,5 Terracotta,2026-09-23,22:00 - 23:00,150000,Available
1679_6873_23:00,1679,IPC Padel Club Kedoya,6873,5 Terracotta,2026-09-23,23:00 - 00:00,150000,Available
1679_6874_18:00,1679,IPC Padel Club Kedoya,6874,6 Terracotta,2026-09-23,18:00 - 19:00,200000,Available
1679_6874_19:00,1679,IPC Padel Club Kedoya,6874,6 Terracotta,2026-09-23,19:00 - 20:00,200000,Booked
1679_6874_20:00,1679,IPC Padel Club Kedoya,6874,6 Terracotta,2026-09-23,20:00 - 21:00,200000,Booked
1679_6874_21:00,1679,IPC Padel Club Kedoya,6874,6 Terracotta,2026-09-23,21:00 - 22:00,200000,Booked
1679_6874_22:00,1679,IPC Padel Club Kedoya,6874,6 Terracotta,2026-09-23,22:00 - 23:00,150000,Available
1679_6874_23:00,1679,IPC Padel Club Kedoya,6874,6 Terracotta,2026-09-23,23:00 - 00:00,150000,Available
1679_6875_18:00,1679,IPC Padel Club Kedoya,6875,7 Pink,2026-09-23,18:00 - 19:00,200000,Available
1679_6875_19:00,1679,IPC Padel Club Kedoya,6875,7 Pink,2026-09-23,19:00 - 20:00,200000,Booked
1679_6875_20:00,1679,IPC Padel Club Kedoya,6875,7 Pink,2026-09-23,20:00 - 21:00,200000,Booked
1679_6875_21:00,1679,IPC Padel Club Kedoya,6875,7 Pink,2026-09-23,21:00 - 22:00,200000,Available
1679_6875_22:00,1679,IPC Padel Club Kedoya,6875,7 Pink,2026-09-23,22:00 - 23:00,150000,Available
1679_6875_23:00,1679,IPC Padel Club Kedoya,6875,7 Pink,2026-09-23,23:00 - 00:00,150000,Available
1679_6876_18:00,1679,IPC Padel Club Kedoya,6876,8 Pink,2026-09-23,18:00 - 19:00,200000,Booked
1679_6876_19:00,1679,IPC Padel Club Kedoya,6876,8 Pink,2026-09-23,19:00 - 20:00,200000,Booked
1679_6876_20:00,1679,IPC Padel Club Kedoya,6876,8 Pink,2026-09-23,20:00 - 21:00,200000,Available
1679_6876_21:00,1679,IPC Padel Club Kedoya,6876,8 Pink,2026-09-23,21:00 - 22:00,200000,Available
1679_6876_22:00,1679,IPC Padel Club Kedoya,6876,8 Pink,2026-09-23,22:00 - 23:00,150000,Available
1679_6876_23:00,1679,IPC Padel Club Kedoya,6876,8 Pink,2026-09-23,23:00 - 00:00,150000,Available
3351_8504_18:00,3351,DAAN MOGOT PADEL COURT,8504,Court 1,2026-09-23,18:00 - 20:00,500000,Available
3351_8504_20:00,3351,DAAN MOGOT PADEL COURT,8504,Court 1,2026-09-23,20:00 - 22:00,500000,Available
3351_8504_22:00,3351,DAAN MOGOT PADEL COURT,8504,Court 1,2026-09-23,22:00 - 23:00,175000,Available
3351_8504_23:00,3351,DAAN MOGOT PADEL COURT,8504,Court 1,2026-09-23,23:00 - 00:00,175000,Available
3351_8505_18:00,3351,DAAN MOGOT PADEL COURT,8505,Court 2,2026-09-23,18:00 - 20:00,500000,Available
3351_8505_20:00,3351,DAAN MOGOT PADEL COURT,8505,Court 2,2026-09-23,20:00 - 22:00,500000,Available
3351_8505_22:00,3351,DAAN MOGOT PADEL COURT,8505,Court 2,2026-09-23,22:00 - 23:00,175000,Available
3351_8505_23:00,3351,DAAN MOGOT PADEL COURT,8505,Court 2,2026-09-23,23:00 - 00:00,175000,Available
3351_8506_18:00,3351,DAAN MOGOT PADEL COURT,8506,Court 3,2026-09-23,18:00 - 20:00,500000,Available
3351_8506_20:00,3351,DAAN MOGOT PADEL COURT,8506,Court 3,2026-09-23,20:00 - 22:00,500000,Booked
3351_8506_22:00,3351,DAAN MOGOT PADEL COURT,8506,Court 3,2026-09-23,22:00 - 23:00,175000,Booked
3351_8506_23:00,3351,DAAN MOGOT PADEL COURT,8506,Court 3,2026-09-23,23:00 - 00:00,175000,Booked
3351_8507_18:00,3351,DAAN MOGOT PADEL COURT,8507,Court 4,2026-09-23,18:00 - 20:00,500000,Available
3351_8507_20:00,3351,DAAN MOGOT PADEL COURT,8507,Court 4,2026-09-23,20:00 - 22:00,500000,Available
3351_8507_22:00,3351,DAAN MOGOT PADEL COURT,8507,Court 4,2026-09-23,22:00 - 23:00,175000,Available
3351_8507_23:00,3351,DAAN MOGOT PADEL COURT,8507,Court 4,2026-09-23,23:00 - 00:00,175000,Available
3351_8508_18:00,3351,DAAN MOGOT PADEL COURT,8508,Court 5,2026-09-23,18:00 - 20:00,500000,Available
3351_8508_20:00,3351,DAAN MOGOT PADEL COURT,8508,Court 5,2026-09-23,20:00 - 22:00,500000,Available
3351_8508_22:00,3351,DAAN MOGOT PADEL COURT,8508,Court 5,2026-09-23,22:00 - 23:00,175000,Available
3351_8508_23:00,3351,DAAN MOGOT PADEL COURT,8508,Court 5,2026-09-23,23:00 - 00:00,175000,Available
3351_8509_18:00,3351,DAAN MOGOT PADEL COURT,8509,Court 6,2026-09-23,18:00 - 20:00,500000,Available
3351_8509_20:00,3351,DAAN MOGOT PADEL COURT,8509,Court 6,2026-09-23,20:00 - 22:00,500000,Available
3351_8509_22:00,3351,DAAN MOGOT PADEL COURT,8509,Court 6,2026-09-23,22:00 - 23:00,175000,Available
3351_8509_23:00,3351,DAAN MOGOT PADEL COURT,8509,Court 6,2026-09-23,23:00 - 00:00,175000,Available
3738_9239_18:00,3738,EL WILLY PADEL,9239,Court 1,2026-09-23,18:00 - 19:00,380000,Available
3738_9239_19:00,3738,EL WILLY PADEL,9239,Court 1,2026-09-23,19:00 - 20:00,380000,Booked
3738_9239_20:00,3738,EL WILLY PADEL,9239,Court 1,2026-09-23,20:00 - 21:00,380000,Booked
3738_9239_21:00,3738,EL WILLY PADEL,9239,Court 1,2026-09-23,21:00 - 22:00,380000,Booked
3738_9239_22:00,3738,EL WILLY PADEL,9239,Court 1,2026-09-23,22:00 - 23:00,300000,Available
3738_9239_23:00,3738,EL WILLY PADEL,9239,Court 1,2026-09-23,23:00 - 00:00,300000,Available
3738_9240_18:00,3738,EL WILLY PADEL,9240,Court 2,2026-09-23,18:00 - 19:00,380000,Available
3738_9240_19:00,3738,EL WILLY PADEL,9240,Court 2,2026-09-23,19:00 - 20:00,380000,Booked
3738_9240_20:00,3738,EL WILLY PADEL,9240,Court 2,2026-09-23,20:00 - 21:00,380000,Booked
3738_9240_21:00,3738,EL WILLY PADEL,9240,Court 2,2026-09-23,21:00 - 22:00,380000,Booked
3738_9240_22:00,3738,EL WILLY PADEL,9240,Court 2,2026-09-23,22:00 - 23:00,300000,Available
3738_9240_23:00,3738,EL WILLY PADEL,9240,Court 2,2026-09-23,23:00 - 00:00,300000,Available
2667_5975_18:00,2667,Paddle Padel,5975,Court Left,2026-09-23,18:00 - 19:00,200000,Booked
2667_5975_19:00,2667,Paddle Padel,5975,Court Left,2026-09-23,19:00 - 20:00,200000,Booked
2667_5975_20:00,2667,Paddle Padel,5975,Court Left,2026-09-23,20:00 - 21:00,200000,Booked
2667_5975_21:00,2667,Paddle Padel,5975,Court Left,2026-09-23,21:00 - 22:00,200000,Available
2667_5975_22:00,2667,Paddle Padel,5975,Court Left,2026-09-23,22:00 - 23:00,200000,Available
2667_5975_23:00,2667,Paddle Padel,5975,Court Left,2026-09-23,23:00 - 00:00,200000,Available
2667_5976_18:00,2667,Paddle Padel,5976,Court Right,2026-09-23,18:00 - 19:00,200000,Available
2667_5976_19:00,2667,Paddle Padel,5976,Court Right,2026-09-23,19:00 - 20:00,200000,Booked
2667_5976_20:00,2667,Paddle Padel,5976,Court Right,2026-09-23,20:00 - 21:00,200000,Booked
2667_5976_21:00,2667,Paddle Padel,5976,Court Right,2026-09-23,21:00 - 22:00,200000,Available
2667_5976_22:00,2667,Paddle Padel,5976,Court Right,2026-09-23,22:00 - 23:00,200000,Available
2667_5976_23:00,2667,Paddle Padel,5976,Court Right,2026-09-23,23:00 - 00:00,200000,Available
4047_10008_18:00,4047,Dale Padel,10008,Court A,2026-09-23,18:00 - 19:00,140000,Available
4047_10008_19:00,4047,Dale Padel,10008,Court A,2026-09-23,19:00 - 20:00,140000,Available
4047_10008_20:00,4047,Dale Padel,10008,Court A,2026-09-23,20:00 - 21:00,140000,Available
4047_10008_21:00,4047,Dale Padel,10008,Court A,2026-09-23,21:00 - 22:00,140000,Available
4047_10008_22:00,4047,Dale Padel,10008,Court A,2026-09-23,22:00 - 23:00,90000,Available
4047_10008_23:00,4047,Dale Padel,10008,Court A,2026-09-23,23:00 - 00:00,90000,Available
4047_11193_18:00,4047,Dale Padel,11193,Court B - VIP,2026-09-23,18:00 - 19:00,150000,Available
4047_11193_19:00,4047,Dale Padel,11193,Court B - VIP,2026-09-23,19:00 - 20:00,150000,Available
4047_11193_20:00,4047,Dale Padel,11193,Court B - VIP,2026-09-23,20:00 - 21:00,150000,Available
4047_11193_21:00,4047,Dale Padel,11193,Court B - VIP,2026-09-23,21:00 - 22:00,150000,Available
4047_11193_22:00,4047,Dale Padel,11193,Court B - VIP,2026-09-23,22:00 - 23:00,100000,Available
4047_11193_23:00,4047,Dale Padel,11193,Court B - VIP,2026-09-23,23:00 - 00:00,100000,Available
2175_4505_18:00,2175,Eagle Padel PIK,4505,Lapangan A,2026-09-23,18:00 - 19:00,250000,Booked
2175_4505_19:00,2175,Eagle Padel PIK,4505,Lapangan A,2026-09-23,19:00 - 20:00,250000,Booked
2175_4505_20:00,2175,Eagle Padel PIK,4505,Lapangan A,2026-09-23,20:00 - 21:00,250000,Available
2175_4505_21:00,2175,Eagle Padel PIK,4505,Lapangan A,2026-09-23,21:00 - 22:00,250000,Available
2175_5430_18:00,2175,Eagle Padel PIK,5430,Lapangan B,2026-09-23,18:00 - 19:00,250000,Booked
2175_5430_19:00,2175,Eagle Padel PIK,5430,Lapangan B,2026-09-23,19:00 - 20:00,250000,Booked
2175_5430_20:00,2175,Eagle Padel PIK,5430,Lapangan B,2026-09-23,20:00 - 21:00,250000,Available
2175_5430_21:00,2175,Eagle Padel PIK,5430,Lapangan B,2026-09-23,21:00 - 22:00,250000,Available
2175_5431_18:00,2175,Eagle Padel PIK,5431,Lapangan C,2026-09-23,18:00 - 19:00,250000,Available
2175_5431_19:00,2175,Eagle Padel PIK,5431,Lapangan C,2026-09-23,19:00 - 20:00,250000,Available
2175_5431_20:00,2175,Eagle Padel PIK,5431,Lapangan C,2026-09-23,20:00 - 21:00,250000,Available
2175_5431_21:00,2175,Eagle Padel PIK,5431,Lapangan C,2026-09-23,21:00 - 22:00,250000,Available
2175_5432_18:00,2175,Eagle Padel PIK,5432,Lapangan D,2026-09-23,18:00 - 19:00,250000,Available
2175_5432_19:00,2175,Eagle Padel PIK,5432,Lapangan D,2026-09-23,19:00 - 20:00,250000,Available
2175_5432_20:00,2175,Eagle Padel PIK,5432,Lapangan D,2026-09-23,20:00 - 21:00,250000,Booked
2175_5432_21:00,2175,Eagle Padel PIK,5432,Lapangan D,2026-09-23,21:00 - 22:00,250000,Booked
2674_7654_18:00,2674,Roots Padel House,7654,The House,2026-09-23,18:00 - 19:00,200000,Available
2674_7654_19:00,2674,Roots Padel House,7654,The House,2026-09-23,19:00 - 20:00,200000,Available
2674_7654_20:00,2674,Roots Padel House,7654,The House,2026-09-23,20:00 - 21:00,200000,Booked
2674_7654_21:00,2674,Roots Padel House,7654,The House,2026-09-23,21:00 - 22:00,200000,Booked
2674_7654_22:00,2674,Roots Padel House,7654,The House,2026-09-23,22:00 - 23:00,149000,Booked
4442_11186_18:00,4442,Alley Social Padel Mahjong By Homeground,11186,Court 1,2026-09-23,18:00 - 19:00,225000,Available
4442_11186_19:00,4442,Alley Social Padel Mahjong By Homeground,11186,Court 1,2026-09-23,19:00 - 20:00,225000,Booked
4442_11186_20:00,4442,Alley Social Padel Mahjong By Homeground,11186,Court 1,2026-09-23,20:00 - 21:00,225000,Booked
4442_11186_21:00,4442,Alley Social Padel Mahjong By Homeground,11186,Court 1,2026-09-23,21:00 - 22:00,225000,Available
4442_11186_22:00,4442,Alley Social Padel Mahjong By Homeground,11186,Court 1,2026-09-23,22:00 - 23:00,125000,Available
4442_11400_18:00,4442,Alley Social Padel Mahjong By Homeground,11400,Court 2,2026-09-23,18:00 - 19:00,225000,Available
4442_11400_19:00,4442,Alley Social Padel Mahjong By Homeground,11400,Court 2,2026-09-23,19:00 - 20:00,225000,Booked
4442_11400_20:00,4442,Alley Social Padel Mahjong By Homeground,11400,Court 2,2026-09-23,20:00 - 21:00,225000,Booked
4442_11400_21:00,4442,Alley Social Padel Mahjong By Homeground,11400,Court 2,2026-09-23,21:00 - 22:00,225000,Available
4442_11400_22:00,4442,Alley Social Padel Mahjong By Homeground,11400,Court 2,2026-09-23,22:00 - 23:00,125000,Available
4442_11401_18:00,4442,Alley Social Padel Mahjong By Homeground,11401,VIP Court,2026-09-23,18:00 - 19:00,210000,Available
4442_11401_19:00,4442,Alley Social Padel Mahjong By Homeground,11401,VIP Court,2026-09-23,19:00 - 20:00,210000,Booked
4442_11401_20:00,4442,Alley Social Padel Mahjong By Homeground,11401,VIP Court,2026-09-23,20:00 - 21:00,210000,Booked
4442_11401_21:00,4442,Alley Social Padel Mahjong By Homeground,11401,VIP Court,2026-09-23,21:00 - 22:00,210000,Available
4442_11401_22:00,4442,Alley Social Padel Mahjong By Homeground,11401,VIP Court,2026-09-23,22:00 - 23:00,125000,Available
4442_12415_18:00,4442,Alley Social Padel Mahjong By Homeground,12415,Mahjong,2026-09-23,18:00 - 19:00,75000,Available
4442_12415_19:00,4442,Alley Social Padel Mahjong By Homeground,12415,Mahjong,2026-09-23,19:00 - 20:00,75000,Available
4442_12415_20:00,4442,Alley Social Padel Mahjong By Homeground,12415,Mahjong,2026-09-23,20:00 - 21:00,75000,Available
4442_12415_21:00,4442,Alley Social Padel Mahjong By Homeground,12415,Mahjong,2026-09-23,21:00 - 22:00,75000,Available
4442_12415_22:00,4442,Alley Social Padel Mahjong By Homeground,12415,Mahjong,2026-09-23,22:00 - 23:00,75000,Available
332_6129_18:00,332,Fighter Hall,6129,Padel Court,2026-09-23,18:00 - 19:00,100000,Available
332_6129_19:00,332,Fighter Hall,6129,Padel Court,2026-09-23,19:00 - 20:00,100000,Available
332_6129_20:00,332,Fighter Hall,6129,Padel Court,2026-09-23,20:00 - 21:00,100000,Available
332_6129_21:00,332,Fighter Hall,6129,Padel Court,2026-09-23,21:00 - 22:00,100000,Available
332_6129_22:00,332,Fighter Hall,6129,Padel Court,2026-09-23,22:00 - 23:00,100000,Available
332_6129_23:00,332,Fighter Hall,6129,Padel Court,2026-09-23,23:00 - 00:00,100000,Available
332_487_18:00,332,Fighter Hall,487,Hall 1,2026-09-23,18:00 - 19:00,80000,Available
332_487_19:00,332,Fighter Hall,487,Hall 1,2026-09-23,19:00 - 20:00,80000,Booked
332_487_20:00,332,Fighter Hall,487,Hall 1,2026-09-23,20:00 - 21:00,80000,Booked
332_487_21:00,332,Fighter Hall,487,Hall 1,2026-09-23,21:00 - 22:00,80000,Available
332_487_22:00,332,Fighter Hall,487,Hall 1,2026-09-23,22:00 - 23:00,80000,Available
332_487_23:00,332,Fighter Hall,487,Hall 1,2026-09-23,23:00 - 00:00,80000,Available
332_488_18:00,332,Fighter Hall,488,Hall 2,2026-09-23,18:00 - 19:00,80000,Available
332_488_19:00,332,Fighter Hall,488,Hall 2,2026-09-23,19:00 - 20:00,80000,Booked
332_488_20:00,332,Fighter Hall,488,Hall 2,2026-09-23,20:00 - 21:00,80000,Booked
332_488_21:00,332,Fighter Hall,488,Hall 2,2026-09-23,21:00 - 22:00,80000,Available
332_488_22:00,332,Fighter Hall,488,Hall 2,2026-09-23,22:00 - 23:00,80000,Available
332_488_23:00,332,Fighter Hall,488,Hall 2,2026-09-23,23:00 - 00:00,80000,Available
332_489_18:00,332,Fighter Hall,489,Hall 3,2026-09-23,18:00 - 19:00,80000,Available
332_489_19:00,332,Fighter Hall,489,Hall 3,2026-09-23,19:00 - 20:00,80000,Booked
332_489_20:00,332,Fighter Hall,489,Hall 3,2026-09-23,20:00 - 21:00,80000,Booked
332_489_21:00,332,Fighter Hall,489,Hall 3,2026-09-23,21:00 - 22:00,80000,Available
332_489_22:00,332,Fighter Hall,489,Hall 3,2026-09-23,22:00 - 23:00,80000,Available
332_489_23:00,332,Fighter Hall,489,Hall 3,2026-09-23,23:00 - 00:00,80000,Available
332_490_18:00,332,Fighter Hall,490,Hall 4,2026-09-23,18:00 - 19:00,80000,Available
332_490_19:00,332,Fighter Hall,490,Hall 4,2026-09-23,19:00 - 20:00,80000,Booked
332_490_20:00,332,Fighter Hall,490,Hall 4,2026-09-23,20:00 - 21:00,80000,Booked
332_490_21:00,332,Fighter Hall,490,Hall 4,2026-09-23,21:00 - 22:00,80000,Available
332_490_22:00,332,Fighter Hall,490,Hall 4,2026-09-23,22:00 - 23:00,80000,Available
332_490_23:00,332,Fighter Hall,490,Hall 4,2026-09-23,23:00 - 00:00,80000,Available
332_491_18:00,332,Fighter Hall,491,Hall 5,2026-09-23,18:00 - 19:00,80000,Available
332_491_19:00,332,Fighter Hall,491,Hall 5,2026-09-23,19:00 - 20:00,80000,Booked
332_491_20:00,332,Fighter Hall,491,Hall 5,2026-09-23,20:00 - 21:00,80000,Booked
332_491_21:00,332,Fighter Hall,491,Hall 5,2026-09-23,21:00 - 22:00,80000,Available
332_491_22:00,332,Fighter Hall,491,Hall 5,2026-09-23,22:00 - 23:00,80000,Available
332_491_23:00,332,Fighter Hall,491,Hall 5,2026-09-23,23:00 - 00:00,80000,Available
2383_5055_18:00,2383,Como Padel Court,5055,Court 1 - MILAN,2026-09-23,18:00 - 19:00,200000,Available
2383_5055_19:00,2383,Como Padel Court,5055,Court 1 - MILAN,2026-09-23,19:00 - 20:00,200000,Booked
2383_5055_20:00,2383,Como Padel Court,5055,Court 1 - MILAN,2026-09-23,20:00 - 21:00,200000,Booked
2383_5055_21:00,2383,Como Padel Court,5055,Court 1 - MILAN,2026-09-23,21:00 - 22:00,200000,Booked
2383_9973_18:00,2383,Como Padel Court,9973,Court 2 - ROMA,2026-09-23,18:00 - 19:00,200000,Available
2383_9973_19:00,2383,Como Padel Court,9973,Court 2 - ROMA,2026-09-23,19:00 - 20:00,200000,Booked
2383_9973_20:00,2383,Como Padel Court,9973,Court 2 - ROMA,2026-09-23,20:00 - 21:00,200000,Booked
2383_9973_21:00,2383,Como Padel Court,9973,Court 2 - ROMA,2026-09-23,21:00 - 22:00,200000,Booked
2383_9974_18:00,2383,Como Padel Court,9974,Court 3 - FIRENZE,2026-09-23,18:00 - 19:00,200000,Booked
2383_9974_19:00,2383,Como Padel Court,9974,Court 3 - FIRENZE,2026-09-23,19:00 - 20:00,200000,Booked
2383_9974_20:00,2383,Como Padel Court,9974,Court 3 - FIRENZE,2026-09-23,20:00 - 21:00,200000,Booked
2383_9974_21:00,2383,Como Padel Court,9974,Court 3 - FIRENZE,2026-09-23,21:00 - 22:00,200000,Booked
2383_9972_18:00,2383,Como Padel Court,9972,Court 4 - NAPOLI,2026-09-23,18:00 - 19:00,200000,Booked
2383_9972_19:00,2383,Como Padel Court,9972,Court 4 - NAPOLI,2026-09-23,19:00 - 20:00,200000,Booked
2383_9972_20:00,2383,Como Padel Court,9972,Court 4 - NAPOLI,2026-09-23,20:00 - 21:00,200000,Booked
2383_9972_21:00,2383,Como Padel Court,9972,Court 4 - NAPOLI,2026-09-23,21:00 - 22:00,200000,Booked
1064_1908_18:00,1064,Avion Sports Center,1908,Field A,2026-09-23,18:00 - 19:00,1000000,Booked
1064_1908_19:00,1064,Avion Sports Center,1908,Field A,2026-09-23,19:00 - 20:00,1000000,Available
1064_1908_20:00,1064,Avion Sports Center,1908,Field A,2026-09-23,20:00 - 21:00,1000000,Booked
1064_1908_21:00,1064,Avion Sports Center,1908,Field A,2026-09-23,21:00 - 22:00,1000000,Booked
1064_1908_22:00,1064,Avion Sports Center,1908,Field A,2026-09-23,22:00 - 23:00,1000000,Available
1064_1908_23:00,1064,Avion Sports Center,1908,Field A,2026-09-23,23:00 - 00:00,1000000,Available
1064_2352_18:00,1064,Avion Sports Center,2352,Field B,2026-09-23,18:00 - 19:00,1000000,Booked
1064_2352_19:00,1064,Avion Sports Center,2352,Field B,2026-09-23,19:00 - 20:00,1000000,Booked
1064_2352_20:00,1064,Avion Sports Center,2352,Field B,2026-09-23,20:00 - 21:00,1000000,Booked
1064_2352_21:00,1064,Avion Sports Center,2352,Field B,2026-09-23,21:00 - 22:00,1000000,Booked
1064_2352_22:00,1064,Avion Sports Center,2352,Field B,2026-09-23,22:00 - 23:00,1000000,Available
1064_2352_23:00,1064,Avion Sports Center,2352,Field B,2026-09-23,23:00 - 00:00,1000000,Available
1064_1885_18:00,1064,Avion Sports Center,1885,Biru 1,2026-09-23,18:00 - 19:00,300000,Booked
1064_1885_19:00,1064,Avion Sports Center,1885,Biru 1,2026-09-23,19:00 - 20:00,300000,Booked
1064_1885_20:00,1064,Avion Sports Center,1885,Biru 1,2026-09-23,20:00 - 21:00,300000,Booked
1064_1885_21:00,1064,Avion Sports Center,1885,Biru 1,2026-09-23,21:00 - 22:00,300000,Available
1064_1885_22:00,1064,Avion Sports Center,1885,Biru 1,2026-09-23,22:00 - 23:00,250000,Available
1064_1885_23:00,1064,Avion Sports Center,1885,Biru 1,2026-09-23,23:00 - 00:00,250000,Available
1064_2354_18:00,1064,Avion Sports Center,2354,Biru 2,2026-09-23,18:00 - 19:00,300000,Available
1064_2354_19:00,1064,Avion Sports Center,2354,Biru 2,2026-09-23,19:00 - 20:00,300000,Booked
1064_2354_20:00,1064,Avion Sports Center,2354,Biru 2,2026-09-23,20:00 - 21:00,300000,Booked
1064_2354_21:00,1064,Avion Sports Center,2354,Biru 2,2026-09-23,21:00 - 22:00,300000,Available
1064_2354_22:00,1064,Avion Sports Center,2354,Biru 2,2026-09-23,22:00 - 23:00,250000,Available
1064_2354_23:00,1064,Avion Sports Center,2354,Biru 2,2026-09-23,23:00 - 00:00,250000,Available
1064_2355_18:00,1064,Avion Sports Center,2355,Biru 3,2026-09-23,18:00 - 19:00,300000,Available
1064_2355_19:00,1064,Avion Sports Center,2355,Biru 3,2026-09-23,19:00 - 20:00,300000,Booked
1064_2355_20:00,1064,Avion Sports Center,2355,Biru 3,2026-09-23,20:00 - 21:00,300000,Booked
1064_2355_21:00,1064,Avion Sports Center,2355,Biru 3,2026-09-23,21:00 - 22:00,300000,Available
1064_2355_22:00,1064,Avion Sports Center,2355,Biru 3,2026-09-23,22:00 - 23:00,250000,Available
1064_2355_23:00,1064,Avion Sports Center,2355,Biru 3,2026-09-23,23:00 - 00:00,250000,Available
1064_2356_18:00,1064,Avion Sports Center,2356,Biru 4,2026-09-23,18:00 - 19:00,300000,Available
1064_2356_19:00,1064,Avion Sports Center,2356,Biru 4,2026-09-23,19:00 - 20:00,300000,Booked
1064_2356_20:00,1064,Avion Sports Center,2356,Biru 4,2026-09-23,20:00 - 21:00,300000,Booked
1064_2356_21:00,1064,Avion Sports Center,2356,Biru 4,2026-09-23,21:00 - 22:00,300000,Available
1064_2356_22:00,1064,Avion Sports Center,2356,Biru 4,2026-09-23,22:00 - 23:00,250000,Available
1064_2356_23:00,1064,Avion Sports Center,2356,Biru 4,2026-09-23,23:00 - 00:00,250000,Available
1064_1879_18:00,1064,Avion Sports Center,1879,Hijau 1,2026-09-23,18:00 - 19:00,300000,Available
1064_1879_19:00,1064,Avion Sports Center,1879,Hijau 1,2026-09-23,19:00 - 20:00,300000,Booked
1064_1879_20:00,1064,Avion Sports Center,1879,Hijau 1,2026-09-23,20:00 - 21:00,300000,Booked
1064_1879_21:00,1064,Avion Sports Center,1879,Hijau 1,2026-09-23,21:00 - 22:00,300000,Available
1064_1879_22:00,1064,Avion Sports Center,1879,Hijau 1,2026-09-23,22:00 - 23:00,250000,Available
1064_1879_23:00,1064,Avion Sports Center,1879,Hijau 1,2026-09-23,23:00 - 00:00,250000,Available
1064_1880_18:00,1064,Avion Sports Center,1880,Hijau 2,2026-09-23,18:00 - 19:00,300000,Available
1064_1880_19:00,1064,Avion Sports Center,1880,Hijau 2,2026-09-23,19:00 - 20:00,300000,Available
1064_1880_20:00,1064,Avion Sports Center,1880,Hijau 2,2026-09-23,20:00 - 21:00,300000,Available
1064_1880_21:00,1064,Avion Sports Center,1880,Hijau 2,2026-09-23,21:00 - 22:00,300000,Available
1064_1880_22:00,1064,Avion Sports Center,1880,Hijau 2,2026-09-23,22:00 - 23:00,250000,Available
1064_1880_23:00,1064,Avion Sports Center,1880,Hijau 2,2026-09-23,23:00 - 00:00,250000,Available
3565_8801_18:00,3565,Commune Courts,8801,Center Court (Outdoor),2026-09-23,18:00 - 19:00,300000,Available
3565_8801_19:00,3565,Commune Courts,8801,Center Court (Outdoor),2026-09-23,19:00 - 20:00,300000,Available
3565_8801_20:00,3565,Commune Courts,8801,Center Court (Outdoor),2026-09-23,20:00 - 21:00,300000,Available
3565_8801_21:00,3565,Commune Courts,8801,Center Court (Outdoor),2026-09-23,21:00 - 22:00,300000,Available
3565_8801_22:00,3565,Commune Courts,8801,Center Court (Outdoor),2026-09-23,22:00 - 23:00,300000,Available
3565_8795_18:00,3565,Commune Courts,8795,Court 1,2026-09-23,18:00 - 19:00,300000,Booked
3565_8795_19:00,3565,Commune Courts,8795,Court 1,2026-09-23,19:00 - 20:00,300000,Booked
3565_8795_20:00,3565,Commune Courts,8795,Court 1,2026-09-23,20:00 - 21:00,300000,Booked
3565_8795_21:00,3565,Commune Courts,8795,Court 1,2026-09-23,21:00 - 22:00,300000,Available
3565_8795_22:00,3565,Commune Courts,8795,Court 1,2026-09-23,22:00 - 23:00,300000,Available
3565_8796_18:00,3565,Commune Courts,8796,Courts 2,2026-09-23,18:00 - 19:00,300000,Booked
3565_8796_19:00,3565,Commune Courts,8796,Courts 2,2026-09-23,19:00 - 20:00,300000,Booked
3565_8796_20:00,3565,Commune Courts,8796,Courts 2,2026-09-23,20:00 - 21:00,300000,Booked
3565_8796_21:00,3565,Commune Courts,8796,Courts 2,2026-09-23,21:00 - 22:00,300000,Available
3565_8796_22:00,3565,Commune Courts,8796,Courts 2,2026-09-23,22:00 - 23:00,300000,Available
3565_8797_18:00,3565,Commune Courts,8797,Court 3,2026-09-23,18:00 - 19:00,300000,Available
3565_8797_19:00,3565,Commune Courts,8797,Court 3,2026-09-23,19:00 - 20:00,300000,Booked
3565_8797_20:00,3565,Commune Courts,8797,Court 3,2026-09-23,20:00 - 21:00,300000,Booked
3565_8797_21:00,3565,Commune Courts,8797,Court 3,2026-09-23,21:00 - 22:00,300000,Available
3565_8797_22:00,3565,Commune Courts,8797,Court 3,2026-09-23,22:00 - 23:00,300000,Available
3565_8798_18:00,3565,Commune Courts,8798,Court 4,2026-09-23,18:00 - 19:00,300000,Available
3565_8798_19:00,3565,Commune Courts,8798,Court 4,2026-09-23,19:00 - 20:00,300000,Booked
3565_8798_20:00,3565,Commune Courts,8798,Court 4,2026-09-23,20:00 - 21:00,300000,Booked
3565_8798_21:00,3565,Commune Courts,8798,Court 4,2026-09-23,21:00 - 22:00,300000,Available
3565_8798_22:00,3565,Commune Courts,8798,Court 4,2026-09-23,22:00 - 23:00,300000,Available
3565_8799_18:00,3565,Commune Courts,8799,Court 5,2026-09-23,18:00 - 19:00,300000,Available
3565_8799_19:00,3565,Commune Courts,8799,Court 5,2026-09-23,19:00 - 20:00,300000,Booked
3565_8799_20:00,3565,Commune Courts,8799,Court 5,2026-09-23,20:00 - 21:00,300000,Booked
3565_8799_21:00,3565,Commune Courts,8799,Court 5,2026-09-23,21:00 - 22:00,300000,Available
3565_8799_22:00,3565,Commune Courts,8799,Court 5,2026-09-23,22:00 - 23:00,300000,Available
2132_4745_18:00,2132,The Padel Point,4745,Court A,2026-09-23,18:00 - 19:00,200000,Booked
2132_4745_19:00,2132,The Padel Point,4745,Court A,2026-09-23,19:00 - 20:00,250000,Booked
2132_4745_20:00,2132,The Padel Point,4745,Court A,2026-09-23,20:00 - 21:00,250000,Booked
2132_4745_21:00,2132,The Padel Point,4745,Court A,2026-09-23,21:00 - 22:00,250000,Booked
2132_4745_22:00,2132,The Padel Point,4745,Court A,2026-09-23,22:00 - 23:00,150000,Available
2132_7321_18:00,2132,The Padel Point,7321,Court B,2026-09-23,18:00 - 19:00,200000,Available
2132_7321_19:00,2132,The Padel Point,7321,Court B,2026-09-23,19:00 - 20:00,250000,Booked
2132_7321_20:00,2132,The Padel Point,7321,Court B,2026-09-23,20:00 - 21:00,250000,Booked
2132_7321_21:00,2132,The Padel Point,7321,Court B,2026-09-23,21:00 - 22:00,250000,Booked
2132_7321_22:00,2132,The Padel Point,7321,Court B,2026-09-23,22:00 - 23:00,150000,Available
2132_7322_18:00,2132,The Padel Point,7322,Court C,2026-09-23,18:00 - 19:00,200000,Available
2132_7322_19:00,2132,The Padel Point,7322,Court C,2026-09-23,19:00 - 20:00,250000,Booked
2132_7322_20:00,2132,The Padel Point,7322,Court C,2026-09-23,20:00 - 21:00,250000,Booked
2132_7322_21:00,2132,The Padel Point,7322,Court C,2026-09-23,21:00 - 22:00,250000,Booked
2132_7322_22:00,2132,The Padel Point,7322,Court C,2026-09-23,22:00 - 23:00,150000,Available
2132_7323_18:00,2132,The Padel Point,7323,Court D,2026-09-23,18:00 - 19:00,200000,Available
2132_7323_19:00,2132,The Padel Point,7323,Court D,2026-09-23,19:00 - 20:00,250000,Booked
2132_7323_20:00,2132,The Padel Point,7323,Court D,2026-09-23,20:00 - 21:00,250000,Booked
2132_7323_21:00,2132,The Padel Point,7323,Court D,2026-09-23,21:00 - 22:00,250000,Booked
2132_7323_22:00,2132,The Padel Point,7323,Court D,2026-09-23,22:00 - 23:00,150000,Available
3221_7716_18:00,3221,United Padel Club,7716,Court A,2026-09-23,18:00 - 19:00,180000,Available
3221_7716_19:00,3221,United Padel Club,7716,Court A,2026-09-23,19:00 - 20:00,180000,Booked
3221_7716_20:00,3221,United Padel Club,7716,Court A,2026-09-23,20:00 - 21:00,180000,Booked
3221_7716_21:00,3221,United Padel Club,7716,Court A,2026-09-23,21:00 - 22:00,180000,Booked
3221_7716_22:00,3221,United Padel Club,7716,Court A,2026-09-23,22:00 - 23:00,180000,Available
3221_8485_18:00,3221,United Padel Club,8485,Court B,2026-09-23,18:00 - 19:00,180000,Available
3221_8485_19:00,3221,United Padel Club,8485,Court B,2026-09-23,19:00 - 20:00,180000,Booked
3221_8485_20:00,3221,United Padel Club,8485,Court B,2026-09-23,20:00 - 21:00,180000,Booked
3221_8485_21:00,3221,United Padel Club,8485,Court B,2026-09-23,21:00 - 22:00,180000,Booked
3221_8485_22:00,3221,United Padel Club,8485,Court B,2026-09-23,22:00 - 23:00,180000,Available
3221_8486_18:00,3221,United Padel Club,8486,Court C,2026-09-23,18:00 - 19:00,180000,Available
3221_8486_19:00,3221,United Padel Club,8486,Court C,2026-09-23,19:00 - 20:00,180000,Booked
3221_8486_20:00,3221,United Padel Club,8486,Court C,2026-09-23,20:00 - 21:00,180000,Booked
3221_8486_21:00,3221,United Padel Club,8486,Court C,2026-09-23,21:00 - 22:00,180000,Available
3221_8486_22:00,3221,United Padel Club,8486,Court C,2026-09-23,22:00 - 23:00,180000,Available
3221_8487_18:00,3221,United Padel Club,8487,Court D,2026-09-23,18:00 - 19:00,180000,Available
3221_8487_19:00,3221,United Padel Club,8487,Court D,2026-09-23,19:00 - 20:00,180000,Booked
3221_8487_20:00,3221,United Padel Club,8487,Court D,2026-09-23,20:00 - 21:00,180000,Booked
3221_8487_21:00,3221,United Padel Club,8487,Court D,2026-09-23,21:00 - 22:00,180000,Booked
3221_8487_22:00,3221,United Padel Club,8487,Court D,2026-09-23,22:00 - 23:00,180000,Available
2800_12664_18:00,2800,Sunrise Padel - Sunrise Garden,12664,Table 01,2026-09-23,18:00 - 19:00,50000,Booked
2800_12664_19:00,2800,Sunrise Padel - Sunrise Garden,12664,Table 01,2026-09-23,19:00 - 20:00,50000,Available
2800_12664_20:00,2800,Sunrise Padel - Sunrise Garden,12664,Table 01,2026-09-23,20:00 - 21:00,50000,Available
2800_12664_21:00,2800,Sunrise Padel - Sunrise Garden,12664,Table 01,2026-09-23,21:00 - 22:00,50000,Available
2800_12665_18:00,2800,Sunrise Padel - Sunrise Garden,12665,Table 02,2026-09-23,18:00 - 19:00,50000,Available
2800_12665_19:00,2800,Sunrise Padel - Sunrise Garden,12665,Table 02,2026-09-23,19:00 - 20:00,50000,Available
2800_12665_20:00,2800,Sunrise Padel - Sunrise Garden,12665,Table 02,2026-09-23,20:00 - 21:00,50000,Available
2800_12665_21:00,2800,Sunrise Padel - Sunrise Garden,12665,Table 02,2026-09-23,21:00 - 22:00,50000,Available
2800_12666_18:00,2800,Sunrise Padel - Sunrise Garden,12666,Table 03,2026-09-23,18:00 - 19:00,50000,Available
2800_12666_19:00,2800,Sunrise Padel - Sunrise Garden,12666,Table 03,2026-09-23,19:00 - 20:00,50000,Available
2800_12666_20:00,2800,Sunrise Padel - Sunrise Garden,12666,Table 03,2026-09-23,20:00 - 21:00,50000,Available
2800_12666_21:00,2800,Sunrise Padel - Sunrise Garden,12666,Table 03,2026-09-23,21:00 - 22:00,50000,Available
2800_6326_18:00,2800,Sunrise Padel - Sunrise Garden,6326,Rose,2026-09-23,18:00 - 19:00,199000,Available
2800_6326_19:00,2800,Sunrise Padel - Sunrise Garden,6326,Rose,2026-09-23,19:00 - 20:00,199000,Booked
2800_6326_20:00,2800,Sunrise Padel - Sunrise Garden,6326,Rose,2026-09-23,20:00 - 21:00,199000,Booked
2800_6326_21:00,2800,Sunrise Padel - Sunrise Garden,6326,Rose,2026-09-23,21:00 - 22:00,199000,Booked
2800_6328_18:00,2800,Sunrise Padel - Sunrise Garden,6328,Garden,2026-09-23,18:00 - 19:00,199000,Available
2800_6328_19:00,2800,Sunrise Padel - Sunrise Garden,6328,Garden,2026-09-23,19:00 - 20:00,199000,Booked
2800_6328_20:00,2800,Sunrise Padel - Sunrise Garden,6328,Garden,2026-09-23,20:00 - 21:00,199000,Booked
2800_6328_21:00,2800,Sunrise Padel - Sunrise Garden,6328,Garden,2026-09-23,21:00 - 22:00,199000,Booked
2800_6327_18:00,2800,Sunrise Padel - Sunrise Garden,6327,Sky,2026-09-23,18:00 - 19:00,199000,Booked
2800_6327_19:00,2800,Sunrise Padel - Sunrise Garden,6327,Sky,2026-09-23,19:00 - 20:00,199000,Booked
2800_6327_20:00,2800,Sunrise Padel - Sunrise Garden,6327,Sky,2026-09-23,20:00 - 21:00,199000,Available
2800_6327_21:00,2800,Sunrise Padel - Sunrise Garden,6327,Sky,2026-09-23,21:00 - 22:00,199000,Available
2800_6923_18:00,2800,Sunrise Padel - Sunrise Garden,6923,Sunrise,2026-09-23,18:00 - 19:00,199000,Available
2800_6923_19:00,2800,Sunrise Padel - Sunrise Garden,6923,Sunrise,2026-09-23,19:00 - 20:00,199000,Booked
2800_6923_20:00,2800,Sunrise Padel - Sunrise Garden,6923,Sunrise,2026-09-23,20:00 - 21:00,199000,Booked
2800_6923_21:00,2800,Sunrise Padel - Sunrise Garden,6923,Sunrise,2026-09-23,21:00 - 22:00,199000,Available
3261_7836_18:00,3261,MMT Padel,7836,Signature Court 1,2026-09-23,18:00 - 19:00,350000,Available
3261_7836_19:00,3261,MMT Padel,7836,Signature Court 1,2026-09-23,19:00 - 20:00,350000,Available
3261_7836_20:00,3261,MMT Padel,7836,Signature Court 1,2026-09-23,20:00 - 21:00,350000,Available
3261_7836_21:00,3261,MMT Padel,7836,Signature Court 1,2026-09-23,21:00 - 22:00,350000,Available
3261_7843_18:00,3261,MMT Padel,7843,Signature Court 2,2026-09-23,18:00 - 19:00,350000,Available
3261_7843_19:00,3261,MMT Padel,7843,Signature Court 2,2026-09-23,19:00 - 20:00,350000,Available
3261_7843_20:00,3261,MMT Padel,7843,Signature Court 2,2026-09-23,20:00 - 21:00,350000,Available
3261_7843_21:00,3261,MMT Padel,7843,Signature Court 2,2026-09-23,21:00 - 22:00,350000,Available
3261_7837_18:00,3261,MMT Padel,7837,Grand Court 3,2026-09-23,18:00 - 19:00,300000,Available
3261_7837_19:00,3261,MMT Padel,7837,Grand Court 3,2026-09-23,19:00 - 20:00,300000,Available
3261_7837_20:00,3261,MMT Padel,7837,Grand Court 3,2026-09-23,20:00 - 21:00,300000,Available
3261_7837_21:00,3261,MMT Padel,7837,Grand Court 3,2026-09-23,21:00 - 22:00,300000,Available
3261_7844_18:00,3261,MMT Padel,7844,Grand Court 5,2026-09-23,18:00 - 19:00,300000,Available
3261_7844_19:00,3261,MMT Padel,7844,Grand Court 5,2026-09-23,19:00 - 20:00,300000,Available
3261_7844_20:00,3261,MMT Padel,7844,Grand Court 5,2026-09-23,20:00 - 21:00,300000,Booked
3261_7844_21:00,3261,MMT Padel,7844,Grand Court 5,2026-09-23,21:00 - 22:00,300000,Booked
3261_7845_18:00,3261,MMT Padel,7845,Grand Court 6,2026-09-23,18:00 - 19:00,300000,Available
3261_7845_19:00,3261,MMT Padel,7845,Grand Court 6,2026-09-23,19:00 - 20:00,300000,Available
3261_7845_20:00,3261,MMT Padel,7845,Grand Court 6,2026-09-23,20:00 - 21:00,300000,Booked
3261_7845_21:00,3261,MMT Padel,7845,Grand Court 6,2026-09-23,21:00 - 22:00,300000,Booked
3261_7846_18:00,3261,MMT Padel,7846,Grand Court 7,2026-09-23,18:00 - 19:00,300000,Available
3261_7846_19:00,3261,MMT Padel,7846,Grand Court 7,2026-09-23,19:00 - 20:00,300000,Available
3261_7846_20:00,3261,MMT Padel,7846,Grand Court 7,2026-09-23,20:00 - 21:00,300000,Available
3261_7846_21:00,3261,MMT Padel,7846,Grand Court 7,2026-09-23,21:00 - 22:00,300000,Available
3261_7847_18:00,3261,MMT Padel,7847,Grand Court 8,2026-09-23,18:00 - 19:00,300000,Available
3261_7847_19:00,3261,MMT Padel,7847,Grand Court 8,2026-09-23,19:00 - 20:00,300000,Available
3261_7847_20:00,3261,MMT Padel,7847,Grand Court 8,2026-09-23,20:00 - 21:00,300000,Available
3261_7847_21:00,3261,MMT Padel,7847,Grand Court 8,2026-09-23,21:00 - 22:00,300000,Available
2318_4891_18:00,2318,Vamos Arena Indonesia,4891,OCTO CIMB Outdoor,2026-09-23,18:00 - 19:00,350000,Available
2318_4891_19:00,2318,Vamos Arena Indonesia,4891,OCTO CIMB Outdoor,2026-09-23,19:00 - 20:00,350000,Booked
2318_4891_20:00,2318,Vamos Arena Indonesia,4891,OCTO CIMB Outdoor,2026-09-23,20:00 - 21:00,350000,Booked
2318_4891_21:00,2318,Vamos Arena Indonesia,4891,OCTO CIMB Outdoor,2026-09-23,21:00 - 22:00,350000,Available
2318_4891_22:00,2318,Vamos Arena Indonesia,4891,OCTO CIMB Outdoor,2026-09-23,22:00 - 23:00,200000,Available
2318_4891_23:00,2318,Vamos Arena Indonesia,4891,OCTO CIMB Outdoor,2026-09-23,23:00 - 00:00,200000,Available
2318_4892_18:00,2318,Vamos Arena Indonesia,4892,CIMB OCTO Indoor 1,2026-09-23,18:00 - 19:00,350000,Available
2318_4892_19:00,2318,Vamos Arena Indonesia,4892,CIMB OCTO Indoor 1,2026-09-23,19:00 - 20:00,350000,Booked
2318_4892_20:00,2318,Vamos Arena Indonesia,4892,CIMB OCTO Indoor 1,2026-09-23,20:00 - 21:00,350000,Booked
2318_4892_21:00,2318,Vamos Arena Indonesia,4892,CIMB OCTO Indoor 1,2026-09-23,21:00 - 22:00,350000,Available
2318_4892_22:00,2318,Vamos Arena Indonesia,4892,CIMB OCTO Indoor 1,2026-09-23,22:00 - 23:00,200000,Available
2318_4892_23:00,2318,Vamos Arena Indonesia,4892,CIMB OCTO Indoor 1,2026-09-23,23:00 - 00:00,200000,Available
2318_10172_18:00,2318,Vamos Arena Indonesia,10172,CIMB OCTO Indoor 2,2026-09-23,18:00 - 19:00,350000,Booked
2318_10172_19:00,2318,Vamos Arena Indonesia,10172,CIMB OCTO Indoor 2,2026-09-23,19:00 - 20:00,350000,Booked
2318_10172_20:00,2318,Vamos Arena Indonesia,10172,CIMB OCTO Indoor 2,2026-09-23,20:00 - 21:00,350000,Booked
2318_10172_21:00,2318,Vamos Arena Indonesia,10172,CIMB OCTO Indoor 2,2026-09-23,21:00 - 22:00,350000,Available
2318_10172_22:00,2318,Vamos Arena Indonesia,10172,CIMB OCTO Indoor 2,2026-09-23,22:00 - 23:00,200000,Available
2318_10172_23:00,2318,Vamos Arena Indonesia,10172,CIMB OCTO Indoor 2,2026-09-23,23:00 - 00:00,200000,Available
2318_4896_18:00,2318,Vamos Arena Indonesia,4896,Boss Mobil Main Court,2026-09-23,18:00 - 19:00,400000,Booked
2318_4896_19:00,2318,Vamos Arena Indonesia,4896,Boss Mobil Main Court,2026-09-23,19:00 - 20:00,400000,Booked
2318_4896_20:00,2318,Vamos Arena Indonesia,4896,Boss Mobil Main Court,2026-09-23,20:00 - 21:00,400000,Booked
2318_4896_21:00,2318,Vamos Arena Indonesia,4896,Boss Mobil Main Court,2026-09-23,21:00 - 22:00,400000,Available
2318_4896_22:00,2318,Vamos Arena Indonesia,4896,Boss Mobil Main Court,2026-09-23,22:00 - 23:00,350000,Available
2318_4896_23:00,2318,Vamos Arena Indonesia,4896,Boss Mobil Main Court,2026-09-23,23:00 - 00:00,350000,Available
2318_10175_18:00,2318,Vamos Arena Indonesia,10175,BIOAQUA Indoor 3,2026-09-23,18:00 - 19:00,350000,Booked
2318_10175_19:00,2318,Vamos Arena Indonesia,10175,BIOAQUA Indoor 3,2026-09-23,19:00 - 20:00,350000,Available
2318_10175_20:00,2318,Vamos Arena Indonesia,10175,BIOAQUA Indoor 3,2026-09-23,20:00 - 21:00,350000,Available
2318_10175_21:00,2318,Vamos Arena Indonesia,10175,BIOAQUA Indoor 3,2026-09-23,21:00 - 22:00,350000,Available
2318_10175_22:00,2318,Vamos Arena Indonesia,10175,BIOAQUA Indoor 3,2026-09-23,22:00 - 23:00,200000,Available
2318_10175_23:00,2318,Vamos Arena Indonesia,10175,BIOAQUA Indoor 3,2026-09-23,23:00 - 00:00,200000,Available
2318_10176_18:00,2318,Vamos Arena Indonesia,10176,AQUVIVA Indoor 4,2026-09-23,18:00 - 19:00,350000,Booked
2318_10176_19:00,2318,Vamos Arena Indonesia,10176,AQUVIVA Indoor 4,2026-09-23,19:00 - 20:00,350000,Booked
2318_10176_20:00,2318,Vamos Arena Indonesia,10176,AQUVIVA Indoor 4,2026-09-23,20:00 - 21:00,350000,Booked
2318_10176_21:00,2318,Vamos Arena Indonesia,10176,AQUVIVA Indoor 4,2026-09-23,21:00 - 22:00,350000,Available
2318_10176_22:00,2318,Vamos Arena Indonesia,10176,AQUVIVA Indoor 4,2026-09-23,22:00 - 23:00,200000,Available
2318_10176_23:00,2318,Vamos Arena Indonesia,10176,AQUVIVA Indoor 4,2026-09-23,23:00 - 00:00,200000,Available
2318_10177_18:00,2318,Vamos Arena Indonesia,10177,BALIHAI Indoor 5,2026-09-23,18:00 - 19:00,350000,Available
2318_10177_19:00,2318,Vamos Arena Indonesia,10177,BALIHAI Indoor 5,2026-09-23,19:00 - 20:00,350000,Available
2318_10177_20:00,2318,Vamos Arena Indonesia,10177,BALIHAI Indoor 5,2026-09-23,20:00 - 21:00,350000,Available
2318_10177_21:00,2318,Vamos Arena Indonesia,10177,BALIHAI Indoor 5,2026-09-23,21:00 - 22:00,350000,Available
2318_10177_22:00,2318,Vamos Arena Indonesia,10177,BALIHAI Indoor 5,2026-09-23,22:00 - 23:00,200000,Available
2318_10177_23:00,2318,Vamos Arena Indonesia,10177,BALIHAI Indoor 5,2026-09-23,23:00 - 00:00,200000,Available
2318_10178_18:00,2318,Vamos Arena Indonesia,10178,ELITE SKIN Indoor 6,2026-09-23,18:00 - 19:00,350000,Booked
2318_10178_19:00,2318,Vamos Arena Indonesia,10178,ELITE SKIN Indoor 6,2026-09-23,19:00 - 20:00,350000,Available
2318_10178_20:00,2318,Vamos Arena Indonesia,10178,ELITE SKIN Indoor 6,2026-09-23,20:00 - 21:00,350000,Available
2318_10178_21:00,2318,Vamos Arena Indonesia,10178,ELITE SKIN Indoor 6,2026-09-23,21:00 - 22:00,350000,Available
2318_10178_22:00,2318,Vamos Arena Indonesia,10178,ELITE SKIN Indoor 6,2026-09-23,22:00 - 23:00,200000,Available
2318_10178_23:00,2318,Vamos Arena Indonesia,10178,ELITE SKIN Indoor 6,2026-09-23,23:00 - 00:00,200000,Available
2318_10173_18:00,2318,Vamos Arena Indonesia,10173,CIMB OCTO Indoor 7,2026-09-23,18:00 - 19:00,350000,Booked
2318_10173_19:00,2318,Vamos Arena Indonesia,10173,CIMB OCTO Indoor 7,2026-09-23,19:00 - 20:00,350000,Available
2318_10173_20:00,2318,Vamos Arena Indonesia,10173,CIMB OCTO Indoor 7,2026-09-23,20:00 - 21:00,350000,Available
2318_10173_21:00,2318,Vamos Arena Indonesia,10173,CIMB OCTO Indoor 7,2026-09-23,21:00 - 22:00,350000,Available
2318_10173_22:00,2318,Vamos Arena Indonesia,10173,CIMB OCTO Indoor 7,2026-09-23,22:00 - 23:00,200000,Available
2318_10173_23:00,2318,Vamos Arena Indonesia,10173,CIMB OCTO Indoor 7,2026-09-23,23:00 - 00:00,200000,Available
2318_10174_18:00,2318,Vamos Arena Indonesia,10174,CIMB OCTO Indoor 8,2026-09-23,18:00 - 19:00,350000,Available
2318_10174_19:00,2318,Vamos Arena Indonesia,10174,CIMB OCTO Indoor 8,2026-09-23,19:00 - 20:00,350000,Available
2318_10174_20:00,2318,Vamos Arena Indonesia,10174,CIMB OCTO Indoor 8,2026-09-23,20:00 - 21:00,350000,Available
2318_10174_21:00,2318,Vamos Arena Indonesia,10174,CIMB OCTO Indoor 8,2026-09-23,21:00 - 22:00,350000,Available
2318_10174_22:00,2318,Vamos Arena Indonesia,10174,CIMB OCTO Indoor 8,2026-09-23,22:00 - 23:00,200000,Available
2318_10174_23:00,2318,Vamos Arena Indonesia,10174,CIMB OCTO Indoor 8,2026-09-23,23:00 - 00:00,200000,Available
2235_4832_18:00,2235,Padre Padel Duri Kosambi,4832,Court 1 - Terracotta,2026-09-23,18:00 - 19:00,210000,Available
2235_4832_19:00,2235,Padre Padel Duri Kosambi,4832,Court 1 - Terracotta,2026-09-23,19:00 - 20:00,210000,Available
2235_4832_20:00,2235,Padre Padel Duri Kosambi,4832,Court 1 - Terracotta,2026-09-23,20:00 - 21:00,210000,Available
2235_4832_21:00,2235,Padre Padel Duri Kosambi,4832,Court 1 - Terracotta,2026-09-23,21:00 - 22:00,210000,Available
2235_4832_22:00,2235,Padre Padel Duri Kosambi,4832,Court 1 - Terracotta,2026-09-23,22:00 - 23:00,150000,Available
2235_4832_23:00,2235,Padre Padel Duri Kosambi,4832,Court 1 - Terracotta,2026-09-23,23:00 - 00:00,150000,Available
2235_5602_18:00,2235,Padre Padel Duri Kosambi,5602,Court 2 - Blue,2026-09-23,18:00 - 19:00,210000,Available
2235_5602_19:00,2235,Padre Padel Duri Kosambi,5602,Court 2 - Blue,2026-09-23,19:00 - 20:00,210000,Available
2235_5602_20:00,2235,Padre Padel Duri Kosambi,5602,Court 2 - Blue,2026-09-23,20:00 - 21:00,210000,Available
2235_5602_21:00,2235,Padre Padel Duri Kosambi,5602,Court 2 - Blue,2026-09-23,21:00 - 22:00,210000,Available
2235_5602_22:00,2235,Padre Padel Duri Kosambi,5602,Court 2 - Blue,2026-09-23,22:00 - 23:00,150000,Available
2235_5602_23:00,2235,Padre Padel Duri Kosambi,5602,Court 2 - Blue,2026-09-23,23:00 - 00:00,150000,Available
2235_5603_18:00,2235,Padre Padel Duri Kosambi,5603,Court 3 - Blue,2026-09-23,18:00 - 19:00,210000,Available
2235_5603_19:00,2235,Padre Padel Duri Kosambi,5603,Court 3 - Blue,2026-09-23,19:00 - 20:00,210000,Available
2235_5603_20:00,2235,Padre Padel Duri Kosambi,5603,Court 3 - Blue,2026-09-23,20:00 - 21:00,210000,Available
2235_5603_21:00,2235,Padre Padel Duri Kosambi,5603,Court 3 - Blue,2026-09-23,21:00 - 22:00,210000,Available
2235_5603_22:00,2235,Padre Padel Duri Kosambi,5603,Court 3 - Blue,2026-09-23,22:00 - 23:00,150000,Available
2235_5603_23:00,2235,Padre Padel Duri Kosambi,5603,Court 3 - Blue,2026-09-23,23:00 - 00:00,150000,Available
2235_5604_18:00,2235,Padre Padel Duri Kosambi,5604,Court 4 - Terracotta,2026-09-23,18:00 - 19:00,210000,Available
2235_5604_19:00,2235,Padre Padel Duri Kosambi,5604,Court 4 - Terracotta,2026-09-23,19:00 - 20:00,210000,Available
2235_5604_20:00,2235,Padre Padel Duri Kosambi,5604,Court 4 - Terracotta,2026-09-23,20:00 - 21:00,210000,Available
2235_5604_21:00,2235,Padre Padel Duri Kosambi,5604,Court 4 - Terracotta,2026-09-23,21:00 - 22:00,210000,Available
2235_5604_22:00,2235,Padre Padel Duri Kosambi,5604,Court 4 - Terracotta,2026-09-23,22:00 - 23:00,150000,Available
2235_5604_23:00,2235,Padre Padel Duri Kosambi,5604,Court 4 - Terracotta,2026-09-23,23:00 - 00:00,150000,Available
3802_9395_18:00,3802,Dash Padel House,9395,Maybank Court,2026-09-23,18:00 - 19:00,249000,Available
3802_9395_19:00,3802,Dash Padel House,9395,Maybank Court,2026-09-23,19:00 - 20:00,249000,Available
3802_9395_20:00,3802,Dash Padel House,9395,Maybank Court,2026-09-23,20:00 - 21:00,249000,Available
3802_9395_21:00,3802,Dash Padel House,9395,Maybank Court,2026-09-23,21:00 - 22:00,249000,Available
3802_9395_22:00,3802,Dash Padel House,9395,Maybank Court,2026-09-23,22:00 - 23:00,199000,Available
3802_9415_18:00,3802,Dash Padel House,9415,Court B,2026-09-23,18:00 - 19:00,249000,Available
3802_9415_19:00,3802,Dash Padel House,9415,Court B,2026-09-23,19:00 - 20:00,249000,Available
3802_9415_20:00,3802,Dash Padel House,9415,Court B,2026-09-23,20:00 - 21:00,249000,Available
3802_9415_21:00,3802,Dash Padel House,9415,Court B,2026-09-23,21:00 - 22:00,249000,Available
3802_9415_22:00,3802,Dash Padel House,9415,Court B,2026-09-23,22:00 - 23:00,199000,Available
3802_9416_18:00,3802,Dash Padel House,9416,Court C,2026-09-23,18:00 - 19:00,249000,Available
3802_9416_19:00,3802,Dash Padel House,9416,Court C,2026-09-23,19:00 - 20:00,249000,Available
3802_9416_20:00,3802,Dash Padel House,9416,Court C,2026-09-23,20:00 - 21:00,249000,Booked
3802_9416_21:00,3802,Dash Padel House,9416,Court C,2026-09-23,21:00 - 22:00,249000,Booked
3802_9416_22:00,3802,Dash Padel House,9416,Court C,2026-09-23,22:00 - 23:00,199000,Available
3802_9417_18:00,3802,Dash Padel House,9417,Court D,2026-09-23,18:00 - 19:00,249000,Available
3802_9417_19:00,3802,Dash Padel House,9417,Court D,2026-09-23,19:00 - 20:00,249000,Available
3802_9417_20:00,3802,Dash Padel House,9417,Court D,2026-09-23,20:00 - 21:00,249000,Booked
3802_9417_21:00,3802,Dash Padel House,9417,Court D,2026-09-23,21:00 - 22:00,249000,Booked
3802_9417_22:00,3802,Dash Padel House,9417,Court D,2026-09-23,22:00 - 23:00,199000,Available
3802_9418_18:00,3802,Dash Padel House,9418,Pickle,2026-09-23,18:00 - 19:00,100000,Available
3802_9418_19:00,3802,Dash Padel House,9418,Pickle,2026-09-23,19:00 - 20:00,100000,Available
3802_9418_20:00,3802,Dash Padel House,9418,Pickle,2026-09-23,20:00 - 21:00,100000,Available
3802_9418_21:00,3802,Dash Padel House,9418,Pickle,2026-09-23,21:00 - 22:00,100000,Available
3802_9418_22:00,3802,Dash Padel House,9418,Pickle,2026-09-23,22:00 - 23:00,100000,Available
1268_3728_18:00,1268,Max Padel,3728,Court M,2026-09-23,18:00 - 19:00,300000,Available
1268_3728_19:00,1268,Max Padel,3728,Court M,2026-09-23,19:00 - 20:00,300000,Booked
1268_3728_20:00,1268,Max Padel,3728,Court M,2026-09-23,20:00 - 21:00,300000,Booked
1268_3728_21:00,1268,Max Padel,3728,Court M,2026-09-23,21:00 - 22:00,300000,Booked
1268_3728_22:00,1268,Max Padel,3728,Court M,2026-09-23,22:00 - 23:00,125000,Available
1268_3728_23:00,1268,Max Padel,3728,Court M,2026-09-23,23:00 - 00:00,125000,Available
1268_3729_18:00,1268,Max Padel,3729,Court A,2026-09-23,18:00 - 19:00,300000,Available
1268_3729_19:00,1268,Max Padel,3729,Court A,2026-09-23,19:00 - 20:00,300000,Booked
1268_3729_20:00,1268,Max Padel,3729,Court A,2026-09-23,20:00 - 21:00,300000,Booked
1268_3729_21:00,1268,Max Padel,3729,Court A,2026-09-23,21:00 - 22:00,300000,Booked
1268_3729_22:00,1268,Max Padel,3729,Court A,2026-09-23,22:00 - 23:00,125000,Available
1268_3729_23:00,1268,Max Padel,3729,Court A,2026-09-23,23:00 - 00:00,125000,Available
1268_3730_18:00,1268,Max Padel,3730,Court X,2026-09-23,18:00 - 19:00,300000,Available
1268_3730_19:00,1268,Max Padel,3730,Court X,2026-09-23,19:00 - 20:00,300000,Booked
1268_3730_20:00,1268,Max Padel,3730,Court X,2026-09-23,20:00 - 21:00,300000,Booked
1268_3730_21:00,1268,Max Padel,3730,Court X,2026-09-23,21:00 - 22:00,300000,Booked
1268_3730_22:00,1268,Max Padel,3730,Court X,2026-09-23,22:00 - 23:00,125000,Available
1268_3730_23:00,1268,Max Padel,3730,Court X,2026-09-23,23:00 - 00:00,125000,Available
1268_2393_18:00,1268,Max Padel,2393,Court 1,2026-09-23,18:00 - 19:00,250000,Available
1268_2393_19:00,1268,Max Padel,2393,Court 1,2026-09-23,19:00 - 20:00,250000,Available
1268_2393_20:00,1268,Max Padel,2393,Court 1,2026-09-23,20:00 - 21:00,250000,Available
1268_2393_21:00,1268,Max Padel,2393,Court 1,2026-09-23,21:00 - 22:00,250000,Available
1268_2393_22:00,1268,Max Padel,2393,Court 1,2026-09-23,22:00 - 23:00,125000,Available
1268_2393_23:00,1268,Max Padel,2393,Court 1,2026-09-23,23:00 - 00:00,125000,Available
1268_2394_18:00,1268,Max Padel,2394,Court 2,2026-09-23,18:00 - 19:00,250000,Available
1268_2394_19:00,1268,Max Padel,2394,Court 2,2026-09-23,19:00 - 20:00,250000,Available
1268_2394_20:00,1268,Max Padel,2394,Court 2,2026-09-23,20:00 - 21:00,250000,Available
1268_2394_21:00,1268,Max Padel,2394,Court 2,2026-09-23,21:00 - 22:00,250000,Available
1268_2394_22:00,1268,Max Padel,2394,Court 2,2026-09-23,22:00 - 23:00,125000,Available
1268_2394_23:00,1268,Max Padel,2394,Court 2,2026-09-23,23:00 - 00:00,125000,Available
1268_2395_18:00,1268,Max Padel,2395,Court 3,2026-09-23,18:00 - 19:00,250000,Available
1268_2395_19:00,1268,Max Padel,2395,Court 3,2026-09-23,19:00 - 20:00,250000,Available
1268_2395_20:00,1268,Max Padel,2395,Court 3,2026-09-23,20:00 - 21:00,250000,Booked
1268_2395_21:00,1268,Max Padel,2395,Court 3,2026-09-23,21:00 - 22:00,250000,Booked
1268_2395_22:00,1268,Max Padel,2395,Court 3,2026-09-23,22:00 - 23:00,125000,Available
1268_2395_23:00,1268,Max Padel,2395,Court 3,2026-09-23,23:00 - 00:00,125000,Available
1268_2396_18:00,1268,Max Padel,2396,Court 4,2026-09-23,18:00 - 19:00,250000,Available
1268_2396_19:00,1268,Max Padel,2396,Court 4,2026-09-23,19:00 - 20:00,250000,Available
1268_2396_20:00,1268,Max Padel,2396,Court 4,2026-09-23,20:00 - 21:00,250000,Available
1268_2396_21:00,1268,Max Padel,2396,Court 4,2026-09-23,21:00 - 22:00,250000,Available
1268_2396_22:00,1268,Max Padel,2396,Court 4,2026-09-23,22:00 - 23:00,125000,Available
1268_2396_23:00,1268,Max Padel,2396,Court 4,2026-09-23,23:00 - 00:00,125000,Available
1791_3647_18:00,1791,Base Padel,3647,Court 1,2026-09-23,18:00 - 19:00,225000,Available
1791_3647_19:00,1791,Base Padel,3647,Court 1,2026-09-23,19:00 - 20:00,225000,Available
1791_3647_20:00,1791,Base Padel,3647,Court 1,2026-09-23,20:00 - 21:00,225000,Available
1791_3647_21:00,1791,Base Padel,3647,Court 1,2026-09-23,21:00 - 22:00,225000,Available
1791_3647_22:00,1791,Base Padel,3647,Court 1,2026-09-23,22:00 - 23:00,150000,Available
1791_3646_18:00,1791,Base Padel,3646,Court 2,2026-09-23,18:00 - 19:00,225000,Available
1791_3646_19:00,1791,Base Padel,3646,Court 2,2026-09-23,19:00 - 20:00,225000,Available
1791_3646_20:00,1791,Base Padel,3646,Court 2,2026-09-23,20:00 - 21:00,225000,Available
1791_3646_21:00,1791,Base Padel,3646,Court 2,2026-09-23,21:00 - 22:00,225000,Available
1791_3646_22:00,1791,Base Padel,3646,Court 2,2026-09-23,22:00 - 23:00,150000,Available
1791_3648_18:00,1791,Base Padel,3648,Court 3,2026-09-23,18:00 - 19:00,225000,Available
1791_3648_19:00,1791,Base Padel,3648,Court 3,2026-09-23,19:00 - 20:00,225000,Available
1791_3648_20:00,1791,Base Padel,3648,Court 3,2026-09-23,20:00 - 21:00,225000,Available
1791_3648_21:00,1791,Base Padel,3648,Court 3,2026-09-23,21:00 - 22:00,225000,Available
1791_3648_22:00,1791,Base Padel,3648,Court 3,2026-09-23,22:00 - 23:00,150000,Available
1463_2908_18:00,1463,Juego Padel Club (JPC),2908,Court A,2026-09-23,18:00 - 19:00,288000,Available
1463_2908_19:00,1463,Juego Padel Club (JPC),2908,Court A,2026-09-23,19:00 - 20:00,288000,Available
1463_2908_20:00,1463,Juego Padel Club (JPC),2908,Court A,2026-09-23,20:00 - 21:00,288000,Available
1463_2908_21:00,1463,Juego Padel Club (JPC),2908,Court A,2026-09-23,21:00 - 22:00,288000,Available
1463_2908_22:00,1463,Juego Padel Club (JPC),2908,Court A,2026-09-23,22:00 - 23:00,160000,Available
1463_10695_18:00,1463,Juego Padel Club (JPC),10695,Court B,2026-09-23,18:00 - 19:00,288000,Available
1463_10695_19:00,1463,Juego Padel Club (JPC),10695,Court B,2026-09-23,19:00 - 20:00,288000,Available
1463_10695_20:00,1463,Juego Padel Club (JPC),10695,Court B,2026-09-23,20:00 - 21:00,288000,Available
1463_10695_21:00,1463,Juego Padel Club (JPC),10695,Court B,2026-09-23,21:00 - 22:00,288000,Available
1463_10695_22:00,1463,Juego Padel Club (JPC),10695,Court B,2026-09-23,22:00 - 23:00,160000,Available
1463_10697_18:00,1463,Juego Padel Club (JPC),10697,Court C,2026-09-23,18:00 - 19:00,288000,Available
1463_10697_19:00,1463,Juego Padel Club (JPC),10697,Court C,2026-09-23,19:00 - 20:00,288000,Available
1463_10697_20:00,1463,Juego Padel Club (JPC),10697,Court C,2026-09-23,20:00 - 21:00,288000,Available
1463_10697_21:00,1463,Juego Padel Club (JPC),10697,Court C,2026-09-23,21:00 - 22:00,288000,Available
1463_10697_22:00,1463,Juego Padel Club (JPC),10697,Court C,2026-09-23,22:00 - 23:00,160000,Available
1463_10698_18:00,1463,Juego Padel Club (JPC),10698,Court D,2026-09-23,18:00 - 19:00,288000,Available
1463_10698_19:00,1463,Juego Padel Club (JPC),10698,Court D,2026-09-23,19:00 - 20:00,288000,Available
1463_10698_20:00,1463,Juego Padel Club (JPC),10698,Court D,2026-09-23,20:00 - 21:00,288000,Available
1463_10698_21:00,1463,Juego Padel Club (JPC),10698,Court D,2026-09-23,21:00 - 22:00,288000,Available
1463_10698_22:00,1463,Juego Padel Club (JPC),10698,Court D,2026-09-23,22:00 - 23:00,160000,Available
1463_10699_18:00,1463,Juego Padel Club (JPC),10699,Court E,2026-09-23,18:00 - 19:00,288000,Available
1463_10699_19:00,1463,Juego Padel Club (JPC),10699,Court E,2026-09-23,19:00 - 20:00,288000,Available
1463_10699_20:00,1463,Juego Padel Club (JPC),10699,Court E,2026-09-23,20:00 - 21:00,288000,Available
1463_10699_21:00,1463,Juego Padel Club (JPC),10699,Court E,2026-09-23,21:00 - 22:00,288000,Available
1463_10699_22:00,1463,Juego Padel Club (JPC),10699,Court E,2026-09-23,22:00 - 23:00,160000,Available
1463_9864_18:00,1463,Juego Padel Club (JPC),9864,P1 (Private),2026-09-23,18:00 - 19:00,350000,Available
1463_9864_19:00,1463,Juego Padel Club (JPC),9864,P1 (Private),2026-09-23,19:00 - 20:00,350000,Available
1463_9864_20:00,1463,Juego Padel Club (JPC),9864,P1 (Private),2026-09-23,20:00 - 21:00,350000,Available
1463_9864_21:00,1463,Juego Padel Club (JPC),9864,P1 (Private),2026-09-23,21:00 - 22:00,350000,Available
1463_9864_22:00,1463,Juego Padel Club (JPC),9864,P1 (Private),2026-09-23,22:00 - 23:00,250000,Available
1463_9867_18:00,1463,Juego Padel Club (JPC),9867,P2 (Private),2026-09-23,18:00 - 19:00,350000,Available
1463_9867_19:00,1463,Juego Padel Club (JPC),9867,P2 (Private),2026-09-23,19:00 - 20:00,350000,Available
1463_9867_20:00,1463,Juego Padel Club (JPC),9867,P2 (Private),2026-09-23,20:00 - 21:00,350000,Available
1463_9867_21:00,1463,Juego Padel Club (JPC),9867,P2 (Private),2026-09-23,21:00 - 22:00,350000,Available
1463_9867_22:00,1463,Juego Padel Club (JPC),9867,P2 (Private),2026-09-23,22:00 - 23:00,250000,Available
1463_12704_18:00,1463,Juego Padel Club (JPC),12704,Mahjong - Table 1,2026-09-23,18:00 - 19:00,80000,Available
1463_12704_19:00,1463,Juego Padel Club (JPC),12704,Mahjong - Table 1,2026-09-23,19:00 - 20:00,80000,Available
1463_12704_20:00,1463,Juego Padel Club (JPC),12704,Mahjong - Table 1,2026-09-23,20:00 - 21:00,80000,Available
1463_12704_21:00,1463,Juego Padel Club (JPC),12704,Mahjong - Table 1,2026-09-23,21:00 - 22:00,80000,Available
1463_12704_22:00,1463,Juego Padel Club (JPC),12704,Mahjong - Table 1,2026-09-23,22:00 - 23:00,80000,Available
1463_12718_18:00,1463,Juego Padel Club (JPC),12718,Mahjong - Table 2,2026-09-23,18:00 - 19:00,80000,Available
1463_12718_19:00,1463,Juego Padel Club (JPC),12718,Mahjong - Table 2,2026-09-23,19:00 - 20:00,80000,Available
1463_12718_20:00,1463,Juego Padel Club (JPC),12718,Mahjong - Table 2,2026-09-23,20:00 - 21:00,80000,Available
1463_12718_21:00,1463,Juego Padel Club (JPC),12718,Mahjong - Table 2,2026-09-23,21:00 - 22:00,80000,Available
1463_12718_22:00,1463,Juego Padel Club (JPC),12718,Mahjong - Table 2,2026-09-23,22:00 - 23:00,80000,Available
3815_9419_18:00,3815,Citra Padel Club,9419,Court 1,2026-09-23,18:00 - 19:00,225000,Available
3815_9419_19:00,3815,Citra Padel Club,9419,Court 1,2026-09-23,19:00 - 20:00,225000,Available
3815_9419_20:00,3815,Citra Padel Club,9419,Court 1,2026-09-23,20:00 - 21:00,225000,Booked
3815_9419_21:00,3815,Citra Padel Club,9419,Court 1,2026-09-23,21:00 - 22:00,225000,Booked
3815_9419_22:00,3815,Citra Padel Club,9419,Court 1,2026-09-23,22:00 - 23:00,125000,Available
3815_9715_18:00,3815,Citra Padel Club,9715,Court 2,2026-09-23,18:00 - 19:00,225000,Available
3815_9715_19:00,3815,Citra Padel Club,9715,Court 2,2026-09-23,19:00 - 20:00,225000,Available
3815_9715_20:00,3815,Citra Padel Club,9715,Court 2,2026-09-23,20:00 - 21:00,225000,Booked
3815_9715_21:00,3815,Citra Padel Club,9715,Court 2,2026-09-23,21:00 - 22:00,225000,Booked
3815_9715_22:00,3815,Citra Padel Club,9715,Court 2,2026-09-23,22:00 - 23:00,125000,Available
3815_9716_18:00,3815,Citra Padel Club,9716,Court 3,2026-09-23,18:00 - 19:00,225000,Available
3815_9716_19:00,3815,Citra Padel Club,9716,Court 3,2026-09-23,19:00 - 20:00,225000,Available
3815_9716_20:00,3815,Citra Padel Club,9716,Court 3,2026-09-23,20:00 - 21:00,225000,Booked
3815_9716_21:00,3815,Citra Padel Club,9716,Court 3,2026-09-23,21:00 - 22:00,225000,Booked
3815_9716_22:00,3815,Citra Padel Club,9716,Court 3,2026-09-23,22:00 - 23:00,125000,Available
3815_9717_18:00,3815,Citra Padel Club,9717,Court 4,2026-09-23,18:00 - 19:00,225000,Available
3815_9717_19:00,3815,Citra Padel Club,9717,Court 4,2026-09-23,19:00 - 20:00,225000,Available
3815_9717_20:00,3815,Citra Padel Club,9717,Court 4,2026-09-23,20:00 - 21:00,225000,Booked
3815_9717_21:00,3815,Citra Padel Club,9717,Court 4,2026-09-23,21:00 - 22:00,225000,Booked
3815_9717_22:00,3815,Citra Padel Club,9717,Court 4,2026-09-23,22:00 - 23:00,125000,Available
3815_9718_18:00,3815,Citra Padel Club,9718,Court 5,2026-09-23,18:00 - 19:00,225000,Available
3815_9718_19:00,3815,Citra Padel Club,9718,Court 5,2026-09-23,19:00 - 20:00,225000,Available
3815_9718_20:00,3815,Citra Padel Club,9718,Court 5,2026-09-23,20:00 - 21:00,225000,Booked
3815_9718_21:00,3815,Citra Padel Club,9718,Court 5,2026-09-23,21:00 - 22:00,225000,Booked
3815_9718_22:00,3815,Citra Padel Club,9718,Court 5,2026-09-23,22:00 - 23:00,125000,Available
3815_9719_18:00,3815,Citra Padel Club,9719,Court 6,2026-09-23,18:00 - 19:00,225000,Available
3815_9719_19:00,3815,Citra Padel Club,9719,Court 6,2026-09-23,19:00 - 20:00,225000,Booked
3815_9719_20:00,3815,Citra Padel Club,9719,Court 6,2026-09-23,20:00 - 21:00,225000,Booked
3815_9719_21:00,3815,Citra Padel Club,9719,Court 6,2026-09-23,21:00 - 22:00,225000,Available
3815_9719_22:00,3815,Citra Padel Club,9719,Court 6,2026-09-23,22:00 - 23:00,125000,Available
3815_12181_18:00,3815,Citra Padel Club,12181,Mahjong Table 1,2026-09-23,18:00 - 20:00,100000,Booked
3815_12181_20:00,3815,Citra Padel Club,12181,Mahjong Table 1,2026-09-23,20:00 - 22:00,100000,Booked
3815_12181_22:00,3815,Citra Padel Club,12181,Mahjong Table 1,2026-09-23,22:00 - 23:00,70000,Available
3815_12182_18:00,3815,Citra Padel Club,12182,Mahjong Table 2,2026-09-23,18:00 - 20:00,100000,Available
3815_12182_20:00,3815,Citra Padel Club,12182,Mahjong Table 2,2026-09-23,20:00 - 22:00,100000,Available
3815_12182_22:00,3815,Citra Padel Club,12182,Mahjong Table 2,2026-09-23,22:00 - 23:00,70000,Available
3815_12183_18:00,3815,Citra Padel Club,12183,Mahjong Table 3,2026-09-23,18:00 - 20:00,100000,Available
3815_12183_20:00,3815,Citra Padel Club,12183,Mahjong Table 3,2026-09-23,20:00 - 22:00,100000,Available
3815_12183_22:00,3815,Citra Padel Club,12183,Mahjong Table 3,2026-09-23,22:00 - 23:00,70000,Available
3815_12534_18:00,3815,Citra Padel Club,12534,Mahjong table 4,2026-09-23,18:00 - 20:00,100000,Available
3815_12534_20:00,3815,Citra Padel Club,12534,Mahjong table 4,2026-09-23,20:00 - 22:00,100000,Available
3815_12534_22:00,3815,Citra Padel Club,12534,Mahjong table 4,2026-09-23,22:00 - 23:00,70000,Available
3274_7890_18:00,3274,Clubhouse Meruya,7890,Court 1,2026-09-23,18:00 - 19:00,245000,Booked
3274_7890_19:00,3274,Clubhouse Meruya,7890,Court 1,2026-09-23,19:00 - 20:00,245000,Booked
3274_7890_20:00,3274,Clubhouse Meruya,7890,Court 1,2026-09-23,20:00 - 21:00,245000,Booked
3274_7890_21:00,3274,Clubhouse Meruya,7890,Court 1,2026-09-23,21:00 - 22:00,245000,Booked
3274_7891_18:00,3274,Clubhouse Meruya,7891,Court 2,2026-09-23,18:00 - 19:00,245000,Booked
3274_7891_19:00,3274,Clubhouse Meruya,7891,Court 2,2026-09-23,19:00 - 20:00,245000,Booked
3274_7891_20:00,3274,Clubhouse Meruya,7891,Court 2,2026-09-23,20:00 - 21:00,245000,Booked
3274_7891_21:00,3274,Clubhouse Meruya,7891,Court 2,2026-09-23,21:00 - 22:00,245000,Booked
3274_7892_18:00,3274,Clubhouse Meruya,7892,Court 3,2026-09-23,18:00 - 19:00,245000,Available
3274_7892_19:00,3274,Clubhouse Meruya,7892,Court 3,2026-09-23,19:00 - 20:00,245000,Available
3274_7892_20:00,3274,Clubhouse Meruya,7892,Court 3,2026-09-23,20:00 - 21:00,245000,Booked
3274_7892_21:00,3274,Clubhouse Meruya,7892,Court 3,2026-09-23,21:00 - 22:00,245000,Booked
3274_7893_18:00,3274,Clubhouse Meruya,7893,Court 4,2026-09-23,18:00 - 19:00,245000,Available
3274_7893_19:00,3274,Clubhouse Meruya,7893,Court 4,2026-09-23,19:00 - 20:00,245000,Available
3274_7893_20:00,3274,Clubhouse Meruya,7893,Court 4,2026-09-23,20:00 - 21:00,245000,Available
3274_7893_21:00,3274,Clubhouse Meruya,7893,Court 4,2026-09-23,21:00 - 22:00,245000,Available
3274_7894_18:00,3274,Clubhouse Meruya,7894,Court 5,2026-09-23,18:00 - 19:00,245000,Available
3274_7894_19:00,3274,Clubhouse Meruya,7894,Court 5,2026-09-23,19:00 - 20:00,245000,Available
3274_7894_20:00,3274,Clubhouse Meruya,7894,Court 5,2026-09-23,20:00 - 21:00,245000,Booked
3274_7894_21:00,3274,Clubhouse Meruya,7894,Court 5,2026-09-23,21:00 - 22:00,245000,Booked
3274_7895_18:00,3274,Clubhouse Meruya,7895,Court 6,2026-09-23,18:00 - 19:00,245000,Booked
3274_7895_19:00,3274,Clubhouse Meruya,7895,Court 6,2026-09-23,19:00 - 20:00,245000,Available
3274_7895_20:00,3274,Clubhouse Meruya,7895,Court 6,2026-09-23,20:00 - 21:00,245000,Booked
3274_7895_21:00,3274,Clubhouse Meruya,7895,Court 6,2026-09-23,21:00 - 22:00,245000,Booked
3274_7896_18:00,3274,Clubhouse Meruya,7896,Court 7,2026-09-23,18:00 - 19:00,245000,Booked
3274_7896_19:00,3274,Clubhouse Meruya,7896,Court 7,2026-09-23,19:00 - 20:00,245000,Available
3274_7896_20:00,3274,Clubhouse Meruya,7896,Court 7,2026-09-23,20:00 - 21:00,245000,Booked
3274_7896_21:00,3274,Clubhouse Meruya,7896,Court 7,2026-09-23,21:00 - 22:00,245000,Booked
3274_7897_18:00,3274,Clubhouse Meruya,7897,Court 8,2026-09-23,18:00 - 19:00,245000,Available
3274_7897_19:00,3274,Clubhouse Meruya,7897,Court 8,2026-09-23,19:00 - 20:00,245000,Available
3274_7897_20:00,3274,Clubhouse Meruya,7897,Court 8,2026-09-23,20:00 - 21:00,245000,Booked
3274_7897_21:00,3274,Clubhouse Meruya,7897,Court 8,2026-09-23,21:00 - 22:00,245000,Booked
2401_5107_18:00,2401,World Padel,5107,Alpha Court,2026-09-23,18:00 - 19:00,175000,Booked
2401_5107_19:00,2401,World Padel,5107,Alpha Court,2026-09-23,19:00 - 20:00,175000,Booked
2401_5107_20:00,2401,World Padel,5107,Alpha Court,2026-09-23,20:00 - 21:00,225000,Booked
2401_5107_21:00,2401,World Padel,5107,Alpha Court,2026-09-23,21:00 - 22:00,225000,Booked
2401_7372_18:00,2401,World Padel,7372,Beta Court,2026-09-23,18:00 - 19:00,175000,Booked
2401_7372_19:00,2401,World Padel,7372,Beta Court,2026-09-23,19:00 - 20:00,175000,Booked
2401_7372_20:00,2401,World Padel,7372,Beta Court,2026-09-23,20:00 - 21:00,225000,Booked
2401_7372_21:00,2401,World Padel,7372,Beta Court,2026-09-23,21:00 - 22:00,225000,Booked
2401_12035_18:00,2401,World Padel,12035,Meja Mahjong Manual,2026-09-23,18:00 - 19:00,50000,Available
2401_12035_19:00,2401,World Padel,12035,Meja Mahjong Manual,2026-09-23,19:00 - 20:00,50000,Available
2401_12035_20:00,2401,World Padel,12035,Meja Mahjong Manual,2026-09-23,20:00 - 21:00,50000,Available
2401_12035_21:00,2401,World Padel,12035,Meja Mahjong Manual,2026-09-23,21:00 - 22:00,50000,Available
3249_7789_18:00,3249,OLA PADEL CLUB,7789,Court 1,2026-09-23,18:00 - 19:00,260000,Available
3249_7789_19:00,3249,OLA PADEL CLUB,7789,Court 1,2026-09-23,19:00 - 20:00,260000,Booked
3249_7789_20:00,3249,OLA PADEL CLUB,7789,Court 1,2026-09-23,20:00 - 21:00,260000,Booked
3249_7789_21:00,3249,OLA PADEL CLUB,7789,Court 1,2026-09-23,21:00 - 22:00,260000,Available
3249_7805_18:00,3249,OLA PADEL CLUB,7805,Court 2,2026-09-23,18:00 - 19:00,260000,Available
3249_7805_19:00,3249,OLA PADEL CLUB,7805,Court 2,2026-09-23,19:00 - 20:00,260000,Booked
3249_7805_20:00,3249,OLA PADEL CLUB,7805,Court 2,2026-09-23,20:00 - 21:00,260000,Booked
3249_7805_21:00,3249,OLA PADEL CLUB,7805,Court 2,2026-09-23,21:00 - 22:00,260000,Available
3249_7806_18:00,3249,OLA PADEL CLUB,7806,Court 3,2026-09-23,18:00 - 19:00,260000,Available
3249_7806_19:00,3249,OLA PADEL CLUB,7806,Court 3,2026-09-23,19:00 - 20:00,260000,Available
3249_7806_20:00,3249,OLA PADEL CLUB,7806,Court 3,2026-09-23,20:00 - 21:00,260000,Booked
3249_7806_21:00,3249,OLA PADEL CLUB,7806,Court 3,2026-09-23,21:00 - 22:00,260000,Booked
3249_7807_18:00,3249,OLA PADEL CLUB,7807,Court 4,2026-09-23,18:00 - 19:00,260000,Available
3249_7807_19:00,3249,OLA PADEL CLUB,7807,Court 4,2026-09-23,19:00 - 20:00,260000,Booked
3249_7807_20:00,3249,OLA PADEL CLUB,7807,Court 4,2026-09-23,20:00 - 21:00,260000,Booked
3249_7807_21:00,3249,OLA PADEL CLUB,7807,Court 4,2026-09-23,21:00 - 22:00,260000,Available
3249_11723_18:00,3249,OLA PADEL CLUB,11723,Meja 1,2026-09-23,18:00 - 19:00,100000,Available
3249_11723_19:00,3249,OLA PADEL CLUB,11723,Meja 1,2026-09-23,19:00 - 20:00,100000,Available
3249_11723_20:00,3249,OLA PADEL CLUB,11723,Meja 1,2026-09-23,20:00 - 21:00,100000,Available
3249_11723_21:00,3249,OLA PADEL CLUB,11723,Meja 1,2026-09-23,21:00 - 22:00,100000,Available
3249_11724_18:00,3249,OLA PADEL CLUB,11724,Meja 2,2026-09-23,18:00 - 19:00,100000,Available
3249_11724_19:00,3249,OLA PADEL CLUB,11724,Meja 2,2026-09-23,19:00 - 20:00,100000,Available
3249_11724_20:00,3249,OLA PADEL CLUB,11724,Meja 2,2026-09-23,20:00 - 21:00,100000,Available
3249_11724_21:00,3249,OLA PADEL CLUB,11724,Meja 2,2026-09-23,21:00 - 22:00,100000,Available
2140_4413_18:00,2140,RacketGo Citra 5,4413,FANTECH BLUE ( 1 ),2026-09-23,18:00 - 19:00,190000,Available
2140_4413_19:00,2140,RacketGo Citra 5,4413,FANTECH BLUE ( 1 ),2026-09-23,19:00 - 20:00,190000,Booked
2140_4413_20:00,2140,RacketGo Citra 5,4413,FANTECH BLUE ( 1 ),2026-09-23,20:00 - 21:00,190000,Booked
2140_4413_21:00,2140,RacketGo Citra 5,4413,FANTECH BLUE ( 1 ),2026-09-23,21:00 - 22:00,190000,Available
2140_4413_22:00,2140,RacketGo Citra 5,4413,FANTECH BLUE ( 1 ),2026-09-23,22:00 - 23:00,125000,Available
2140_4413_23:00,2140,RacketGo Citra 5,4413,FANTECH BLUE ( 1 ),2026-09-23,23:00 - 00:00,125000,Available
2140_4414_18:00,2140,RacketGo Citra 5,4414,TEH PUCUK GREEN (2),2026-09-23,18:00 - 19:00,190000,Available
2140_4414_19:00,2140,RacketGo Citra 5,4414,TEH PUCUK GREEN (2),2026-09-23,19:00 - 20:00,190000,Booked
2140_4414_20:00,2140,RacketGo Citra 5,4414,TEH PUCUK GREEN (2),2026-09-23,20:00 - 21:00,190000,Booked
2140_4414_21:00,2140,RacketGo Citra 5,4414,TEH PUCUK GREEN (2),2026-09-23,21:00 - 22:00,190000,Available
2140_4414_22:00,2140,RacketGo Citra 5,4414,TEH PUCUK GREEN (2),2026-09-23,22:00 - 23:00,125000,Available
2140_4414_23:00,2140,RacketGo Citra 5,4414,TEH PUCUK GREEN (2),2026-09-23,23:00 - 00:00,125000,Available
2140_4422_18:00,2140,RacketGo Citra 5,4422,TELOON PINK (3),2026-09-23,18:00 - 19:00,190000,Booked
2140_4422_19:00,2140,RacketGo Citra 5,4422,TELOON PINK (3),2026-09-23,19:00 - 20:00,190000,Booked
2140_4422_20:00,2140,RacketGo Citra 5,4422,TELOON PINK (3),2026-09-23,20:00 - 21:00,190000,Booked
2140_4422_21:00,2140,RacketGo Citra 5,4422,TELOON PINK (3),2026-09-23,21:00 - 22:00,190000,Booked
2140_4422_22:00,2140,RacketGo Citra 5,4422,TELOON PINK (3),2026-09-23,22:00 - 23:00,125000,Available
2140_4422_23:00,2140,RacketGo Citra 5,4422,TELOON PINK (3),2026-09-23,23:00 - 00:00,125000,Available
2140_4423_18:00,2140,RacketGo Citra 5,4423,TERRACOTA (4),2026-09-23,18:00 - 19:00,190000,Booked
2140_4423_19:00,2140,RacketGo Citra 5,4423,TERRACOTA (4),2026-09-23,19:00 - 20:00,190000,Booked
2140_4423_20:00,2140,RacketGo Citra 5,4423,TERRACOTA (4),2026-09-23,20:00 - 21:00,190000,Booked
2140_4423_21:00,2140,RacketGo Citra 5,4423,TERRACOTA (4),2026-09-23,21:00 - 22:00,190000,Booked
2140_4423_22:00,2140,RacketGo Citra 5,4423,TERRACOTA (4),2026-09-23,22:00 - 23:00,125000,Available
2140_4423_23:00,2140,RacketGo Citra 5,4423,TERRACOTA (4),2026-09-23,23:00 - 00:00,125000,Available
2779_6299_18:00,2779,Zplay Padel,6299,Zplay Padel,2026-09-23,18:00 - 19:00,175000,Booked
2779_6299_19:00,2779,Zplay Padel,6299,Zplay Padel,2026-09-23,19:00 - 20:00,175000,Booked
2779_6299_20:00,2779,Zplay Padel,6299,Zplay Padel,2026-09-23,20:00 - 21:00,175000,Booked
2779_6299_21:00,2779,Zplay Padel,6299,Zplay Padel,2026-09-23,21:00 - 22:00,175000,Booked
2779_6299_22:00,2779,Zplay Padel,6299,Zplay Padel,2026-09-23,22:00 - 23:00,175000,Booked
2779_6299_23:00,2779,Zplay Padel,6299,Zplay Padel,2026-09-23,23:00 - 00:00,175000,Available
2779_8046_18:00,2779,Zplay Padel,8046,Lapangan Pickle 1,2026-09-23,18:00 - 19:00,80000,Booked
2779_8046_19:00,2779,Zplay Padel,8046,Lapangan Pickle 1,2026-09-23,19:00 - 20:00,80000,Booked
2779_8046_20:00,2779,Zplay Padel,8046,Lapangan Pickle 1,2026-09-23,20:00 - 21:00,80000,Booked
2779_8046_21:00,2779,Zplay Padel,8046,Lapangan Pickle 1,2026-09-23,21:00 - 22:00,80000,Available
2779_8046_22:00,2779,Zplay Padel,8046,Lapangan Pickle 1,2026-09-23,22:00 - 23:00,80000,Available
2779_8046_23:00,2779,Zplay Padel,8046,Lapangan Pickle 1,2026-09-23,23:00 - 00:00,80000,Available
2779_8047_18:00,2779,Zplay Padel,8047,Lapangan Pickle 2,2026-09-23,18:00 - 19:00,80000,Booked
2779_8047_19:00,2779,Zplay Padel,8047,Lapangan Pickle 2,2026-09-23,19:00 - 20:00,80000,Booked
2779_8047_20:00,2779,Zplay Padel,8047,Lapangan Pickle 2,2026-09-23,20:00 - 21:00,80000,Booked
2779_8047_21:00,2779,Zplay Padel,8047,Lapangan Pickle 2,2026-09-23,21:00 - 22:00,80000,Available
2779_8047_22:00,2779,Zplay Padel,8047,Lapangan Pickle 2,2026-09-23,22:00 - 23:00,80000,Available
2779_8047_23:00,2779,Zplay Padel,8047,Lapangan Pickle 2,2026-09-23,23:00 - 00:00,80000,Available
2983_6954_18:00,2983,YOLO Padel and Lifestyle Slipi,6954,Court 1,2026-09-23,18:00 - 19:00,375000,Booked
2983_6954_19:00,2983,YOLO Padel and Lifestyle Slipi,6954,Court 1,2026-09-23,19:00 - 20:00,375000,Booked
2983_6954_20:00,2983,YOLO Padel and Lifestyle Slipi,6954,Court 1,2026-09-23,20:00 - 21:00,375000,Booked
2983_6954_21:00,2983,YOLO Padel and Lifestyle Slipi,6954,Court 1,2026-09-23,21:00 - 22:00,375000,Booked
2983_6955_18:00,2983,YOLO Padel and Lifestyle Slipi,6955,Court 2,2026-09-23,18:00 - 19:00,375000,Booked
2983_6955_19:00,2983,YOLO Padel and Lifestyle Slipi,6955,Court 2,2026-09-23,19:00 - 20:00,375000,Booked
2983_6955_20:00,2983,YOLO Padel and Lifestyle Slipi,6955,Court 2,2026-09-23,20:00 - 21:00,375000,Booked
2983_6955_21:00,2983,YOLO Padel and Lifestyle Slipi,6955,Court 2,2026-09-23,21:00 - 22:00,375000,Booked
2780_6318_18:00,2780,PPC - Puri Padel Club,6318,Private Court PADELSTUDIO,2026-09-23,18:00 - 19:00,275000,Booked
2780_6318_19:00,2780,PPC - Puri Padel Club,6318,Private Court PADELSTUDIO,2026-09-23,19:00 - 20:00,275000,Booked
2780_6318_20:00,2780,PPC - Puri Padel Club,6318,Private Court PADELSTUDIO,2026-09-23,20:00 - 21:00,275000,Booked
2780_6318_21:00,2780,PPC - Puri Padel Club,6318,Private Court PADELSTUDIO,2026-09-23,21:00 - 22:00,275000,Booked
2780_6319_18:00,2780,PPC - Puri Padel Club,6319,Private Court 2,2026-09-23,18:00 - 19:00,275000,Booked
2780_6319_19:00,2780,PPC - Puri Padel Club,6319,Private Court 2,2026-09-23,19:00 - 20:00,275000,Booked
2780_6319_20:00,2780,PPC - Puri Padel Club,6319,Private Court 2,2026-09-23,20:00 - 21:00,275000,Available
2780_6319_21:00,2780,PPC - Puri Padel Club,6319,Private Court 2,2026-09-23,21:00 - 22:00,275000,Available
2353_4974_18:00,2353,The Level 9 Padel,4974,V I P -  Wimbledon,2026-09-23,18:00 - 19:00,150000,Available
2353_4974_19:00,2353,The Level 9 Padel,4974,V I P -  Wimbledon,2026-09-23,19:00 - 20:00,150000,Booked
2353_4974_20:00,2353,The Level 9 Padel,4974,V I P -  Wimbledon,2026-09-23,20:00 - 21:00,150000,Booked
2353_4974_21:00,2353,The Level 9 Padel,4974,V I P -  Wimbledon,2026-09-23,21:00 - 22:00,150000,Available
2353_4974_22:00,2353,The Level 9 Padel,4974,V I P -  Wimbledon,2026-09-23,22:00 - 23:00,150000,Available
2353_4974_23:00,2353,The Level 9 Padel,4974,V I P -  Wimbledon,2026-09-23,23:00 - 00:00,150000,Available
2353_4975_18:00,2353,The Level 9 Padel,4975,V I P - Roland Garros,2026-09-23,18:00 - 19:00,150000,Available
2353_4975_19:00,2353,The Level 9 Padel,4975,V I P - Roland Garros,2026-09-23,19:00 - 20:00,150000,Booked
2353_4975_20:00,2353,The Level 9 Padel,4975,V I P - Roland Garros,2026-09-23,20:00 - 21:00,150000,Booked
2353_4975_21:00,2353,The Level 9 Padel,4975,V I P - Roland Garros,2026-09-23,21:00 - 22:00,150000,Available
2353_4975_22:00,2353,The Level 9 Padel,4975,V I P - Roland Garros,2026-09-23,22:00 - 23:00,150000,Available
2353_4975_23:00,2353,The Level 9 Padel,4975,V I P - Roland Garros,2026-09-23,23:00 - 00:00,150000,Available
2353_5029_18:00,2353,The Level 9 Padel,5029,Court A,2026-09-23,18:00 - 19:00,150000,Available
2353_5029_19:00,2353,The Level 9 Padel,5029,Court A,2026-09-23,19:00 - 20:00,150000,Available
2353_5029_20:00,2353,The Level 9 Padel,5029,Court A,2026-09-23,20:00 - 21:00,150000,Available
2353_5029_21:00,2353,The Level 9 Padel,5029,Court A,2026-09-23,21:00 - 22:00,150000,Available
2353_5029_22:00,2353,The Level 9 Padel,5029,Court A,2026-09-23,22:00 - 23:00,150000,Available
2353_5029_23:00,2353,The Level 9 Padel,5029,Court A,2026-09-23,23:00 - 00:00,150000,Available
2353_5030_18:00,2353,The Level 9 Padel,5030,Court B,2026-09-23,18:00 - 19:00,150000,Available
2353_5030_19:00,2353,The Level 9 Padel,5030,Court B,2026-09-23,19:00 - 20:00,150000,Available
2353_5030_20:00,2353,The Level 9 Padel,5030,Court B,2026-09-23,20:00 - 21:00,150000,Available
2353_5030_21:00,2353,The Level 9 Padel,5030,Court B,2026-09-23,21:00 - 22:00,150000,Available
2353_5030_22:00,2353,The Level 9 Padel,5030,Court B,2026-09-23,22:00 - 23:00,150000,Available
2353_5030_23:00,2353,The Level 9 Padel,5030,Court B,2026-09-23,23:00 - 00:00,150000,Available
2353_5053_18:00,2353,The Level 9 Padel,5053,Court C,2026-09-23,18:00 - 19:00,150000,Available
2353_5053_19:00,2353,The Level 9 Padel,5053,Court C,2026-09-23,19:00 - 20:00,150000,Available
2353_5053_20:00,2353,The Level 9 Padel,5053,Court C,2026-09-23,20:00 - 21:00,150000,Available
2353_5053_21:00,2353,The Level 9 Padel,5053,Court C,2026-09-23,21:00 - 22:00,150000,Available
2353_5053_22:00,2353,The Level 9 Padel,5053,Court C,2026-09-23,22:00 - 23:00,150000,Available
2353_5053_23:00,2353,The Level 9 Padel,5053,Court C,2026-09-23,23:00 - 00:00,150000,Available
2353_5067_18:00,2353,The Level 9 Padel,5067,Court D,2026-09-23,18:00 - 19:00,150000,Available
2353_5067_19:00,2353,The Level 9 Padel,5067,Court D,2026-09-23,19:00 - 20:00,150000,Available
2353_5067_20:00,2353,The Level 9 Padel,5067,Court D,2026-09-23,20:00 - 21:00,150000,Available
2353_5067_21:00,2353,The Level 9 Padel,5067,Court D,2026-09-23,21:00 - 22:00,150000,Available
2353_5067_22:00,2353,The Level 9 Padel,5067,Court D,2026-09-23,22:00 - 23:00,150000,Available
2353_5067_23:00,2353,The Level 9 Padel,5067,Court D,2026-09-23,23:00 - 00:00,150000,Available
2353_5071_18:00,2353,The Level 9 Padel,5071,Court E > High Roof Membrane,2026-09-23,18:00 - 19:00,150000,Available
2353_5071_19:00,2353,The Level 9 Padel,5071,Court E > High Roof Membrane,2026-09-23,19:00 - 20:00,150000,Available
2353_5071_20:00,2353,The Level 9 Padel,5071,Court E > High Roof Membrane,2026-09-23,20:00 - 21:00,150000,Available
2353_5071_21:00,2353,The Level 9 Padel,5071,Court E > High Roof Membrane,2026-09-23,21:00 - 22:00,150000,Available
2353_5071_22:00,2353,The Level 9 Padel,5071,Court E > High Roof Membrane,2026-09-23,22:00 - 23:00,150000,Available
2353_5071_23:00,2353,The Level 9 Padel,5071,Court E > High Roof Membrane,2026-09-23,23:00 - 00:00,150000,Available
2353_5072_18:00,2353,The Level 9 Padel,5072,Court F > High Roof Membrane,2026-09-23,18:00 - 19:00,150000,Available
2353_5072_19:00,2353,The Level 9 Padel,5072,Court F > High Roof Membrane,2026-09-23,19:00 - 20:00,150000,Booked
2353_5072_20:00,2353,The Level 9 Padel,5072,Court F > High Roof Membrane,2026-09-23,20:00 - 21:00,150000,Booked
2353_5072_21:00,2353,The Level 9 Padel,5072,Court F > High Roof Membrane,2026-09-23,21:00 - 22:00,150000,Booked
2353_5072_22:00,2353,The Level 9 Padel,5072,Court F > High Roof Membrane,2026-09-23,22:00 - 23:00,150000,Available
2353_5072_23:00,2353,The Level 9 Padel,5072,Court F > High Roof Membrane,2026-09-23,23:00 - 00:00,150000,Available
2353_5073_18:00,2353,The Level 9 Padel,5073,Court G,2026-09-23,18:00 - 19:00,150000,Available
2353_5073_19:00,2353,The Level 9 Padel,5073,Court G,2026-09-23,19:00 - 20:00,150000,Booked
2353_5073_20:00,2353,The Level 9 Padel,5073,Court G,2026-09-23,20:00 - 21:00,150000,Booked
2353_5073_21:00,2353,The Level 9 Padel,5073,Court G,2026-09-23,21:00 - 22:00,150000,Booked
2353_5073_22:00,2353,The Level 9 Padel,5073,Court G,2026-09-23,22:00 - 23:00,150000,Available
2353_5073_23:00,2353,The Level 9 Padel,5073,Court G,2026-09-23,23:00 - 00:00,150000,Available
2353_5076_18:00,2353,The Level 9 Padel,5076,Court H,2026-09-23,18:00 - 19:00,150000,Available
2353_5076_19:00,2353,The Level 9 Padel,5076,Court H,2026-09-23,19:00 - 20:00,150000,Booked
2353_5076_20:00,2353,The Level 9 Padel,5076,Court H,2026-09-23,20:00 - 21:00,150000,Booked
2353_5076_21:00,2353,The Level 9 Padel,5076,Court H,2026-09-23,21:00 - 22:00,150000,Booked
2353_5076_22:00,2353,The Level 9 Padel,5076,Court H,2026-09-23,22:00 - 23:00,150000,Available
2353_5076_23:00,2353,The Level 9 Padel,5076,Court H,2026-09-23,23:00 - 00:00,150000,Available
2353_5077_18:00,2353,The Level 9 Padel,5077,Court K,2026-09-23,18:00 - 19:00,150000,Available
2353_5077_19:00,2353,The Level 9 Padel,5077,Court K,2026-09-23,19:00 - 20:00,150000,Booked
2353_5077_20:00,2353,The Level 9 Padel,5077,Court K,2026-09-23,20:00 - 21:00,150000,Booked
2353_5077_21:00,2353,The Level 9 Padel,5077,Court K,2026-09-23,21:00 - 22:00,150000,Booked
2353_5077_22:00,2353,The Level 9 Padel,5077,Court K,2026-09-23,22:00 - 23:00,150000,Available
2353_5077_23:00,2353,The Level 9 Padel,5077,Court K,2026-09-23,23:00 - 00:00,150000,Available
3236_7926_18:00,3236,Kore Padel,7926,Centre Court,2026-09-23,18:00 - 19:00,325000,Booked
3236_7926_19:00,3236,Kore Padel,7926,Centre Court,2026-09-23,19:00 - 20:00,325000,Booked
3236_7926_20:00,3236,Kore Padel,7926,Centre Court,2026-09-23,20:00 - 21:00,325000,Booked
3236_7926_21:00,3236,Kore Padel,7926,Centre Court,2026-09-23,21:00 - 22:00,325000,Available
3236_7926_22:00,3236,Kore Padel,7926,Centre Court,2026-09-23,22:00 - 23:00,200000,Available
3236_7926_23:00,3236,Kore Padel,7926,Centre Court,2026-09-23,23:00 - 00:00,200000,Available
3236_12630_18:00,3236,Kore Padel,12630,COURT 2,2026-09-23,18:00 - 19:00,325000,Booked
3236_12630_19:00,3236,Kore Padel,12630,COURT 2,2026-09-23,19:00 - 20:00,325000,Booked
3236_12630_20:00,3236,Kore Padel,12630,COURT 2,2026-09-23,20:00 - 21:00,325000,Available
3236_12630_21:00,3236,Kore Padel,12630,COURT 2,2026-09-23,21:00 - 22:00,325000,Available
3236_12630_22:00,3236,Kore Padel,12630,COURT 2,2026-09-23,22:00 - 23:00,200000,Available
3236_12630_23:00,3236,Kore Padel,12630,COURT 2,2026-09-23,23:00 - 00:00,200000,Available
3236_12634_18:00,3236,Kore Padel,12634,COURT 3,2026-09-23,18:00 - 19:00,325000,Booked
3236_12634_19:00,3236,Kore Padel,12634,COURT 3,2026-09-23,19:00 - 20:00,325000,Booked
3236_12634_20:00,3236,Kore Padel,12634,COURT 3,2026-09-23,20:00 - 21:00,325000,Available
3236_12634_21:00,3236,Kore Padel,12634,COURT 3,2026-09-23,21:00 - 22:00,325000,Available
3236_12634_22:00,3236,Kore Padel,12634,COURT 3,2026-09-23,22:00 - 23:00,200000,Available
3236_12634_23:00,3236,Kore Padel,12634,COURT 3,2026-09-23,23:00 - 00:00,200000,Available
3236_12635_18:00,3236,Kore Padel,12635,COURT 4,2026-09-23,18:00 - 19:00,325000,Booked
3236_12635_19:00,3236,Kore Padel,12635,COURT 4,2026-09-23,19:00 - 20:00,325000,Booked
3236_12635_20:00,3236,Kore Padel,12635,COURT 4,2026-09-23,20:00 - 21:00,325000,Available
3236_12635_21:00,3236,Kore Padel,12635,COURT 4,2026-09-23,21:00 - 22:00,325000,Available
3236_12635_22:00,3236,Kore Padel,12635,COURT 4,2026-09-23,22:00 - 23:00,200000,Available
3236_12635_23:00,3236,Kore Padel,12635,COURT 4,2026-09-23,23:00 - 00:00,200000,Available
3236_12636_18:00,3236,Kore Padel,12636,COURT 5,2026-09-23,18:00 - 19:00,325000,Available
3236_12636_19:00,3236,Kore Padel,12636,COURT 5,2026-09-23,19:00 - 20:00,325000,Booked
3236_12636_20:00,3236,Kore Padel,12636,COURT 5,2026-09-23,20:00 - 21:00,325000,Available
3236_12636_21:00,3236,Kore Padel,12636,COURT 5,2026-09-23,21:00 - 22:00,325000,Available
3236_12636_22:00,3236,Kore Padel,12636,COURT 5,2026-09-23,22:00 - 23:00,200000,Available
3236_12636_23:00,3236,Kore Padel,12636,COURT 5,2026-09-23,23:00 - 00:00,200000,Available
3551_8764_18:00,3551,MAISON de PADEL,8764,PADEL VIP COURT,2026-09-23,18:00 - 19:00,450000,Available
3551_8764_19:00,3551,MAISON de PADEL,8764,PADEL VIP COURT,2026-09-23,19:00 - 20:00,450000,Available
3551_8764_20:00,3551,MAISON de PADEL,8764,PADEL VIP COURT,2026-09-23,20:00 - 21:00,450000,Available
3551_8764_21:00,3551,MAISON de PADEL,8764,PADEL VIP COURT,2026-09-23,21:00 - 22:00,450000,Available
3555_8782_18:00,3555,Di Atas Social Club - Lippo Mall Puri,8782,Padel Court 1,2026-09-23,18:00 - 19:00,280000,Available
3555_8782_19:00,3555,Di Atas Social Club - Lippo Mall Puri,8782,Padel Court 1,2026-09-23,19:00 - 20:00,280000,Available
3555_8782_20:00,3555,Di Atas Social Club - Lippo Mall Puri,8782,Padel Court 1,2026-09-23,20:00 - 21:00,280000,Available
3555_8782_21:00,3555,Di Atas Social Club - Lippo Mall Puri,8782,Padel Court 1,2026-09-23,21:00 - 22:00,280000,Available
3555_8835_18:00,3555,Di Atas Social Club - Lippo Mall Puri,8835,Padel Court 2,2026-09-23,18:00 - 19:00,280000,Booked
3555_8835_19:00,3555,Di Atas Social Club - Lippo Mall Puri,8835,Padel Court 2,2026-09-23,19:00 - 20:00,280000,Booked
3555_8835_20:00,3555,Di Atas Social Club - Lippo Mall Puri,8835,Padel Court 2,2026-09-23,20:00 - 21:00,280000,Available
3555_8835_21:00,3555,Di Atas Social Club - Lippo Mall Puri,8835,Padel Court 2,2026-09-23,21:00 - 22:00,280000,Available
3555_8836_18:00,3555,Di Atas Social Club - Lippo Mall Puri,8836,Padel Court 3,2026-09-23,18:00 - 19:00,280000,Booked
3555_8836_19:00,3555,Di Atas Social Club - Lippo Mall Puri,8836,Padel Court 3,2026-09-23,19:00 - 20:00,280000,Booked
3555_8836_20:00,3555,Di Atas Social Club - Lippo Mall Puri,8836,Padel Court 3,2026-09-23,20:00 - 21:00,280000,Available
3555_8836_21:00,3555,Di Atas Social Club - Lippo Mall Puri,8836,Padel Court 3,2026-09-23,21:00 - 22:00,280000,Available
3555_8837_18:00,3555,Di Atas Social Club - Lippo Mall Puri,8837,Padel Court R a,2026-09-23,18:00 - 19:00,280000,Available
3555_8837_19:00,3555,Di Atas Social Club - Lippo Mall Puri,8837,Padel Court R a,2026-09-23,19:00 - 20:00,280000,Booked
3555_8837_20:00,3555,Di Atas Social Club - Lippo Mall Puri,8837,Padel Court R a,2026-09-23,20:00 - 21:00,280000,Available
3555_8837_21:00,3555,Di Atas Social Club - Lippo Mall Puri,8837,Padel Court R a,2026-09-23,21:00 - 22:00,280000,Available
3555_8838_18:00,3555,Di Atas Social Club - Lippo Mall Puri,8838,Padel Court R b,2026-09-23,18:00 - 19:00,280000,Available
3555_8838_19:00,3555,Di Atas Social Club - Lippo Mall Puri,8838,Padel Court R b,2026-09-23,19:00 - 20:00,280000,Booked
3555_8838_20:00,3555,Di Atas Social Club - Lippo Mall Puri,8838,Padel Court R b,2026-09-23,20:00 - 21:00,280000,Booked
3555_8838_21:00,3555,Di Atas Social Club - Lippo Mall Puri,8838,Padel Court R b,2026-09-23,21:00 - 22:00,280000,Available
3555_8783_18:00,3555,Di Atas Social Club - Lippo Mall Puri,8783,Pickleball Court 1,2026-09-23,18:00 - 19:00,225000,Available
3555_8783_19:00,3555,Di Atas Social Club - Lippo Mall Puri,8783,Pickleball Court 1,2026-09-23,19:00 - 20:00,225000,Available
3555_8783_20:00,3555,Di Atas Social Club - Lippo Mall Puri,8783,Pickleball Court 1,2026-09-23,20:00 - 21:00,225000,Available
3555_8783_21:00,3555,Di Atas Social Club - Lippo Mall Puri,8783,Pickleball Court 1,2026-09-23,21:00 - 22:00,225000,Available
3555_8956_18:00,3555,Di Atas Social Club - Lippo Mall Puri,8956,Pickleball Court 2,2026-09-23,18:00 - 19:00,225000,Available
3555_8956_19:00,3555,Di Atas Social Club - Lippo Mall Puri,8956,Pickleball Court 2,2026-09-23,19:00 - 20:00,225000,Available
3555_8956_20:00,3555,Di Atas Social Club - Lippo Mall Puri,8956,Pickleball Court 2,2026-09-23,20:00 - 21:00,225000,Available
3555_8956_21:00,3555,Di Atas Social Club - Lippo Mall Puri,8956,Pickleball Court 2,2026-09-23,21:00 - 22:00,225000,Available
3555_8957_18:00,3555,Di Atas Social Club - Lippo Mall Puri,8957,Pickleball Court 3,2026-09-23,18:00 - 19:00,225000,Available
3555_8957_19:00,3555,Di Atas Social Club - Lippo Mall Puri,8957,Pickleball Court 3,2026-09-23,19:00 - 20:00,225000,Available
3555_8957_20:00,3555,Di Atas Social Club - Lippo Mall Puri,8957,Pickleball Court 3,2026-09-23,20:00 - 21:00,225000,Available
3555_8957_21:00,3555,Di Atas Social Club - Lippo Mall Puri,8957,Pickleball Court 3,2026-09-23,21:00 - 22:00,225000,Available
3555_8958_18:00,3555,Di Atas Social Club - Lippo Mall Puri,8958,Pickleball Court 4,2026-09-23,18:00 - 19:00,225000,Available
3555_8958_19:00,3555,Di Atas Social Club - Lippo Mall Puri,8958,Pickleball Court 4,2026-09-23,19:00 - 20:00,225000,Available
3555_8958_20:00,3555,Di Atas Social Club - Lippo Mall Puri,8958,Pickleball Court 4,2026-09-23,20:00 - 21:00,225000,Available
3555_8958_21:00,3555,Di Atas Social Club - Lippo Mall Puri,8958,Pickleball Court 4,2026-09-23,21:00 - 22:00,225000,Available
