slot_key,venue_id,venue_name,field_id,field_name,date,time_slot,price,status
3117_7369_07:00,3117,HDR Padel,7369,Court 1,2026-09-24,07:00 - 08:00,125000,Available
3117_7622_07:00,3117,HDR Padel,7622,Court 2,2026-09-24,07:00 - 08:00,125000,Available
3758_9284_06:00,3758,ZAGO PADEL,9284,Court A,2026-09-24,06:00 - 07:00,99000,Available
3758_9284_07:00,3758,ZAGO PADEL,9284,Court A,2026-09-24,07:00 - 08:00,99000,Available
3758_9304_06:00,3758,ZAGO PADEL,9304,COURT B,2026-09-24,06:00 - 07:00,99000,Available
3758_9304_07:00,3758,ZAGO PADEL,9304,COURT B,2026-09-24,07:00 - 08:00,99000,Available
3758_9305_06:00,3758,ZAGO PADEL,9305,COURT C,2026-09-24,06:00 - 07:00,99000,Available
3758_9305_07:00,3758,ZAGO PADEL,9305,COURT C,2026-09-24,07:00 - 08:00,99000,Available
3758_9306_06:00,3758,ZAGO PADEL,9306,COURT D,2026-09-24,06:00 - 07:00,99000,Available
3758_9306_07:00,3758,ZAGO PADEL,9306,COURT D,2026-09-24,07:00 - 08:00,99000,Available
2701_6035_06:00,2701,Far East Padel - GROVES,6035,Court - One,2026-09-24,06:00 - 07:00,125000,Available
2701_6035_07:00,2701,Far East Padel - GROVES,6035,Court - One,2026-09-24,07:00 - 08:00,125000,Available
2701_6036_06:00,2701,Far East Padel - GROVES,6036,Court - Two,2026-09-24,06:00 - 07:00,125000,Booked
2701_6036_07:00,2701,Far East Padel - GROVES,6036,Court - Two,2026-09-24,07:00 - 08:00,125000,Booked
2701_6037_06:00,2701,Far East Padel - GROVES,6037,Court - Three,2026-09-24,06:00 - 07:00,125000,Available
2701_6037_07:00,2701,Far East Padel - GROVES,6037,Court - Three,2026-09-24,07:00 - 08:00,125000,Booked
2274_6930_07:00,2274,Far East Padel - HERO,6930,Court - One,2026-09-24,07:00 - 08:00,125000,Booked
2274_6930_08:00,2274,Far East Padel - HERO,6930,Court - One,2026-09-24,08:00 - 09:00,125000,Available
2274_6933_07:00,2274,Far East Padel - HERO,6933,Court - Two,2026-09-24,07:00 - 08:00,125000,Available
2274_6933_08:00,2274,Far East Padel - HERO,6933,Court - Two,2026-09-24,08:00 - 09:00,125000,Available
2274_6929_07:00,2274,Far East Padel - HERO,6929,Court - Three,2026-09-24,07:00 - 08:00,125000,Available
2274_6929_08:00,2274,Far East Padel - HERO,6929,Court - Three,2026-09-24,08:00 - 09:00,125000,Available
3518_8657_06:00,3518,Fitera Padel,8657,Fit Court,2026-09-24,06:00 - 07:00,150000,Booked
3518_8657_07:00,3518,Fitera Padel,8657,Fit Court,2026-09-24,07:00 - 08:00,150000,Available
3518_9730_06:00,3518,Fitera Padel,9730,Era Court,2026-09-24,06:00 - 07:00,150000,Available
3518_9730_07:00,3518,Fitera Padel,9730,Era Court,2026-09-24,07:00 - 08:00,150000,Available
2241_4842_06:00,2241,Padel Green Pramuka City,4842,Court 1,2026-09-24,06:00 - 07:00,150000,Available
2241_4842_07:00,2241,Padel Green Pramuka City,4842,Court 1,2026-09-24,07:00 - 08:00,150000,Available
2241_6662_06:00,2241,Padel Green Pramuka City,6662,Court 2,2026-09-24,06:00 - 07:00,150000,Booked
2241_6662_07:00,2241,Padel Green Pramuka City,6662,Court 2,2026-09-24,07:00 - 08:00,150000,Booked
2241_6663_06:00,2241,Padel Green Pramuka City,6663,Court 3,2026-09-24,06:00 - 07:00,150000,Available
2241_6663_07:00,2241,Padel Green Pramuka City,6663,Court 3,2026-09-24,07:00 - 08:00,150000,Available
2473_5557_06:00,2473,One Padel,5557,Court 1,2026-09-24,06:00 - 07:00,135000,Available
2473_5557_07:00,2473,One Padel,5557,Court 1,2026-09-24,07:00 - 08:00,135000,Available
3932_9697_06:00,3932,Casa De Padel Grande,9697,Uno Court,2026-09-24,06:00 - 07:00,185000,Available
3932_9697_07:00,3932,Casa De Padel Grande,9697,Uno Court,2026-09-24,07:00 - 08:00,185000,Available
3932_9698_06:00,3932,Casa De Padel Grande,9698,Dos Court,2026-09-24,06:00 - 07:00,185000,Available
3932_9698_07:00,3932,Casa De Padel Grande,9698,Dos Court,2026-09-24,07:00 - 08:00,185000,Available
3932_9699_06:00,3932,Casa De Padel Grande,9699,Tres Court,2026-09-24,06:00 - 07:00,185000,Available
3932_9699_07:00,3932,Casa De Padel Grande,9699,Tres Court,2026-09-24,07:00 - 08:00,185000,Available
2343_4937_06:00,2343,Jet Padel,4937,Lapangan Padel 1,2026-09-24,06:00 - 07:00,160000,Available
2343_4937_07:00,2343,Jet Padel,4937,Lapangan Padel 1,2026-09-24,07:00 - 08:00,160000,Available
2343_4938_06:00,2343,Jet Padel,4938,Lapangan Padel 2,2026-09-24,06:00 - 07:00,160000,Available
2343_4938_07:00,2343,Jet Padel,4938,Lapangan Padel 2,2026-09-24,07:00 - 08:00,160000,Available
2343_4939_06:00,2343,Jet Padel,4939,Lapangan Padel 3,2026-09-24,06:00 - 07:00,160000,Available
2343_4939_07:00,2343,Jet Padel,4939,Lapangan Padel 3,2026-09-24,07:00 - 08:00,160000,Available
3242_7778_06:00,3242,Padel Episode,7778,Court 1,2026-09-24,06:00 - 07:00,150000,Available
3242_7778_07:00,3242,Padel Episode,7778,Court 1,2026-09-24,07:00 - 08:00,150000,Available
3242_7779_06:00,3242,Padel Episode,7779,Rexona Court,2026-09-24,06:00 - 07:00,150000,Available
3242_7779_07:00,3242,Padel Episode,7779,Rexona Court,2026-09-24,07:00 - 08:00,150000,Available
3242_7780_06:00,3242,Padel Episode,7780,Court 3,2026-09-24,06:00 - 07:00,150000,Available
3242_7780_07:00,3242,Padel Episode,7780,Court 3,2026-09-24,07:00 - 08:00,150000,Available
2913_6698_06:00,2913,Ruang Padel Club,6698,Court A,2026-09-24,06:00 - 07:00,125000,Available
2913_6698_07:00,2913,Ruang Padel Club,6698,Court A,2026-09-24,07:00 - 08:00,125000,Available
2913_7206_06:00,2913,Ruang Padel Club,7206,Court B,2026-09-24,06:00 - 07:00,125000,Available
2913_7206_07:00,2913,Ruang Padel Club,7206,Court B,2026-09-24,07:00 - 08:00,125000,Available
1487_2973_06:00,1487,NEX Padel Pulo Asem,2973,Striploin Court,2026-09-24,06:00 - 07:00,230000,Available
1487_2973_07:00,1487,NEX Padel Pulo Asem,2973,Striploin Court,2026-09-24,07:00 - 08:00,230000,Available
1487_2974_06:00,1487,NEX Padel Pulo Asem,2974,Ribeye Court,2026-09-24,06:00 - 07:00,230000,Available
1487_2974_07:00,1487,NEX Padel Pulo Asem,2974,Ribeye Court,2026-09-24,07:00 - 08:00,230000,Available
1726_3761_06:00,1726,Numa Padel,3761,Terra Court,2026-09-24,06:00 - 07:00,150000,Available
1726_3761_07:00,1726,Numa Padel,3761,Terra Court,2026-09-24,07:00 - 08:00,150000,Available
1726_3939_06:00,1726,Numa Padel,3939,Blue Court,2026-09-24,06:00 - 07:00,150000,Available
1726_3939_07:00,1726,Numa Padel,3939,Blue Court,2026-09-24,07:00 - 08:00,150000,Available
1726_3940_06:00,1726,Numa Padel,3940,Pink Court,2026-09-24,06:00 - 07:00,150000,Available
1726_3940_07:00,1726,Numa Padel,3940,Pink Court,2026-09-24,07:00 - 08:00,150000,Available
2005_4096_06:00,2005,Uncle Padel Court,4096,Court 1,2026-09-24,06:00 - 07:00,225000,Available
2005_4096_07:00,2005,Uncle Padel Court,4096,Court 1,2026-09-24,07:00 - 08:00,225000,Available
2005_7709_06:00,2005,Uncle Padel Court,7709,Court 2,2026-09-24,06:00 - 07:00,225000,Available
2005_7709_07:00,2005,Uncle Padel Court,7709,Court 2,2026-09-24,07:00 - 08:00,225000,Available
2005_7710_06:00,2005,Uncle Padel Court,7710,Court 3,2026-09-24,06:00 - 07:00,225000,Available
2005_7710_07:00,2005,Uncle Padel Court,7710,Court 3,2026-09-24,07:00 - 08:00,225000,Available
2005_7711_06:00,2005,Uncle Padel Court,7711,Court Terra,2026-09-24,06:00 - 07:00,238500,Available
2005_7711_07:00,2005,Uncle Padel Court,7711,Court Terra,2026-09-24,07:00 - 08:00,238500,Available
3705_9137_06:00,3705,East Court Padel - Cakung JGC,9137,Green Court,2026-09-24,06:00 - 07:00,165000,Available
3705_9137_07:00,3705,East Court Padel - Cakung JGC,9137,Green Court,2026-09-24,07:00 - 08:00,165000,Available
3705_9138_06:00,3705,East Court Padel - Cakung JGC,9138,Blue Court,2026-09-24,06:00 - 07:00,165000,Available
3705_9138_07:00,3705,East Court Padel - Cakung JGC,9138,Blue Court,2026-09-24,07:00 - 08:00,165000,Available
3705_9139_06:00,3705,East Court Padel - Cakung JGC,9139,Red Court,2026-09-24,06:00 - 07:00,165000,Available
3705_9139_07:00,3705,East Court Padel - Cakung JGC,9139,Red Court,2026-09-24,07:00 - 08:00,165000,Booked
2709_6132_06:00,2709,Costa Padel & Social Club,6132,Court 1,2026-09-24,06:00 - 07:00,215000,Available
2709_6132_07:00,2709,Costa Padel & Social Club,6132,Court 1,2026-09-24,07:00 - 08:00,215000,Available
2709_8789_06:00,2709,Costa Padel & Social Club,8789,Court 2,2026-09-24,06:00 - 07:00,215000,Available
2709_8789_07:00,2709,Costa Padel & Social Club,8789,Court 2,2026-09-24,07:00 - 08:00,215000,Available
2709_8790_06:00,2709,Costa Padel & Social Club,8790,Court 3,2026-09-24,06:00 - 07:00,215000,Available
2709_8790_07:00,2709,Costa Padel & Social Club,8790,Court 3,2026-09-24,07:00 - 08:00,215000,Booked
2306_5465_06:00,2306,Wins Arena Ciracas - Padel,5465,Padel A - Panoramic,2026-09-24,06:00 - 07:00,99000,Available
2306_5465_07:00,2306,Wins Arena Ciracas - Padel,5465,Padel A - Panoramic,2026-09-24,07:00 - 08:00,99000,Available
2306_5657_06:00,2306,Wins Arena Ciracas - Padel,5657,Padel B - Super Panoramic,2026-09-24,06:00 - 07:00,99000,Available
2306_5657_07:00,2306,Wins Arena Ciracas - Padel,5657,Padel B - Super Panoramic,2026-09-24,07:00 - 08:00,99000,Available
2306_6351_06:00,2306,Wins Arena Ciracas - Padel,6351,Padel C - Super Panoramic,2026-09-24,06:00 - 07:00,99000,Available
2306_6351_07:00,2306,Wins Arena Ciracas - Padel,6351,Padel C - Super Panoramic,2026-09-24,07:00 - 08:00,99000,Available
3367_8197_06:00,3367,Goozone Padel Club,8197,Wind Court,2026-09-24,06:00 - 07:00,170000,Available
3367_8197_07:00,3367,Goozone Padel Club,8197,Wind Court,2026-09-24,07:00 - 08:00,170000,Available
3367_8198_06:00,3367,Goozone Padel Club,8198,Tulea Court,2026-09-24,06:00 - 07:00,170000,Available
3367_8198_07:00,3367,Goozone Padel Club,8198,Tulea Court,2026-09-24,07:00 - 08:00,170000,Available
3367_8199_06:00,3367,Goozone Padel Club,8199,Tree Court,2026-09-24,06:00 - 07:00,170000,Available
3367_8199_07:00,3367,Goozone Padel Club,8199,Tree Court,2026-09-24,07:00 - 08:00,170000,Available
3367_8199_08:00,3367,Goozone Padel Club,8199,Tree Court,2026-09-24,08:00 - 09:00,200000,Available
209_240_06:00,209,Wins Arena PG - Padel,240,Court A - Panoramic,2026-09-24,06:00 - 07:00,155000,Available
209_240_07:00,209,Wins Arena PG - Padel,240,Court A - Panoramic,2026-09-24,07:00 - 08:00,155000,Available
209_240_08:00,209,Wins Arena PG - Padel,240,Court A - Panoramic,2026-09-24,08:00 - 09:00,155000,Available
209_3705_06:00,209,Wins Arena PG - Padel,3705,Court B - Super Panoramic,2026-09-24,06:00 - 07:00,155000,Available
209_3705_07:00,209,Wins Arena PG - Padel,3705,Court B - Super Panoramic,2026-09-24,07:00 - 08:00,155000,Available
209_3705_08:00,209,Wins Arena PG - Padel,3705,Court B - Super Panoramic,2026-09-24,08:00 - 09:00,155000,Available
209_3706_06:00,209,Wins Arena PG - Padel,3706,Court C - Super Panoramic,2026-09-24,06:00 - 07:00,155000,Available
209_3706_07:00,209,Wins Arena PG - Padel,3706,Court C - Super Panoramic,2026-09-24,07:00 - 08:00,155000,Available
209_3706_08:00,209,Wins Arena PG - Padel,3706,Court C - Super Panoramic,2026-09-24,08:00 - 09:00,155000,Available
209_3707_06:00,209,Wins Arena PG - Padel,3707,Court D - Super Panoramic,2026-09-24,06:00 - 07:00,155000,Available
209_3707_07:00,209,Wins Arena PG - Padel,3707,Court D - Super Panoramic,2026-09-24,07:00 - 08:00,155000,Available
209_3707_08:00,209,Wins Arena PG - Padel,3707,Court D - Super Panoramic,2026-09-24,08:00 - 09:00,155000,Available
1389_2670_06:00,1389,Goedang Sports Centre,2670,Lapangan Futsal 2,2026-09-24,06:00 - 07:00,150000,Available
1389_2670_07:00,1389,Goedang Sports Centre,2670,Lapangan Futsal 2,2026-09-24,07:00 - 08:00,150000,Available
1389_2670_08:00,1389,Goedang Sports Centre,2670,Lapangan Futsal 2,2026-09-24,08:00 - 09:00,150000,Available
1389_2671_06:00,1389,Goedang Sports Centre,2671,Lapangan Futsal 3,2026-09-24,06:00 - 07:00,150000,Available
1389_2671_07:00,1389,Goedang Sports Centre,2671,Lapangan Futsal 3,2026-09-24,07:00 - 08:00,150000,Available
1389_2671_08:00,1389,Goedang Sports Centre,2671,Lapangan Futsal 3,2026-09-24,08:00 - 09:00,150000,Available
1389_2673_06:00,1389,Goedang Sports Centre,2673,Lapangan Basket 2,2026-09-24,06:00 - 07:00,170000,Available
1389_2673_07:00,1389,Goedang Sports Centre,2673,Lapangan Basket 2,2026-09-24,07:00 - 08:00,170000,Available
1389_2673_08:00,1389,Goedang Sports Centre,2673,Lapangan Basket 2,2026-09-24,08:00 - 09:00,170000,Available
1389_2674_06:00,1389,Goedang Sports Centre,2674,Lapangan Basket 3,2026-09-24,06:00 - 07:00,170000,Available
1389_2674_07:00,1389,Goedang Sports Centre,2674,Lapangan Basket 3,2026-09-24,07:00 - 08:00,170000,Available
1389_2674_08:00,1389,Goedang Sports Centre,2674,Lapangan Basket 3,2026-09-24,08:00 - 09:00,170000,Available
1389_3242_06:00,1389,Goedang Sports Centre,3242,Court 1 Padel,2026-09-24,06:00 - 07:00,80000,Available
1389_3242_07:00,1389,Goedang Sports Centre,3242,Court 1 Padel,2026-09-24,07:00 - 08:00,80000,Available
1389_3242_08:00,1389,Goedang Sports Centre,3242,Court 1 Padel,2026-09-24,08:00 - 09:00,80000,Available
1389_6531_06:00,1389,Goedang Sports Centre,6531,Court 2 Padel,2026-09-24,06:00 - 07:00,100000,Available
1389_6531_07:00,1389,Goedang Sports Centre,6531,Court 2 Padel,2026-09-24,07:00 - 08:00,100000,Available
1389_6531_08:00,1389,Goedang Sports Centre,6531,Court 2 Padel,2026-09-24,08:00 - 09:00,100000,Available
1389_6532_06:00,1389,Goedang Sports Centre,6532,court 3 Padel,2026-09-24,06:00 - 07:00,100000,Available
1389_6532_07:00,1389,Goedang Sports Centre,6532,court 3 Padel,2026-09-24,07:00 - 08:00,100000,Available
1389_6532_08:00,1389,Goedang Sports Centre,6532,court 3 Padel,2026-09-24,08:00 - 09:00,100000,Booked
1389_6533_06:00,1389,Goedang Sports Centre,6533,court 4 Padel,2026-09-24,06:00 - 07:00,100000,Available
1389_6533_07:00,1389,Goedang Sports Centre,6533,court 4 Padel,2026-09-24,07:00 - 08:00,100000,Available
1389_6533_08:00,1389,Goedang Sports Centre,6533,court 4 Padel,2026-09-24,08:00 - 09:00,100000,Booked
1883_4102_06:00,1883,Portside Padel Club,4102,Court A,2026-09-24,06:00 - 07:00,150000,Available
1883_4102_07:00,1883,Portside Padel Club,4102,Court A,2026-09-24,07:00 - 08:00,150000,Available
1883_4102_08:00,1883,Portside Padel Club,4102,Court A,2026-09-24,08:00 - 09:00,150000,Available
1883_7228_06:00,1883,Portside Padel Club,7228,Court B,2026-09-24,06:00 - 07:00,150000,Available
1883_7228_07:00,1883,Portside Padel Club,7228,Court B,2026-09-24,07:00 - 08:00,150000,Available
1883_7228_08:00,1883,Portside Padel Club,7228,Court B,2026-09-24,08:00 - 09:00,150000,Available
1883_7229_06:00,1883,Portside Padel Club,7229,Court C,2026-09-24,06:00 - 07:00,150000,Available
1883_7229_07:00,1883,Portside Padel Club,7229,Court C,2026-09-24,07:00 - 08:00,150000,Available
1883_7229_08:00,1883,Portside Padel Club,7229,Court C,2026-09-24,08:00 - 09:00,150000,Available
1883_7230_06:00,1883,Portside Padel Club,7230,Court D,2026-09-24,06:00 - 07:00,150000,Available
1883_7230_07:00,1883,Portside Padel Club,7230,Court D,2026-09-24,07:00 - 08:00,150000,Available
1883_7230_08:00,1883,Portside Padel Club,7230,Court D,2026-09-24,08:00 - 09:00,150000,Available
1883_7231_06:00,1883,Portside Padel Club,7231,Center Court,2026-09-24,06:00 - 07:00,150000,Available
1883_7231_07:00,1883,Portside Padel Club,7231,Center Court,2026-09-24,07:00 - 08:00,150000,Available
1883_7231_08:00,1883,Portside Padel Club,7231,Center Court,2026-09-24,08:00 - 09:00,150000,Available
1731_3896_07:00,1731,Zeta Padel,3896,Court 1,2026-09-24,07:00 - 08:00,150000,Available
1731_3896_08:00,1731,Zeta Padel,3896,Court 1,2026-09-24,08:00 - 09:00,150000,Available
1731_5877_07:00,1731,Zeta Padel,5877,Court 2,2026-09-24,07:00 - 08:00,150000,Available
1731_5877_08:00,1731,Zeta Padel,5877,Court 2,2026-09-24,08:00 - 09:00,150000,Available
1731_5878_07:00,1731,Zeta Padel,5878,Court 3,2026-09-24,07:00 - 08:00,150000,Available
1731_5878_08:00,1731,Zeta Padel,5878,Court 3,2026-09-24,08:00 - 09:00,150000,Available
2481_5987_08:00,2481,Padeleon,5987,Pink Court A,2026-09-24,08:00 - 09:00,225000,Available
2481_5988_08:00,2481,Padeleon,5988,VIP Black Court B,2026-09-24,08:00 - 09:00,225000,Available
2481_5479_08:00,2481,Padeleon,5479,Blue Court C,2026-09-24,08:00 - 09:00,225000,Available
2481_5986_08:00,2481,Padeleon,5986,Blue Court D,2026-09-24,08:00 - 09:00,225000,Available
2550_5559_06:00,2550,"Kinetic Padel Arena, Harapan Indah Bekasi",5559,Court 1,2026-09-24,06:00 - 07:00,180000,Available
2550_5559_07:00,2550,"Kinetic Padel Arena, Harapan Indah Bekasi",5559,Court 1,2026-09-24,07:00 - 08:00,180000,Available
2550_5559_08:00,2550,"Kinetic Padel Arena, Harapan Indah Bekasi",5559,Court 1,2026-09-24,08:00 - 09:00,180000,Available
2550_6914_06:00,2550,"Kinetic Padel Arena, Harapan Indah Bekasi",6914,Court 2,2026-09-24,06:00 - 07:00,180000,Available
2550_6914_07:00,2550,"Kinetic Padel Arena, Harapan Indah Bekasi",6914,Court 2,2026-09-24,07:00 - 08:00,180000,Available
2550_6914_08:00,2550,"Kinetic Padel Arena, Harapan Indah Bekasi",6914,Court 2,2026-09-24,08:00 - 09:00,180000,Available
2550_6915_06:00,2550,"Kinetic Padel Arena, Harapan Indah Bekasi",6915,Court 3,2026-09-24,06:00 - 07:00,180000,Available
2550_6915_07:00,2550,"Kinetic Padel Arena, Harapan Indah Bekasi",6915,Court 3,2026-09-24,07:00 - 08:00,180000,Available
2550_6915_08:00,2550,"Kinetic Padel Arena, Harapan Indah Bekasi",6915,Court 3,2026-09-24,08:00 - 09:00,180000,Available
2550_6916_06:00,2550,"Kinetic Padel Arena, Harapan Indah Bekasi",6916,Court 4,2026-09-24,06:00 - 07:00,180000,Available
2550_6916_07:00,2550,"Kinetic Padel Arena, Harapan Indah Bekasi",6916,Court 4,2026-09-24,07:00 - 08:00,180000,Available
2550_6916_08:00,2550,"Kinetic Padel Arena, Harapan Indah Bekasi",6916,Court 4,2026-09-24,08:00 - 09:00,180000,Available
2550_6917_06:00,2550,"Kinetic Padel Arena, Harapan Indah Bekasi",6917,Court 5,2026-09-24,06:00 - 07:00,180000,Available
2550_6917_07:00,2550,"Kinetic Padel Arena, Harapan Indah Bekasi",6917,Court 5,2026-09-24,07:00 - 08:00,180000,Available
2550_6917_08:00,2550,"Kinetic Padel Arena, Harapan Indah Bekasi",6917,Court 5,2026-09-24,08:00 - 09:00,180000,Available
2550_6918_06:00,2550,"Kinetic Padel Arena, Harapan Indah Bekasi",6918,Court 6,2026-09-24,06:00 - 07:00,180000,Available
2550_6918_07:00,2550,"Kinetic Padel Arena, Harapan Indah Bekasi",6918,Court 6,2026-09-24,07:00 - 08:00,180000,Available
2550_6918_08:00,2550,"Kinetic Padel Arena, Harapan Indah Bekasi",6918,Court 6,2026-09-24,08:00 - 09:00,180000,Available
2550_6919_06:00,2550,"Kinetic Padel Arena, Harapan Indah Bekasi",6919,Court 7,2026-09-24,06:00 - 07:00,180000,Available
2550_6919_07:00,2550,"Kinetic Padel Arena, Harapan Indah Bekasi",6919,Court 7,2026-09-24,07:00 - 08:00,180000,Available
2550_6919_08:00,2550,"Kinetic Padel Arena, Harapan Indah Bekasi",6919,Court 7,2026-09-24,08:00 - 09:00,180000,Available
2550_6920_06:00,2550,"Kinetic Padel Arena, Harapan Indah Bekasi",6920,Court 8,2026-09-24,06:00 - 07:00,180000,Available
2550_6920_07:00,2550,"Kinetic Padel Arena, Harapan Indah Bekasi",6920,Court 8,2026-09-24,07:00 - 08:00,180000,Available
2550_6920_08:00,2550,"Kinetic Padel Arena, Harapan Indah Bekasi",6920,Court 8,2026-09-24,08:00 - 09:00,180000,Available
3186_7658_06:00,3186,AGS Padel,7658,Court 1,2026-09-24,06:00 - 07:00,150000,Booked
3186_7658_07:00,3186,AGS Padel,7658,Court 1,2026-09-24,07:00 - 08:00,150000,Booked
3186_7658_08:00,3186,AGS Padel,7658,Court 1,2026-09-24,08:00 - 09:00,150000,Booked
3186_10417_06:00,3186,AGS Padel,10417,Court 2,2026-09-24,06:00 - 07:00,150000,Available
3186_10417_07:00,3186,AGS Padel,10417,Court 2,2026-09-24,07:00 - 08:00,150000,Available
3186_10417_08:00,3186,AGS Padel,10417,Court 2,2026-09-24,08:00 - 09:00,150000,Booked
3186_10418_06:00,3186,AGS Padel,10418,Court 3,2026-09-24,06:00 - 07:00,150000,Available
3186_10418_07:00,3186,AGS Padel,10418,Court 3,2026-09-24,07:00 - 08:00,150000,Available
3186_10418_08:00,3186,AGS Padel,10418,Court 3,2026-09-24,08:00 - 09:00,150000,Available
2372_5025_06:00,2372,El Tama Padel,5025,Lapangan Single,2026-09-24,06:00 - 07:00,115000,Available
2372_5025_07:00,2372,El Tama Padel,5025,Lapangan Single,2026-09-24,07:00 - 08:00,115000,Available
2372_5025_08:00,2372,El Tama Padel,5025,Lapangan Single,2026-09-24,08:00 - 09:00,115000,Booked
2372_6478_06:00,2372,El Tama Padel,6478,Lapangan Double,2026-09-24,06:00 - 07:00,190000,Available
2372_6478_07:00,2372,El Tama Padel,6478,Lapangan Double,2026-09-24,07:00 - 08:00,190000,Booked
2372_6478_08:00,2372,El Tama Padel,6478,Lapangan Double,2026-09-24,08:00 - 09:00,190000,Booked
2372_6479_06:00,2372,El Tama Padel,6479,Lapangan Combo,2026-09-24,06:00 - 07:00,254000,Available
2372_6479_07:00,2372,El Tama Padel,6479,Lapangan Combo,2026-09-24,07:00 - 08:00,254000,Booked
2372_6479_08:00,2372,El Tama Padel,6479,Lapangan Combo,2026-09-24,08:00 - 09:00,254000,Booked
1755_3569_06:00,1755,Get Padel Jakarta,3569,Court 1,2026-09-24,06:00 - 07:00,150000,Available
1755_3569_07:00,1755,Get Padel Jakarta,3569,Court 1,2026-09-24,07:00 - 08:00,150000,Available
1755_3569_08:00,1755,Get Padel Jakarta,3569,Court 1,2026-09-24,08:00 - 09:00,180000,Available
1755_6336_06:00,1755,Get Padel Jakarta,6336,Court 2,2026-09-24,06:00 - 07:00,150000,Available
1755_6336_07:00,1755,Get Padel Jakarta,6336,Court 2,2026-09-24,07:00 - 08:00,150000,Available
1755_6336_08:00,1755,Get Padel Jakarta,6336,Court 2,2026-09-24,08:00 - 09:00,180000,Available
1979_4053_06:00,1979,Majoo Padel Club - Cipinang Indah,4053,Court 1 [VIP],2026-09-24,06:00 - 07:00,270000,Available
1979_4053_07:00,1979,Majoo Padel Club - Cipinang Indah,4053,Court 1 [VIP],2026-09-24,07:00 - 08:00,380000,Available
1979_4053_08:00,1979,Majoo Padel Club - Cipinang Indah,4053,Court 1 [VIP],2026-09-24,08:00 - 09:00,380000,Available
1979_11140_06:00,1979,Majoo Padel Club - Cipinang Indah,11140,Court 2 [VIP],2026-09-24,06:00 - 07:00,270000,Available
1979_11140_07:00,1979,Majoo Padel Club - Cipinang Indah,11140,Court 2 [VIP],2026-09-24,07:00 - 08:00,380000,Available
1979_11140_08:00,1979,Majoo Padel Club - Cipinang Indah,11140,Court 2 [VIP],2026-09-24,08:00 - 09:00,380000,Available
1979_10620_06:00,1979,Majoo Padel Club - Cipinang Indah,10620,Court 3,2026-09-24,06:00 - 07:00,220000,Available
1979_10620_07:00,1979,Majoo Padel Club - Cipinang Indah,10620,Court 3,2026-09-24,07:00 - 08:00,330000,Available
1979_10620_08:00,1979,Majoo Padel Club - Cipinang Indah,10620,Court 3,2026-09-24,08:00 - 09:00,330000,Available
1979_11141_06:00,1979,Majoo Padel Club - Cipinang Indah,11141,Court 4,2026-09-24,06:00 - 07:00,220000,Available
1979_11141_07:00,1979,Majoo Padel Club - Cipinang Indah,11141,Court 4,2026-09-24,07:00 - 08:00,330000,Available
1979_11141_08:00,1979,Majoo Padel Club - Cipinang Indah,11141,Court 4,2026-09-24,08:00 - 09:00,330000,Available
1979_11142_06:00,1979,Majoo Padel Club - Cipinang Indah,11142,Court 5,2026-09-24,06:00 - 07:00,220000,Available
1979_11142_07:00,1979,Majoo Padel Club - Cipinang Indah,11142,Court 5,2026-09-24,07:00 - 08:00,330000,Available
1979_11142_08:00,1979,Majoo Padel Club - Cipinang Indah,11142,Court 5,2026-09-24,08:00 - 09:00,330000,Available
1979_11143_06:00,1979,Majoo Padel Club - Cipinang Indah,11143,Court 6,2026-09-24,06:00 - 07:00,220000,Available
1979_11143_07:00,1979,Majoo Padel Club - Cipinang Indah,11143,Court 6,2026-09-24,07:00 - 08:00,330000,Available
1979_11143_08:00,1979,Majoo Padel Club - Cipinang Indah,11143,Court 6,2026-09-24,08:00 - 09:00,330000,Available
2037_4213_07:00,2037,TIM Padel Club,4213,Court 1 - Blue,2026-09-24,07:00 - 08:00,100000,Available
2037_4213_08:00,2037,TIM Padel Club,4213,Court 1 - Blue,2026-09-24,08:00 - 09:00,100000,Available
2037_4214_07:00,2037,TIM Padel Club,4214,Court 2 - Terracota,2026-09-24,07:00 - 08:00,100000,Available
2037_4214_08:00,2037,TIM Padel Club,4214,Court 2 - Terracota,2026-09-24,08:00 - 09:00,100000,Available
2286_4886_06:00,2286,Padel Holic,4886,Court 1 (FRONT),2026-09-24,06:00 - 07:00,125000,Available
2286_4886_07:00,2286,Padel Holic,4886,Court 1 (FRONT),2026-09-24,07:00 - 08:00,125000,Available
2286_4886_08:00,2286,Padel Holic,4886,Court 1 (FRONT),2026-09-24,08:00 - 09:00,125000,Available
2286_6726_06:00,2286,Padel Holic,6726,COURT 2 (MIDDLE),2026-09-24,06:00 - 07:00,125000,Available
2286_6726_07:00,2286,Padel Holic,6726,COURT 2 (MIDDLE),2026-09-24,07:00 - 08:00,125000,Available
2286_6726_08:00,2286,Padel Holic,6726,COURT 2 (MIDDLE),2026-09-24,08:00 - 09:00,125000,Available
2286_5125_06:00,2286,Padel Holic,5125,Court 3 (BACK),2026-09-24,06:00 - 07:00,125000,Available
2286_5125_07:00,2286,Padel Holic,5125,Court 3 (BACK),2026-09-24,07:00 - 08:00,125000,Available
2286_5125_08:00,2286,Padel Holic,5125,Court 3 (BACK),2026-09-24,08:00 - 09:00,125000,Available
2286_5126_06:00,2286,Padel Holic,5126,Court 4 (BACK),2026-09-24,06:00 - 07:00,125000,Available
2286_5126_07:00,2286,Padel Holic,5126,Court 4 (BACK),2026-09-24,07:00 - 08:00,125000,Available
2286_5126_08:00,2286,Padel Holic,5126,Court 4 (BACK),2026-09-24,08:00 - 09:00,125000,Available
3052_7152_07:00,3052,Infinity Padel Court,7152,Court 1 (Blue),2026-09-24,07:00 - 08:00,150000,Available
3052_7152_08:00,3052,Infinity Padel Court,7152,Court 1 (Blue),2026-09-24,08:00 - 09:00,150000,Available
3052_7860_07:00,3052,Infinity Padel Court,7860,Court 2 (Pink),2026-09-24,07:00 - 08:00,150000,Available
3052_7860_08:00,3052,Infinity Padel Court,7860,Court 2 (Pink),2026-09-24,08:00 - 09:00,150000,Available
3052_7861_07:00,3052,Infinity Padel Court,7861,Court 3 (Blue),2026-09-24,07:00 - 08:00,150000,Available
3052_7861_08:00,3052,Infinity Padel Court,7861,Court 3 (Blue),2026-09-24,08:00 - 09:00,150000,Available
1499_6577_06:00,1499,The Grand Padel Pulomas,6577,Grand Tribune,2026-09-24,06:00 - 07:00,250000,Available
1499_6577_07:00,1499,The Grand Padel Pulomas,6577,Grand Tribune,2026-09-24,07:00 - 08:00,250000,Available
1499_6577_08:00,1499,The Grand Padel Pulomas,6577,Grand Tribune,2026-09-24,08:00 - 09:00,250000,Available
1499_3012_06:00,1499,The Grand Padel Pulomas,3012,Madrid 1,2026-09-24,06:00 - 07:00,250000,Available
1499_3012_07:00,1499,The Grand Padel Pulomas,3012,Madrid 1,2026-09-24,07:00 - 08:00,250000,Available
1499_3012_08:00,1499,The Grand Padel Pulomas,3012,Madrid 1,2026-09-24,08:00 - 09:00,250000,Available
1499_3013_06:00,1499,The Grand Padel Pulomas,3013,Dubai 2,2026-09-24,06:00 - 07:00,250000,Available
1499_3013_07:00,1499,The Grand Padel Pulomas,3013,Dubai 2,2026-09-24,07:00 - 08:00,250000,Available
1499_3013_08:00,1499,The Grand Padel Pulomas,3013,Dubai 2,2026-09-24,08:00 - 09:00,250000,Available
1499_3014_06:00,1499,The Grand Padel Pulomas,3014,Tokyo 3,2026-09-24,06:00 - 07:00,250000,Available
1499_3014_07:00,1499,The Grand Padel Pulomas,3014,Tokyo 3,2026-09-24,07:00 - 08:00,250000,Available
1499_3014_08:00,1499,The Grand Padel Pulomas,3014,Tokyo 3,2026-09-24,08:00 - 09:00,250000,Available
1499_3015_06:00,1499,The Grand Padel Pulomas,3015,New York 5,2026-09-24,06:00 - 07:00,250000,Available
1499_3015_07:00,1499,The Grand Padel Pulomas,3015,New York 5,2026-09-24,07:00 - 08:00,250000,Available
1499_3015_08:00,1499,The Grand Padel Pulomas,3015,New York 5,2026-09-24,08:00 - 09:00,250000,Available
2456_5219_06:00,2456,PADEL 5IVE,5219,Court A,2026-09-24,06:00 - 07:00,350000,Available
2456_5219_07:00,2456,PADEL 5IVE,5219,Court A,2026-09-24,07:00 - 08:00,350000,Available
2456_5219_08:00,2456,PADEL 5IVE,5219,Court A,2026-09-24,08:00 - 09:00,350000,Available
2456_5220_06:00,2456,PADEL 5IVE,5220,Court B,2026-09-24,06:00 - 07:00,350000,Available
2456_5220_07:00,2456,PADEL 5IVE,5220,Court B,2026-09-24,07:00 - 08:00,350000,Available
2456_5220_08:00,2456,PADEL 5IVE,5220,Court B,2026-09-24,08:00 - 09:00,350000,Booked
2456_5221_06:00,2456,PADEL 5IVE,5221,Court C,2026-09-24,06:00 - 07:00,350000,Booked
2456_5221_07:00,2456,PADEL 5IVE,5221,Court C,2026-09-24,07:00 - 08:00,350000,Booked
2456_5221_08:00,2456,PADEL 5IVE,5221,Court C,2026-09-24,08:00 - 09:00,350000,Available
2456_6215_06:00,2456,PADEL 5IVE,6215,Court D,2026-09-24,06:00 - 07:00,350000,Available
2456_6215_07:00,2456,PADEL 5IVE,6215,Court D,2026-09-24,07:00 - 08:00,350000,Available
2456_6215_08:00,2456,PADEL 5IVE,6215,Court D,2026-09-24,08:00 - 09:00,350000,Booked
2456_6216_06:00,2456,PADEL 5IVE,6216,Court E,2026-09-24,06:00 - 07:00,350000,Available
2456_6216_07:00,2456,PADEL 5IVE,6216,Court E,2026-09-24,07:00 - 08:00,350000,Available
2456_6216_08:00,2456,PADEL 5IVE,6216,Court E,2026-09-24,08:00 - 09:00,350000,Available
2456_7189_06:00,2456,PADEL 5IVE,7189,VIP LOUNGE (NO COURT),2026-09-24,06:00 - 07:00,280000,Available
2456_7189_07:00,2456,PADEL 5IVE,7189,VIP LOUNGE (NO COURT),2026-09-24,07:00 - 08:00,280000,Available
2456_7189_08:00,2456,PADEL 5IVE,7189,VIP LOUNGE (NO COURT),2026-09-24,08:00 - 09:00,280000,Available
2341_4932_06:00,2341,Pop Padel,4932,Court 1,2026-09-24,06:00 - 07:00,150000,Available
2341_4932_07:00,2341,Pop Padel,4932,Court 1,2026-09-24,07:00 - 08:00,150000,Available
2341_4932_08:00,2341,Pop Padel,4932,Court 1,2026-09-24,08:00 - 09:00,190000,Booked
2341_4933_06:00,2341,Pop Padel,4933,Court 2,2026-09-24,06:00 - 07:00,150000,Available
2341_4933_07:00,2341,Pop Padel,4933,Court 2,2026-09-24,07:00 - 08:00,150000,Available
2341_4933_08:00,2341,Pop Padel,4933,Court 2,2026-09-24,08:00 - 09:00,190000,Available
2341_4934_06:00,2341,Pop Padel,4934,Court 3,2026-09-24,06:00 - 07:00,150000,Available
2341_4934_07:00,2341,Pop Padel,4934,Court 3,2026-09-24,07:00 - 08:00,150000,Available
2341_4934_08:00,2341,Pop Padel,4934,Court 3,2026-09-24,08:00 - 09:00,190000,Booked
2557_5548_06:00,2557,Djatinegara Padel,5548,Court 1,2026-09-24,06:00 - 07:00,135000,Available
2557_5548_07:00,2557,Djatinegara Padel,5548,Court 1,2026-09-24,07:00 - 08:00,135000,Available
2557_5548_08:00,2557,Djatinegara Padel,5548,Court 1,2026-09-24,08:00 - 09:00,135000,Booked
2557_6466_06:00,2557,Djatinegara Padel,6466,Court 2,2026-09-24,06:00 - 07:00,135000,Available
2557_6466_07:00,2557,Djatinegara Padel,6466,Court 2,2026-09-24,07:00 - 08:00,135000,Available
2557_6466_08:00,2557,Djatinegara Padel,6466,Court 2,2026-09-24,08:00 - 09:00,135000,Booked
4249_10520_06:00,4249,The pop padel arena,10520,Court 1,2026-09-24,06:00 - 07:00,169000,Available
4249_10520_07:00,4249,The pop padel arena,10520,Court 1,2026-09-24,07:00 - 08:00,169000,Available
4249_10520_08:00,4249,The pop padel arena,10520,Court 1,2026-09-24,08:00 - 09:00,169000,Available
4249_11392_06:00,4249,The pop padel arena,11392,Court 2,2026-09-24,06:00 - 07:00,169000,Available
4249_11392_07:00,4249,The pop padel arena,11392,Court 2,2026-09-24,07:00 - 08:00,169000,Available
4249_11392_08:00,4249,The pop padel arena,11392,Court 2,2026-09-24,08:00 - 09:00,169000,Available
4249_11393_06:00,4249,The pop padel arena,11393,Court 3,2026-09-24,06:00 - 07:00,169000,Available
4249_11393_07:00,4249,The pop padel arena,11393,Court 3,2026-09-24,07:00 - 08:00,169000,Available
4249_11393_08:00,4249,The pop padel arena,11393,Court 3,2026-09-24,08:00 - 09:00,169000,Available
4249_11394_06:00,4249,The pop padel arena,11394,Court 4,2026-09-24,06:00 - 07:00,169000,Available
4249_11394_07:00,4249,The pop padel arena,11394,Court 4,2026-09-24,07:00 - 08:00,169000,Available
4249_11394_08:00,4249,The pop padel arena,11394,Court 4,2026-09-24,08:00 - 09:00,169000,Available
4347_10797_06:00,4347,Interspace Padel,10797,Court 1 Blue,2026-09-24,06:00 - 07:00,225000,Available
4347_10797_07:00,4347,Interspace Padel,10797,Court 1 Blue,2026-09-24,07:00 - 08:00,225000,Available
4347_10797_08:00,4347,Interspace Padel,10797,Court 1 Blue,2026-09-24,08:00 - 09:00,225000,Available
4347_10800_06:00,4347,Interspace Padel,10800,Court 2 Blue,2026-09-24,06:00 - 07:00,225000,Available
4347_10800_07:00,4347,Interspace Padel,10800,Court 2 Blue,2026-09-24,07:00 - 08:00,225000,Available
4347_10800_08:00,4347,Interspace Padel,10800,Court 2 Blue,2026-09-24,08:00 - 09:00,225000,Available
4347_10801_06:00,4347,Interspace Padel,10801,Court 1 Terracotta,2026-09-24,06:00 - 07:00,225000,Available
4347_10801_07:00,4347,Interspace Padel,10801,Court 1 Terracotta,2026-09-24,07:00 - 08:00,225000,Available
4347_10801_08:00,4347,Interspace Padel,10801,Court 1 Terracotta,2026-09-24,08:00 - 09:00,225000,Available
4347_10802_06:00,4347,Interspace Padel,10802,Court 2 Terracotta,2026-09-24,06:00 - 07:00,225000,Available
4347_10802_07:00,4347,Interspace Padel,10802,Court 2 Terracotta,2026-09-24,07:00 - 08:00,225000,Available
4347_10802_08:00,4347,Interspace Padel,10802,Court 2 Terracotta,2026-09-24,08:00 - 09:00,225000,Available
1668_3399_06:00,1668,Pace Padel Club,3399,Court 1,2026-09-24,06:00 - 07:00,249000,Available
1668_3399_07:00,1668,Pace Padel Club,3399,Court 1,2026-09-24,07:00 - 08:00,249000,Available
1668_3399_08:00,1668,Pace Padel Club,3399,Court 1,2026-09-24,08:00 - 09:00,249000,Available
1668_3673_06:00,1668,Pace Padel Club,3673,Court 2,2026-09-24,06:00 - 07:00,249000,Available
1668_3673_07:00,1668,Pace Padel Club,3673,Court 2,2026-09-24,07:00 - 08:00,249000,Available
1668_3673_08:00,1668,Pace Padel Club,3673,Court 2,2026-09-24,08:00 - 09:00,249000,Available
1668_3674_06:00,1668,Pace Padel Club,3674,Court 3,2026-09-24,06:00 - 07:00,249000,Available
1668_3674_07:00,1668,Pace Padel Club,3674,Court 3,2026-09-24,07:00 - 08:00,249000,Available
1668_3674_08:00,1668,Pace Padel Club,3674,Court 3,2026-09-24,08:00 - 09:00,249000,Available
1668_3675_06:00,1668,Pace Padel Club,3675,Court 4,2026-09-24,06:00 - 07:00,249000,Available
1668_3675_07:00,1668,Pace Padel Club,3675,Court 4,2026-09-24,07:00 - 08:00,249000,Available
1668_3675_08:00,1668,Pace Padel Club,3675,Court 4,2026-09-24,08:00 - 09:00,249000,Available
3311_8005_07:00,3311,The Inner Padel Club,8005,Court 1,2026-09-24,07:00 - 08:00,215000,Available
3311_8005_08:00,3311,The Inner Padel Club,8005,Court 1,2026-09-24,08:00 - 09:00,215000,Available
3311_8008_07:00,3311,The Inner Padel Club,8008,Court 2,2026-09-24,07:00 - 08:00,215000,Available
3311_8008_08:00,3311,The Inner Padel Club,8008,Court 2,2026-09-24,08:00 - 09:00,215000,Available
4514_11483_06:00,4514,Mezz Padel,11483,Court 1,2026-09-24,06:00 - 07:00,199000,Available
4514_11483_07:00,4514,Mezz Padel,11483,Court 1,2026-09-24,07:00 - 08:00,199000,Available
4514_11483_08:00,4514,Mezz Padel,11483,Court 1,2026-09-24,08:00 - 09:00,199000,Available
4514_12083_06:00,4514,Mezz Padel,12083,Court 2,2026-09-24,06:00 - 07:00,199000,Available
4514_12083_07:00,4514,Mezz Padel,12083,Court 2,2026-09-24,07:00 - 08:00,199000,Available
4514_12083_08:00,4514,Mezz Padel,12083,Court 2,2026-09-24,08:00 - 09:00,199000,Available
4514_12085_06:00,4514,Mezz Padel,12085,Court 3,2026-09-24,06:00 - 07:00,199000,Available
4514_12085_07:00,4514,Mezz Padel,12085,Court 3,2026-09-24,07:00 - 08:00,199000,Available
4514_12085_08:00,4514,Mezz Padel,12085,Court 3,2026-09-24,08:00 - 09:00,199000,Available
4514_12086_06:00,4514,Mezz Padel,12086,Court 4,2026-09-24,06:00 - 07:00,199000,Available
4514_12086_07:00,4514,Mezz Padel,12086,Court 4,2026-09-24,07:00 - 08:00,199000,Available
4514_12086_08:00,4514,Mezz Padel,12086,Court 4,2026-09-24,08:00 - 09:00,199000,Available
4894_12859_06:00,4894,Laga Padel,12859,Court 1,2026-09-24,06:00 - 07:00,150000,Available
4894_12859_07:00,4894,Laga Padel,12859,Court 1,2026-09-24,07:00 - 08:00,150000,Available
4894_12859_08:00,4894,Laga Padel,12859,Court 1,2026-09-24,08:00 - 09:00,150000,Available
4894_13085_06:00,4894,Laga Padel,13085,Court 2,2026-09-24,06:00 - 07:00,150000,Available
4894_13085_07:00,4894,Laga Padel,13085,Court 2,2026-09-24,07:00 - 08:00,150000,Available
4894_13085_08:00,4894,Laga Padel,13085,Court 2,2026-09-24,08:00 - 09:00,150000,Booked
4894_13086_06:00,4894,Laga Padel,13086,Court 3,2026-09-24,06:00 - 07:00,150000,Available
4894_13086_07:00,4894,Laga Padel,13086,Court 3,2026-09-24,07:00 - 08:00,150000,Available
4894_13086_08:00,4894,Laga Padel,13086,Court 3,2026-09-24,08:00 - 09:00,150000,Booked
4894_13088_06:00,4894,Laga Padel,13088,Court 4,2026-09-24,06:00 - 07:00,150000,Available
4894_13088_07:00,4894,Laga Padel,13088,Court 4,2026-09-24,07:00 - 08:00,150000,Available
4894_13088_08:00,4894,Laga Padel,13088,Court 4,2026-09-24,08:00 - 09:00,150000,Available
3117_7369_08:00,3117,HDR Padel,7369,Court 1,2026-09-24,08:00 - 09:00,125000,Available
3117_7369_09:00,3117,HDR Padel,7369,Court 1,2026-09-24,09:00 - 10:00,125000,Available
3117_7369_10:00,3117,HDR Padel,7369,Court 1,2026-09-24,10:00 - 11:00,125000,Booked
3117_7369_11:00,3117,HDR Padel,7369,Court 1,2026-09-24,11:00 - 12:00,125000,Booked
3117_7622_08:00,3117,HDR Padel,7622,Court 2,2026-09-24,08:00 - 09:00,125000,Available
3117_7622_09:00,3117,HDR Padel,7622,Court 2,2026-09-24,09:00 - 10:00,125000,Available
3117_7622_10:00,3117,HDR Padel,7622,Court 2,2026-09-24,10:00 - 11:00,125000,Available
3117_7622_11:00,3117,HDR Padel,7622,Court 2,2026-09-24,11:00 - 12:00,125000,Available
3758_9284_08:00,3758,ZAGO PADEL,9284,Court A,2026-09-24,08:00 - 09:00,99000,Booked
3758_9284_09:00,3758,ZAGO PADEL,9284,Court A,2026-09-24,09:00 - 10:00,99000,Booked
3758_9284_10:00,3758,ZAGO PADEL,9284,Court A,2026-09-24,10:00 - 11:00,99000,Available
3758_9284_11:00,3758,ZAGO PADEL,9284,Court A,2026-09-24,11:00 - 12:00,99000,Available
3758_9304_08:00,3758,ZAGO PADEL,9304,COURT B,2026-09-24,08:00 - 09:00,99000,Booked
3758_9304_09:00,3758,ZAGO PADEL,9304,COURT B,2026-09-24,09:00 - 10:00,99000,Booked
3758_9304_10:00,3758,ZAGO PADEL,9304,COURT B,2026-09-24,10:00 - 11:00,99000,Available
3758_9304_11:00,3758,ZAGO PADEL,9304,COURT B,2026-09-24,11:00 - 12:00,99000,Available
3758_9305_08:00,3758,ZAGO PADEL,9305,COURT C,2026-09-24,08:00 - 09:00,99000,Available
3758_9305_09:00,3758,ZAGO PADEL,9305,COURT C,2026-09-24,09:00 - 10:00,99000,Available
3758_9305_10:00,3758,ZAGO PADEL,9305,COURT C,2026-09-24,10:00 - 11:00,99000,Available
3758_9305_11:00,3758,ZAGO PADEL,9305,COURT C,2026-09-24,11:00 - 12:00,99000,Available
3758_9306_08:00,3758,ZAGO PADEL,9306,COURT D,2026-09-24,08:00 - 09:00,99000,Booked
3758_9306_09:00,3758,ZAGO PADEL,9306,COURT D,2026-09-24,09:00 - 10:00,99000,Booked
3758_9306_10:00,3758,ZAGO PADEL,9306,COURT D,2026-09-24,10:00 - 11:00,99000,Available
3758_9306_11:00,3758,ZAGO PADEL,9306,COURT D,2026-09-24,11:00 - 12:00,99000,Available
2701_6035_08:00,2701,Far East Padel - GROVES,6035,Court - One,2026-09-24,08:00 - 09:00,125000,Available
2701_6035_09:00,2701,Far East Padel - GROVES,6035,Court - One,2026-09-24,09:00 - 10:00,125000,Booked
2701_6035_10:00,2701,Far East Padel - GROVES,6035,Court - One,2026-09-24,10:00 - 11:00,125000,Booked
2701_6035_11:00,2701,Far East Padel - GROVES,6035,Court - One,2026-09-24,11:00 - 12:00,125000,Available
2701_6036_08:00,2701,Far East Padel - GROVES,6036,Court - Two,2026-09-24,08:00 - 09:00,125000,Available
2701_6036_09:00,2701,Far East Padel - GROVES,6036,Court - Two,2026-09-24,09:00 - 10:00,125000,Booked
2701_6036_10:00,2701,Far East Padel - GROVES,6036,Court - Two,2026-09-24,10:00 - 11:00,125000,Booked
2701_6036_11:00,2701,Far East Padel - GROVES,6036,Court - Two,2026-09-24,11:00 - 12:00,125000,Available
2701_6037_08:00,2701,Far East Padel - GROVES,6037,Court - Three,2026-09-24,08:00 - 09:00,125000,Booked
2701_6037_09:00,2701,Far East Padel - GROVES,6037,Court - Three,2026-09-24,09:00 - 10:00,125000,Booked
2701_6037_10:00,2701,Far East Padel - GROVES,6037,Court - Three,2026-09-24,10:00 - 11:00,125000,Booked
2701_6037_11:00,2701,Far East Padel - GROVES,6037,Court - Three,2026-09-24,11:00 - 12:00,125000,Available
2274_6930_09:00,2274,Far East Padel - HERO,6930,Court - One,2026-09-24,09:00 - 10:00,125000,Available
2274_6930_10:00,2274,Far East Padel - HERO,6930,Court - One,2026-09-24,10:00 - 11:00,125000,Available
2274_6930_11:00,2274,Far East Padel - HERO,6930,Court - One,2026-09-24,11:00 - 12:00,125000,Available
2274_6930_12:00,2274,Far East Padel - HERO,6930,Court - One,2026-09-24,12:00 - 13:00,125000,Booked
2274_6933_09:00,2274,Far East Padel - HERO,6933,Court - Two,2026-09-24,09:00 - 10:00,125000,Booked
2274_6933_10:00,2274,Far East Padel - HERO,6933,Court - Two,2026-09-24,10:00 - 11:00,125000,Available
2274_6933_11:00,2274,Far East Padel - HERO,6933,Court - Two,2026-09-24,11:00 - 12:00,125000,Available
2274_6933_12:00,2274,Far East Padel - HERO,6933,Court - Two,2026-09-24,12:00 - 13:00,125000,Available
2274_6929_09:00,2274,Far East Padel - HERO,6929,Court - Three,2026-09-24,09:00 - 10:00,125000,Booked
2274_6929_10:00,2274,Far East Padel - HERO,6929,Court - Three,2026-09-24,10:00 - 11:00,125000,Booked
2274_6929_11:00,2274,Far East Padel - HERO,6929,Court - Three,2026-09-24,11:00 - 12:00,125000,Available
2274_6929_12:00,2274,Far East Padel - HERO,6929,Court - Three,2026-09-24,12:00 - 13:00,125000,Available
3518_8657_08:00,3518,Fitera Padel,8657,Fit Court,2026-09-24,08:00 - 09:00,195000,Booked
3518_8657_09:00,3518,Fitera Padel,8657,Fit Court,2026-09-24,09:00 - 10:00,195000,Booked
3518_8657_10:00,3518,Fitera Padel,8657,Fit Court,2026-09-24,10:00 - 11:00,195000,Available
3518_8657_11:00,3518,Fitera Padel,8657,Fit Court,2026-09-24,11:00 - 12:00,150000,Available
3518_9730_08:00,3518,Fitera Padel,9730,Era Court,2026-09-24,08:00 - 09:00,195000,Booked
3518_9730_09:00,3518,Fitera Padel,9730,Era Court,2026-09-24,09:00 - 10:00,195000,Available
3518_9730_10:00,3518,Fitera Padel,9730,Era Court,2026-09-24,10:00 - 11:00,195000,Available
3518_9730_11:00,3518,Fitera Padel,9730,Era Court,2026-09-24,11:00 - 12:00,150000,Available
2241_4842_08:00,2241,Padel Green Pramuka City,4842,Court 1,2026-09-24,08:00 - 09:00,250000,Available
2241_4842_09:00,2241,Padel Green Pramuka City,4842,Court 1,2026-09-24,09:00 - 10:00,250000,Available
2241_4842_10:00,2241,Padel Green Pramuka City,4842,Court 1,2026-09-24,10:00 - 11:00,150000,Booked
2241_4842_11:00,2241,Padel Green Pramuka City,4842,Court 1,2026-09-24,11:00 - 12:00,150000,Available
2241_6662_08:00,2241,Padel Green Pramuka City,6662,Court 2,2026-09-24,08:00 - 09:00,250000,Available
2241_6662_09:00,2241,Padel Green Pramuka City,6662,Court 2,2026-09-24,09:00 - 10:00,250000,Booked
2241_6662_10:00,2241,Padel Green Pramuka City,6662,Court 2,2026-09-24,10:00 - 11:00,150000,Booked
2241_6662_11:00,2241,Padel Green Pramuka City,6662,Court 2,2026-09-24,11:00 - 12:00,150000,Available
2241_6663_08:00,2241,Padel Green Pramuka City,6663,Court 3,2026-09-24,08:00 - 09:00,250000,Available
2241_6663_09:00,2241,Padel Green Pramuka City,6663,Court 3,2026-09-24,09:00 - 10:00,250000,Available
2241_6663_10:00,2241,Padel Green Pramuka City,6663,Court 3,2026-09-24,10:00 - 11:00,150000,Booked
2241_6663_11:00,2241,Padel Green Pramuka City,6663,Court 3,2026-09-24,11:00 - 12:00,150000,Booked
2473_5557_08:00,2473,One Padel,5557,Court 1,2026-09-24,08:00 - 09:00,135000,Available
2473_5557_09:00,2473,One Padel,5557,Court 1,2026-09-24,09:00 - 10:00,135000,Available
2473_5557_10:00,2473,One Padel,5557,Court 1,2026-09-24,10:00 - 11:00,100000,Available
2473_5557_11:00,2473,One Padel,5557,Court 1,2026-09-24,11:00 - 12:00,100000,Available
3932_9697_08:00,3932,Casa De Padel Grande,9697,Uno Court,2026-09-24,08:00 - 09:00,185000,Available
3932_9697_09:00,3932,Casa De Padel Grande,9697,Uno Court,2026-09-24,09:00 - 10:00,185000,Booked
3932_9697_10:00,3932,Casa De Padel Grande,9697,Uno Court,2026-09-24,10:00 - 11:00,185000,Booked
3932_9697_11:00,3932,Casa De Padel Grande,9697,Uno Court,2026-09-24,11:00 - 12:00,185000,Available
3932_9698_08:00,3932,Casa De Padel Grande,9698,Dos Court,2026-09-24,08:00 - 09:00,185000,Available
3932_9698_09:00,3932,Casa De Padel Grande,9698,Dos Court,2026-09-24,09:00 - 10:00,185000,Booked
3932_9698_10:00,3932,Casa De Padel Grande,9698,Dos Court,2026-09-24,10:00 - 11:00,185000,Booked
3932_9698_11:00,3932,Casa De Padel Grande,9698,Dos Court,2026-09-24,11:00 - 12:00,185000,Available
3932_9699_08:00,3932,Casa De Padel Grande,9699,Tres Court,2026-09-24,08:00 - 09:00,185000,Available
3932_9699_09:00,3932,Casa De Padel Grande,9699,Tres Court,2026-09-24,09:00 - 10:00,185000,Booked
3932_9699_10:00,3932,Casa De Padel Grande,9699,Tres Court,2026-09-24,10:00 - 11:00,185000,Booked
3932_9699_11:00,3932,Casa De Padel Grande,9699,Tres Court,2026-09-24,11:00 - 12:00,185000,Available
2343_4937_08:00,2343,Jet Padel,4937,Lapangan Padel 1,2026-09-24,08:00 - 09:00,160000,Available
2343_4937_09:00,2343,Jet Padel,4937,Lapangan Padel 1,2026-09-24,09:00 - 10:00,160000,Booked
2343_4937_10:00,2343,Jet Padel,4937,Lapangan Padel 1,2026-09-24,10:00 - 11:00,160000,Booked
2343_4937_11:00,2343,Jet Padel,4937,Lapangan Padel 1,2026-09-24,11:00 - 12:00,160000,Available
2343_4938_08:00,2343,Jet Padel,4938,Lapangan Padel 2,2026-09-24,08:00 - 09:00,160000,Available
2343_4938_09:00,2343,Jet Padel,4938,Lapangan Padel 2,2026-09-24,09:00 - 10:00,160000,Available
2343_4938_10:00,2343,Jet Padel,4938,Lapangan Padel 2,2026-09-24,10:00 - 11:00,160000,Available
2343_4938_11:00,2343,Jet Padel,4938,Lapangan Padel 2,2026-09-24,11:00 - 12:00,160000,Available
2343_4939_08:00,2343,Jet Padel,4939,Lapangan Padel 3,2026-09-24,08:00 - 09:00,160000,Available
2343_4939_09:00,2343,Jet Padel,4939,Lapangan Padel 3,2026-09-24,09:00 - 10:00,160000,Available
2343_4939_10:00,2343,Jet Padel,4939,Lapangan Padel 3,2026-09-24,10:00 - 11:00,160000,Available
2343_4939_11:00,2343,Jet Padel,4939,Lapangan Padel 3,2026-09-24,11:00 - 12:00,160000,Available
3242_7778_08:00,3242,Padel Episode,7778,Court 1,2026-09-24,08:00 - 09:00,222000,Available
3242_7778_09:00,3242,Padel Episode,7778,Court 1,2026-09-24,09:00 - 10:00,222000,Available
3242_7778_10:00,3242,Padel Episode,7778,Court 1,2026-09-24,10:00 - 11:00,222000,Available
3242_7778_11:00,3242,Padel Episode,7778,Court 1,2026-09-24,11:00 - 12:00,222000,Available
3242_7779_08:00,3242,Padel Episode,7779,Rexona Court,2026-09-24,08:00 - 09:00,222000,Available
3242_7779_09:00,3242,Padel Episode,7779,Rexona Court,2026-09-24,09:00 - 10:00,222000,Booked
3242_7779_10:00,3242,Padel Episode,7779,Rexona Court,2026-09-24,10:00 - 11:00,222000,Booked
3242_7779_11:00,3242,Padel Episode,7779,Rexona Court,2026-09-24,11:00 - 12:00,222000,Available
3242_7780_08:00,3242,Padel Episode,7780,Court 3,2026-09-24,08:00 - 09:00,222000,Available
3242_7780_09:00,3242,Padel Episode,7780,Court 3,2026-09-24,09:00 - 10:00,222000,Available
3242_7780_10:00,3242,Padel Episode,7780,Court 3,2026-09-24,10:00 - 11:00,222000,Available
3242_7780_11:00,3242,Padel Episode,7780,Court 3,2026-09-24,11:00 - 12:00,222000,Available
2913_6698_08:00,2913,Ruang Padel Club,6698,Court A,2026-09-24,08:00 - 09:00,125000,Available
2913_6698_09:00,2913,Ruang Padel Club,6698,Court A,2026-09-24,09:00 - 10:00,125000,Available
2913_6698_10:00,2913,Ruang Padel Club,6698,Court A,2026-09-24,10:00 - 11:00,125000,Available
2913_6698_11:00,2913,Ruang Padel Club,6698,Court A,2026-09-24,11:00 - 12:00,125000,Available
2913_7206_08:00,2913,Ruang Padel Club,7206,Court B,2026-09-24,08:00 - 09:00,125000,Available
2913_7206_09:00,2913,Ruang Padel Club,7206,Court B,2026-09-24,09:00 - 10:00,125000,Available
2913_7206_10:00,2913,Ruang Padel Club,7206,Court B,2026-09-24,10:00 - 11:00,125000,Available
2913_7206_11:00,2913,Ruang Padel Club,7206,Court B,2026-09-24,11:00 - 12:00,125000,Available
1487_2973_08:00,1487,NEX Padel Pulo Asem,2973,Striploin Court,2026-09-24,08:00 - 09:00,230000,Booked
1487_2973_09:00,1487,NEX Padel Pulo Asem,2973,Striploin Court,2026-09-24,09:00 - 10:00,230000,Booked
1487_2973_10:00,1487,NEX Padel Pulo Asem,2973,Striploin Court,2026-09-24,10:00 - 11:00,230000,Available
1487_2973_11:00,1487,NEX Padel Pulo Asem,2973,Striploin Court,2026-09-24,11:00 - 12:00,150000,Available
1487_2974_08:00,1487,NEX Padel Pulo Asem,2974,Ribeye Court,2026-09-24,08:00 - 09:00,230000,Booked
1487_2974_09:00,1487,NEX Padel Pulo Asem,2974,Ribeye Court,2026-09-24,09:00 - 10:00,230000,Booked
1487_2974_10:00,1487,NEX Padel Pulo Asem,2974,Ribeye Court,2026-09-24,10:00 - 11:00,230000,Available
1487_2974_11:00,1487,NEX Padel Pulo Asem,2974,Ribeye Court,2026-09-24,11:00 - 12:00,150000,Available
1726_3761_08:00,1726,Numa Padel,3761,Terra Court,2026-09-24,08:00 - 09:00,195000,Available
1726_3761_09:00,1726,Numa Padel,3761,Terra Court,2026-09-24,09:00 - 10:00,195000,Available
1726_3761_10:00,1726,Numa Padel,3761,Terra Court,2026-09-24,10:00 - 11:00,195000,Available
1726_3761_11:00,1726,Numa Padel,3761,Terra Court,2026-09-24,11:00 - 12:00,150000,Available
1726_3939_08:00,1726,Numa Padel,3939,Blue Court,2026-09-24,08:00 - 09:00,195000,Available
1726_3939_09:00,1726,Numa Padel,3939,Blue Court,2026-09-24,09:00 - 10:00,195000,Available
1726_3939_10:00,1726,Numa Padel,3939,Blue Court,2026-09-24,10:00 - 11:00,195000,Available
1726_3939_11:00,1726,Numa Padel,3939,Blue Court,2026-09-24,11:00 - 12:00,150000,Available
1726_3940_08:00,1726,Numa Padel,3940,Pink Court,2026-09-24,08:00 - 09:00,195000,Available
1726_3940_09:00,1726,Numa Padel,3940,Pink Court,2026-09-24,09:00 - 10:00,195000,Available
1726_3940_10:00,1726,Numa Padel,3940,Pink Court,2026-09-24,10:00 - 11:00,195000,Available
1726_3940_11:00,1726,Numa Padel,3940,Pink Court,2026-09-24,11:00 - 12:00,150000,Available
2005_4096_08:00,2005,Uncle Padel Court,4096,Court 1,2026-09-24,08:00 - 09:00,225000,Available
2005_4096_09:00,2005,Uncle Padel Court,4096,Court 1,2026-09-24,09:00 - 10:00,225000,Available
2005_4096_10:00,2005,Uncle Padel Court,4096,Court 1,2026-09-24,10:00 - 11:00,225000,Available
2005_4096_11:00,2005,Uncle Padel Court,4096,Court 1,2026-09-24,11:00 - 12:00,225000,Available
2005_7709_08:00,2005,Uncle Padel Court,7709,Court 2,2026-09-24,08:00 - 09:00,225000,Available
2005_7709_09:00,2005,Uncle Padel Court,7709,Court 2,2026-09-24,09:00 - 10:00,225000,Available
2005_7709_10:00,2005,Uncle Padel Court,7709,Court 2,2026-09-24,10:00 - 11:00,225000,Available
2005_7709_11:00,2005,Uncle Padel Court,7709,Court 2,2026-09-24,11:00 - 12:00,225000,Available
2005_7710_08:00,2005,Uncle Padel Court,7710,Court 3,2026-09-24,08:00 - 09:00,225000,Available
2005_7710_09:00,2005,Uncle Padel Court,7710,Court 3,2026-09-24,09:00 - 10:00,225000,Available
2005_7710_10:00,2005,Uncle Padel Court,7710,Court 3,2026-09-24,10:00 - 11:00,225000,Available
2005_7710_11:00,2005,Uncle Padel Court,7710,Court 3,2026-09-24,11:00 - 12:00,225000,Available
2005_7711_08:00,2005,Uncle Padel Court,7711,Court Terra,2026-09-24,08:00 - 09:00,238500,Available
2005_7711_09:00,2005,Uncle Padel Court,7711,Court Terra,2026-09-24,09:00 - 10:00,238500,Available
2005_7711_10:00,2005,Uncle Padel Court,7711,Court Terra,2026-09-24,10:00 - 11:00,238500,Available
2005_7711_11:00,2005,Uncle Padel Court,7711,Court Terra,2026-09-24,11:00 - 12:00,238500,Available
3705_9137_08:00,3705,East Court Padel - Cakung JGC,9137,Green Court,2026-09-24,08:00 - 09:00,165000,Available
3705_9137_09:00,3705,East Court Padel - Cakung JGC,9137,Green Court,2026-09-24,09:00 - 10:00,165000,Available
3705_9137_10:00,3705,East Court Padel - Cakung JGC,9137,Green Court,2026-09-24,10:00 - 11:00,165000,Available
3705_9137_11:00,3705,East Court Padel - Cakung JGC,9137,Green Court,2026-09-24,11:00 - 12:00,165000,Available
3705_9138_08:00,3705,East Court Padel - Cakung JGC,9138,Blue Court,2026-09-24,08:00 - 09:00,165000,Available
3705_9138_09:00,3705,East Court Padel - Cakung JGC,9138,Blue Court,2026-09-24,09:00 - 10:00,165000,Available
3705_9138_10:00,3705,East Court Padel - Cakung JGC,9138,Blue Court,2026-09-24,10:00 - 11:00,165000,Available
3705_9138_11:00,3705,East Court Padel - Cakung JGC,9138,Blue Court,2026-09-24,11:00 - 12:00,165000,Available
3705_9139_08:00,3705,East Court Padel - Cakung JGC,9139,Red Court,2026-09-24,08:00 - 09:00,165000,Available
3705_9139_09:00,3705,East Court Padel - Cakung JGC,9139,Red Court,2026-09-24,09:00 - 10:00,165000,Available
3705_9139_10:00,3705,East Court Padel - Cakung JGC,9139,Red Court,2026-09-24,10:00 - 11:00,165000,Available
3705_9139_11:00,3705,East Court Padel - Cakung JGC,9139,Red Court,2026-09-24,11:00 - 12:00,165000,Available
2709_6132_08:00,2709,Costa Padel & Social Club,6132,Court 1,2026-09-24,08:00 - 09:00,215000,Available
2709_6132_09:00,2709,Costa Padel & Social Club,6132,Court 1,2026-09-24,09:00 - 10:00,215000,Booked
2709_6132_10:00,2709,Costa Padel & Social Club,6132,Court 1,2026-09-24,10:00 - 11:00,215000,Booked
2709_6132_11:00,2709,Costa Padel & Social Club,6132,Court 1,2026-09-24,11:00 - 12:00,180000,Available
2709_8789_08:00,2709,Costa Padel & Social Club,8789,Court 2,2026-09-24,08:00 - 09:00,215000,Available
2709_8789_09:00,2709,Costa Padel & Social Club,8789,Court 2,2026-09-24,09:00 - 10:00,215000,Booked
2709_8789_10:00,2709,Costa Padel & Social Club,8789,Court 2,2026-09-24,10:00 - 11:00,215000,Booked
2709_8789_11:00,2709,Costa Padel & Social Club,8789,Court 2,2026-09-24,11:00 - 12:00,180000,Available
2709_8790_08:00,2709,Costa Padel & Social Club,8790,Court 3,2026-09-24,08:00 - 09:00,215000,Booked
2709_8790_09:00,2709,Costa Padel & Social Club,8790,Court 3,2026-09-24,09:00 - 10:00,215000,Booked
2709_8790_10:00,2709,Costa Padel & Social Club,8790,Court 3,2026-09-24,10:00 - 11:00,215000,Booked
2709_8790_11:00,2709,Costa Padel & Social Club,8790,Court 3,2026-09-24,11:00 - 12:00,180000,Available
2306_5465_08:00,2306,Wins Arena Ciracas - Padel,5465,Padel A - Panoramic,2026-09-24,08:00 - 09:00,99000,Available
2306_5465_09:00,2306,Wins Arena Ciracas - Padel,5465,Padel A - Panoramic,2026-09-24,09:00 - 10:00,99000,Available
2306_5465_10:00,2306,Wins Arena Ciracas - Padel,5465,Padel A - Panoramic,2026-09-24,10:00 - 11:00,99000,Available
2306_5465_11:00,2306,Wins Arena Ciracas - Padel,5465,Padel A - Panoramic,2026-09-24,11:00 - 12:00,99000,Available
2306_5657_08:00,2306,Wins Arena Ciracas - Padel,5657,Padel B - Super Panoramic,2026-09-24,08:00 - 09:00,99000,Available
2306_5657_09:00,2306,Wins Arena Ciracas - Padel,5657,Padel B - Super Panoramic,2026-09-24,09:00 - 10:00,99000,Available
2306_5657_10:00,2306,Wins Arena Ciracas - Padel,5657,Padel B - Super Panoramic,2026-09-24,10:00 - 11:00,99000,Available
2306_5657_11:00,2306,Wins Arena Ciracas - Padel,5657,Padel B - Super Panoramic,2026-09-24,11:00 - 12:00,99000,Available
2306_6351_08:00,2306,Wins Arena Ciracas - Padel,6351,Padel C - Super Panoramic,2026-09-24,08:00 - 09:00,99000,Available
2306_6351_09:00,2306,Wins Arena Ciracas - Padel,6351,Padel C - Super Panoramic,2026-09-24,09:00 - 10:00,99000,Available
2306_6351_10:00,2306,Wins Arena Ciracas - Padel,6351,Padel C - Super Panoramic,2026-09-24,10:00 - 11:00,99000,Available
2306_6351_11:00,2306,Wins Arena Ciracas - Padel,6351,Padel C - Super Panoramic,2026-09-24,11:00 - 12:00,99000,Available
3367_8197_08:00,3367,Goozone Padel Club,8197,Wind Court,2026-09-24,08:00 - 09:00,200000,Available
3367_8197_09:00,3367,Goozone Padel Club,8197,Wind Court,2026-09-24,09:00 - 10:00,200000,Available
3367_8197_10:00,3367,Goozone Padel Club,8197,Wind Court,2026-09-24,10:00 - 11:00,200000,Available
3367_8197_11:00,3367,Goozone Padel Club,8197,Wind Court,2026-09-24,11:00 - 12:00,185000,Available
3367_8198_08:00,3367,Goozone Padel Club,8198,Tulea Court,2026-09-24,08:00 - 09:00,200000,Available
3367_8198_09:00,3367,Goozone Padel Club,8198,Tulea Court,2026-09-24,09:00 - 10:00,200000,Booked
3367_8198_10:00,3367,Goozone Padel Club,8198,Tulea Court,2026-09-24,10:00 - 11:00,200000,Booked
3367_8198_11:00,3367,Goozone Padel Club,8198,Tulea Court,2026-09-24,11:00 - 12:00,185000,Available
3367_8199_09:00,3367,Goozone Padel Club,8199,Tree Court,2026-09-24,09:00 - 10:00,200000,Available
3367_8199_10:00,3367,Goozone Padel Club,8199,Tree Court,2026-09-24,10:00 - 11:00,200000,Available
3367_8199_11:00,3367,Goozone Padel Club,8199,Tree Court,2026-09-24,11:00 - 12:00,185000,Available
209_240_09:00,209,Wins Arena PG - Padel,240,Court A - Panoramic,2026-09-24,09:00 - 10:00,155000,Available
209_240_10:00,209,Wins Arena PG - Padel,240,Court A - Panoramic,2026-09-24,10:00 - 11:00,155000,Available
209_240_11:00,209,Wins Arena PG - Padel,240,Court A - Panoramic,2026-09-24,11:00 - 12:00,155000,Available
209_3705_09:00,209,Wins Arena PG - Padel,3705,Court B - Super Panoramic,2026-09-24,09:00 - 10:00,155000,Available
209_3705_10:00,209,Wins Arena PG - Padel,3705,Court B - Super Panoramic,2026-09-24,10:00 - 11:00,155000,Available
209_3705_11:00,209,Wins Arena PG - Padel,3705,Court B - Super Panoramic,2026-09-24,11:00 - 12:00,155000,Available
209_3706_09:00,209,Wins Arena PG - Padel,3706,Court C - Super Panoramic,2026-09-24,09:00 - 10:00,155000,Available
209_3706_10:00,209,Wins Arena PG - Padel,3706,Court C - Super Panoramic,2026-09-24,10:00 - 11:00,155000,Available
209_3706_11:00,209,Wins Arena PG - Padel,3706,Court C - Super Panoramic,2026-09-24,11:00 - 12:00,155000,Available
209_3707_09:00,209,Wins Arena PG - Padel,3707,Court D - Super Panoramic,2026-09-24,09:00 - 10:00,155000,Available
209_3707_10:00,209,Wins Arena PG - Padel,3707,Court D - Super Panoramic,2026-09-24,10:00 - 11:00,155000,Available
209_3707_11:00,209,Wins Arena PG - Padel,3707,Court D - Super Panoramic,2026-09-24,11:00 - 12:00,155000,Available
1389_2670_09:00,1389,Goedang Sports Centre,2670,Lapangan Futsal 2,2026-09-24,09:00 - 10:00,150000,Available
1389_2670_10:00,1389,Goedang Sports Centre,2670,Lapangan Futsal 2,2026-09-24,10:00 - 11:00,150000,Available
1389_2670_11:00,1389,Goedang Sports Centre,2670,Lapangan Futsal 2,2026-09-24,11:00 - 12:00,150000,Available
1389_2671_09:00,1389,Goedang Sports Centre,2671,Lapangan Futsal 3,2026-09-24,09:00 - 10:00,150000,Available
1389_2671_10:00,1389,Goedang Sports Centre,2671,Lapangan Futsal 3,2026-09-24,10:00 - 11:00,150000,Available
1389_2671_11:00,1389,Goedang Sports Centre,2671,Lapangan Futsal 3,2026-09-24,11:00 - 12:00,150000,Available
1389_2673_09:00,1389,Goedang Sports Centre,2673,Lapangan Basket 2,2026-09-24,09:00 - 10:00,170000,Available
1389_2673_10:00,1389,Goedang Sports Centre,2673,Lapangan Basket 2,2026-09-24,10:00 - 11:00,170000,Available
1389_2673_11:00,1389,Goedang Sports Centre,2673,Lapangan Basket 2,2026-09-24,11:00 - 12:00,170000,Available
1389_2674_09:00,1389,Goedang Sports Centre,2674,Lapangan Basket 3,2026-09-24,09:00 - 10:00,170000,Available
1389_2674_10:00,1389,Goedang Sports Centre,2674,Lapangan Basket 3,2026-09-24,10:00 - 11:00,170000,Available
1389_2674_11:00,1389,Goedang Sports Centre,2674,Lapangan Basket 3,2026-09-24,11:00 - 12:00,170000,Available
1389_3242_09:00,1389,Goedang Sports Centre,3242,Court 1 Padel,2026-09-24,09:00 - 10:00,80000,Booked
1389_3242_10:00,1389,Goedang Sports Centre,3242,Court 1 Padel,2026-09-24,10:00 - 11:00,80000,Booked
1389_3242_11:00,1389,Goedang Sports Centre,3242,Court 1 Padel,2026-09-24,11:00 - 12:00,80000,Available
1389_6531_09:00,1389,Goedang Sports Centre,6531,Court 2 Padel,2026-09-24,09:00 - 10:00,100000,Available
1389_6531_10:00,1389,Goedang Sports Centre,6531,Court 2 Padel,2026-09-24,10:00 - 11:00,100000,Available
1389_6531_11:00,1389,Goedang Sports Centre,6531,Court 2 Padel,2026-09-24,11:00 - 12:00,100000,Available
1389_6532_09:00,1389,Goedang Sports Centre,6532,court 3 Padel,2026-09-24,09:00 - 10:00,100000,Booked
1389_6532_10:00,1389,Goedang Sports Centre,6532,court 3 Padel,2026-09-24,10:00 - 11:00,100000,Available
1389_6532_11:00,1389,Goedang Sports Centre,6532,court 3 Padel,2026-09-24,11:00 - 12:00,100000,Available
1389_6533_09:00,1389,Goedang Sports Centre,6533,court 4 Padel,2026-09-24,09:00 - 10:00,100000,Booked
1389_6533_10:00,1389,Goedang Sports Centre,6533,court 4 Padel,2026-09-24,10:00 - 11:00,100000,Available
1389_6533_11:00,1389,Goedang Sports Centre,6533,court 4 Padel,2026-09-24,11:00 - 12:00,100000,Available
1883_4102_09:00,1883,Portside Padel Club,4102,Court A,2026-09-24,09:00 - 10:00,150000,Booked
1883_4102_10:00,1883,Portside Padel Club,4102,Court A,2026-09-24,10:00 - 11:00,150000,Booked
1883_4102_11:00,1883,Portside Padel Club,4102,Court A,2026-09-24,11:00 - 12:00,150000,Available
1883_7228_09:00,1883,Portside Padel Club,7228,Court B,2026-09-24,09:00 - 10:00,150000,Booked
1883_7228_10:00,1883,Portside Padel Club,7228,Court B,2026-09-24,10:00 - 11:00,150000,Booked
1883_7228_11:00,1883,Portside Padel Club,7228,Court B,2026-09-24,11:00 - 12:00,150000,Available
1883_7229_09:00,1883,Portside Padel Club,7229,Court C,2026-09-24,09:00 - 10:00,150000,Booked
1883_7229_10:00,1883,Portside Padel Club,7229,Court C,2026-09-24,10:00 - 11:00,150000,Available
1883_7229_11:00,1883,Portside Padel Club,7229,Court C,2026-09-24,11:00 - 12:00,150000,Available
1883_7230_09:00,1883,Portside Padel Club,7230,Court D,2026-09-24,09:00 - 10:00,150000,Booked
1883_7230_10:00,1883,Portside Padel Club,7230,Court D,2026-09-24,10:00 - 11:00,150000,Booked
1883_7230_11:00,1883,Portside Padel Club,7230,Court D,2026-09-24,11:00 - 12:00,150000,Available
1883_7231_09:00,1883,Portside Padel Club,7231,Center Court,2026-09-24,09:00 - 10:00,150000,Booked
1883_7231_10:00,1883,Portside Padel Club,7231,Center Court,2026-09-24,10:00 - 11:00,150000,Booked
1883_7231_11:00,1883,Portside Padel Club,7231,Center Court,2026-09-24,11:00 - 12:00,150000,Available
1731_3896_09:00,1731,Zeta Padel,3896,Court 1,2026-09-24,09:00 - 10:00,150000,Available
1731_3896_10:00,1731,Zeta Padel,3896,Court 1,2026-09-24,10:00 - 11:00,150000,Available
1731_3896_11:00,1731,Zeta Padel,3896,Court 1,2026-09-24,11:00 - 12:00,150000,Available
1731_5877_09:00,1731,Zeta Padel,5877,Court 2,2026-09-24,09:00 - 10:00,150000,Available
1731_5877_10:00,1731,Zeta Padel,5877,Court 2,2026-09-24,10:00 - 11:00,150000,Available
1731_5877_11:00,1731,Zeta Padel,5877,Court 2,2026-09-24,11:00 - 12:00,150000,Available
1731_5878_09:00,1731,Zeta Padel,5878,Court 3,2026-09-24,09:00 - 10:00,150000,Available
1731_5878_10:00,1731,Zeta Padel,5878,Court 3,2026-09-24,10:00 - 11:00,150000,Available
1731_5878_11:00,1731,Zeta Padel,5878,Court 3,2026-09-24,11:00 - 12:00,150000,Available
2481_5987_09:00,2481,Padeleon,5987,Pink Court A,2026-09-24,09:00 - 10:00,225000,Available
2481_5987_10:00,2481,Padeleon,5987,Pink Court A,2026-09-24,10:00 - 11:00,225000,Available
2481_5987_11:00,2481,Padeleon,5987,Pink Court A,2026-09-24,11:00 - 12:00,225000,Available
2481_5988_09:00,2481,Padeleon,5988,VIP Black Court B,2026-09-24,09:00 - 10:00,225000,Available
2481_5988_10:00,2481,Padeleon,5988,VIP Black Court B,2026-09-24,10:00 - 11:00,225000,Available
2481_5988_11:00,2481,Padeleon,5988,VIP Black Court B,2026-09-24,11:00 - 12:00,225000,Available
2481_5479_09:00,2481,Padeleon,5479,Blue Court C,2026-09-24,09:00 - 10:00,225000,Available
2481_5479_10:00,2481,Padeleon,5479,Blue Court C,2026-09-24,10:00 - 11:00,225000,Available
2481_5479_11:00,2481,Padeleon,5479,Blue Court C,2026-09-24,11:00 - 12:00,225000,Available
2481_5986_09:00,2481,Padeleon,5986,Blue Court D,2026-09-24,09:00 - 10:00,225000,Available
2481_5986_10:00,2481,Padeleon,5986,Blue Court D,2026-09-24,10:00 - 11:00,225000,Available
2481_5986_11:00,2481,Padeleon,5986,Blue Court D,2026-09-24,11:00 - 12:00,225000,Available
2550_5559_09:00,2550,"Kinetic Padel Arena, Harapan Indah Bekasi",5559,Court 1,2026-09-24,09:00 - 10:00,180000,Available
2550_5559_10:00,2550,"Kinetic Padel Arena, Harapan Indah Bekasi",5559,Court 1,2026-09-24,10:00 - 11:00,180000,Available
2550_5559_11:00,2550,"Kinetic Padel Arena, Harapan Indah Bekasi",5559,Court 1,2026-09-24,11:00 - 12:00,180000,Available
2550_6914_09:00,2550,"Kinetic Padel Arena, Harapan Indah Bekasi",6914,Court 2,2026-09-24,09:00 - 10:00,180000,Available
2550_6914_10:00,2550,"Kinetic Padel Arena, Harapan Indah Bekasi",6914,Court 2,2026-09-24,10:00 - 11:00,180000,Available
2550_6914_11:00,2550,"Kinetic Padel Arena, Harapan Indah Bekasi",6914,Court 2,2026-09-24,11:00 - 12:00,180000,Available
2550_6915_09:00,2550,"Kinetic Padel Arena, Harapan Indah Bekasi",6915,Court 3,2026-09-24,09:00 - 10:00,180000,Available
2550_6915_10:00,2550,"Kinetic Padel Arena, Harapan Indah Bekasi",6915,Court 3,2026-09-24,10:00 - 11:00,180000,Available
2550_6915_11:00,2550,"Kinetic Padel Arena, Harapan Indah Bekasi",6915,Court 3,2026-09-24,11:00 - 12:00,180000,Available
2550_6916_09:00,2550,"Kinetic Padel Arena, Harapan Indah Bekasi",6916,Court 4,2026-09-24,09:00 - 10:00,180000,Available
2550_6916_10:00,2550,"Kinetic Padel Arena, Harapan Indah Bekasi",6916,Court 4,2026-09-24,10:00 - 11:00,180000,Available
2550_6916_11:00,2550,"Kinetic Padel Arena, Harapan Indah Bekasi",6916,Court 4,2026-09-24,11:00 - 12:00,180000,Available
2550_6917_09:00,2550,"Kinetic Padel Arena, Harapan Indah Bekasi",6917,Court 5,2026-09-24,09:00 - 10:00,180000,Available
2550_6917_10:00,2550,"Kinetic Padel Arena, Harapan Indah Bekasi",6917,Court 5,2026-09-24,10:00 - 11:00,180000,Available
2550_6917_11:00,2550,"Kinetic Padel Arena, Harapan Indah Bekasi",6917,Court 5,2026-09-24,11:00 - 12:00,180000,Available
2550_6918_09:00,2550,"Kinetic Padel Arena, Harapan Indah Bekasi",6918,Court 6,2026-09-24,09:00 - 10:00,180000,Available
2550_6918_10:00,2550,"Kinetic Padel Arena, Harapan Indah Bekasi",6918,Court 6,2026-09-24,10:00 - 11:00,180000,Available
2550_6918_11:00,2550,"Kinetic Padel Arena, Harapan Indah Bekasi",6918,Court 6,2026-09-24,11:00 - 12:00,180000,Available
2550_6919_09:00,2550,"Kinetic Padel Arena, Harapan Indah Bekasi",6919,Court 7,2026-09-24,09:00 - 10:00,180000,Booked
2550_6919_10:00,2550,"Kinetic Padel Arena, Harapan Indah Bekasi",6919,Court 7,2026-09-24,10:00 - 11:00,180000,Booked
2550_6919_11:00,2550,"Kinetic Padel Arena, Harapan Indah Bekasi",6919,Court 7,2026-09-24,11:00 - 12:00,180000,Available
2550_6920_09:00,2550,"Kinetic Padel Arena, Harapan Indah Bekasi",6920,Court 8,2026-09-24,09:00 - 10:00,180000,Available
2550_6920_10:00,2550,"Kinetic Padel Arena, Harapan Indah Bekasi",6920,Court 8,2026-09-24,10:00 - 11:00,180000,Available
2550_6920_11:00,2550,"Kinetic Padel Arena, Harapan Indah Bekasi",6920,Court 8,2026-09-24,11:00 - 12:00,180000,Available
3186_7658_09:00,3186,AGS Padel,7658,Court 1,2026-09-24,09:00 - 10:00,150000,Booked
3186_7658_10:00,3186,AGS Padel,7658,Court 1,2026-09-24,10:00 - 11:00,150000,Available
3186_7658_11:00,3186,AGS Padel,7658,Court 1,2026-09-24,11:00 - 12:00,150000,Available
3186_10417_09:00,3186,AGS Padel,10417,Court 2,2026-09-24,09:00 - 10:00,150000,Available
3186_10417_10:00,3186,AGS Padel,10417,Court 2,2026-09-24,10:00 - 11:00,150000,Available
3186_10417_11:00,3186,AGS Padel,10417,Court 2,2026-09-24,11:00 - 12:00,150000,Available
3186_10418_09:00,3186,AGS Padel,10418,Court 3,2026-09-24,09:00 - 10:00,150000,Available
3186_10418_10:00,3186,AGS Padel,10418,Court 3,2026-09-24,10:00 - 11:00,150000,Available
3186_10418_11:00,3186,AGS Padel,10418,Court 3,2026-09-24,11:00 - 12:00,150000,Available
2372_5025_09:00,2372,El Tama Padel,5025,Lapangan Single,2026-09-24,09:00 - 10:00,115000,Booked
2372_5025_10:00,2372,El Tama Padel,5025,Lapangan Single,2026-09-24,10:00 - 11:00,115000,Available
2372_5025_11:00,2372,El Tama Padel,5025,Lapangan Single,2026-09-24,11:00 - 12:00,115000,Available
2372_6478_09:00,2372,El Tama Padel,6478,Lapangan Double,2026-09-24,09:00 - 10:00,190000,Booked
2372_6478_10:00,2372,El Tama Padel,6478,Lapangan Double,2026-09-24,10:00 - 11:00,190000,Booked
2372_6478_11:00,2372,El Tama Padel,6478,Lapangan Double,2026-09-24,11:00 - 12:00,190000,Available
2372_6479_09:00,2372,El Tama Padel,6479,Lapangan Combo,2026-09-24,09:00 - 10:00,254000,Booked
2372_6479_10:00,2372,El Tama Padel,6479,Lapangan Combo,2026-09-24,10:00 - 11:00,254000,Booked
2372_6479_11:00,2372,El Tama Padel,6479,Lapangan Combo,2026-09-24,11:00 - 12:00,254000,Available
1755_3569_09:00,1755,Get Padel Jakarta,3569,Court 1,2026-09-24,09:00 - 10:00,180000,Available
1755_3569_10:00,1755,Get Padel Jakarta,3569,Court 1,2026-09-24,10:00 - 11:00,180000,Booked
1755_3569_11:00,1755,Get Padel Jakarta,3569,Court 1,2026-09-24,11:00 - 12:00,150000,Booked
1755_6336_09:00,1755,Get Padel Jakarta,6336,Court 2,2026-09-24,09:00 - 10:00,180000,Available
1755_6336_10:00,1755,Get Padel Jakarta,6336,Court 2,2026-09-24,10:00 - 11:00,180000,Booked
1755_6336_11:00,1755,Get Padel Jakarta,6336,Court 2,2026-09-24,11:00 - 12:00,150000,Booked
1979_4053_09:00,1979,Majoo Padel Club - Cipinang Indah,4053,Court 1 [VIP],2026-09-24,09:00 - 10:00,380000,Available
1979_4053_10:00,1979,Majoo Padel Club - Cipinang Indah,4053,Court 1 [VIP],2026-09-24,10:00 - 11:00,330000,Available
1979_4053_11:00,1979,Majoo Padel Club - Cipinang Indah,4053,Court 1 [VIP],2026-09-24,11:00 - 12:00,330000,Available
1979_11140_09:00,1979,Majoo Padel Club - Cipinang Indah,11140,Court 2 [VIP],2026-09-24,09:00 - 10:00,380000,Available
1979_11140_10:00,1979,Majoo Padel Club - Cipinang Indah,11140,Court 2 [VIP],2026-09-24,10:00 - 11:00,330000,Available
1979_11140_11:00,1979,Majoo Padel Club - Cipinang Indah,11140,Court 2 [VIP],2026-09-24,11:00 - 12:00,330000,Available
1979_10620_09:00,1979,Majoo Padel Club - Cipinang Indah,10620,Court 3,2026-09-24,09:00 - 10:00,330000,Available
1979_10620_10:00,1979,Majoo Padel Club - Cipinang Indah,10620,Court 3,2026-09-24,10:00 - 11:00,280000,Available
1979_10620_11:00,1979,Majoo Padel Club - Cipinang Indah,10620,Court 3,2026-09-24,11:00 - 12:00,280000,Available
1979_11141_09:00,1979,Majoo Padel Club - Cipinang Indah,11141,Court 4,2026-09-24,09:00 - 10:00,330000,Available
1979_11141_10:00,1979,Majoo Padel Club - Cipinang Indah,11141,Court 4,2026-09-24,10:00 - 11:00,280000,Available
1979_11141_11:00,1979,Majoo Padel Club - Cipinang Indah,11141,Court 4,2026-09-24,11:00 - 12:00,280000,Available
1979_11142_09:00,1979,Majoo Padel Club - Cipinang Indah,11142,Court 5,2026-09-24,09:00 - 10:00,330000,Available
1979_11142_10:00,1979,Majoo Padel Club - Cipinang Indah,11142,Court 5,2026-09-24,10:00 - 11:00,280000,Available
1979_11142_11:00,1979,Majoo Padel Club - Cipinang Indah,11142,Court 5,2026-09-24,11:00 - 12:00,280000,Available
1979_11143_09:00,1979,Majoo Padel Club - Cipinang Indah,11143,Court 6,2026-09-24,09:00 - 10:00,330000,Available
1979_11143_10:00,1979,Majoo Padel Club - Cipinang Indah,11143,Court 6,2026-09-24,10:00 - 11:00,280000,Available
1979_11143_11:00,1979,Majoo Padel Club - Cipinang Indah,11143,Court 6,2026-09-24,11:00 - 12:00,280000,Available
2037_4213_09:00,2037,TIM Padel Club,4213,Court 1 - Blue,2026-09-24,09:00 - 10:00,100000,Available
2037_4213_10:00,2037,TIM Padel Club,4213,Court 1 - Blue,2026-09-24,10:00 - 11:00,100000,Available
2037_4213_11:00,2037,TIM Padel Club,4213,Court 1 - Blue,2026-09-24,11:00 - 12:00,100000,Available
2037_4214_09:00,2037,TIM Padel Club,4214,Court 2 - Terracota,2026-09-24,09:00 - 10:00,100000,Available
2037_4214_10:00,2037,TIM Padel Club,4214,Court 2 - Terracota,2026-09-24,10:00 - 11:00,100000,Available
2037_4214_11:00,2037,TIM Padel Club,4214,Court 2 - Terracota,2026-09-24,11:00 - 12:00,100000,Available
2286_4886_09:00,2286,Padel Holic,4886,Court 1 (FRONT),2026-09-24,09:00 - 10:00,125000,Available
2286_4886_10:00,2286,Padel Holic,4886,Court 1 (FRONT),2026-09-24,10:00 - 11:00,125000,Available
2286_4886_11:00,2286,Padel Holic,4886,Court 1 (FRONT),2026-09-24,11:00 - 12:00,125000,Available
2286_6726_09:00,2286,Padel Holic,6726,COURT 2 (MIDDLE),2026-09-24,09:00 - 10:00,125000,Available
2286_6726_10:00,2286,Padel Holic,6726,COURT 2 (MIDDLE),2026-09-24,10:00 - 11:00,125000,Available
2286_6726_11:00,2286,Padel Holic,6726,COURT 2 (MIDDLE),2026-09-24,11:00 - 12:00,125000,Available
2286_5125_09:00,2286,Padel Holic,5125,Court 3 (BACK),2026-09-24,09:00 - 10:00,125000,Available
2286_5125_10:00,2286,Padel Holic,5125,Court 3 (BACK),2026-09-24,10:00 - 11:00,125000,Available
2286_5125_11:00,2286,Padel Holic,5125,Court 3 (BACK),2026-09-24,11:00 - 12:00,125000,Available
2286_5126_09:00,2286,Padel Holic,5126,Court 4 (BACK),2026-09-24,09:00 - 10:00,125000,Available
2286_5126_10:00,2286,Padel Holic,5126,Court 4 (BACK),2026-09-24,10:00 - 11:00,125000,Available
2286_5126_11:00,2286,Padel Holic,5126,Court 4 (BACK),2026-09-24,11:00 - 12:00,125000,Available
3052_7152_09:00,3052,Infinity Padel Court,7152,Court 1 (Blue),2026-09-24,09:00 - 10:00,150000,Available
3052_7152_10:00,3052,Infinity Padel Court,7152,Court 1 (Blue),2026-09-24,10:00 - 11:00,150000,Available
3052_7152_11:00,3052,Infinity Padel Court,7152,Court 1 (Blue),2026-09-24,11:00 - 13:00,200000,Available
3052_7860_09:00,3052,Infinity Padel Court,7860,Court 2 (Pink),2026-09-24,09:00 - 10:00,150000,Available
3052_7860_10:00,3052,Infinity Padel Court,7860,Court 2 (Pink),2026-09-24,10:00 - 11:00,150000,Available
3052_7860_11:00,3052,Infinity Padel Court,7860,Court 2 (Pink),2026-09-24,11:00 - 13:00,200000,Available
3052_7861_09:00,3052,Infinity Padel Court,7861,Court 3 (Blue),2026-09-24,09:00 - 10:00,150000,Available
3052_7861_10:00,3052,Infinity Padel Court,7861,Court 3 (Blue),2026-09-24,10:00 - 11:00,150000,Available
3052_7861_11:00,3052,Infinity Padel Court,7861,Court 3 (Blue),2026-09-24,11:00 - 13:00,200000,Available
1499_6577_09:00,1499,The Grand Padel Pulomas,6577,Grand Tribune,2026-09-24,09:00 - 10:00,250000,Available
1499_6577_10:00,1499,The Grand Padel Pulomas,6577,Grand Tribune,2026-09-24,10:00 - 11:00,250000,Available
1499_6577_11:00,1499,The Grand Padel Pulomas,6577,Grand Tribune,2026-09-24,11:00 - 12:00,250000,Available
1499_3012_09:00,1499,The Grand Padel Pulomas,3012,Madrid 1,2026-09-24,09:00 - 10:00,250000,Available
1499_3012_10:00,1499,The Grand Padel Pulomas,3012,Madrid 1,2026-09-24,10:00 - 11:00,250000,Available
1499_3012_11:00,1499,The Grand Padel Pulomas,3012,Madrid 1,2026-09-24,11:00 - 12:00,250000,Available
1499_3013_09:00,1499,The Grand Padel Pulomas,3013,Dubai 2,2026-09-24,09:00 - 10:00,250000,Available
1499_3013_10:00,1499,The Grand Padel Pulomas,3013,Dubai 2,2026-09-24,10:00 - 11:00,250000,Available
1499_3013_11:00,1499,The Grand Padel Pulomas,3013,Dubai 2,2026-09-24,11:00 - 12:00,250000,Available
1499_3014_09:00,1499,The Grand Padel Pulomas,3014,Tokyo 3,2026-09-24,09:00 - 10:00,250000,Available
1499_3014_10:00,1499,The Grand Padel Pulomas,3014,Tokyo 3,2026-09-24,10:00 - 11:00,250000,Available
1499_3014_11:00,1499,The Grand Padel Pulomas,3014,Tokyo 3,2026-09-24,11:00 - 12:00,250000,Available
1499_3015_09:00,1499,The Grand Padel Pulomas,3015,New York 5,2026-09-24,09:00 - 10:00,250000,Available
1499_3015_10:00,1499,The Grand Padel Pulomas,3015,New York 5,2026-09-24,10:00 - 11:00,250000,Available
1499_3015_11:00,1499,The Grand Padel Pulomas,3015,New York 5,2026-09-24,11:00 - 12:00,250000,Available
2456_5219_09:00,2456,PADEL 5IVE,5219,Court A,2026-09-24,09:00 - 10:00,380000,Available
2456_5219_10:00,2456,PADEL 5IVE,5219,Court A,2026-09-24,10:00 - 11:00,380000,Available
2456_5219_11:00,2456,PADEL 5IVE,5219,Court A,2026-09-24,11:00 - 12:00,300000,Available
2456_5220_09:00,2456,PADEL 5IVE,5220,Court B,2026-09-24,09:00 - 10:00,380000,Booked
2456_5220_10:00,2456,PADEL 5IVE,5220,Court B,2026-09-24,10:00 - 11:00,380000,Available
2456_5220_11:00,2456,PADEL 5IVE,5220,Court B,2026-09-24,11:00 - 12:00,300000,Booked
2456_5221_09:00,2456,PADEL 5IVE,5221,Court C,2026-09-24,09:00 - 10:00,380000,Booked
2456_5221_10:00,2456,PADEL 5IVE,5221,Court C,2026-09-24,10:00 - 11:00,380000,Available
2456_5221_11:00,2456,PADEL 5IVE,5221,Court C,2026-09-24,11:00 - 12:00,300000,Available
2456_6215_09:00,2456,PADEL 5IVE,6215,Court D,2026-09-24,09:00 - 10:00,380000,Booked
2456_6215_10:00,2456,PADEL 5IVE,6215,Court D,2026-09-24,10:00 - 11:00,380000,Booked
2456_6215_11:00,2456,PADEL 5IVE,6215,Court D,2026-09-24,11:00 - 12:00,300000,Available
2456_6216_09:00,2456,PADEL 5IVE,6216,Court E,2026-09-24,09:00 - 10:00,380000,Available
2456_6216_10:00,2456,PADEL 5IVE,6216,Court E,2026-09-24,10:00 - 11:00,380000,Available
2456_6216_11:00,2456,PADEL 5IVE,6216,Court E,2026-09-24,11:00 - 12:00,300000,Booked
2456_7189_09:00,2456,PADEL 5IVE,7189,VIP LOUNGE (NO COURT),2026-09-24,09:00 - 10:00,280000,Available
2456_7189_10:00,2456,PADEL 5IVE,7189,VIP LOUNGE (NO COURT),2026-09-24,10:00 - 11:00,280000,Available
2456_7189_11:00,2456,PADEL 5IVE,7189,VIP LOUNGE (NO COURT),2026-09-24,11:00 - 12:00,280000,Available
2341_4932_09:00,2341,Pop Padel,4932,Court 1,2026-09-24,09:00 - 10:00,190000,Booked
2341_4932_10:00,2341,Pop Padel,4932,Court 1,2026-09-24,10:00 - 11:00,190000,Available
2341_4932_11:00,2341,Pop Padel,4932,Court 1,2026-09-24,11:00 - 12:00,175000,Booked
2341_4933_09:00,2341,Pop Padel,4933,Court 2,2026-09-24,09:00 - 10:00,190000,Booked
2341_4933_10:00,2341,Pop Padel,4933,Court 2,2026-09-24,10:00 - 11:00,190000,Available
2341_4933_11:00,2341,Pop Padel,4933,Court 2,2026-09-24,11:00 - 12:00,175000,Booked
2341_4934_09:00,2341,Pop Padel,4934,Court 3,2026-09-24,09:00 - 10:00,190000,Booked
2341_4934_10:00,2341,Pop Padel,4934,Court 3,2026-09-24,10:00 - 11:00,190000,Available
2341_4934_11:00,2341,Pop Padel,4934,Court 3,2026-09-24,11:00 - 12:00,175000,Available
2557_5548_09:00,2557,Djatinegara Padel,5548,Court 1,2026-09-24,09:00 - 10:00,135000,Booked
2557_5548_10:00,2557,Djatinegara Padel,5548,Court 1,2026-09-24,10:00 - 11:00,135000,Available
2557_5548_11:00,2557,Djatinegara Padel,5548,Court 1,2026-09-24,11:00 - 12:00,135000,Available
2557_6466_09:00,2557,Djatinegara Padel,6466,Court 2,2026-09-24,09:00 - 10:00,135000,Booked
2557_6466_10:00,2557,Djatinegara Padel,6466,Court 2,2026-09-24,10:00 - 11:00,135000,Available
2557_6466_11:00,2557,Djatinegara Padel,6466,Court 2,2026-09-24,11:00 - 12:00,135000,Available
4249_10520_09:00,4249,The pop padel arena,10520,Court 1,2026-09-24,09:00 - 10:00,169000,Available
4249_10520_10:00,4249,The pop padel arena,10520,Court 1,2026-09-24,10:00 - 11:00,125000,Available
4249_10520_11:00,4249,The pop padel arena,10520,Court 1,2026-09-24,11:00 - 12:00,125000,Available
4249_11392_09:00,4249,The pop padel arena,11392,Court 2,2026-09-24,09:00 - 10:00,169000,Available
4249_11392_10:00,4249,The pop padel arena,11392,Court 2,2026-09-24,10:00 - 11:00,125000,Available
4249_11392_11:00,4249,The pop padel arena,11392,Court 2,2026-09-24,11:00 - 12:00,125000,Available
4249_11393_09:00,4249,The pop padel arena,11393,Court 3,2026-09-24,09:00 - 10:00,169000,Available
4249_11393_10:00,4249,The pop padel arena,11393,Court 3,2026-09-24,10:00 - 11:00,125000,Available
4249_11393_11:00,4249,The pop padel arena,11393,Court 3,2026-09-24,11:00 - 12:00,125000,Available
4249_11394_09:00,4249,The pop padel arena,11394,Court 4,2026-09-24,09:00 - 10:00,169000,Available
4249_11394_10:00,4249,The pop padel arena,11394,Court 4,2026-09-24,10:00 - 11:00,125000,Available
4249_11394_11:00,4249,The pop padel arena,11394,Court 4,2026-09-24,11:00 - 12:00,125000,Available
3606_8959_10:00,3606,Matchaus Padel & Pickleball,8959,Court 1,2026-09-24,10:00 - 11:00,99000,Available
3606_8959_11:00,3606,Matchaus Padel & Pickleball,8959,Court 1,2026-09-24,11:00 - 12:00,99000,Available
3606_8960_10:00,3606,Matchaus Padel & Pickleball,8960,Court 2,2026-09-24,10:00 - 11:00,99000,Available
3606_8960_11:00,3606,Matchaus Padel & Pickleball,8960,Court 2,2026-09-24,11:00 - 12:00,99000,Available
3606_8961_10:00,3606,Matchaus Padel & Pickleball,8961,Court 3,2026-09-24,10:00 - 11:00,99000,Available
3606_8961_11:00,3606,Matchaus Padel & Pickleball,8961,Court 3,2026-09-24,11:00 - 12:00,99000,Available
3606_8962_10:00,3606,Matchaus Padel & Pickleball,8962,Court 4,2026-09-24,10:00 - 11:00,99000,Available
3606_8962_11:00,3606,Matchaus Padel & Pickleball,8962,Court 4,2026-09-24,11:00 - 12:00,99000,Available
3606_8963_10:00,3606,Matchaus Padel & Pickleball,8963,VIP A,2026-09-24,10:00 - 11:00,245000,Available
3606_8963_11:00,3606,Matchaus Padel & Pickleball,8963,VIP A,2026-09-24,11:00 - 12:00,245000,Available
3606_8964_10:00,3606,Matchaus Padel & Pickleball,8964,VIP B,2026-09-24,10:00 - 11:00,245000,Available
3606_8964_11:00,3606,Matchaus Padel & Pickleball,8964,VIP B,2026-09-24,11:00 - 12:00,245000,Available
3606_8965_10:00,3606,Matchaus Padel & Pickleball,8965,Court A,2026-09-24,10:00 - 11:00,100000,Available
3606_8965_11:00,3606,Matchaus Padel & Pickleball,8965,Court A,2026-09-24,11:00 - 12:00,100000,Available
3606_8966_10:00,3606,Matchaus Padel & Pickleball,8966,Court B,2026-09-24,10:00 - 11:00,100000,Available
3606_8966_11:00,3606,Matchaus Padel & Pickleball,8966,Court B,2026-09-24,11:00 - 12:00,100000,Available
4347_10797_09:00,4347,Interspace Padel,10797,Court 1 Blue,2026-09-24,09:00 - 10:00,150000,Available
4347_10797_10:00,4347,Interspace Padel,10797,Court 1 Blue,2026-09-24,10:00 - 11:00,150000,Available
4347_10797_11:00,4347,Interspace Padel,10797,Court 1 Blue,2026-09-24,11:00 - 12:00,150000,Available
4347_10800_09:00,4347,Interspace Padel,10800,Court 2 Blue,2026-09-24,09:00 - 10:00,150000,Available
4347_10800_10:00,4347,Interspace Padel,10800,Court 2 Blue,2026-09-24,10:00 - 11:00,150000,Available
4347_10800_11:00,4347,Interspace Padel,10800,Court 2 Blue,2026-09-24,11:00 - 12:00,150000,Available
4347_10801_09:00,4347,Interspace Padel,10801,Court 1 Terracotta,2026-09-24,09:00 - 10:00,150000,Available
4347_10801_10:00,4347,Interspace Padel,10801,Court 1 Terracotta,2026-09-24,10:00 - 11:00,150000,Available
4347_10801_11:00,4347,Interspace Padel,10801,Court 1 Terracotta,2026-09-24,11:00 - 12:00,150000,Available
4347_10802_09:00,4347,Interspace Padel,10802,Court 2 Terracotta,2026-09-24,09:00 - 10:00,150000,Available
4347_10802_10:00,4347,Interspace Padel,10802,Court 2 Terracotta,2026-09-24,10:00 - 11:00,150000,Available
4347_10802_11:00,4347,Interspace Padel,10802,Court 2 Terracotta,2026-09-24,11:00 - 12:00,150000,Available
1668_3399_09:00,1668,Pace Padel Club,3399,Court 1,2026-09-24,09:00 - 10:00,249000,Booked
1668_3399_10:00,1668,Pace Padel Club,3399,Court 1,2026-09-24,10:00 - 11:00,249000,Booked
1668_3399_11:00,1668,Pace Padel Club,3399,Court 1,2026-09-24,11:00 - 12:00,249000,Available
1668_3673_09:00,1668,Pace Padel Club,3673,Court 2,2026-09-24,09:00 - 10:00,249000,Booked
1668_3673_10:00,1668,Pace Padel Club,3673,Court 2,2026-09-24,10:00 - 11:00,249000,Booked
1668_3673_11:00,1668,Pace Padel Club,3673,Court 2,2026-09-24,11:00 - 12:00,249000,Available
1668_3674_09:00,1668,Pace Padel Club,3674,Court 3,2026-09-24,09:00 - 10:00,249000,Booked
1668_3674_10:00,1668,Pace Padel Club,3674,Court 3,2026-09-24,10:00 - 11:00,249000,Booked
1668_3674_11:00,1668,Pace Padel Club,3674,Court 3,2026-09-24,11:00 - 12:00,249000,Available
1668_3675_09:00,1668,Pace Padel Club,3675,Court 4,2026-09-24,09:00 - 10:00,249000,Booked
1668_3675_10:00,1668,Pace Padel Club,3675,Court 4,2026-09-24,10:00 - 11:00,249000,Booked
1668_3675_11:00,1668,Pace Padel Club,3675,Court 4,2026-09-24,11:00 - 12:00,249000,Available
3311_8005_09:00,3311,The Inner Padel Club,8005,Court 1,2026-09-24,09:00 - 10:00,215000,Available
3311_8005_10:00,3311,The Inner Padel Club,8005,Court 1,2026-09-24,10:00 - 11:00,215000,Available
3311_8005_11:00,3311,The Inner Padel Club,8005,Court 1,2026-09-24,11:00 - 12:00,215000,Available
3311_8008_09:00,3311,The Inner Padel Club,8008,Court 2,2026-09-24,09:00 - 10:00,215000,Available
3311_8008_10:00,3311,The Inner Padel Club,8008,Court 2,2026-09-24,10:00 - 11:00,215000,Available
3311_8008_11:00,3311,The Inner Padel Club,8008,Court 2,2026-09-24,11:00 - 12:00,215000,Available
4514_11483_09:00,4514,Mezz Padel,11483,Court 1,2026-09-24,09:00 - 10:00,199000,Available
4514_11483_10:00,4514,Mezz Padel,11483,Court 1,2026-09-24,10:00 - 11:00,199000,Available
4514_11483_11:00,4514,Mezz Padel,11483,Court 1,2026-09-24,11:00 - 12:00,199000,Available
4514_12083_09:00,4514,Mezz Padel,12083,Court 2,2026-09-24,09:00 - 10:00,199000,Available
4514_12083_10:00,4514,Mezz Padel,12083,Court 2,2026-09-24,10:00 - 11:00,199000,Available
4514_12083_11:00,4514,Mezz Padel,12083,Court 2,2026-09-24,11:00 - 12:00,199000,Available
4514_12085_09:00,4514,Mezz Padel,12085,Court 3,2026-09-24,09:00 - 10:00,199000,Available
4514_12085_10:00,4514,Mezz Padel,12085,Court 3,2026-09-24,10:00 - 11:00,199000,Available
4514_12085_11:00,4514,Mezz Padel,12085,Court 3,2026-09-24,11:00 - 12:00,199000,Available
4514_12086_09:00,4514,Mezz Padel,12086,Court 4,2026-09-24,09:00 - 10:00,199000,Available
4514_12086_10:00,4514,Mezz Padel,12086,Court 4,2026-09-24,10:00 - 11:00,199000,Available
4514_12086_11:00,4514,Mezz Padel,12086,Court 4,2026-09-24,11:00 - 12:00,199000,Available
4894_12859_09:00,4894,Laga Padel,12859,Court 1,2026-09-24,09:00 - 10:00,150000,Available
4894_12859_10:00,4894,Laga Padel,12859,Court 1,2026-09-24,10:00 - 11:00,150000,Booked
4894_12859_11:00,4894,Laga Padel,12859,Court 1,2026-09-24,11:00 - 12:00,150000,Booked
4894_13085_09:00,4894,Laga Padel,13085,Court 2,2026-09-24,09:00 - 10:00,150000,Booked
4894_13085_10:00,4894,Laga Padel,13085,Court 2,2026-09-24,10:00 - 11:00,150000,Booked
4894_13085_11:00,4894,Laga Padel,13085,Court 2,2026-09-24,11:00 - 12:00,150000,Booked
4894_13086_09:00,4894,Laga Padel,13086,Court 3,2026-09-24,09:00 - 10:00,150000,Booked
4894_13086_10:00,4894,Laga Padel,13086,Court 3,2026-09-24,10:00 - 11:00,150000,Booked
4894_13086_11:00,4894,Laga Padel,13086,Court 3,2026-09-24,11:00 - 12:00,150000,Booked
4894_13088_09:00,4894,Laga Padel,13088,Court 4,2026-09-24,09:00 - 10:00,150000,Available
4894_13088_10:00,4894,Laga Padel,13088,Court 4,2026-09-24,10:00 - 11:00,150000,Booked
4894_13088_11:00,4894,Laga Padel,13088,Court 4,2026-09-24,11:00 - 12:00,150000,Booked
3117_7369_12:00,3117,HDR Padel,7369,Court 1,2026-09-24,12:00 - 13:00,125000,Available
3117_7369_13:00,3117,HDR Padel,7369,Court 1,2026-09-24,13:00 - 14:00,125000,Available
3117_7369_14:00,3117,HDR Padel,7369,Court 1,2026-09-24,14:00 - 15:00,125000,Available
3117_7369_15:00,3117,HDR Padel,7369,Court 1,2026-09-24,15:00 - 16:00,125000,Available
3117_7369_16:00,3117,HDR Padel,7369,Court 1,2026-09-24,16:00 - 17:00,125000,Available
3117_7622_12:00,3117,HDR Padel,7622,Court 2,2026-09-24,12:00 - 13:00,125000,Available
3117_7622_13:00,3117,HDR Padel,7622,Court 2,2026-09-24,13:00 - 14:00,125000,Available
3117_7622_14:00,3117,HDR Padel,7622,Court 2,2026-09-24,14:00 - 15:00,125000,Available
3117_7622_15:00,3117,HDR Padel,7622,Court 2,2026-09-24,15:00 - 16:00,125000,Available
3117_7622_16:00,3117,HDR Padel,7622,Court 2,2026-09-24,16:00 - 17:00,125000,Available
3758_9284_12:00,3758,ZAGO PADEL,9284,Court A,2026-09-24,12:00 - 13:00,50000,Available
3758_9284_13:00,3758,ZAGO PADEL,9284,Court A,2026-09-24,13:00 - 14:00,50000,Booked
3758_9284_14:00,3758,ZAGO PADEL,9284,Court A,2026-09-24,14:00 - 15:00,50000,Booked
3758_9284_15:00,3758,ZAGO PADEL,9284,Court A,2026-09-24,15:00 - 16:00,50000,Available
3758_9284_16:00,3758,ZAGO PADEL,9284,Court A,2026-09-24,16:00 - 17:00,99000,Available
3758_9304_12:00,3758,ZAGO PADEL,9304,COURT B,2026-09-24,12:00 - 13:00,50000,Booked
3758_9304_13:00,3758,ZAGO PADEL,9304,COURT B,2026-09-24,13:00 - 14:00,50000,Booked
3758_9304_14:00,3758,ZAGO PADEL,9304,COURT B,2026-09-24,14:00 - 15:00,50000,Booked
3758_9304_15:00,3758,ZAGO PADEL,9304,COURT B,2026-09-24,15:00 - 16:00,50000,Booked
3758_9304_16:00,3758,ZAGO PADEL,9304,COURT B,2026-09-24,16:00 - 17:00,99000,Available
3758_9305_12:00,3758,ZAGO PADEL,9305,COURT C,2026-09-24,12:00 - 13:00,50000,Available
3758_9305_13:00,3758,ZAGO PADEL,9305,COURT C,2026-09-24,13:00 - 14:00,50000,Available
3758_9305_14:00,3758,ZAGO PADEL,9305,COURT C,2026-09-24,14:00 - 15:00,50000,Available
3758_9305_15:00,3758,ZAGO PADEL,9305,COURT C,2026-09-24,15:00 - 16:00,50000,Available
3758_9305_16:00,3758,ZAGO PADEL,9305,COURT C,2026-09-24,16:00 - 17:00,99000,Available
3758_9306_12:00,3758,ZAGO PADEL,9306,COURT D,2026-09-24,12:00 - 13:00,50000,Available
3758_9306_13:00,3758,ZAGO PADEL,9306,COURT D,2026-09-24,13:00 - 14:00,50000,Available
3758_9306_14:00,3758,ZAGO PADEL,9306,COURT D,2026-09-24,14:00 - 15:00,50000,Available
3758_9306_15:00,3758,ZAGO PADEL,9306,COURT D,2026-09-24,15:00 - 16:00,50000,Booked
3758_9306_16:00,3758,ZAGO PADEL,9306,COURT D,2026-09-24,16:00 - 17:00,99000,Available
2701_6035_12:00,2701,Far East Padel - GROVES,6035,Court - One,2026-09-24,12:00 - 13:00,125000,Available
2701_6035_13:00,2701,Far East Padel - GROVES,6035,Court - One,2026-09-24,13:00 - 14:00,125000,Booked
2701_6035_14:00,2701,Far East Padel - GROVES,6035,Court - One,2026-09-24,14:00 - 15:00,125000,Booked
2701_6035_15:00,2701,Far East Padel - GROVES,6035,Court - One,2026-09-24,15:00 - 16:00,125000,Booked
2701_6035_16:00,2701,Far East Padel - GROVES,6035,Court - One,2026-09-24,16:00 - 17:00,125000,Booked
2701_6036_12:00,2701,Far East Padel - GROVES,6036,Court - Two,2026-09-24,12:00 - 13:00,125000,Booked
2701_6036_13:00,2701,Far East Padel - GROVES,6036,Court - Two,2026-09-24,13:00 - 14:00,125000,Booked
2701_6036_14:00,2701,Far East Padel - GROVES,6036,Court - Two,2026-09-24,14:00 - 15:00,125000,Booked
2701_6036_15:00,2701,Far East Padel - GROVES,6036,Court - Two,2026-09-24,15:00 - 16:00,125000,Booked
2701_6036_16:00,2701,Far East Padel - GROVES,6036,Court - Two,2026-09-24,16:00 - 17:00,125000,Booked
2701_6037_12:00,2701,Far East Padel - GROVES,6037,Court - Three,2026-09-24,12:00 - 13:00,125000,Booked
2701_6037_13:00,2701,Far East Padel - GROVES,6037,Court - Three,2026-09-24,13:00 - 14:00,125000,Booked
2701_6037_14:00,2701,Far East Padel - GROVES,6037,Court - Three,2026-09-24,14:00 - 15:00,125000,Booked
2701_6037_15:00,2701,Far East Padel - GROVES,6037,Court - Three,2026-09-24,15:00 - 16:00,125000,Booked
2701_6037_16:00,2701,Far East Padel - GROVES,6037,Court - Three,2026-09-24,16:00 - 17:00,125000,Booked
2274_6930_13:00,2274,Far East Padel - HERO,6930,Court - One,2026-09-24,13:00 - 14:00,125000,Available
2274_6930_14:00,2274,Far East Padel - HERO,6930,Court - One,2026-09-24,14:00 - 15:00,125000,Available
2274_6930_15:00,2274,Far East Padel - HERO,6930,Court - One,2026-09-24,15:00 - 16:00,125000,Available
2274_6930_16:00,2274,Far East Padel - HERO,6930,Court - One,2026-09-24,16:00 - 17:00,125000,Booked
2274_6930_17:00,2274,Far East Padel - HERO,6930,Court - One,2026-09-24,17:00 - 18:00,125000,Booked
2274_6933_13:00,2274,Far East Padel - HERO,6933,Court - Two,2026-09-24,13:00 - 14:00,125000,Booked
2274_6933_14:00,2274,Far East Padel - HERO,6933,Court - Two,2026-09-24,14:00 - 15:00,125000,Available
2274_6933_15:00,2274,Far East Padel - HERO,6933,Court - Two,2026-09-24,15:00 - 16:00,125000,Booked
2274_6933_16:00,2274,Far East Padel - HERO,6933,Court - Two,2026-09-24,16:00 - 17:00,125000,Booked
2274_6933_17:00,2274,Far East Padel - HERO,6933,Court - Two,2026-09-24,17:00 - 18:00,125000,Booked
2274_6929_13:00,2274,Far East Padel - HERO,6929,Court - Three,2026-09-24,13:00 - 14:00,125000,Available
2274_6929_14:00,2274,Far East Padel - HERO,6929,Court - Three,2026-09-24,14:00 - 15:00,125000,Available
2274_6929_15:00,2274,Far East Padel - HERO,6929,Court - Three,2026-09-24,15:00 - 16:00,125000,Available
2274_6929_16:00,2274,Far East Padel - HERO,6929,Court - Three,2026-09-24,16:00 - 17:00,125000,Booked
2274_6929_17:00,2274,Far East Padel - HERO,6929,Court - Three,2026-09-24,17:00 - 18:00,125000,Booked
3518_8657_12:00,3518,Fitera Padel,8657,Fit Court,2026-09-24,12:00 - 13:00,150000,Available
3518_8657_13:00,3518,Fitera Padel,8657,Fit Court,2026-09-24,13:00 - 14:00,195000,Available
3518_8657_14:00,3518,Fitera Padel,8657,Fit Court,2026-09-24,14:00 - 15:00,195000,Available
3518_8657_15:00,3518,Fitera Padel,8657,Fit Court,2026-09-24,15:00 - 16:00,195000,Available
3518_8657_16:00,3518,Fitera Padel,8657,Fit Court,2026-09-24,16:00 - 17:00,235000,Available
3518_9730_12:00,3518,Fitera Padel,9730,Era Court,2026-09-24,12:00 - 13:00,150000,Available
3518_9730_13:00,3518,Fitera Padel,9730,Era Court,2026-09-24,13:00 - 14:00,195000,Available
3518_9730_14:00,3518,Fitera Padel,9730,Era Court,2026-09-24,14:00 - 15:00,195000,Available
3518_9730_15:00,3518,Fitera Padel,9730,Era Court,2026-09-24,15:00 - 16:00,195000,Available
3518_9730_16:00,3518,Fitera Padel,9730,Era Court,2026-09-24,16:00 - 17:00,235000,Available
2241_4842_12:00,2241,Padel Green Pramuka City,4842,Court 1,2026-09-24,12:00 - 13:00,150000,Available
2241_4842_13:00,2241,Padel Green Pramuka City,4842,Court 1,2026-09-24,13:00 - 14:00,150000,Available
2241_4842_14:00,2241,Padel Green Pramuka City,4842,Court 1,2026-09-24,14:00 - 15:00,150000,Booked
2241_4842_15:00,2241,Padel Green Pramuka City,4842,Court 1,2026-09-24,15:00 - 16:00,150000,Booked
2241_4842_16:00,2241,Padel Green Pramuka City,4842,Court 1,2026-09-24,16:00 - 18:00,500000,Available
2241_6662_12:00,2241,Padel Green Pramuka City,6662,Court 2,2026-09-24,12:00 - 13:00,150000,Available
2241_6662_13:00,2241,Padel Green Pramuka City,6662,Court 2,2026-09-24,13:00 - 14:00,150000,Available
2241_6662_14:00,2241,Padel Green Pramuka City,6662,Court 2,2026-09-24,14:00 - 15:00,150000,Available
2241_6662_15:00,2241,Padel Green Pramuka City,6662,Court 2,2026-09-24,15:00 - 16:00,150000,Available
2241_6662_16:00,2241,Padel Green Pramuka City,6662,Court 2,2026-09-24,16:00 - 18:00,500000,Available
2241_6663_12:00,2241,Padel Green Pramuka City,6663,Court 3,2026-09-24,12:00 - 13:00,150000,Booked
2241_6663_13:00,2241,Padel Green Pramuka City,6663,Court 3,2026-09-24,13:00 - 14:00,150000,Available
2241_6663_14:00,2241,Padel Green Pramuka City,6663,Court 3,2026-09-24,14:00 - 15:00,150000,Booked
2241_6663_15:00,2241,Padel Green Pramuka City,6663,Court 3,2026-09-24,15:00 - 16:00,150000,Booked
2241_6663_16:00,2241,Padel Green Pramuka City,6663,Court 3,2026-09-24,16:00 - 18:00,500000,Available
2473_5557_12:00,2473,One Padel,5557,Court 1,2026-09-24,12:00 - 13:00,100000,Available
2473_5557_13:00,2473,One Padel,5557,Court 1,2026-09-24,13:00 - 14:00,100000,Available
2473_5557_14:00,2473,One Padel,5557,Court 1,2026-09-24,14:00 - 15:00,100000,Available
2473_5557_15:00,2473,One Padel,5557,Court 1,2026-09-24,15:00 - 16:00,100000,Available
2473_5557_16:00,2473,One Padel,5557,Court 1,2026-09-24,16:00 - 17:00,100000,Available
3932_9697_12:00,3932,Casa De Padel Grande,9697,Uno Court,2026-09-24,12:00 - 13:00,150000,Available
3932_9697_13:00,3932,Casa De Padel Grande,9697,Uno Court,2026-09-24,13:00 - 14:00,150000,Available
3932_9697_14:00,3932,Casa De Padel Grande,9697,Uno Court,2026-09-24,14:00 - 15:00,150000,Available
3932_9697_15:00,3932,Casa De Padel Grande,9697,Uno Court,2026-09-24,15:00 - 16:00,150000,Available
3932_9697_16:00,3932,Casa De Padel Grande,9697,Uno Court,2026-09-24,16:00 - 17:00,200000,Available
3932_9698_12:00,3932,Casa De Padel Grande,9698,Dos Court,2026-09-24,12:00 - 13:00,150000,Available
3932_9698_13:00,3932,Casa De Padel Grande,9698,Dos Court,2026-09-24,13:00 - 14:00,150000,Available
3932_9698_14:00,3932,Casa De Padel Grande,9698,Dos Court,2026-09-24,14:00 - 15:00,150000,Available
3932_9698_15:00,3932,Casa De Padel Grande,9698,Dos Court,2026-09-24,15:00 - 16:00,150000,Available
3932_9698_16:00,3932,Casa De Padel Grande,9698,Dos Court,2026-09-24,16:00 - 17:00,200000,Available
3932_9699_12:00,3932,Casa De Padel Grande,9699,Tres Court,2026-09-24,12:00 - 13:00,150000,Available
3932_9699_13:00,3932,Casa De Padel Grande,9699,Tres Court,2026-09-24,13:00 - 14:00,150000,Available
3932_9699_14:00,3932,Casa De Padel Grande,9699,Tres Court,2026-09-24,14:00 - 15:00,150000,Available
3932_9699_15:00,3932,Casa De Padel Grande,9699,Tres Court,2026-09-24,15:00 - 16:00,150000,Available
3932_9699_16:00,3932,Casa De Padel Grande,9699,Tres Court,2026-09-24,16:00 - 17:00,200000,Booked
2343_4937_12:00,2343,Jet Padel,4937,Lapangan Padel 1,2026-09-24,12:00 - 13:00,160000,Available
2343_4937_13:00,2343,Jet Padel,4937,Lapangan Padel 1,2026-09-24,13:00 - 14:00,160000,Available
2343_4937_14:00,2343,Jet Padel,4937,Lapangan Padel 1,2026-09-24,14:00 - 15:00,160000,Available
2343_4937_15:00,2343,Jet Padel,4937,Lapangan Padel 1,2026-09-24,15:00 - 16:00,160000,Available
2343_4937_16:00,2343,Jet Padel,4937,Lapangan Padel 1,2026-09-24,16:00 - 17:00,160000,Available
2343_4938_12:00,2343,Jet Padel,4938,Lapangan Padel 2,2026-09-24,12:00 - 13:00,160000,Available
2343_4938_13:00,2343,Jet Padel,4938,Lapangan Padel 2,2026-09-24,13:00 - 14:00,160000,Available
2343_4938_14:00,2343,Jet Padel,4938,Lapangan Padel 2,2026-09-24,14:00 - 15:00,160000,Available
2343_4938_15:00,2343,Jet Padel,4938,Lapangan Padel 2,2026-09-24,15:00 - 16:00,160000,Available
2343_4938_16:00,2343,Jet Padel,4938,Lapangan Padel 2,2026-09-24,16:00 - 17:00,160000,Available
2343_4939_12:00,2343,Jet Padel,4939,Lapangan Padel 3,2026-09-24,12:00 - 13:00,160000,Available
2343_4939_13:00,2343,Jet Padel,4939,Lapangan Padel 3,2026-09-24,13:00 - 14:00,160000,Available
2343_4939_14:00,2343,Jet Padel,4939,Lapangan Padel 3,2026-09-24,14:00 - 15:00,160000,Available
2343_4939_15:00,2343,Jet Padel,4939,Lapangan Padel 3,2026-09-24,15:00 - 16:00,160000,Available
2343_4939_16:00,2343,Jet Padel,4939,Lapangan Padel 3,2026-09-24,16:00 - 17:00,160000,Available
3242_7778_12:00,3242,Padel Episode,7778,Court 1,2026-09-24,12:00 - 13:00,222000,Available
3242_7778_13:00,3242,Padel Episode,7778,Court 1,2026-09-24,13:00 - 14:00,222000,Available
3242_7778_14:00,3242,Padel Episode,7778,Court 1,2026-09-24,14:00 - 15:00,222000,Available
3242_7778_15:00,3242,Padel Episode,7778,Court 1,2026-09-24,15:00 - 16:00,222000,Available
3242_7778_16:00,3242,Padel Episode,7778,Court 1,2026-09-24,16:00 - 17:00,250000,Available
3242_7779_12:00,3242,Padel Episode,7779,Rexona Court,2026-09-24,12:00 - 13:00,222000,Available
3242_7779_13:00,3242,Padel Episode,7779,Rexona Court,2026-09-24,13:00 - 14:00,222000,Available
3242_7779_14:00,3242,Padel Episode,7779,Rexona Court,2026-09-24,14:00 - 15:00,222000,Available
3242_7779_15:00,3242,Padel Episode,7779,Rexona Court,2026-09-24,15:00 - 16:00,222000,Available
3242_7779_16:00,3242,Padel Episode,7779,Rexona Court,2026-09-24,16:00 - 17:00,250000,Booked
3242_7780_12:00,3242,Padel Episode,7780,Court 3,2026-09-24,12:00 - 13:00,222000,Available
3242_7780_13:00,3242,Padel Episode,7780,Court 3,2026-09-24,13:00 - 14:00,222000,Available
3242_7780_14:00,3242,Padel Episode,7780,Court 3,2026-09-24,14:00 - 15:00,222000,Available
3242_7780_15:00,3242,Padel Episode,7780,Court 3,2026-09-24,15:00 - 16:00,222000,Available
3242_7780_16:00,3242,Padel Episode,7780,Court 3,2026-09-24,16:00 - 17:00,250000,Available
2913_6698_12:00,2913,Ruang Padel Club,6698,Court A,2026-09-24,12:00 - 13:00,125000,Available
2913_6698_13:00,2913,Ruang Padel Club,6698,Court A,2026-09-24,13:00 - 14:00,125000,Available
2913_6698_14:00,2913,Ruang Padel Club,6698,Court A,2026-09-24,14:00 - 15:00,125000,Available
2913_6698_15:00,2913,Ruang Padel Club,6698,Court A,2026-09-24,15:00 - 16:00,125000,Available
2913_6698_16:00,2913,Ruang Padel Club,6698,Court A,2026-09-24,16:00 - 17:00,145000,Available
2913_7206_12:00,2913,Ruang Padel Club,7206,Court B,2026-09-24,12:00 - 13:00,125000,Available
2913_7206_13:00,2913,Ruang Padel Club,7206,Court B,2026-09-24,13:00 - 14:00,125000,Available
2913_7206_14:00,2913,Ruang Padel Club,7206,Court B,2026-09-24,14:00 - 15:00,125000,Available
2913_7206_15:00,2913,Ruang Padel Club,7206,Court B,2026-09-24,15:00 - 16:00,125000,Available
2913_7206_16:00,2913,Ruang Padel Club,7206,Court B,2026-09-24,16:00 - 17:00,145000,Available
1487_2973_12:00,1487,NEX Padel Pulo Asem,2973,Striploin Court,2026-09-24,12:00 - 13:00,150000,Available
1487_2973_13:00,1487,NEX Padel Pulo Asem,2973,Striploin Court,2026-09-24,13:00 - 14:00,150000,Available
1487_2973_14:00,1487,NEX Padel Pulo Asem,2973,Striploin Court,2026-09-24,14:00 - 15:00,150000,Available
1487_2973_15:00,1487,NEX Padel Pulo Asem,2973,Striploin Court,2026-09-24,15:00 - 16:00,260000,Available
1487_2973_16:00,1487,NEX Padel Pulo Asem,2973,Striploin Court,2026-09-24,16:00 - 17:00,260000,Available
1487_2974_12:00,1487,NEX Padel Pulo Asem,2974,Ribeye Court,2026-09-24,12:00 - 13:00,150000,Available
1487_2974_13:00,1487,NEX Padel Pulo Asem,2974,Ribeye Court,2026-09-24,13:00 - 14:00,150000,Available
1487_2974_14:00,1487,NEX Padel Pulo Asem,2974,Ribeye Court,2026-09-24,14:00 - 15:00,150000,Available
1487_2974_15:00,1487,NEX Padel Pulo Asem,2974,Ribeye Court,2026-09-24,15:00 - 16:00,260000,Available
1487_2974_16:00,1487,NEX Padel Pulo Asem,2974,Ribeye Court,2026-09-24,16:00 - 17:00,260000,Available
1726_3761_12:00,1726,Numa Padel,3761,Terra Court,2026-09-24,12:00 - 13:00,150000,Available
1726_3761_13:00,1726,Numa Padel,3761,Terra Court,2026-09-24,13:00 - 14:00,150000,Available
1726_3761_14:00,1726,Numa Padel,3761,Terra Court,2026-09-24,14:00 - 15:00,150000,Available
1726_3761_15:00,1726,Numa Padel,3761,Terra Court,2026-09-24,15:00 - 16:00,150000,Booked
1726_3761_16:00,1726,Numa Padel,3761,Terra Court,2026-09-24,16:00 - 17:00,235000,Available
1726_3939_12:00,1726,Numa Padel,3939,Blue Court,2026-09-24,12:00 - 13:00,150000,Available
1726_3939_13:00,1726,Numa Padel,3939,Blue Court,2026-09-24,13:00 - 14:00,150000,Available
1726_3939_14:00,1726,Numa Padel,3939,Blue Court,2026-09-24,14:00 - 15:00,150000,Available
1726_3939_15:00,1726,Numa Padel,3939,Blue Court,2026-09-24,15:00 - 16:00,150000,Available
1726_3939_16:00,1726,Numa Padel,3939,Blue Court,2026-09-24,16:00 - 17:00,235000,Available
1726_3940_12:00,1726,Numa Padel,3940,Pink Court,2026-09-24,12:00 - 13:00,150000,Available
1726_3940_13:00,1726,Numa Padel,3940,Pink Court,2026-09-24,13:00 - 14:00,150000,Available
1726_3940_14:00,1726,Numa Padel,3940,Pink Court,2026-09-24,14:00 - 15:00,150000,Available
1726_3940_15:00,1726,Numa Padel,3940,Pink Court,2026-09-24,15:00 - 16:00,150000,Available
1726_3940_16:00,1726,Numa Padel,3940,Pink Court,2026-09-24,16:00 - 17:00,235000,Available
2005_4096_12:00,2005,Uncle Padel Court,4096,Court 1,2026-09-24,12:00 - 13:00,225000,Available
2005_4096_13:00,2005,Uncle Padel Court,4096,Court 1,2026-09-24,13:00 - 14:00,225000,Available
2005_4096_14:00,2005,Uncle Padel Court,4096,Court 1,2026-09-24,14:00 - 15:00,225000,Booked
2005_4096_15:00,2005,Uncle Padel Court,4096,Court 1,2026-09-24,15:00 - 16:00,225000,Booked
2005_4096_16:00,2005,Uncle Padel Court,4096,Court 1,2026-09-24,16:00 - 17:00,270000,Booked
2005_7709_12:00,2005,Uncle Padel Court,7709,Court 2,2026-09-24,12:00 - 13:00,225000,Available
2005_7709_13:00,2005,Uncle Padel Court,7709,Court 2,2026-09-24,13:00 - 14:00,225000,Available
2005_7709_14:00,2005,Uncle Padel Court,7709,Court 2,2026-09-24,14:00 - 15:00,225000,Available
2005_7709_15:00,2005,Uncle Padel Court,7709,Court 2,2026-09-24,15:00 - 16:00,225000,Available
2005_7709_16:00,2005,Uncle Padel Court,7709,Court 2,2026-09-24,16:00 - 17:00,270000,Available
2005_7710_12:00,2005,Uncle Padel Court,7710,Court 3,2026-09-24,12:00 - 13:00,225000,Available
2005_7710_13:00,2005,Uncle Padel Court,7710,Court 3,2026-09-24,13:00 - 14:00,225000,Available
2005_7710_14:00,2005,Uncle Padel Court,7710,Court 3,2026-09-24,14:00 - 15:00,225000,Available
2005_7710_15:00,2005,Uncle Padel Court,7710,Court 3,2026-09-24,15:00 - 16:00,225000,Available
2005_7710_16:00,2005,Uncle Padel Court,7710,Court 3,2026-09-24,16:00 - 17:00,270000,Available
2005_7711_12:00,2005,Uncle Padel Court,7711,Court Terra,2026-09-24,12:00 - 13:00,238500,Available
2005_7711_13:00,2005,Uncle Padel Court,7711,Court Terra,2026-09-24,13:00 - 14:00,238500,Available
2005_7711_14:00,2005,Uncle Padel Court,7711,Court Terra,2026-09-24,14:00 - 15:00,238500,Available
2005_7711_15:00,2005,Uncle Padel Court,7711,Court Terra,2026-09-24,15:00 - 16:00,238500,Available
2005_7711_16:00,2005,Uncle Padel Court,7711,Court Terra,2026-09-24,16:00 - 17:00,283500,Available
3705_9137_12:00,3705,East Court Padel - Cakung JGC,9137,Green Court,2026-09-24,12:00 - 13:00,165000,Available
3705_9137_13:00,3705,East Court Padel - Cakung JGC,9137,Green Court,2026-09-24,13:00 - 14:00,165000,Available
3705_9137_14:00,3705,East Court Padel - Cakung JGC,9137,Green Court,2026-09-24,14:00 - 15:00,165000,Available
3705_9137_15:00,3705,East Court Padel - Cakung JGC,9137,Green Court,2026-09-24,15:00 - 16:00,185000,Available
3705_9137_16:00,3705,East Court Padel - Cakung JGC,9137,Green Court,2026-09-24,16:00 - 17:00,185000,Available
3705_9138_12:00,3705,East Court Padel - Cakung JGC,9138,Blue Court,2026-09-24,12:00 - 13:00,165000,Available
3705_9138_13:00,3705,East Court Padel - Cakung JGC,9138,Blue Court,2026-09-24,13:00 - 14:00,165000,Available
3705_9138_14:00,3705,East Court Padel - Cakung JGC,9138,Blue Court,2026-09-24,14:00 - 15:00,165000,Available
3705_9138_15:00,3705,East Court Padel - Cakung JGC,9138,Blue Court,2026-09-24,15:00 - 16:00,185000,Available
3705_9138_16:00,3705,East Court Padel - Cakung JGC,9138,Blue Court,2026-09-24,16:00 - 17:00,185000,Available
3705_9139_12:00,3705,East Court Padel - Cakung JGC,9139,Red Court,2026-09-24,12:00 - 13:00,165000,Available
3705_9139_13:00,3705,East Court Padel - Cakung JGC,9139,Red Court,2026-09-24,13:00 - 14:00,165000,Available
3705_9139_14:00,3705,East Court Padel - Cakung JGC,9139,Red Court,2026-09-24,14:00 - 15:00,165000,Available
3705_9139_15:00,3705,East Court Padel - Cakung JGC,9139,Red Court,2026-09-24,15:00 - 16:00,185000,Available
3705_9139_16:00,3705,East Court Padel - Cakung JGC,9139,Red Court,2026-09-24,16:00 - 17:00,185000,Available
2709_6132_12:00,2709,Costa Padel & Social Club,6132,Court 1,2026-09-24,12:00 - 13:00,180000,Available
2709_6132_13:00,2709,Costa Padel & Social Club,6132,Court 1,2026-09-24,13:00 - 14:00,180000,Available
2709_6132_14:00,2709,Costa Padel & Social Club,6132,Court 1,2026-09-24,14:00 - 15:00,180000,Available
2709_6132_15:00,2709,Costa Padel & Social Club,6132,Court 1,2026-09-24,15:00 - 16:00,180000,Available
2709_6132_16:00,2709,Costa Padel & Social Club,6132,Court 1,2026-09-24,16:00 - 17:00,285000,Available
2709_8789_12:00,2709,Costa Padel & Social Club,8789,Court 2,2026-09-24,12:00 - 13:00,180000,Available
2709_8789_13:00,2709,Costa Padel & Social Club,8789,Court 2,2026-09-24,13:00 - 14:00,180000,Available
2709_8789_14:00,2709,Costa Padel & Social Club,8789,Court 2,2026-09-24,14:00 - 15:00,180000,Available
2709_8789_15:00,2709,Costa Padel & Social Club,8789,Court 2,2026-09-24,15:00 - 16:00,180000,Available
2709_8789_16:00,2709,Costa Padel & Social Club,8789,Court 2,2026-09-24,16:00 - 17:00,285000,Available
2709_8790_12:00,2709,Costa Padel & Social Club,8790,Court 3,2026-09-24,12:00 - 13:00,180000,Available
2709_8790_13:00,2709,Costa Padel & Social Club,8790,Court 3,2026-09-24,13:00 - 14:00,180000,Available
2709_8790_14:00,2709,Costa Padel & Social Club,8790,Court 3,2026-09-24,14:00 - 15:00,180000,Available
2709_8790_15:00,2709,Costa Padel & Social Club,8790,Court 3,2026-09-24,15:00 - 16:00,180000,Available
2709_8790_16:00,2709,Costa Padel & Social Club,8790,Court 3,2026-09-24,16:00 - 17:00,285000,Available
2306_5465_12:00,2306,Wins Arena Ciracas - Padel,5465,Padel A - Panoramic,2026-09-24,12:00 - 13:00,99000,Available
2306_5465_13:00,2306,Wins Arena Ciracas - Padel,5465,Padel A - Panoramic,2026-09-24,13:00 - 14:00,99000,Available
2306_5465_14:00,2306,Wins Arena Ciracas - Padel,5465,Padel A - Panoramic,2026-09-24,14:00 - 15:00,99000,Available
2306_5465_15:00,2306,Wins Arena Ciracas - Padel,5465,Padel A - Panoramic,2026-09-24,15:00 - 16:00,99000,Available
2306_5465_16:00,2306,Wins Arena Ciracas - Padel,5465,Padel A - Panoramic,2026-09-24,16:00 - 17:00,135000,Available
2306_5657_12:00,2306,Wins Arena Ciracas - Padel,5657,Padel B - Super Panoramic,2026-09-24,12:00 - 13:00,99000,Available
2306_5657_13:00,2306,Wins Arena Ciracas - Padel,5657,Padel B - Super Panoramic,2026-09-24,13:00 - 14:00,99000,Available
2306_5657_14:00,2306,Wins Arena Ciracas - Padel,5657,Padel B - Super Panoramic,2026-09-24,14:00 - 15:00,99000,Available
2306_5657_15:00,2306,Wins Arena Ciracas - Padel,5657,Padel B - Super Panoramic,2026-09-24,15:00 - 16:00,99000,Available
2306_5657_16:00,2306,Wins Arena Ciracas - Padel,5657,Padel B - Super Panoramic,2026-09-24,16:00 - 17:00,135000,Available
2306_6351_12:00,2306,Wins Arena Ciracas - Padel,6351,Padel C - Super Panoramic,2026-09-24,12:00 - 13:00,99000,Available
2306_6351_13:00,2306,Wins Arena Ciracas - Padel,6351,Padel C - Super Panoramic,2026-09-24,13:00 - 14:00,99000,Available
2306_6351_14:00,2306,Wins Arena Ciracas - Padel,6351,Padel C - Super Panoramic,2026-09-24,14:00 - 15:00,99000,Available
2306_6351_15:00,2306,Wins Arena Ciracas - Padel,6351,Padel C - Super Panoramic,2026-09-24,15:00 - 16:00,99000,Available
2306_6351_16:00,2306,Wins Arena Ciracas - Padel,6351,Padel C - Super Panoramic,2026-09-24,16:00 - 17:00,135000,Available
3367_8197_12:00,3367,Goozone Padel Club,8197,Wind Court,2026-09-24,12:00 - 13:00,185000,Available
3367_8197_13:00,3367,Goozone Padel Club,8197,Wind Court,2026-09-24,13:00 - 14:00,185000,Available
3367_8197_14:00,3367,Goozone Padel Club,8197,Wind Court,2026-09-24,14:00 - 15:00,185000,Available
3367_8197_15:00,3367,Goozone Padel Club,8197,Wind Court,2026-09-24,15:00 - 16:00,185000,Available
3367_8197_16:00,3367,Goozone Padel Club,8197,Wind Court,2026-09-24,16:00 - 17:00,170000,Available
3367_8198_12:00,3367,Goozone Padel Club,8198,Tulea Court,2026-09-24,12:00 - 13:00,185000,Available
3367_8198_13:00,3367,Goozone Padel Club,8198,Tulea Court,2026-09-24,13:00 - 14:00,185000,Available
3367_8198_14:00,3367,Goozone Padel Club,8198,Tulea Court,2026-09-24,14:00 - 15:00,185000,Available
3367_8198_15:00,3367,Goozone Padel Club,8198,Tulea Court,2026-09-24,15:00 - 16:00,185000,Available
3367_8198_16:00,3367,Goozone Padel Club,8198,Tulea Court,2026-09-24,16:00 - 17:00,170000,Available
3367_8199_12:00,3367,Goozone Padel Club,8199,Tree Court,2026-09-24,12:00 - 13:00,185000,Available
3367_8199_13:00,3367,Goozone Padel Club,8199,Tree Court,2026-09-24,13:00 - 14:00,185000,Available
3367_8199_14:00,3367,Goozone Padel Club,8199,Tree Court,2026-09-24,14:00 - 15:00,185000,Available
3367_8199_15:00,3367,Goozone Padel Club,8199,Tree Court,2026-09-24,15:00 - 16:00,185000,Available
3367_8199_16:00,3367,Goozone Padel Club,8199,Tree Court,2026-09-24,16:00 - 17:00,170000,Available
209_240_12:00,209,Wins Arena PG - Padel,240,Court A - Panoramic,2026-09-24,12:00 - 13:00,155000,Available
209_240_13:00,209,Wins Arena PG - Padel,240,Court A - Panoramic,2026-09-24,13:00 - 14:00,155000,Available
209_240_14:00,209,Wins Arena PG - Padel,240,Court A - Panoramic,2026-09-24,14:00 - 15:00,155000,Booked
209_240_15:00,209,Wins Arena PG - Padel,240,Court A - Panoramic,2026-09-24,15:00 - 16:00,155000,Booked
209_240_16:00,209,Wins Arena PG - Padel,240,Court A - Panoramic,2026-09-24,16:00 - 17:00,155000,Available
209_3705_12:00,209,Wins Arena PG - Padel,3705,Court B - Super Panoramic,2026-09-24,12:00 - 13:00,155000,Available
209_3705_13:00,209,Wins Arena PG - Padel,3705,Court B - Super Panoramic,2026-09-24,13:00 - 14:00,155000,Available
209_3705_14:00,209,Wins Arena PG - Padel,3705,Court B - Super Panoramic,2026-09-24,14:00 - 15:00,155000,Booked
209_3705_15:00,209,Wins Arena PG - Padel,3705,Court B - Super Panoramic,2026-09-24,15:00 - 16:00,155000,Booked
209_3705_16:00,209,Wins Arena PG - Padel,3705,Court B - Super Panoramic,2026-09-24,16:00 - 17:00,155000,Available
209_3706_12:00,209,Wins Arena PG - Padel,3706,Court C - Super Panoramic,2026-09-24,12:00 - 13:00,155000,Available
209_3706_13:00,209,Wins Arena PG - Padel,3706,Court C - Super Panoramic,2026-09-24,13:00 - 14:00,155000,Available
209_3706_14:00,209,Wins Arena PG - Padel,3706,Court C - Super Panoramic,2026-09-24,14:00 - 15:00,155000,Booked
209_3706_15:00,209,Wins Arena PG - Padel,3706,Court C - Super Panoramic,2026-09-24,15:00 - 16:00,155000,Booked
209_3706_16:00,209,Wins Arena PG - Padel,3706,Court C - Super Panoramic,2026-09-24,16:00 - 17:00,155000,Available
209_3707_12:00,209,Wins Arena PG - Padel,3707,Court D - Super Panoramic,2026-09-24,12:00 - 13:00,155000,Available
209_3707_13:00,209,Wins Arena PG - Padel,3707,Court D - Super Panoramic,2026-09-24,13:00 - 14:00,155000,Available
209_3707_14:00,209,Wins Arena PG - Padel,3707,Court D - Super Panoramic,2026-09-24,14:00 - 15:00,155000,Booked
209_3707_15:00,209,Wins Arena PG - Padel,3707,Court D - Super Panoramic,2026-09-24,15:00 - 16:00,155000,Booked
209_3707_16:00,209,Wins Arena PG - Padel,3707,Court D - Super Panoramic,2026-09-24,16:00 - 17:00,155000,Available
1389_2670_12:00,1389,Goedang Sports Centre,2670,Lapangan Futsal 2,2026-09-24,12:00 - 13:00,150000,Available
1389_2670_13:00,1389,Goedang Sports Centre,2670,Lapangan Futsal 2,2026-09-24,13:00 - 14:00,150000,Available
1389_2670_14:00,1389,Goedang Sports Centre,2670,Lapangan Futsal 2,2026-09-24,14:00 - 15:00,150000,Available
1389_2670_15:00,1389,Goedang Sports Centre,2670,Lapangan Futsal 2,2026-09-24,15:00 - 16:00,150000,Available
1389_2670_16:00,1389,Goedang Sports Centre,2670,Lapangan Futsal 2,2026-09-24,16:00 - 17:00,220000,Booked
1389_2671_12:00,1389,Goedang Sports Centre,2671,Lapangan Futsal 3,2026-09-24,12:00 - 13:00,150000,Available
1389_2671_13:00,1389,Goedang Sports Centre,2671,Lapangan Futsal 3,2026-09-24,13:00 - 14:00,150000,Booked
1389_2671_14:00,1389,Goedang Sports Centre,2671,Lapangan Futsal 3,2026-09-24,14:00 - 15:00,150000,Booked
1389_2671_15:00,1389,Goedang Sports Centre,2671,Lapangan Futsal 3,2026-09-24,15:00 - 16:00,150000,Available
1389_2671_16:00,1389,Goedang Sports Centre,2671,Lapangan Futsal 3,2026-09-24,16:00 - 17:00,220000,Booked
1389_2673_12:00,1389,Goedang Sports Centre,2673,Lapangan Basket 2,2026-09-24,12:00 - 13:00,170000,Available
1389_2673_13:00,1389,Goedang Sports Centre,2673,Lapangan Basket 2,2026-09-24,13:00 - 14:00,170000,Available
1389_2673_14:00,1389,Goedang Sports Centre,2673,Lapangan Basket 2,2026-09-24,14:00 - 15:00,170000,Available
1389_2673_15:00,1389,Goedang Sports Centre,2673,Lapangan Basket 2,2026-09-24,15:00 - 16:00,170000,Available
1389_2673_16:00,1389,Goedang Sports Centre,2673,Lapangan Basket 2,2026-09-24,16:00 - 17:00,240000,Booked
1389_2674_12:00,1389,Goedang Sports Centre,2674,Lapangan Basket 3,2026-09-24,12:00 - 13:00,170000,Available
1389_2674_13:00,1389,Goedang Sports Centre,2674,Lapangan Basket 3,2026-09-24,13:00 - 14:00,170000,Booked
1389_2674_14:00,1389,Goedang Sports Centre,2674,Lapangan Basket 3,2026-09-24,14:00 - 15:00,170000,Booked
1389_2674_15:00,1389,Goedang Sports Centre,2674,Lapangan Basket 3,2026-09-24,15:00 - 16:00,170000,Available
1389_2674_16:00,1389,Goedang Sports Centre,2674,Lapangan Basket 3,2026-09-24,16:00 - 17:00,240000,Booked
1389_3242_12:00,1389,Goedang Sports Centre,3242,Court 1 Padel,2026-09-24,12:00 - 13:00,100000,Available
1389_3242_13:00,1389,Goedang Sports Centre,3242,Court 1 Padel,2026-09-24,13:00 - 14:00,100000,Available
1389_3242_14:00,1389,Goedang Sports Centre,3242,Court 1 Padel,2026-09-24,14:00 - 15:00,100000,Available
1389_3242_15:00,1389,Goedang Sports Centre,3242,Court 1 Padel,2026-09-24,15:00 - 16:00,100000,Available
1389_3242_16:00,1389,Goedang Sports Centre,3242,Court 1 Padel,2026-09-24,16:00 - 17:00,100000,Available
1389_6531_12:00,1389,Goedang Sports Centre,6531,Court 2 Padel,2026-09-24,12:00 - 13:00,150000,Available
1389_6531_13:00,1389,Goedang Sports Centre,6531,Court 2 Padel,2026-09-24,13:00 - 14:00,150000,Available
1389_6531_14:00,1389,Goedang Sports Centre,6531,Court 2 Padel,2026-09-24,14:00 - 15:00,150000,Available
1389_6531_15:00,1389,Goedang Sports Centre,6531,Court 2 Padel,2026-09-24,15:00 - 16:00,150000,Available
1389_6531_16:00,1389,Goedang Sports Centre,6531,Court 2 Padel,2026-09-24,16:00 - 17:00,150000,Available
1389_6532_12:00,1389,Goedang Sports Centre,6532,court 3 Padel,2026-09-24,12:00 - 13:00,150000,Available
1389_6532_13:00,1389,Goedang Sports Centre,6532,court 3 Padel,2026-09-24,13:00 - 14:00,150000,Available
1389_6532_14:00,1389,Goedang Sports Centre,6532,court 3 Padel,2026-09-24,14:00 - 15:00,150000,Booked
1389_6532_15:00,1389,Goedang Sports Centre,6532,court 3 Padel,2026-09-24,15:00 - 16:00,150000,Booked
1389_6532_16:00,1389,Goedang Sports Centre,6532,court 3 Padel,2026-09-24,16:00 - 17:00,150000,Booked
1389_6533_12:00,1389,Goedang Sports Centre,6533,court 4 Padel,2026-09-24,12:00 - 13:00,150000,Available
1389_6533_13:00,1389,Goedang Sports Centre,6533,court 4 Padel,2026-09-24,13:00 - 14:00,150000,Available
1389_6533_14:00,1389,Goedang Sports Centre,6533,court 4 Padel,2026-09-24,14:00 - 15:00,150000,Booked
1389_6533_15:00,1389,Goedang Sports Centre,6533,court 4 Padel,2026-09-24,15:00 - 16:00,150000,Booked
1389_6533_16:00,1389,Goedang Sports Centre,6533,court 4 Padel,2026-09-24,16:00 - 17:00,150000,Booked
1883_4102_12:00,1883,Portside Padel Club,4102,Court A,2026-09-24,12:00 - 13:00,150000,Available
1883_4102_13:00,1883,Portside Padel Club,4102,Court A,2026-09-24,13:00 - 14:00,150000,Booked
1883_4102_14:00,1883,Portside Padel Club,4102,Court A,2026-09-24,14:00 - 15:00,150000,Available
1883_4102_15:00,1883,Portside Padel Club,4102,Court A,2026-09-24,15:00 - 16:00,150000,Available
1883_4102_16:00,1883,Portside Padel Club,4102,Court A,2026-09-24,16:00 - 17:00,255000,Available
1883_7228_12:00,1883,Portside Padel Club,7228,Court B,2026-09-24,12:00 - 13:00,150000,Available
1883_7228_13:00,1883,Portside Padel Club,7228,Court B,2026-09-24,13:00 - 14:00,150000,Booked
1883_7228_14:00,1883,Portside Padel Club,7228,Court B,2026-09-24,14:00 - 15:00,150000,Booked
1883_7228_15:00,1883,Portside Padel Club,7228,Court B,2026-09-24,15:00 - 16:00,150000,Available
1883_7228_16:00,1883,Portside Padel Club,7228,Court B,2026-09-24,16:00 - 17:00,255000,Available
1883_7229_12:00,1883,Portside Padel Club,7229,Court C,2026-09-24,12:00 - 13:00,150000,Available
1883_7229_13:00,1883,Portside Padel Club,7229,Court C,2026-09-24,13:00 - 14:00,150000,Available
1883_7229_14:00,1883,Portside Padel Club,7229,Court C,2026-09-24,14:00 - 15:00,150000,Available
1883_7229_15:00,1883,Portside Padel Club,7229,Court C,2026-09-24,15:00 - 16:00,150000,Available
1883_7229_16:00,1883,Portside Padel Club,7229,Court C,2026-09-24,16:00 - 17:00,255000,Available
1883_7230_12:00,1883,Portside Padel Club,7230,Court D,2026-09-24,12:00 - 13:00,150000,Available
1883_7230_13:00,1883,Portside Padel Club,7230,Court D,2026-09-24,13:00 - 14:00,150000,Available
1883_7230_14:00,1883,Portside Padel Club,7230,Court D,2026-09-24,14:00 - 15:00,150000,Available
1883_7230_15:00,1883,Portside Padel Club,7230,Court D,2026-09-24,15:00 - 16:00,150000,Available
1883_7230_16:00,1883,Portside Padel Club,7230,Court D,2026-09-24,16:00 - 17:00,255000,Available
1883_7231_12:00,1883,Portside Padel Club,7231,Center Court,2026-09-24,12:00 - 13:00,150000,Available
1883_7231_13:00,1883,Portside Padel Club,7231,Center Court,2026-09-24,13:00 - 14:00,150000,Available
1883_7231_14:00,1883,Portside Padel Club,7231,Center Court,2026-09-24,14:00 - 15:00,150000,Available
1883_7231_15:00,1883,Portside Padel Club,7231,Center Court,2026-09-24,15:00 - 16:00,150000,Available
1883_7231_16:00,1883,Portside Padel Club,7231,Center Court,2026-09-24,16:00 - 17:00,255000,Available
1731_3896_12:00,1731,Zeta Padel,3896,Court 1,2026-09-24,12:00 - 13:00,150000,Available
1731_3896_13:00,1731,Zeta Padel,3896,Court 1,2026-09-24,13:00 - 14:00,150000,Available
1731_3896_14:00,1731,Zeta Padel,3896,Court 1,2026-09-24,14:00 - 15:00,150000,Available
1731_3896_15:00,1731,Zeta Padel,3896,Court 1,2026-09-24,15:00 - 16:00,150000,Available
1731_3896_16:00,1731,Zeta Padel,3896,Court 1,2026-09-24,16:00 - 17:00,150000,Available
1731_5877_12:00,1731,Zeta Padel,5877,Court 2,2026-09-24,12:00 - 13:00,150000,Available
1731_5877_13:00,1731,Zeta Padel,5877,Court 2,2026-09-24,13:00 - 14:00,150000,Available
1731_5877_14:00,1731,Zeta Padel,5877,Court 2,2026-09-24,14:00 - 15:00,150000,Available
1731_5877_15:00,1731,Zeta Padel,5877,Court 2,2026-09-24,15:00 - 16:00,150000,Available
1731_5877_16:00,1731,Zeta Padel,5877,Court 2,2026-09-24,16:00 - 17:00,150000,Available
1731_5878_12:00,1731,Zeta Padel,5878,Court 3,2026-09-24,12:00 - 13:00,150000,Available
1731_5878_13:00,1731,Zeta Padel,5878,Court 3,2026-09-24,13:00 - 14:00,150000,Available
1731_5878_14:00,1731,Zeta Padel,5878,Court 3,2026-09-24,14:00 - 15:00,150000,Available
1731_5878_15:00,1731,Zeta Padel,5878,Court 3,2026-09-24,15:00 - 16:00,150000,Available
1731_5878_16:00,1731,Zeta Padel,5878,Court 3,2026-09-24,16:00 - 17:00,150000,Available
2481_5987_12:00,2481,Padeleon,5987,Pink Court A,2026-09-24,12:00 - 13:00,225000,Available
2481_5987_13:00,2481,Padeleon,5987,Pink Court A,2026-09-24,13:00 - 14:00,225000,Available
2481_5987_14:00,2481,Padeleon,5987,Pink Court A,2026-09-24,14:00 - 15:00,225000,Available
2481_5987_15:00,2481,Padeleon,5987,Pink Court A,2026-09-24,15:00 - 16:00,225000,Available
2481_5987_16:00,2481,Padeleon,5987,Pink Court A,2026-09-24,16:00 - 17:00,315000,Available
2481_5988_12:00,2481,Padeleon,5988,VIP Black Court B,2026-09-24,12:00 - 13:00,225000,Available
2481_5988_13:00,2481,Padeleon,5988,VIP Black Court B,2026-09-24,13:00 - 14:00,225000,Available
2481_5988_14:00,2481,Padeleon,5988,VIP Black Court B,2026-09-24,14:00 - 15:00,225000,Available
2481_5988_15:00,2481,Padeleon,5988,VIP Black Court B,2026-09-24,15:00 - 16:00,225000,Available
2481_5988_16:00,2481,Padeleon,5988,VIP Black Court B,2026-09-24,16:00 - 17:00,315000,Available
2481_5479_12:00,2481,Padeleon,5479,Blue Court C,2026-09-24,12:00 - 13:00,225000,Available
2481_5479_13:00,2481,Padeleon,5479,Blue Court C,2026-09-24,13:00 - 14:00,225000,Available
2481_5479_14:00,2481,Padeleon,5479,Blue Court C,2026-09-24,14:00 - 15:00,225000,Available
2481_5479_15:00,2481,Padeleon,5479,Blue Court C,2026-09-24,15:00 - 16:00,225000,Available
2481_5479_16:00,2481,Padeleon,5479,Blue Court C,2026-09-24,16:00 - 17:00,315000,Available
2481_5986_12:00,2481,Padeleon,5986,Blue Court D,2026-09-24,12:00 - 13:00,225000,Available
2481_5986_13:00,2481,Padeleon,5986,Blue Court D,2026-09-24,13:00 - 14:00,225000,Available
2481_5986_14:00,2481,Padeleon,5986,Blue Court D,2026-09-24,14:00 - 15:00,225000,Available
2481_5986_15:00,2481,Padeleon,5986,Blue Court D,2026-09-24,15:00 - 16:00,225000,Available
2481_5986_16:00,2481,Padeleon,5986,Blue Court D,2026-09-24,16:00 - 17:00,315000,Available
2550_5559_12:00,2550,"Kinetic Padel Arena, Harapan Indah Bekasi",5559,Court 1,2026-09-24,12:00 - 13:00,180000,Available
2550_5559_13:00,2550,"Kinetic Padel Arena, Harapan Indah Bekasi",5559,Court 1,2026-09-24,13:00 - 14:00,180000,Booked
2550_5559_14:00,2550,"Kinetic Padel Arena, Harapan Indah Bekasi",5559,Court 1,2026-09-24,14:00 - 15:00,180000,Available
2550_5559_15:00,2550,"Kinetic Padel Arena, Harapan Indah Bekasi",5559,Court 1,2026-09-24,15:00 - 16:00,180000,Booked
2550_5559_16:00,2550,"Kinetic Padel Arena, Harapan Indah Bekasi",5559,Court 1,2026-09-24,16:00 - 17:00,195000,Booked
2550_6914_12:00,2550,"Kinetic Padel Arena, Harapan Indah Bekasi",6914,Court 2,2026-09-24,12:00 - 13:00,180000,Available
2550_6914_13:00,2550,"Kinetic Padel Arena, Harapan Indah Bekasi",6914,Court 2,2026-09-24,13:00 - 14:00,180000,Available
2550_6914_14:00,2550,"Kinetic Padel Arena, Harapan Indah Bekasi",6914,Court 2,2026-09-24,14:00 - 15:00,180000,Available
2550_6914_15:00,2550,"Kinetic Padel Arena, Harapan Indah Bekasi",6914,Court 2,2026-09-24,15:00 - 16:00,180000,Available
2550_6914_16:00,2550,"Kinetic Padel Arena, Harapan Indah Bekasi",6914,Court 2,2026-09-24,16:00 - 17:00,195000,Available
2550_6915_12:00,2550,"Kinetic Padel Arena, Harapan Indah Bekasi",6915,Court 3,2026-09-24,12:00 - 13:00,180000,Available
2550_6915_13:00,2550,"Kinetic Padel Arena, Harapan Indah Bekasi",6915,Court 3,2026-09-24,13:00 - 14:00,180000,Available
2550_6915_14:00,2550,"Kinetic Padel Arena, Harapan Indah Bekasi",6915,Court 3,2026-09-24,14:00 - 15:00,180000,Available
2550_6915_15:00,2550,"Kinetic Padel Arena, Harapan Indah Bekasi",6915,Court 3,2026-09-24,15:00 - 16:00,180000,Available
2550_6915_16:00,2550,"Kinetic Padel Arena, Harapan Indah Bekasi",6915,Court 3,2026-09-24,16:00 - 17:00,195000,Available
2550_6916_12:00,2550,"Kinetic Padel Arena, Harapan Indah Bekasi",6916,Court 4,2026-09-24,12:00 - 13:00,180000,Available
2550_6916_13:00,2550,"Kinetic Padel Arena, Harapan Indah Bekasi",6916,Court 4,2026-09-24,13:00 - 14:00,180000,Available
2550_6916_14:00,2550,"Kinetic Padel Arena, Harapan Indah Bekasi",6916,Court 4,2026-09-24,14:00 - 15:00,180000,Available
2550_6916_15:00,2550,"Kinetic Padel Arena, Harapan Indah Bekasi",6916,Court 4,2026-09-24,15:00 - 16:00,180000,Available
2550_6916_16:00,2550,"Kinetic Padel Arena, Harapan Indah Bekasi",6916,Court 4,2026-09-24,16:00 - 17:00,195000,Available
2550_6917_12:00,2550,"Kinetic Padel Arena, Harapan Indah Bekasi",6917,Court 5,2026-09-24,12:00 - 13:00,180000,Available
2550_6917_13:00,2550,"Kinetic Padel Arena, Harapan Indah Bekasi",6917,Court 5,2026-09-24,13:00 - 14:00,180000,Available
2550_6917_14:00,2550,"Kinetic Padel Arena, Harapan Indah Bekasi",6917,Court 5,2026-09-24,14:00 - 15:00,180000,Available
2550_6917_15:00,2550,"Kinetic Padel Arena, Harapan Indah Bekasi",6917,Court 5,2026-09-24,15:00 - 16:00,180000,Available
2550_6917_16:00,2550,"Kinetic Padel Arena, Harapan Indah Bekasi",6917,Court 5,2026-09-24,16:00 - 17:00,195000,Available
2550_6918_12:00,2550,"Kinetic Padel Arena, Harapan Indah Bekasi",6918,Court 6,2026-09-24,12:00 - 13:00,180000,Available
2550_6918_13:00,2550,"Kinetic Padel Arena, Harapan Indah Bekasi",6918,Court 6,2026-09-24,13:00 - 14:00,180000,Available
2550_6918_14:00,2550,"Kinetic Padel Arena, Harapan Indah Bekasi",6918,Court 6,2026-09-24,14:00 - 15:00,180000,Available
2550_6918_15:00,2550,"Kinetic Padel Arena, Harapan Indah Bekasi",6918,Court 6,2026-09-24,15:00 - 16:00,180000,Available
2550_6918_16:00,2550,"Kinetic Padel Arena, Harapan Indah Bekasi",6918,Court 6,2026-09-24,16:00 - 17:00,195000,Available
2550_6919_12:00,2550,"Kinetic Padel Arena, Harapan Indah Bekasi",6919,Court 7,2026-09-24,12:00 - 13:00,180000,Available
2550_6919_13:00,2550,"Kinetic Padel Arena, Harapan Indah Bekasi",6919,Court 7,2026-09-24,13:00 - 14:00,180000,Available
2550_6919_14:00,2550,"Kinetic Padel Arena, Harapan Indah Bekasi",6919,Court 7,2026-09-24,14:00 - 15:00,180000,Available
2550_6919_15:00,2550,"Kinetic Padel Arena, Harapan Indah Bekasi",6919,Court 7,2026-09-24,15:00 - 16:00,180000,Available
2550_6919_16:00,2550,"Kinetic Padel Arena, Harapan Indah Bekasi",6919,Court 7,2026-09-24,16:00 - 17:00,195000,Available
2550_6920_12:00,2550,"Kinetic Padel Arena, Harapan Indah Bekasi",6920,Court 8,2026-09-24,12:00 - 13:00,180000,Available
2550_6920_13:00,2550,"Kinetic Padel Arena, Harapan Indah Bekasi",6920,Court 8,2026-09-24,13:00 - 14:00,180000,Available
2550_6920_14:00,2550,"Kinetic Padel Arena, Harapan Indah Bekasi",6920,Court 8,2026-09-24,14:00 - 15:00,180000,Available
2550_6920_15:00,2550,"Kinetic Padel Arena, Harapan Indah Bekasi",6920,Court 8,2026-09-24,15:00 - 16:00,180000,Available
2550_6920_16:00,2550,"Kinetic Padel Arena, Harapan Indah Bekasi",6920,Court 8,2026-09-24,16:00 - 17:00,195000,Available
3186_7658_12:00,3186,AGS Padel,7658,Court 1,2026-09-24,12:00 - 13:00,150000,Available
3186_7658_13:00,3186,AGS Padel,7658,Court 1,2026-09-24,13:00 - 14:00,150000,Available
3186_7658_14:00,3186,AGS Padel,7658,Court 1,2026-09-24,14:00 - 15:00,150000,Available
3186_7658_15:00,3186,AGS Padel,7658,Court 1,2026-09-24,15:00 - 16:00,200000,Available
3186_7658_16:00,3186,AGS Padel,7658,Court 1,2026-09-24,16:00 - 17:00,225000,Available
3186_10417_12:00,3186,AGS Padel,10417,Court 2,2026-09-24,12:00 - 13:00,150000,Available
3186_10417_13:00,3186,AGS Padel,10417,Court 2,2026-09-24,13:00 - 14:00,150000,Available
3186_10417_14:00,3186,AGS Padel,10417,Court 2,2026-09-24,14:00 - 15:00,150000,Available
3186_10417_15:00,3186,AGS Padel,10417,Court 2,2026-09-24,15:00 - 16:00,200000,Available
3186_10417_16:00,3186,AGS Padel,10417,Court 2,2026-09-24,16:00 - 17:00,225000,Available
3186_10418_12:00,3186,AGS Padel,10418,Court 3,2026-09-24,12:00 - 13:00,150000,Available
3186_10418_13:00,3186,AGS Padel,10418,Court 3,2026-09-24,13:00 - 14:00,150000,Available
3186_10418_14:00,3186,AGS Padel,10418,Court 3,2026-09-24,14:00 - 15:00,150000,Available
3186_10418_15:00,3186,AGS Padel,10418,Court 3,2026-09-24,15:00 - 16:00,200000,Available
3186_10418_16:00,3186,AGS Padel,10418,Court 3,2026-09-24,16:00 - 17:00,225000,Available
2372_5025_12:00,2372,El Tama Padel,5025,Lapangan Single,2026-09-24,12:00 - 13:00,100000,Booked
2372_5025_13:00,2372,El Tama Padel,5025,Lapangan Single,2026-09-24,13:00 - 14:00,100000,Booked
2372_5025_14:00,2372,El Tama Padel,5025,Lapangan Single,2026-09-24,14:00 - 15:00,100000,Booked
2372_5025_15:00,2372,El Tama Padel,5025,Lapangan Single,2026-09-24,15:00 - 16:00,100000,Available
2372_5025_16:00,2372,El Tama Padel,5025,Lapangan Single,2026-09-24,16:00 - 17:00,170000,Available
2372_6478_12:00,2372,El Tama Padel,6478,Lapangan Double,2026-09-24,12:00 - 13:00,135000,Available
2372_6478_13:00,2372,El Tama Padel,6478,Lapangan Double,2026-09-24,13:00 - 14:00,135000,Available
2372_6478_14:00,2372,El Tama Padel,6478,Lapangan Double,2026-09-24,14:00 - 15:00,135000,Available
2372_6478_15:00,2372,El Tama Padel,6478,Lapangan Double,2026-09-24,15:00 - 16:00,135000,Available
2372_6478_16:00,2372,El Tama Padel,6478,Lapangan Double,2026-09-24,16:00 - 17:00,275000,Available
2372_6479_12:00,2372,El Tama Padel,6479,Lapangan Combo,2026-09-24,12:00 - 13:00,254000,Booked
2372_6479_13:00,2372,El Tama Padel,6479,Lapangan Combo,2026-09-24,13:00 - 14:00,254000,Booked
2372_6479_14:00,2372,El Tama Padel,6479,Lapangan Combo,2026-09-24,14:00 - 15:00,254000,Booked
2372_6479_15:00,2372,El Tama Padel,6479,Lapangan Combo,2026-09-24,15:00 - 16:00,254000,Available
2372_6479_16:00,2372,El Tama Padel,6479,Lapangan Combo,2026-09-24,16:00 - 17:00,375000,Available
1755_3569_12:00,1755,Get Padel Jakarta,3569,Court 1,2026-09-24,12:00 - 13:00,150000,Available
1755_3569_13:00,1755,Get Padel Jakarta,3569,Court 1,2026-09-24,13:00 - 14:00,150000,Available
1755_3569_14:00,1755,Get Padel Jakarta,3569,Court 1,2026-09-24,14:00 - 15:00,180000,Available
1755_3569_15:00,1755,Get Padel Jakarta,3569,Court 1,2026-09-24,15:00 - 16:00,180000,Booked
1755_3569_16:00,1755,Get Padel Jakarta,3569,Court 1,2026-09-24,16:00 - 17:00,180000,Booked
1755_6336_12:00,1755,Get Padel Jakarta,6336,Court 2,2026-09-24,12:00 - 13:00,150000,Available
1755_6336_13:00,1755,Get Padel Jakarta,6336,Court 2,2026-09-24,13:00 - 14:00,150000,Available
1755_6336_14:00,1755,Get Padel Jakarta,6336,Court 2,2026-09-24,14:00 - 15:00,180000,Available
1755_6336_15:00,1755,Get Padel Jakarta,6336,Court 2,2026-09-24,15:00 - 16:00,180000,Available
1755_6336_16:00,1755,Get Padel Jakarta,6336,Court 2,2026-09-24,16:00 - 17:00,180000,Available
1979_4053_12:00,1979,Majoo Padel Club - Cipinang Indah,4053,Court 1 [VIP],2026-09-24,12:00 - 13:00,330000,Available
1979_4053_13:00,1979,Majoo Padel Club - Cipinang Indah,4053,Court 1 [VIP],2026-09-24,13:00 - 14:00,330000,Available
1979_4053_14:00,1979,Majoo Padel Club - Cipinang Indah,4053,Court 1 [VIP],2026-09-24,14:00 - 15:00,330000,Available
1979_4053_15:00,1979,Majoo Padel Club - Cipinang Indah,4053,Court 1 [VIP],2026-09-24,15:00 - 16:00,330000,Available
1979_4053_16:00,1979,Majoo Padel Club - Cipinang Indah,4053,Court 1 [VIP],2026-09-24,16:00 - 17:00,380000,Available
1979_11140_12:00,1979,Majoo Padel Club - Cipinang Indah,11140,Court 2 [VIP],2026-09-24,12:00 - 13:00,330000,Available
1979_11140_13:00,1979,Majoo Padel Club - Cipinang Indah,11140,Court 2 [VIP],2026-09-24,13:00 - 14:00,330000,Available
1979_11140_14:00,1979,Majoo Padel Club - Cipinang Indah,11140,Court 2 [VIP],2026-09-24,14:00 - 15:00,330000,Available
1979_11140_15:00,1979,Majoo Padel Club - Cipinang Indah,11140,Court 2 [VIP],2026-09-24,15:00 - 16:00,330000,Available
1979_11140_16:00,1979,Majoo Padel Club - Cipinang Indah,11140,Court 2 [VIP],2026-09-24,16:00 - 17:00,380000,Available
1979_10620_12:00,1979,Majoo Padel Club - Cipinang Indah,10620,Court 3,2026-09-24,12:00 - 13:00,280000,Available
1979_10620_13:00,1979,Majoo Padel Club - Cipinang Indah,10620,Court 3,2026-09-24,13:00 - 14:00,280000,Available
1979_10620_14:00,1979,Majoo Padel Club - Cipinang Indah,10620,Court 3,2026-09-24,14:00 - 15:00,280000,Available
1979_10620_15:00,1979,Majoo Padel Club - Cipinang Indah,10620,Court 3,2026-09-24,15:00 - 16:00,280000,Available
1979_10620_16:00,1979,Majoo Padel Club - Cipinang Indah,10620,Court 3,2026-09-24,16:00 - 17:00,330000,Available
1979_11141_12:00,1979,Majoo Padel Club - Cipinang Indah,11141,Court 4,2026-09-24,12:00 - 13:00,280000,Available
1979_11141_13:00,1979,Majoo Padel Club - Cipinang Indah,11141,Court 4,2026-09-24,13:00 - 14:00,280000,Available
1979_11141_14:00,1979,Majoo Padel Club - Cipinang Indah,11141,Court 4,2026-09-24,14:00 - 15:00,280000,Available
1979_11141_15:00,1979,Majoo Padel Club - Cipinang Indah,11141,Court 4,2026-09-24,15:00 - 16:00,280000,Available
1979_11141_16:00,1979,Majoo Padel Club - Cipinang Indah,11141,Court 4,2026-09-24,16:00 - 17:00,330000,Available
1979_11142_12:00,1979,Majoo Padel Club - Cipinang Indah,11142,Court 5,2026-09-24,12:00 - 13:00,280000,Available
1979_11142_13:00,1979,Majoo Padel Club - Cipinang Indah,11142,Court 5,2026-09-24,13:00 - 14:00,280000,Available
1979_11142_14:00,1979,Majoo Padel Club - Cipinang Indah,11142,Court 5,2026-09-24,14:00 - 15:00,280000,Available
1979_11142_15:00,1979,Majoo Padel Club - Cipinang Indah,11142,Court 5,2026-09-24,15:00 - 16:00,280000,Available
1979_11142_16:00,1979,Majoo Padel Club - Cipinang Indah,11142,Court 5,2026-09-24,16:00 - 17:00,330000,Available
1979_11143_12:00,1979,Majoo Padel Club - Cipinang Indah,11143,Court 6,2026-09-24,12:00 - 13:00,280000,Available
1979_11143_13:00,1979,Majoo Padel Club - Cipinang Indah,11143,Court 6,2026-09-24,13:00 - 14:00,280000,Available
1979_11143_14:00,1979,Majoo Padel Club - Cipinang Indah,11143,Court 6,2026-09-24,14:00 - 15:00,280000,Available
1979_11143_15:00,1979,Majoo Padel Club - Cipinang Indah,11143,Court 6,2026-09-24,15:00 - 16:00,280000,Available
1979_11143_16:00,1979,Majoo Padel Club - Cipinang Indah,11143,Court 6,2026-09-24,16:00 - 17:00,330000,Available
2037_4213_12:00,2037,TIM Padel Club,4213,Court 1 - Blue,2026-09-24,12:00 - 13:00,100000,Available
2037_4213_13:00,2037,TIM Padel Club,4213,Court 1 - Blue,2026-09-24,13:00 - 14:00,100000,Booked
2037_4213_14:00,2037,TIM Padel Club,4213,Court 1 - Blue,2026-09-24,14:00 - 15:00,100000,Available
2037_4213_15:00,2037,TIM Padel Club,4213,Court 1 - Blue,2026-09-24,15:00 - 16:00,100000,Available
2037_4213_16:00,2037,TIM Padel Club,4213,Court 1 - Blue,2026-09-24,16:00 - 17:00,100000,Booked
2037_4214_12:00,2037,TIM Padel Club,4214,Court 2 - Terracota,2026-09-24,12:00 - 13:00,100000,Available
2037_4214_13:00,2037,TIM Padel Club,4214,Court 2 - Terracota,2026-09-24,13:00 - 14:00,100000,Available
2037_4214_14:00,2037,TIM Padel Club,4214,Court 2 - Terracota,2026-09-24,14:00 - 15:00,100000,Available
2037_4214_15:00,2037,TIM Padel Club,4214,Court 2 - Terracota,2026-09-24,15:00 - 16:00,100000,Available
2037_4214_16:00,2037,TIM Padel Club,4214,Court 2 - Terracota,2026-09-24,16:00 - 17:00,100000,Available
2286_4886_12:00,2286,Padel Holic,4886,Court 1 (FRONT),2026-09-24,12:00 - 13:00,150000,Available
2286_4886_13:00,2286,Padel Holic,4886,Court 1 (FRONT),2026-09-24,13:00 - 14:00,150000,Available
2286_4886_14:00,2286,Padel Holic,4886,Court 1 (FRONT),2026-09-24,14:00 - 15:00,150000,Available
2286_4886_15:00,2286,Padel Holic,4886,Court 1 (FRONT),2026-09-24,15:00 - 16:00,150000,Available
2286_4886_16:00,2286,Padel Holic,4886,Court 1 (FRONT),2026-09-24,16:00 - 17:00,150000,Booked
2286_6726_12:00,2286,Padel Holic,6726,COURT 2 (MIDDLE),2026-09-24,12:00 - 13:00,150000,Available
2286_6726_13:00,2286,Padel Holic,6726,COURT 2 (MIDDLE),2026-09-24,13:00 - 14:00,150000,Available
2286_6726_14:00,2286,Padel Holic,6726,COURT 2 (MIDDLE),2026-09-24,14:00 - 15:00,150000,Available
2286_6726_15:00,2286,Padel Holic,6726,COURT 2 (MIDDLE),2026-09-24,15:00 - 16:00,150000,Available
2286_6726_16:00,2286,Padel Holic,6726,COURT 2 (MIDDLE),2026-09-24,16:00 - 17:00,150000,Available
2286_5125_12:00,2286,Padel Holic,5125,Court 3 (BACK),2026-09-24,12:00 - 13:00,150000,Available
2286_5125_13:00,2286,Padel Holic,5125,Court 3 (BACK),2026-09-24,13:00 - 14:00,150000,Available
2286_5125_14:00,2286,Padel Holic,5125,Court 3 (BACK),2026-09-24,14:00 - 15:00,150000,Available
2286_5125_15:00,2286,Padel Holic,5125,Court 3 (BACK),2026-09-24,15:00 - 16:00,150000,Available
2286_5125_16:00,2286,Padel Holic,5125,Court 3 (BACK),2026-09-24,16:00 - 17:00,150000,Available
2286_5126_12:00,2286,Padel Holic,5126,Court 4 (BACK),2026-09-24,12:00 - 13:00,150000,Available
2286_5126_13:00,2286,Padel Holic,5126,Court 4 (BACK),2026-09-24,13:00 - 14:00,150000,Available
2286_5126_14:00,2286,Padel Holic,5126,Court 4 (BACK),2026-09-24,14:00 - 15:00,150000,Available
2286_5126_15:00,2286,Padel Holic,5126,Court 4 (BACK),2026-09-24,15:00 - 16:00,150000,Available
2286_5126_16:00,2286,Padel Holic,5126,Court 4 (BACK),2026-09-24,16:00 - 17:00,150000,Available
3052_7152_13:00,3052,Infinity Padel Court,7152,Court 1 (Blue),2026-09-24,13:00 - 15:00,200000,Available
3052_7152_15:00,3052,Infinity Padel Court,7152,Court 1 (Blue),2026-09-24,15:00 - 17:00,200000,Booked
3052_7860_13:00,3052,Infinity Padel Court,7860,Court 2 (Pink),2026-09-24,13:00 - 15:00,200000,Available
3052_7860_15:00,3052,Infinity Padel Court,7860,Court 2 (Pink),2026-09-24,15:00 - 17:00,200000,Booked
3052_7861_13:00,3052,Infinity Padel Court,7861,Court 3 (Blue),2026-09-24,13:00 - 15:00,200000,Available
3052_7861_15:00,3052,Infinity Padel Court,7861,Court 3 (Blue),2026-09-24,15:00 - 17:00,200000,Available
1499_6577_12:00,1499,The Grand Padel Pulomas,6577,Grand Tribune,2026-09-24,12:00 - 14:00,390000,Available
1499_6577_14:00,1499,The Grand Padel Pulomas,6577,Grand Tribune,2026-09-24,14:00 - 15:00,250000,Available
1499_6577_15:00,1499,The Grand Padel Pulomas,6577,Grand Tribune,2026-09-24,15:00 - 16:00,250000,Available
1499_6577_16:00,1499,The Grand Padel Pulomas,6577,Grand Tribune,2026-09-24,16:00 - 17:00,250000,Booked
1499_3012_12:00,1499,The Grand Padel Pulomas,3012,Madrid 1,2026-09-24,12:00 - 13:00,250000,Available
1499_3012_13:00,1499,The Grand Padel Pulomas,3012,Madrid 1,2026-09-24,13:00 - 14:00,250000,Available
1499_3012_14:00,1499,The Grand Padel Pulomas,3012,Madrid 1,2026-09-24,14:00 - 15:00,250000,Available
1499_3012_15:00,1499,The Grand Padel Pulomas,3012,Madrid 1,2026-09-24,15:00 - 16:00,250000,Available
1499_3012_16:00,1499,The Grand Padel Pulomas,3012,Madrid 1,2026-09-24,16:00 - 17:00,250000,Available
1499_3013_12:00,1499,The Grand Padel Pulomas,3013,Dubai 2,2026-09-24,12:00 - 13:00,250000,Available
1499_3013_13:00,1499,The Grand Padel Pulomas,3013,Dubai 2,2026-09-24,13:00 - 14:00,250000,Available
1499_3013_14:00,1499,The Grand Padel Pulomas,3013,Dubai 2,2026-09-24,14:00 - 15:00,250000,Available
1499_3013_15:00,1499,The Grand Padel Pulomas,3013,Dubai 2,2026-09-24,15:00 - 16:00,250000,Available
1499_3013_16:00,1499,The Grand Padel Pulomas,3013,Dubai 2,2026-09-24,16:00 - 17:00,250000,Available
1499_3014_12:00,1499,The Grand Padel Pulomas,3014,Tokyo 3,2026-09-24,12:00 - 13:00,250000,Available
1499_3014_13:00,1499,The Grand Padel Pulomas,3014,Tokyo 3,2026-09-24,13:00 - 14:00,250000,Available
1499_3014_14:00,1499,The Grand Padel Pulomas,3014,Tokyo 3,2026-09-24,14:00 - 15:00,250000,Available
1499_3014_15:00,1499,The Grand Padel Pulomas,3014,Tokyo 3,2026-09-24,15:00 - 16:00,250000,Available
1499_3014_16:00,1499,The Grand Padel Pulomas,3014,Tokyo 3,2026-09-24,16:00 - 17:00,250000,Available
1499_3015_12:00,1499,The Grand Padel Pulomas,3015,New York 5,2026-09-24,12:00 - 14:00,390000,Available
1499_3015_14:00,1499,The Grand Padel Pulomas,3015,New York 5,2026-09-24,14:00 - 15:00,250000,Available
1499_3015_15:00,1499,The Grand Padel Pulomas,3015,New York 5,2026-09-24,15:00 - 16:00,250000,Available
1499_3015_16:00,1499,The Grand Padel Pulomas,3015,New York 5,2026-09-24,16:00 - 17:00,250000,Available
2456_5219_12:00,2456,PADEL 5IVE,5219,Court A,2026-09-24,12:00 - 13:00,300000,Available
2456_5219_13:00,2456,PADEL 5IVE,5219,Court A,2026-09-24,13:00 - 14:00,300000,Booked
2456_5219_14:00,2456,PADEL 5IVE,5219,Court A,2026-09-24,14:00 - 15:00,300000,Booked
2456_5219_15:00,2456,PADEL 5IVE,5219,Court A,2026-09-24,15:00 - 16:00,300000,Available
2456_5219_16:00,2456,PADEL 5IVE,5219,Court A,2026-09-24,16:00 - 17:00,400000,Booked
2456_5220_12:00,2456,PADEL 5IVE,5220,Court B,2026-09-24,12:00 - 13:00,300000,Booked
2456_5220_13:00,2456,PADEL 5IVE,5220,Court B,2026-09-24,13:00 - 14:00,300000,Available
2456_5220_14:00,2456,PADEL 5IVE,5220,Court B,2026-09-24,14:00 - 15:00,300000,Available
2456_5220_15:00,2456,PADEL 5IVE,5220,Court B,2026-09-24,15:00 - 16:00,300000,Available
2456_5220_16:00,2456,PADEL 5IVE,5220,Court B,2026-09-24,16:00 - 17:00,400000,Booked
2456_5221_12:00,2456,PADEL 5IVE,5221,Court C,2026-09-24,12:00 - 13:00,300000,Available
2456_5221_13:00,2456,PADEL 5IVE,5221,Court C,2026-09-24,13:00 - 14:00,300000,Available
2456_5221_14:00,2456,PADEL 5IVE,5221,Court C,2026-09-24,14:00 - 15:00,300000,Booked
2456_5221_15:00,2456,PADEL 5IVE,5221,Court C,2026-09-24,15:00 - 16:00,300000,Booked
2456_5221_16:00,2456,PADEL 5IVE,5221,Court C,2026-09-24,16:00 - 17:00,400000,Booked
2456_6215_12:00,2456,PADEL 5IVE,6215,Court D,2026-09-24,12:00 - 13:00,300000,Available
2456_6215_13:00,2456,PADEL 5IVE,6215,Court D,2026-09-24,13:00 - 14:00,300000,Available
2456_6215_14:00,2456,PADEL 5IVE,6215,Court D,2026-09-24,14:00 - 15:00,300000,Available
2456_6215_15:00,2456,PADEL 5IVE,6215,Court D,2026-09-24,15:00 - 16:00,300000,Booked
2456_6215_16:00,2456,PADEL 5IVE,6215,Court D,2026-09-24,16:00 - 17:00,400000,Booked
2456_6216_12:00,2456,PADEL 5IVE,6216,Court E,2026-09-24,12:00 - 13:00,300000,Booked
2456_6216_13:00,2456,PADEL 5IVE,6216,Court E,2026-09-24,13:00 - 14:00,300000,Booked
2456_6216_14:00,2456,PADEL 5IVE,6216,Court E,2026-09-24,14:00 - 15:00,300000,Available
2456_6216_15:00,2456,PADEL 5IVE,6216,Court E,2026-09-24,15:00 - 16:00,300000,Available
2456_6216_16:00,2456,PADEL 5IVE,6216,Court E,2026-09-24,16:00 - 17:00,400000,Booked
2456_7189_12:00,2456,PADEL 5IVE,7189,VIP LOUNGE (NO COURT),2026-09-24,12:00 - 13:00,280000,Available
2456_7189_13:00,2456,PADEL 5IVE,7189,VIP LOUNGE (NO COURT),2026-09-24,13:00 - 14:00,280000,Available
2456_7189_14:00,2456,PADEL 5IVE,7189,VIP LOUNGE (NO COURT),2026-09-24,14:00 - 15:00,280000,Available
2456_7189_15:00,2456,PADEL 5IVE,7189,VIP LOUNGE (NO COURT),2026-09-24,15:00 - 16:00,280000,Available
2456_7189_16:00,2456,PADEL 5IVE,7189,VIP LOUNGE (NO COURT),2026-09-24,16:00 - 17:00,280000,Available
2341_4932_12:00,2341,Pop Padel,4932,Court 1,2026-09-24,12:00 - 13:00,175000,Booked
2341_4932_13:00,2341,Pop Padel,4932,Court 1,2026-09-24,13:00 - 14:00,175000,Booked
2341_4932_14:00,2341,Pop Padel,4932,Court 1,2026-09-24,14:00 - 15:00,175000,Available
2341_4932_15:00,2341,Pop Padel,4932,Court 1,2026-09-24,15:00 - 16:00,250000,Available
2341_4932_16:00,2341,Pop Padel,4932,Court 1,2026-09-24,16:00 - 17:00,250000,Available
2341_4933_12:00,2341,Pop Padel,4933,Court 2,2026-09-24,12:00 - 13:00,175000,Booked
2341_4933_13:00,2341,Pop Padel,4933,Court 2,2026-09-24,13:00 - 14:00,175000,Booked
2341_4933_14:00,2341,Pop Padel,4933,Court 2,2026-09-24,14:00 - 15:00,175000,Available
2341_4933_15:00,2341,Pop Padel,4933,Court 2,2026-09-24,15:00 - 16:00,250000,Available
2341_4933_16:00,2341,Pop Padel,4933,Court 2,2026-09-24,16:00 - 17:00,250000,Available
2341_4934_12:00,2341,Pop Padel,4934,Court 3,2026-09-24,12:00 - 13:00,175000,Available
2341_4934_13:00,2341,Pop Padel,4934,Court 3,2026-09-24,13:00 - 14:00,175000,Available
2341_4934_14:00,2341,Pop Padel,4934,Court 3,2026-09-24,14:00 - 15:00,175000,Available
2341_4934_15:00,2341,Pop Padel,4934,Court 3,2026-09-24,15:00 - 16:00,250000,Available
2341_4934_16:00,2341,Pop Padel,4934,Court 3,2026-09-24,16:00 - 17:00,250000,Available
2557_5548_12:00,2557,Djatinegara Padel,5548,Court 1,2026-09-24,12:00 - 13:00,135000,Available
2557_5548_13:00,2557,Djatinegara Padel,5548,Court 1,2026-09-24,13:00 - 14:00,135000,Available
2557_5548_14:00,2557,Djatinegara Padel,5548,Court 1,2026-09-24,14:00 - 15:00,135000,Booked
2557_5548_15:00,2557,Djatinegara Padel,5548,Court 1,2026-09-24,15:00 - 16:00,135000,Available
2557_5548_16:00,2557,Djatinegara Padel,5548,Court 1,2026-09-24,16:00 - 17:00,150000,Available
2557_6466_12:00,2557,Djatinegara Padel,6466,Court 2,2026-09-24,12:00 - 13:00,135000,Available
2557_6466_13:00,2557,Djatinegara Padel,6466,Court 2,2026-09-24,13:00 - 14:00,135000,Available
2557_6466_14:00,2557,Djatinegara Padel,6466,Court 2,2026-09-24,14:00 - 15:00,135000,Available
2557_6466_15:00,2557,Djatinegara Padel,6466,Court 2,2026-09-24,15:00 - 16:00,135000,Available
2557_6466_16:00,2557,Djatinegara Padel,6466,Court 2,2026-09-24,16:00 - 17:00,150000,Available
4249_10520_12:00,4249,The pop padel arena,10520,Court 1,2026-09-24,12:00 - 13:00,125000,Available
4249_10520_13:00,4249,The pop padel arena,10520,Court 1,2026-09-24,13:00 - 14:00,125000,Available
4249_10520_14:00,4249,The pop padel arena,10520,Court 1,2026-09-24,14:00 - 15:00,125000,Available
4249_10520_15:00,4249,The pop padel arena,10520,Court 1,2026-09-24,15:00 - 16:00,125000,Available
4249_10520_16:00,4249,The pop padel arena,10520,Court 1,2026-09-24,16:00 - 17:00,169000,Available
4249_11392_12:00,4249,The pop padel arena,11392,Court 2,2026-09-24,12:00 - 13:00,125000,Available
4249_11392_13:00,4249,The pop padel arena,11392,Court 2,2026-09-24,13:00 - 14:00,125000,Available
4249_11392_14:00,4249,The pop padel arena,11392,Court 2,2026-09-24,14:00 - 15:00,125000,Available
4249_11392_15:00,4249,The pop padel arena,11392,Court 2,2026-09-24,15:00 - 16:00,125000,Available
4249_11392_16:00,4249,The pop padel arena,11392,Court 2,2026-09-24,16:00 - 17:00,169000,Available
4249_11393_12:00,4249,The pop padel arena,11393,Court 3,2026-09-24,12:00 - 13:00,125000,Available
4249_11393_13:00,4249,The pop padel arena,11393,Court 3,2026-09-24,13:00 - 14:00,125000,Available
4249_11393_14:00,4249,The pop padel arena,11393,Court 3,2026-09-24,14:00 - 15:00,125000,Available
4249_11393_15:00,4249,The pop padel arena,11393,Court 3,2026-09-24,15:00 - 16:00,125000,Available
4249_11393_16:00,4249,The pop padel arena,11393,Court 3,2026-09-24,16:00 - 17:00,169000,Available
4249_11394_12:00,4249,The pop padel arena,11394,Court 4,2026-09-24,12:00 - 13:00,125000,Available
4249_11394_13:00,4249,The pop padel arena,11394,Court 4,2026-09-24,13:00 - 14:00,125000,Available
4249_11394_14:00,4249,The pop padel arena,11394,Court 4,2026-09-24,14:00 - 15:00,125000,Available
4249_11394_15:00,4249,The pop padel arena,11394,Court 4,2026-09-24,15:00 - 16:00,125000,Available
4249_11394_16:00,4249,The pop padel arena,11394,Court 4,2026-09-24,16:00 - 17:00,169000,Available
3606_8959_12:00,3606,Matchaus Padel & Pickleball,8959,Court 1,2026-09-24,12:00 - 13:00,99000,Available
3606_8959_13:00,3606,Matchaus Padel & Pickleball,8959,Court 1,2026-09-24,13:00 - 14:00,99000,Available
3606_8959_14:00,3606,Matchaus Padel & Pickleball,8959,Court 1,2026-09-24,14:00 - 15:00,99000,Available
3606_8959_15:00,3606,Matchaus Padel & Pickleball,8959,Court 1,2026-09-24,15:00 - 16:00,199000,Available
3606_8959_16:00,3606,Matchaus Padel & Pickleball,8959,Court 1,2026-09-24,16:00 - 17:00,199000,Available
3606_8960_12:00,3606,Matchaus Padel & Pickleball,8960,Court 2,2026-09-24,12:00 - 13:00,99000,Available
3606_8960_13:00,3606,Matchaus Padel & Pickleball,8960,Court 2,2026-09-24,13:00 - 14:00,99000,Available
3606_8960_14:00,3606,Matchaus Padel & Pickleball,8960,Court 2,2026-09-24,14:00 - 15:00,99000,Available
3606_8960_15:00,3606,Matchaus Padel & Pickleball,8960,Court 2,2026-09-24,15:00 - 16:00,199000,Available
3606_8960_16:00,3606,Matchaus Padel & Pickleball,8960,Court 2,2026-09-24,16:00 - 17:00,199000,Available
3606_8961_12:00,3606,Matchaus Padel & Pickleball,8961,Court 3,2026-09-24,12:00 - 13:00,99000,Available
3606_8961_13:00,3606,Matchaus Padel & Pickleball,8961,Court 3,2026-09-24,13:00 - 14:00,99000,Available
3606_8961_14:00,3606,Matchaus Padel & Pickleball,8961,Court 3,2026-09-24,14:00 - 15:00,99000,Available
3606_8961_15:00,3606,Matchaus Padel & Pickleball,8961,Court 3,2026-09-24,15:00 - 16:00,199000,Available
3606_8961_16:00,3606,Matchaus Padel & Pickleball,8961,Court 3,2026-09-24,16:00 - 17:00,199000,Available
3606_8962_12:00,3606,Matchaus Padel & Pickleball,8962,Court 4,2026-09-24,12:00 - 13:00,99000,Available
3606_8962_13:00,3606,Matchaus Padel & Pickleball,8962,Court 4,2026-09-24,13:00 - 14:00,99000,Available
3606_8962_14:00,3606,Matchaus Padel & Pickleball,8962,Court 4,2026-09-24,14:00 - 15:00,99000,Available
3606_8962_15:00,3606,Matchaus Padel & Pickleball,8962,Court 4,2026-09-24,15:00 - 16:00,199000,Available
3606_8962_16:00,3606,Matchaus Padel & Pickleball,8962,Court 4,2026-09-24,16:00 - 17:00,199000,Available
3606_8963_12:00,3606,Matchaus Padel & Pickleball,8963,VIP A,2026-09-24,12:00 - 13:00,245000,Available
3606_8963_13:00,3606,Matchaus Padel & Pickleball,8963,VIP A,2026-09-24,13:00 - 14:00,245000,Available
3606_8963_14:00,3606,Matchaus Padel & Pickleball,8963,VIP A,2026-09-24,14:00 - 15:00,245000,Available
3606_8963_15:00,3606,Matchaus Padel & Pickleball,8963,VIP A,2026-09-24,15:00 - 16:00,245000,Available
3606_8963_16:00,3606,Matchaus Padel & Pickleball,8963,VIP A,2026-09-24,16:00 - 17:00,245000,Available
3606_8964_12:00,3606,Matchaus Padel & Pickleball,8964,VIP B,2026-09-24,12:00 - 13:00,245000,Available
3606_8964_13:00,3606,Matchaus Padel & Pickleball,8964,VIP B,2026-09-24,13:00 - 14:00,245000,Available
3606_8964_14:00,3606,Matchaus Padel & Pickleball,8964,VIP B,2026-09-24,14:00 - 15:00,245000,Available
3606_8964_15:00,3606,Matchaus Padel & Pickleball,8964,VIP B,2026-09-24,15:00 - 16:00,245000,Available
3606_8964_16:00,3606,Matchaus Padel & Pickleball,8964,VIP B,2026-09-24,16:00 - 17:00,245000,Available
3606_8965_12:00,3606,Matchaus Padel & Pickleball,8965,Court A,2026-09-24,12:00 - 13:00,100000,Available
3606_8965_13:00,3606,Matchaus Padel & Pickleball,8965,Court A,2026-09-24,13:00 - 14:00,100000,Available
3606_8965_14:00,3606,Matchaus Padel & Pickleball,8965,Court A,2026-09-24,14:00 - 15:00,100000,Available
3606_8965_15:00,3606,Matchaus Padel & Pickleball,8965,Court A,2026-09-24,15:00 - 16:00,100000,Available
3606_8965_16:00,3606,Matchaus Padel & Pickleball,8965,Court A,2026-09-24,16:00 - 17:00,100000,Available
3606_8966_12:00,3606,Matchaus Padel & Pickleball,8966,Court B,2026-09-24,12:00 - 13:00,100000,Available
3606_8966_13:00,3606,Matchaus Padel & Pickleball,8966,Court B,2026-09-24,13:00 - 14:00,100000,Available
3606_8966_14:00,3606,Matchaus Padel & Pickleball,8966,Court B,2026-09-24,14:00 - 15:00,100000,Available
3606_8966_15:00,3606,Matchaus Padel & Pickleball,8966,Court B,2026-09-24,15:00 - 16:00,100000,Available
3606_8966_16:00,3606,Matchaus Padel & Pickleball,8966,Court B,2026-09-24,16:00 - 17:00,100000,Available
4347_10797_12:00,4347,Interspace Padel,10797,Court 1 Blue,2026-09-24,12:00 - 13:00,150000,Available
4347_10797_13:00,4347,Interspace Padel,10797,Court 1 Blue,2026-09-24,13:00 - 14:00,150000,Available
4347_10797_14:00,4347,Interspace Padel,10797,Court 1 Blue,2026-09-24,14:00 - 15:00,150000,Available
4347_10797_15:00,4347,Interspace Padel,10797,Court 1 Blue,2026-09-24,15:00 - 16:00,150000,Available
4347_10797_16:00,4347,Interspace Padel,10797,Court 1 Blue,2026-09-24,16:00 - 17:00,300000,Available
4347_10800_12:00,4347,Interspace Padel,10800,Court 2 Blue,2026-09-24,12:00 - 13:00,150000,Available
4347_10800_13:00,4347,Interspace Padel,10800,Court 2 Blue,2026-09-24,13:00 - 14:00,150000,Available
4347_10800_14:00,4347,Interspace Padel,10800,Court 2 Blue,2026-09-24,14:00 - 15:00,150000,Available
4347_10800_15:00,4347,Interspace Padel,10800,Court 2 Blue,2026-09-24,15:00 - 16:00,150000,Available
4347_10800_16:00,4347,Interspace Padel,10800,Court 2 Blue,2026-09-24,16:00 - 17:00,300000,Available
4347_10801_12:00,4347,Interspace Padel,10801,Court 1 Terracotta,2026-09-24,12:00 - 13:00,150000,Available
4347_10801_13:00,4347,Interspace Padel,10801,Court 1 Terracotta,2026-09-24,13:00 - 14:00,150000,Available
4347_10801_14:00,4347,Interspace Padel,10801,Court 1 Terracotta,2026-09-24,14:00 - 15:00,150000,Available
4347_10801_15:00,4347,Interspace Padel,10801,Court 1 Terracotta,2026-09-24,15:00 - 16:00,150000,Available
4347_10801_16:00,4347,Interspace Padel,10801,Court 1 Terracotta,2026-09-24,16:00 - 17:00,300000,Available
4347_10802_12:00,4347,Interspace Padel,10802,Court 2 Terracotta,2026-09-24,12:00 - 13:00,150000,Available
4347_10802_13:00,4347,Interspace Padel,10802,Court 2 Terracotta,2026-09-24,13:00 - 14:00,150000,Available
4347_10802_14:00,4347,Interspace Padel,10802,Court 2 Terracotta,2026-09-24,14:00 - 15:00,150000,Available
4347_10802_15:00,4347,Interspace Padel,10802,Court 2 Terracotta,2026-09-24,15:00 - 16:00,150000,Available
4347_10802_16:00,4347,Interspace Padel,10802,Court 2 Terracotta,2026-09-24,16:00 - 17:00,300000,Available
1668_3399_12:00,1668,Pace Padel Club,3399,Court 1,2026-09-24,12:00 - 13:00,249000,Available
1668_3399_13:00,1668,Pace Padel Club,3399,Court 1,2026-09-24,13:00 - 14:00,249000,Available
1668_3399_14:00,1668,Pace Padel Club,3399,Court 1,2026-09-24,14:00 - 15:00,249000,Available
1668_3399_15:00,1668,Pace Padel Club,3399,Court 1,2026-09-24,15:00 - 16:00,249000,Available
1668_3399_16:00,1668,Pace Padel Club,3399,Court 1,2026-09-24,16:00 - 17:00,299000,Available
1668_3673_12:00,1668,Pace Padel Club,3673,Court 2,2026-09-24,12:00 - 13:00,249000,Available
1668_3673_13:00,1668,Pace Padel Club,3673,Court 2,2026-09-24,13:00 - 14:00,249000,Available
1668_3673_14:00,1668,Pace Padel Club,3673,Court 2,2026-09-24,14:00 - 15:00,249000,Available
1668_3673_15:00,1668,Pace Padel Club,3673,Court 2,2026-09-24,15:00 - 16:00,249000,Available
1668_3673_16:00,1668,Pace Padel Club,3673,Court 2,2026-09-24,16:00 - 17:00,299000,Booked
1668_3674_12:00,1668,Pace Padel Club,3674,Court 3,2026-09-24,12:00 - 13:00,249000,Available
1668_3674_13:00,1668,Pace Padel Club,3674,Court 3,2026-09-24,13:00 - 14:00,249000,Available
1668_3674_14:00,1668,Pace Padel Club,3674,Court 3,2026-09-24,14:00 - 15:00,249000,Available
1668_3674_15:00,1668,Pace Padel Club,3674,Court 3,2026-09-24,15:00 - 16:00,249000,Available
1668_3674_16:00,1668,Pace Padel Club,3674,Court 3,2026-09-24,16:00 - 17:00,299000,Available
1668_3675_12:00,1668,Pace Padel Club,3675,Court 4,2026-09-24,12:00 - 13:00,249000,Available
1668_3675_13:00,1668,Pace Padel Club,3675,Court 4,2026-09-24,13:00 - 14:00,249000,Available
1668_3675_14:00,1668,Pace Padel Club,3675,Court 4,2026-09-24,14:00 - 15:00,249000,Available
1668_3675_15:00,1668,Pace Padel Club,3675,Court 4,2026-09-24,15:00 - 16:00,249000,Available
1668_3675_16:00,1668,Pace Padel Club,3675,Court 4,2026-09-24,16:00 - 17:00,299000,Available
3311_8005_12:00,3311,The Inner Padel Club,8005,Court 1,2026-09-24,12:00 - 13:00,215000,Available
3311_8005_13:00,3311,The Inner Padel Club,8005,Court 1,2026-09-24,13:00 - 14:00,215000,Available
3311_8005_14:00,3311,The Inner Padel Club,8005,Court 1,2026-09-24,14:00 - 15:00,215000,Available
3311_8005_15:00,3311,The Inner Padel Club,8005,Court 1,2026-09-24,15:00 - 16:00,215000,Available
3311_8005_16:00,3311,The Inner Padel Club,8005,Court 1,2026-09-24,16:00 - 17:00,250000,Available
3311_8008_12:00,3311,The Inner Padel Club,8008,Court 2,2026-09-24,12:00 - 13:00,215000,Available
3311_8008_13:00,3311,The Inner Padel Club,8008,Court 2,2026-09-24,13:00 - 14:00,215000,Available
3311_8008_14:00,3311,The Inner Padel Club,8008,Court 2,2026-09-24,14:00 - 15:00,215000,Available
3311_8008_15:00,3311,The Inner Padel Club,8008,Court 2,2026-09-24,15:00 - 16:00,215000,Available
3311_8008_16:00,3311,The Inner Padel Club,8008,Court 2,2026-09-24,16:00 - 17:00,250000,Available
4514_11483_12:00,4514,Mezz Padel,11483,Court 1,2026-09-24,12:00 - 13:00,199000,Available
4514_11483_13:00,4514,Mezz Padel,11483,Court 1,2026-09-24,13:00 - 14:00,199000,Available
4514_11483_14:00,4514,Mezz Padel,11483,Court 1,2026-09-24,14:00 - 15:00,199000,Available
4514_11483_15:00,4514,Mezz Padel,11483,Court 1,2026-09-24,15:00 - 16:00,199000,Available
4514_11483_16:00,4514,Mezz Padel,11483,Court 1,2026-09-24,16:00 - 17:00,199000,Available
4514_12083_12:00,4514,Mezz Padel,12083,Court 2,2026-09-24,12:00 - 13:00,199000,Available
4514_12083_13:00,4514,Mezz Padel,12083,Court 2,2026-09-24,13:00 - 14:00,199000,Available
4514_12083_14:00,4514,Mezz Padel,12083,Court 2,2026-09-24,14:00 - 15:00,199000,Available
4514_12083_15:00,4514,Mezz Padel,12083,Court 2,2026-09-24,15:00 - 16:00,199000,Available
4514_12083_16:00,4514,Mezz Padel,12083,Court 2,2026-09-24,16:00 - 17:00,199000,Available
4514_12085_12:00,4514,Mezz Padel,12085,Court 3,2026-09-24,12:00 - 13:00,199000,Available
4514_12085_13:00,4514,Mezz Padel,12085,Court 3,2026-09-24,13:00 - 14:00,199000,Available
4514_12085_14:00,4514,Mezz Padel,12085,Court 3,2026-09-24,14:00 - 15:00,199000,Available
4514_12085_15:00,4514,Mezz Padel,12085,Court 3,2026-09-24,15:00 - 16:00,199000,Available
4514_12085_16:00,4514,Mezz Padel,12085,Court 3,2026-09-24,16:00 - 17:00,199000,Available
4514_12086_12:00,4514,Mezz Padel,12086,Court 4,2026-09-24,12:00 - 13:00,199000,Available
4514_12086_13:00,4514,Mezz Padel,12086,Court 4,2026-09-24,13:00 - 14:00,199000,Available
4514_12086_14:00,4514,Mezz Padel,12086,Court 4,2026-09-24,14:00 - 15:00,199000,Available
4514_12086_15:00,4514,Mezz Padel,12086,Court 4,2026-09-24,15:00 - 16:00,199000,Available
4514_12086_16:00,4514,Mezz Padel,12086,Court 4,2026-09-24,16:00 - 17:00,199000,Available
4894_12859_12:00,4894,Laga Padel,12859,Court 1,2026-09-24,12:00 - 13:00,150000,Available
4894_12859_13:00,4894,Laga Padel,12859,Court 1,2026-09-24,13:00 - 14:00,150000,Available
4894_12859_14:00,4894,Laga Padel,12859,Court 1,2026-09-24,14:00 - 15:00,150000,Available
4894_12859_15:00,4894,Laga Padel,12859,Court 1,2026-09-24,15:00 - 16:00,150000,Available
4894_12859_16:00,4894,Laga Padel,12859,Court 1,2026-09-24,16:00 - 17:00,200000,Available
4894_13085_12:00,4894,Laga Padel,13085,Court 2,2026-09-24,12:00 - 13:00,150000,Available
4894_13085_13:00,4894,Laga Padel,13085,Court 2,2026-09-24,13:00 - 14:00,150000,Available
4894_13085_14:00,4894,Laga Padel,13085,Court 2,2026-09-24,14:00 - 15:00,150000,Available
4894_13085_15:00,4894,Laga Padel,13085,Court 2,2026-09-24,15:00 - 16:00,150000,Available
4894_13085_16:00,4894,Laga Padel,13085,Court 2,2026-09-24,16:00 - 17:00,200000,Available
4894_13086_12:00,4894,Laga Padel,13086,Court 3,2026-09-24,12:00 - 13:00,150000,Available
4894_13086_13:00,4894,Laga Padel,13086,Court 3,2026-09-24,13:00 - 14:00,150000,Available
4894_13086_14:00,4894,Laga Padel,13086,Court 3,2026-09-24,14:00 - 15:00,150000,Available
4894_13086_15:00,4894,Laga Padel,13086,Court 3,2026-09-24,15:00 - 16:00,150000,Available
4894_13086_16:00,4894,Laga Padel,13086,Court 3,2026-09-24,16:00 - 17:00,200000,Available
4894_13088_12:00,4894,Laga Padel,13088,Court 4,2026-09-24,12:00 - 13:00,150000,Available
4894_13088_13:00,4894,Laga Padel,13088,Court 4,2026-09-24,13:00 - 14:00,150000,Available
4894_13088_14:00,4894,Laga Padel,13088,Court 4,2026-09-24,14:00 - 15:00,150000,Available
4894_13088_15:00,4894,Laga Padel,13088,Court 4,2026-09-24,15:00 - 16:00,150000,Available
4894_13088_16:00,4894,Laga Padel,13088,Court 4,2026-09-24,16:00 - 17:00,200000,Available
3117_7369_17:00,3117,HDR Padel,7369,Court 1,2026-09-24,17:00 - 18:00,125000,Available
3117_7369_18:00,3117,HDR Padel,7369,Court 1,2026-09-24,18:00 - 19:00,150000,Booked
3117_7369_19:00,3117,HDR Padel,7369,Court 1,2026-09-24,19:00 - 20:00,150000,Booked
3117_7369_20:00,3117,HDR Padel,7369,Court 1,2026-09-24,20:00 - 21:00,150000,Booked
3117_7369_21:00,3117,HDR Padel,7369,Court 1,2026-09-24,21:00 - 22:00,150000,Booked
3117_7369_22:00,3117,HDR Padel,7369,Court 1,2026-09-24,22:00 - 23:00,150000,Available
3117_7622_17:00,3117,HDR Padel,7622,Court 2,2026-09-24,17:00 - 18:00,125000,Booked
3117_7622_18:00,3117,HDR Padel,7622,Court 2,2026-09-24,18:00 - 19:00,150000,Booked
3117_7622_19:00,3117,HDR Padel,7622,Court 2,2026-09-24,19:00 - 20:00,150000,Available
3117_7622_20:00,3117,HDR Padel,7622,Court 2,2026-09-24,20:00 - 21:00,150000,Booked
3117_7622_21:00,3117,HDR Padel,7622,Court 2,2026-09-24,21:00 - 22:00,150000,Booked
3117_7622_22:00,3117,HDR Padel,7622,Court 2,2026-09-24,22:00 - 23:00,150000,Available
3758_9284_17:00,3758,ZAGO PADEL,9284,Court A,2026-09-24,17:00 - 18:00,99000,Available
3758_9284_18:00,3758,ZAGO PADEL,9284,Court A,2026-09-24,18:00 - 19:00,99000,Available
3758_9284_19:00,3758,ZAGO PADEL,9284,Court A,2026-09-24,19:00 - 20:00,99000,Booked
3758_9284_20:00,3758,ZAGO PADEL,9284,Court A,2026-09-24,20:00 - 21:00,99000,Booked
3758_9284_21:00,3758,ZAGO PADEL,9284,Court A,2026-09-24,21:00 - 22:00,99000,Booked
3758_9284_22:00,3758,ZAGO PADEL,9284,Court A,2026-09-24,22:00 - 23:00,99000,Available
3758_9284_23:00,3758,ZAGO PADEL,9284,Court A,2026-09-24,23:00 - 00:00,99000,Available
3758_9304_17:00,3758,ZAGO PADEL,9304,COURT B,2026-09-24,17:00 - 18:00,99000,Available
3758_9304_18:00,3758,ZAGO PADEL,9304,COURT B,2026-09-24,18:00 - 19:00,99000,Booked
3758_9304_19:00,3758,ZAGO PADEL,9304,COURT B,2026-09-24,19:00 - 20:00,99000,Booked
3758_9304_20:00,3758,ZAGO PADEL,9304,COURT B,2026-09-24,20:00 - 21:00,99000,Booked
3758_9304_21:00,3758,ZAGO PADEL,9304,COURT B,2026-09-24,21:00 - 22:00,99000,Booked
3758_9304_22:00,3758,ZAGO PADEL,9304,COURT B,2026-09-24,22:00 - 23:00,99000,Available
3758_9304_23:00,3758,ZAGO PADEL,9304,COURT B,2026-09-24,23:00 - 00:00,99000,Available
3758_9305_17:00,3758,ZAGO PADEL,9305,COURT C,2026-09-24,17:00 - 18:00,99000,Available
3758_9305_18:00,3758,ZAGO PADEL,9305,COURT C,2026-09-24,18:00 - 19:00,99000,Booked
3758_9305_19:00,3758,ZAGO PADEL,9305,COURT C,2026-09-24,19:00 - 20:00,99000,Booked
3758_9305_20:00,3758,ZAGO PADEL,9305,COURT C,2026-09-24,20:00 - 21:00,99000,Booked
3758_9305_21:00,3758,ZAGO PADEL,9305,COURT C,2026-09-24,21:00 - 22:00,99000,Booked
3758_9305_22:00,3758,ZAGO PADEL,9305,COURT C,2026-09-24,22:00 - 23:00,99000,Available
3758_9305_23:00,3758,ZAGO PADEL,9305,COURT C,2026-09-24,23:00 - 00:00,99000,Available
3758_9306_17:00,3758,ZAGO PADEL,9306,COURT D,2026-09-24,17:00 - 18:00,99000,Available
3758_9306_18:00,3758,ZAGO PADEL,9306,COURT D,2026-09-24,18:00 - 19:00,99000,Booked
3758_9306_19:00,3758,ZAGO PADEL,9306,COURT D,2026-09-24,19:00 - 20:00,99000,Booked
3758_9306_20:00,3758,ZAGO PADEL,9306,COURT D,2026-09-24,20:00 - 21:00,99000,Booked
3758_9306_21:00,3758,ZAGO PADEL,9306,COURT D,2026-09-24,21:00 - 22:00,99000,Booked
3758_9306_22:00,3758,ZAGO PADEL,9306,COURT D,2026-09-24,22:00 - 23:00,99000,Available
3758_9306_23:00,3758,ZAGO PADEL,9306,COURT D,2026-09-24,23:00 - 00:00,99000,Available
2701_6035_17:00,2701,Far East Padel - GROVES,6035,Court - One,2026-09-24,17:00 - 18:00,125000,Booked
2701_6035_18:00,2701,Far East Padel - GROVES,6035,Court - One,2026-09-24,18:00 - 19:00,275000,Available
2701_6035_19:00,2701,Far East Padel - GROVES,6035,Court - One,2026-09-24,19:00 - 20:00,275000,Booked
2701_6035_20:00,2701,Far East Padel - GROVES,6035,Court - One,2026-09-24,20:00 - 21:00,275000,Booked
2701_6035_21:00,2701,Far East Padel - GROVES,6035,Court - One,2026-09-24,21:00 - 22:00,275000,Booked
2701_6035_22:00,2701,Far East Padel - GROVES,6035,Court - One,2026-09-24,22:00 - 23:00,125000,Booked
2701_6035_23:00,2701,Far East Padel - GROVES,6035,Court - One,2026-09-24,23:00 - 00:00,125000,Available
2701_6036_17:00,2701,Far East Padel - GROVES,6036,Court - Two,2026-09-24,17:00 - 18:00,125000,Booked
2701_6036_18:00,2701,Far East Padel - GROVES,6036,Court - Two,2026-09-24,18:00 - 19:00,275000,Available
2701_6036_19:00,2701,Far East Padel - GROVES,6036,Court - Two,2026-09-24,19:00 - 20:00,275000,Booked
2701_6036_20:00,2701,Far East Padel - GROVES,6036,Court - Two,2026-09-24,20:00 - 21:00,275000,Booked
2701_6036_21:00,2701,Far East Padel - GROVES,6036,Court - Two,2026-09-24,21:00 - 22:00,275000,Available
2701_6036_22:00,2701,Far East Padel - GROVES,6036,Court - Two,2026-09-24,22:00 - 23:00,125000,Booked
2701_6036_23:00,2701,Far East Padel - GROVES,6036,Court - Two,2026-09-24,23:00 - 00:00,125000,Booked
2701_6037_17:00,2701,Far East Padel - GROVES,6037,Court - Three,2026-09-24,17:00 - 18:00,125000,Booked
2701_6037_18:00,2701,Far East Padel - GROVES,6037,Court - Three,2026-09-24,18:00 - 19:00,275000,Available
2701_6037_19:00,2701,Far East Padel - GROVES,6037,Court - Three,2026-09-24,19:00 - 20:00,275000,Booked
2701_6037_20:00,2701,Far East Padel - GROVES,6037,Court - Three,2026-09-24,20:00 - 21:00,275000,Booked
2701_6037_21:00,2701,Far East Padel - GROVES,6037,Court - Three,2026-09-24,21:00 - 22:00,275000,Available
2701_6037_22:00,2701,Far East Padel - GROVES,6037,Court - Three,2026-09-24,22:00 - 23:00,125000,Booked
2701_6037_23:00,2701,Far East Padel - GROVES,6037,Court - Three,2026-09-24,23:00 - 00:00,125000,Booked
2274_6930_18:00,2274,Far East Padel - HERO,6930,Court - One,2026-09-24,18:00 - 19:00,250000,Available
2274_6930_19:00,2274,Far East Padel - HERO,6930,Court - One,2026-09-24,19:00 - 20:00,250000,Booked
2274_6930_20:00,2274,Far East Padel - HERO,6930,Court - One,2026-09-24,20:00 - 21:00,250000,Booked
2274_6930_21:00,2274,Far East Padel - HERO,6930,Court - One,2026-09-24,21:00 - 22:00,250000,Available
2274_6930_22:00,2274,Far East Padel - HERO,6930,Court - One,2026-09-24,22:00 - 23:00,125000,Available
2274_6930_23:00,2274,Far East Padel - HERO,6930,Court - One,2026-09-24,23:00 - 00:00,125000,Available
2274_6933_18:00,2274,Far East Padel - HERO,6933,Court - Two,2026-09-24,18:00 - 19:00,250000,Available
2274_6933_19:00,2274,Far East Padel - HERO,6933,Court - Two,2026-09-24,19:00 - 20:00,250000,Booked
2274_6933_20:00,2274,Far East Padel - HERO,6933,Court - Two,2026-09-24,20:00 - 21:00,250000,Booked
2274_6933_21:00,2274,Far East Padel - HERO,6933,Court - Two,2026-09-24,21:00 - 22:00,250000,Available
2274_6933_22:00,2274,Far East Padel - HERO,6933,Court - Two,2026-09-24,22:00 - 23:00,125000,Available
2274_6933_23:00,2274,Far East Padel - HERO,6933,Court - Two,2026-09-24,23:00 - 00:00,125000,Available
2274_6929_18:00,2274,Far East Padel - HERO,6929,Court - Three,2026-09-24,18:00 - 19:00,250000,Booked
2274_6929_19:00,2274,Far East Padel - HERO,6929,Court - Three,2026-09-24,19:00 - 20:00,250000,Booked
2274_6929_20:00,2274,Far East Padel - HERO,6929,Court - Three,2026-09-24,20:00 - 21:00,250000,Booked
2274_6929_21:00,2274,Far East Padel - HERO,6929,Court - Three,2026-09-24,21:00 - 22:00,250000,Booked
2274_6929_22:00,2274,Far East Padel - HERO,6929,Court - Three,2026-09-24,22:00 - 23:00,125000,Available
2274_6929_23:00,2274,Far East Padel - HERO,6929,Court - Three,2026-09-24,23:00 - 00:00,125000,Available
3518_8657_17:00,3518,Fitera Padel,8657,Fit Court,2026-09-24,17:00 - 18:00,235000,Available
3518_8657_18:00,3518,Fitera Padel,8657,Fit Court,2026-09-24,18:00 - 19:00,195000,Available
3518_8657_19:00,3518,Fitera Padel,8657,Fit Court,2026-09-24,19:00 - 20:00,295000,Booked
3518_8657_20:00,3518,Fitera Padel,8657,Fit Court,2026-09-24,20:00 - 21:00,295000,Booked
3518_8657_21:00,3518,Fitera Padel,8657,Fit Court,2026-09-24,21:00 - 22:00,235000,Available
3518_8657_22:00,3518,Fitera Padel,8657,Fit Court,2026-09-24,22:00 - 23:00,150000,Available
3518_8657_23:00,3518,Fitera Padel,8657,Fit Court,2026-09-24,23:00 - 00:00,150000,Available
3518_9730_17:00,3518,Fitera Padel,9730,Era Court,2026-09-24,17:00 - 18:00,235000,Booked
3518_9730_18:00,3518,Fitera Padel,9730,Era Court,2026-09-24,18:00 - 19:00,195000,Available
3518_9730_19:00,3518,Fitera Padel,9730,Era Court,2026-09-24,19:00 - 20:00,295000,Available
3518_9730_20:00,3518,Fitera Padel,9730,Era Court,2026-09-24,20:00 - 21:00,295000,Available
3518_9730_21:00,3518,Fitera Padel,9730,Era Court,2026-09-24,21:00 - 22:00,235000,Booked
3518_9730_22:00,3518,Fitera Padel,9730,Era Court,2026-09-24,22:00 - 23:00,150000,Booked
3518_9730_23:00,3518,Fitera Padel,9730,Era Court,2026-09-24,23:00 - 00:00,150000,Available
2241_4842_18:00,2241,Padel Green Pramuka City,4842,Court 1,2026-09-24,18:00 - 20:00,500000,Booked
2241_4842_20:00,2241,Padel Green Pramuka City,4842,Court 1,2026-09-24,20:00 - 22:00,500000,Booked
2241_6662_18:00,2241,Padel Green Pramuka City,6662,Court 2,2026-09-24,18:00 - 20:00,500000,Booked
2241_6662_20:00,2241,Padel Green Pramuka City,6662,Court 2,2026-09-24,20:00 - 22:00,500000,Booked
2241_6663_18:00,2241,Padel Green Pramuka City,6663,Court 3,2026-09-24,18:00 - 20:00,500000,Booked
2241_6663_20:00,2241,Padel Green Pramuka City,6663,Court 3,2026-09-24,20:00 - 22:00,500000,Booked
2473_5557_17:00,2473,One Padel,5557,Court 1,2026-09-24,17:00 - 18:00,160000,Available
2473_5557_18:00,2473,One Padel,5557,Court 1,2026-09-24,18:00 - 19:00,160000,Available
2473_5557_19:00,2473,One Padel,5557,Court 1,2026-09-24,19:00 - 20:00,160000,Available
2473_5557_20:00,2473,One Padel,5557,Court 1,2026-09-24,20:00 - 21:00,160000,Available
2473_5557_21:00,2473,One Padel,5557,Court 1,2026-09-24,21:00 - 22:00,160000,Available
2473_5557_22:00,2473,One Padel,5557,Court 1,2026-09-24,22:00 - 23:00,100000,Available
3932_9697_17:00,3932,Casa De Padel Grande,9697,Uno Court,2026-09-24,17:00 - 18:00,200000,Booked
3932_9697_18:00,3932,Casa De Padel Grande,9697,Uno Court,2026-09-24,18:00 - 19:00,250000,Booked
3932_9697_19:00,3932,Casa De Padel Grande,9697,Uno Court,2026-09-24,19:00 - 20:00,250000,Booked
3932_9697_20:00,3932,Casa De Padel Grande,9697,Uno Court,2026-09-24,20:00 - 21:00,250000,Available
3932_9697_21:00,3932,Casa De Padel Grande,9697,Uno Court,2026-09-24,21:00 - 22:00,250000,Available
3932_9697_22:00,3932,Casa De Padel Grande,9697,Uno Court,2026-09-24,22:00 - 23:00,150000,Booked
3932_9697_23:00,3932,Casa De Padel Grande,9697,Uno Court,2026-09-24,23:00 - 00:00,150000,Booked
3932_9698_17:00,3932,Casa De Padel Grande,9698,Dos Court,2026-09-24,17:00 - 18:00,200000,Booked
3932_9698_18:00,3932,Casa De Padel Grande,9698,Dos Court,2026-09-24,18:00 - 19:00,250000,Booked
3932_9698_19:00,3932,Casa De Padel Grande,9698,Dos Court,2026-09-24,19:00 - 20:00,250000,Booked
3932_9698_20:00,3932,Casa De Padel Grande,9698,Dos Court,2026-09-24,20:00 - 21:00,250000,Booked
3932_9698_21:00,3932,Casa De Padel Grande,9698,Dos Court,2026-09-24,21:00 - 22:00,250000,Booked
3932_9698_22:00,3932,Casa De Padel Grande,9698,Dos Court,2026-09-24,22:00 - 23:00,150000,Available
3932_9698_23:00,3932,Casa De Padel Grande,9698,Dos Court,2026-09-24,23:00 - 00:00,150000,Available
3932_9699_17:00,3932,Casa De Padel Grande,9699,Tres Court,2026-09-24,17:00 - 18:00,200000,Booked
3932_9699_18:00,3932,Casa De Padel Grande,9699,Tres Court,2026-09-24,18:00 - 19:00,250000,Booked
3932_9699_19:00,3932,Casa De Padel Grande,9699,Tres Court,2026-09-24,19:00 - 20:00,250000,Available
3932_9699_20:00,3932,Casa De Padel Grande,9699,Tres Court,2026-09-24,20:00 - 21:00,250000,Available
3932_9699_21:00,3932,Casa De Padel Grande,9699,Tres Court,2026-09-24,21:00 - 22:00,250000,Available
3932_9699_22:00,3932,Casa De Padel Grande,9699,Tres Court,2026-09-24,22:00 - 23:00,150000,Available
3932_9699_23:00,3932,Casa De Padel Grande,9699,Tres Court,2026-09-24,23:00 - 00:00,150000,Available
2343_4937_17:00,2343,Jet Padel,4937,Lapangan Padel 1,2026-09-24,17:00 - 18:00,160000,Available
2343_4937_18:00,2343,Jet Padel,4937,Lapangan Padel 1,2026-09-24,18:00 - 19:00,160000,Available
2343_4937_19:00,2343,Jet Padel,4937,Lapangan Padel 1,2026-09-24,19:00 - 20:00,160000,Booked
2343_4937_20:00,2343,Jet Padel,4937,Lapangan Padel 1,2026-09-24,20:00 - 21:00,160000,Booked
2343_4937_21:00,2343,Jet Padel,4937,Lapangan Padel 1,2026-09-24,21:00 - 22:00,160000,Available
2343_4937_22:00,2343,Jet Padel,4937,Lapangan Padel 1,2026-09-24,22:00 - 23:00,150000,Available
2343_4937_23:00,2343,Jet Padel,4937,Lapangan Padel 1,2026-09-24,23:00 - 00:00,150000,Available
2343_4938_17:00,2343,Jet Padel,4938,Lapangan Padel 2,2026-09-24,17:00 - 18:00,160000,Available
2343_4938_18:00,2343,Jet Padel,4938,Lapangan Padel 2,2026-09-24,18:00 - 19:00,160000,Booked
2343_4938_19:00,2343,Jet Padel,4938,Lapangan Padel 2,2026-09-24,19:00 - 20:00,160000,Booked
2343_4938_20:00,2343,Jet Padel,4938,Lapangan Padel 2,2026-09-24,20:00 - 21:00,160000,Booked
2343_4938_21:00,2343,Jet Padel,4938,Lapangan Padel 2,2026-09-24,21:00 - 22:00,160000,Available
2343_4938_22:00,2343,Jet Padel,4938,Lapangan Padel 2,2026-09-24,22:00 - 23:00,150000,Available
2343_4938_23:00,2343,Jet Padel,4938,Lapangan Padel 2,2026-09-24,23:00 - 00:00,150000,Available
2343_4939_17:00,2343,Jet Padel,4939,Lapangan Padel 3,2026-09-24,17:00 - 18:00,160000,Available
2343_4939_18:00,2343,Jet Padel,4939,Lapangan Padel 3,2026-09-24,18:00 - 19:00,160000,Available
2343_4939_19:00,2343,Jet Padel,4939,Lapangan Padel 3,2026-09-24,19:00 - 20:00,160000,Booked
2343_4939_20:00,2343,Jet Padel,4939,Lapangan Padel 3,2026-09-24,20:00 - 21:00,160000,Booked
2343_4939_21:00,2343,Jet Padel,4939,Lapangan Padel 3,2026-09-24,21:00 - 22:00,160000,Available
2343_4939_22:00,2343,Jet Padel,4939,Lapangan Padel 3,2026-09-24,22:00 - 23:00,150000,Available
2343_4939_23:00,2343,Jet Padel,4939,Lapangan Padel 3,2026-09-24,23:00 - 00:00,150000,Available
3242_7778_17:00,3242,Padel Episode,7778,Court 1,2026-09-24,17:00 - 18:00,250000,Available
3242_7778_18:00,3242,Padel Episode,7778,Court 1,2026-09-24,18:00 - 19:00,345000,Booked
3242_7778_19:00,3242,Padel Episode,7778,Court 1,2026-09-24,19:00 - 20:00,345000,Booked
3242_7778_20:00,3242,Padel Episode,7778,Court 1,2026-09-24,20:00 - 21:00,345000,Booked
3242_7778_21:00,3242,Padel Episode,7778,Court 1,2026-09-24,21:00 - 22:00,300000,Booked
3242_7778_22:00,3242,Padel Episode,7778,Court 1,2026-09-24,22:00 - 23:00,245000,Available
3242_7778_23:00,3242,Padel Episode,7778,Court 1,2026-09-24,23:00 - 00:00,245000,Available
3242_7779_17:00,3242,Padel Episode,7779,Rexona Court,2026-09-24,17:00 - 18:00,250000,Available
3242_7779_18:00,3242,Padel Episode,7779,Rexona Court,2026-09-24,18:00 - 19:00,345000,Booked
3242_7779_19:00,3242,Padel Episode,7779,Rexona Court,2026-09-24,19:00 - 20:00,345000,Booked
3242_7779_20:00,3242,Padel Episode,7779,Rexona Court,2026-09-24,20:00 - 21:00,345000,Booked
3242_7779_21:00,3242,Padel Episode,7779,Rexona Court,2026-09-24,21:00 - 22:00,300000,Booked
3242_7779_22:00,3242,Padel Episode,7779,Rexona Court,2026-09-24,22:00 - 23:00,245000,Booked
3242_7779_23:00,3242,Padel Episode,7779,Rexona Court,2026-09-24,23:00 - 00:00,245000,Available
3242_7780_17:00,3242,Padel Episode,7780,Court 3,2026-09-24,17:00 - 18:00,250000,Available
3242_7780_18:00,3242,Padel Episode,7780,Court 3,2026-09-24,18:00 - 19:00,345000,Booked
3242_7780_19:00,3242,Padel Episode,7780,Court 3,2026-09-24,19:00 - 20:00,345000,Booked
3242_7780_20:00,3242,Padel Episode,7780,Court 3,2026-09-24,20:00 - 21:00,345000,Booked
3242_7780_21:00,3242,Padel Episode,7780,Court 3,2026-09-24,21:00 - 22:00,300000,Booked
3242_7780_22:00,3242,Padel Episode,7780,Court 3,2026-09-24,22:00 - 23:00,245000,Available
3242_7780_23:00,3242,Padel Episode,7780,Court 3,2026-09-24,23:00 - 00:00,245000,Available
2913_6698_17:00,2913,Ruang Padel Club,6698,Court A,2026-09-24,17:00 - 18:00,145000,Available
2913_6698_18:00,2913,Ruang Padel Club,6698,Court A,2026-09-24,18:00 - 19:00,145000,Booked
2913_6698_19:00,2913,Ruang Padel Club,6698,Court A,2026-09-24,19:00 - 20:00,145000,Booked
2913_6698_20:00,2913,Ruang Padel Club,6698,Court A,2026-09-24,20:00 - 21:00,145000,Booked
2913_6698_21:00,2913,Ruang Padel Club,6698,Court A,2026-09-24,21:00 - 22:00,145000,Booked
2913_7206_17:00,2913,Ruang Padel Club,7206,Court B,2026-09-24,17:00 - 18:00,145000,Available
2913_7206_18:00,2913,Ruang Padel Club,7206,Court B,2026-09-24,18:00 - 19:00,145000,Booked
2913_7206_19:00,2913,Ruang Padel Club,7206,Court B,2026-09-24,19:00 - 20:00,145000,Booked
2913_7206_20:00,2913,Ruang Padel Club,7206,Court B,2026-09-24,20:00 - 21:00,145000,Available
2913_7206_21:00,2913,Ruang Padel Club,7206,Court B,2026-09-24,21:00 - 22:00,145000,Available
1487_2973_17:00,1487,NEX Padel Pulo Asem,2973,Striploin Court,2026-09-24,17:00 - 18:00,260000,Available
1487_2973_18:00,1487,NEX Padel Pulo Asem,2973,Striploin Court,2026-09-24,18:00 - 19:00,260000,Available
1487_2973_19:00,1487,NEX Padel Pulo Asem,2973,Striploin Court,2026-09-24,19:00 - 20:00,260000,Booked
1487_2973_20:00,1487,NEX Padel Pulo Asem,2973,Striploin Court,2026-09-24,20:00 - 21:00,260000,Booked
1487_2973_21:00,1487,NEX Padel Pulo Asem,2973,Striploin Court,2026-09-24,21:00 - 22:00,260000,Available
1487_2973_22:00,1487,NEX Padel Pulo Asem,2973,Striploin Court,2026-09-24,22:00 - 23:00,260000,Available
1487_2974_17:00,1487,NEX Padel Pulo Asem,2974,Ribeye Court,2026-09-24,17:00 - 18:00,260000,Available
1487_2974_18:00,1487,NEX Padel Pulo Asem,2974,Ribeye Court,2026-09-24,18:00 - 19:00,260000,Booked
1487_2974_19:00,1487,NEX Padel Pulo Asem,2974,Ribeye Court,2026-09-24,19:00 - 20:00,260000,Booked
1487_2974_20:00,1487,NEX Padel Pulo Asem,2974,Ribeye Court,2026-09-24,20:00 - 21:00,260000,Booked
1487_2974_21:00,1487,NEX Padel Pulo Asem,2974,Ribeye Court,2026-09-24,21:00 - 22:00,260000,Booked
1487_2974_22:00,1487,NEX Padel Pulo Asem,2974,Ribeye Court,2026-09-24,22:00 - 23:00,260000,Available
1726_3761_17:00,1726,Numa Padel,3761,Terra Court,2026-09-24,17:00 - 18:00,235000,Available
1726_3761_18:00,1726,Numa Padel,3761,Terra Court,2026-09-24,18:00 - 19:00,235000,Available
1726_3761_19:00,1726,Numa Padel,3761,Terra Court,2026-09-24,19:00 - 20:00,275000,Booked
1726_3761_20:00,1726,Numa Padel,3761,Terra Court,2026-09-24,20:00 - 21:00,275000,Booked
1726_3761_21:00,1726,Numa Padel,3761,Terra Court,2026-09-24,21:00 - 22:00,275000,Booked
1726_3939_17:00,1726,Numa Padel,3939,Blue Court,2026-09-24,17:00 - 18:00,235000,Available
1726_3939_18:00,1726,Numa Padel,3939,Blue Court,2026-09-24,18:00 - 19:00,235000,Available
1726_3939_19:00,1726,Numa Padel,3939,Blue Court,2026-09-24,19:00 - 20:00,275000,Booked
1726_3939_20:00,1726,Numa Padel,3939,Blue Court,2026-09-24,20:00 - 21:00,275000,Booked
1726_3939_21:00,1726,Numa Padel,3939,Blue Court,2026-09-24,21:00 - 22:00,275000,Booked
1726_3940_17:00,1726,Numa Padel,3940,Pink Court,2026-09-24,17:00 - 18:00,235000,Available
1726_3940_18:00,1726,Numa Padel,3940,Pink Court,2026-09-24,18:00 - 19:00,235000,Available
1726_3940_19:00,1726,Numa Padel,3940,Pink Court,2026-09-24,19:00 - 20:00,275000,Booked
1726_3940_20:00,1726,Numa Padel,3940,Pink Court,2026-09-24,20:00 - 21:00,275000,Booked
1726_3940_21:00,1726,Numa Padel,3940,Pink Court,2026-09-24,21:00 - 22:00,275000,Available
2005_4096_17:00,2005,Uncle Padel Court,4096,Court 1,2026-09-24,17:00 - 18:00,270000,Booked
2005_4096_18:00,2005,Uncle Padel Court,4096,Court 1,2026-09-24,18:00 - 19:00,270000,Booked
2005_4096_19:00,2005,Uncle Padel Court,4096,Court 1,2026-09-24,19:00 - 20:00,270000,Booked
2005_4096_20:00,2005,Uncle Padel Court,4096,Court 1,2026-09-24,20:00 - 21:00,270000,Booked
2005_4096_21:00,2005,Uncle Padel Court,4096,Court 1,2026-09-24,21:00 - 22:00,225000,Booked
2005_4096_22:00,2005,Uncle Padel Court,4096,Court 1,2026-09-24,22:00 - 23:00,225000,Available
2005_4096_23:00,2005,Uncle Padel Court,4096,Court 1,2026-09-24,23:00 - 00:00,225000,Available
2005_7709_17:00,2005,Uncle Padel Court,7709,Court 2,2026-09-24,17:00 - 18:00,270000,Available
2005_7709_18:00,2005,Uncle Padel Court,7709,Court 2,2026-09-24,18:00 - 19:00,270000,Booked
2005_7709_19:00,2005,Uncle Padel Court,7709,Court 2,2026-09-24,19:00 - 20:00,270000,Booked
2005_7709_20:00,2005,Uncle Padel Court,7709,Court 2,2026-09-24,20:00 - 21:00,270000,Booked
2005_7709_21:00,2005,Uncle Padel Court,7709,Court 2,2026-09-24,21:00 - 22:00,225000,Booked
2005_7709_22:00,2005,Uncle Padel Court,7709,Court 2,2026-09-24,22:00 - 23:00,225000,Available
2005_7709_23:00,2005,Uncle Padel Court,7709,Court 2,2026-09-24,23:00 - 00:00,225000,Available
2005_7710_17:00,2005,Uncle Padel Court,7710,Court 3,2026-09-24,17:00 - 18:00,270000,Available
2005_7710_18:00,2005,Uncle Padel Court,7710,Court 3,2026-09-24,18:00 - 19:00,270000,Available
2005_7710_19:00,2005,Uncle Padel Court,7710,Court 3,2026-09-24,19:00 - 20:00,270000,Available
2005_7710_20:00,2005,Uncle Padel Court,7710,Court 3,2026-09-24,20:00 - 21:00,270000,Booked
2005_7710_21:00,2005,Uncle Padel Court,7710,Court 3,2026-09-24,21:00 - 22:00,225000,Booked
2005_7710_22:00,2005,Uncle Padel Court,7710,Court 3,2026-09-24,22:00 - 23:00,225000,Available
2005_7710_23:00,2005,Uncle Padel Court,7710,Court 3,2026-09-24,23:00 - 00:00,225000,Available
2005_7711_17:00,2005,Uncle Padel Court,7711,Court Terra,2026-09-24,17:00 - 18:00,283500,Available
2005_7711_18:00,2005,Uncle Padel Court,7711,Court Terra,2026-09-24,18:00 - 19:00,283500,Available
2005_7711_19:00,2005,Uncle Padel Court,7711,Court Terra,2026-09-24,19:00 - 20:00,283500,Available
2005_7711_20:00,2005,Uncle Padel Court,7711,Court Terra,2026-09-24,20:00 - 21:00,283500,Booked
2005_7711_21:00,2005,Uncle Padel Court,7711,Court Terra,2026-09-24,21:00 - 22:00,238500,Booked
2005_7711_22:00,2005,Uncle Padel Court,7711,Court Terra,2026-09-24,22:00 - 23:00,238500,Available
2005_7711_23:00,2005,Uncle Padel Court,7711,Court Terra,2026-09-24,23:00 - 00:00,238500,Available
3705_9137_17:00,3705,East Court Padel - Cakung JGC,9137,Green Court,2026-09-24,17:00 - 18:00,185000,Booked
3705_9137_18:00,3705,East Court Padel - Cakung JGC,9137,Green Court,2026-09-24,18:00 - 19:00,185000,Booked
3705_9137_19:00,3705,East Court Padel - Cakung JGC,9137,Green Court,2026-09-24,19:00 - 20:00,185000,Booked
3705_9137_20:00,3705,East Court Padel - Cakung JGC,9137,Green Court,2026-09-24,20:00 - 21:00,185000,Booked
3705_9137_21:00,3705,East Court Padel - Cakung JGC,9137,Green Court,2026-09-24,21:00 - 22:00,185000,Booked
3705_9137_22:00,3705,East Court Padel - Cakung JGC,9137,Green Court,2026-09-24,22:00 - 23:00,155000,Available
3705_9138_17:00,3705,East Court Padel - Cakung JGC,9138,Blue Court,2026-09-24,17:00 - 18:00,185000,Available
3705_9138_18:00,3705,East Court Padel - Cakung JGC,9138,Blue Court,2026-09-24,18:00 - 19:00,185000,Available
3705_9138_19:00,3705,East Court Padel - Cakung JGC,9138,Blue Court,2026-09-24,19:00 - 20:00,185000,Booked
3705_9138_20:00,3705,East Court Padel - Cakung JGC,9138,Blue Court,2026-09-24,20:00 - 21:00,185000,Booked
3705_9138_21:00,3705,East Court Padel - Cakung JGC,9138,Blue Court,2026-09-24,21:00 - 22:00,185000,Available
3705_9138_22:00,3705,East Court Padel - Cakung JGC,9138,Blue Court,2026-09-24,22:00 - 23:00,155000,Available
3705_9139_17:00,3705,East Court Padel - Cakung JGC,9139,Red Court,2026-09-24,17:00 - 18:00,185000,Booked
3705_9139_18:00,3705,East Court Padel - Cakung JGC,9139,Red Court,2026-09-24,18:00 - 19:00,185000,Booked
3705_9139_19:00,3705,East Court Padel - Cakung JGC,9139,Red Court,2026-09-24,19:00 - 20:00,185000,Booked
3705_9139_20:00,3705,East Court Padel - Cakung JGC,9139,Red Court,2026-09-24,20:00 - 21:00,185000,Booked
3705_9139_21:00,3705,East Court Padel - Cakung JGC,9139,Red Court,2026-09-24,21:00 - 22:00,185000,Booked
3705_9139_22:00,3705,East Court Padel - Cakung JGC,9139,Red Court,2026-09-24,22:00 - 23:00,155000,Booked
2709_6132_17:00,2709,Costa Padel & Social Club,6132,Court 1,2026-09-24,17:00 - 18:00,285000,Available
2709_6132_18:00,2709,Costa Padel & Social Club,6132,Court 1,2026-09-24,18:00 - 19:00,285000,Booked
2709_6132_19:00,2709,Costa Padel & Social Club,6132,Court 1,2026-09-24,19:00 - 20:00,285000,Booked
2709_6132_20:00,2709,Costa Padel & Social Club,6132,Court 1,2026-09-24,20:00 - 21:00,285000,Booked
2709_6132_21:00,2709,Costa Padel & Social Club,6132,Court 1,2026-09-24,21:00 - 22:00,285000,Booked
2709_6132_22:00,2709,Costa Padel & Social Club,6132,Court 1,2026-09-24,22:00 - 23:00,215000,Available
2709_6132_23:00,2709,Costa Padel & Social Club,6132,Court 1,2026-09-24,23:00 - 00:00,215000,Available
2709_8789_17:00,2709,Costa Padel & Social Club,8789,Court 2,2026-09-24,17:00 - 18:00,285000,Available
2709_8789_18:00,2709,Costa Padel & Social Club,8789,Court 2,2026-09-24,18:00 - 19:00,285000,Available
2709_8789_19:00,2709,Costa Padel & Social Club,8789,Court 2,2026-09-24,19:00 - 20:00,285000,Booked
2709_8789_20:00,2709,Costa Padel & Social Club,8789,Court 2,2026-09-24,20:00 - 21:00,285000,Booked
2709_8789_21:00,2709,Costa Padel & Social Club,8789,Court 2,2026-09-24,21:00 - 22:00,285000,Available
2709_8789_22:00,2709,Costa Padel & Social Club,8789,Court 2,2026-09-24,22:00 - 23:00,215000,Available
2709_8789_23:00,2709,Costa Padel & Social Club,8789,Court 2,2026-09-24,23:00 - 00:00,215000,Available
2709_8790_17:00,2709,Costa Padel & Social Club,8790,Court 3,2026-09-24,17:00 - 18:00,285000,Available
2709_8790_18:00,2709,Costa Padel & Social Club,8790,Court 3,2026-09-24,18:00 - 19:00,285000,Available
2709_8790_19:00,2709,Costa Padel & Social Club,8790,Court 3,2026-09-24,19:00 - 20:00,285000,Available
2709_8790_20:00,2709,Costa Padel & Social Club,8790,Court 3,2026-09-24,20:00 - 21:00,285000,Available
2709_8790_21:00,2709,Costa Padel & Social Club,8790,Court 3,2026-09-24,21:00 - 22:00,285000,Available
2709_8790_22:00,2709,Costa Padel & Social Club,8790,Court 3,2026-09-24,22:00 - 23:00,215000,Available
2709_8790_23:00,2709,Costa Padel & Social Club,8790,Court 3,2026-09-24,23:00 - 00:00,215000,Available
2306_5465_17:00,2306,Wins Arena Ciracas - Padel,5465,Padel A - Panoramic,2026-09-24,17:00 - 18:00,135000,Available
2306_5465_18:00,2306,Wins Arena Ciracas - Padel,5465,Padel A - Panoramic,2026-09-24,18:00 - 19:00,135000,Available
2306_5465_19:00,2306,Wins Arena Ciracas - Padel,5465,Padel A - Panoramic,2026-09-24,19:00 - 20:00,135000,Booked
2306_5465_20:00,2306,Wins Arena Ciracas - Padel,5465,Padel A - Panoramic,2026-09-24,20:00 - 21:00,135000,Booked
2306_5465_21:00,2306,Wins Arena Ciracas - Padel,5465,Padel A - Panoramic,2026-09-24,21:00 - 22:00,135000,Available
2306_5465_22:00,2306,Wins Arena Ciracas - Padel,5465,Padel A - Panoramic,2026-09-24,22:00 - 23:00,135000,Available
2306_5465_23:00,2306,Wins Arena Ciracas - Padel,5465,Padel A - Panoramic,2026-09-24,23:00 - 00:00,135000,Available
2306_5657_17:00,2306,Wins Arena Ciracas - Padel,5657,Padel B - Super Panoramic,2026-09-24,17:00 - 18:00,135000,Available
2306_5657_18:00,2306,Wins Arena Ciracas - Padel,5657,Padel B - Super Panoramic,2026-09-24,18:00 - 19:00,135000,Booked
2306_5657_19:00,2306,Wins Arena Ciracas - Padel,5657,Padel B - Super Panoramic,2026-09-24,19:00 - 20:00,135000,Booked
2306_5657_20:00,2306,Wins Arena Ciracas - Padel,5657,Padel B - Super Panoramic,2026-09-24,20:00 - 21:00,135000,Available
2306_5657_21:00,2306,Wins Arena Ciracas - Padel,5657,Padel B - Super Panoramic,2026-09-24,21:00 - 22:00,135000,Available
2306_5657_22:00,2306,Wins Arena Ciracas - Padel,5657,Padel B - Super Panoramic,2026-09-24,22:00 - 23:00,135000,Available
2306_5657_23:00,2306,Wins Arena Ciracas - Padel,5657,Padel B - Super Panoramic,2026-09-24,23:00 - 00:00,135000,Available
2306_6351_17:00,2306,Wins Arena Ciracas - Padel,6351,Padel C - Super Panoramic,2026-09-24,17:00 - 18:00,135000,Available
2306_6351_18:00,2306,Wins Arena Ciracas - Padel,6351,Padel C - Super Panoramic,2026-09-24,18:00 - 19:00,135000,Available
2306_6351_19:00,2306,Wins Arena Ciracas - Padel,6351,Padel C - Super Panoramic,2026-09-24,19:00 - 20:00,135000,Booked
2306_6351_20:00,2306,Wins Arena Ciracas - Padel,6351,Padel C - Super Panoramic,2026-09-24,20:00 - 21:00,135000,Booked
2306_6351_21:00,2306,Wins Arena Ciracas - Padel,6351,Padel C - Super Panoramic,2026-09-24,21:00 - 22:00,135000,Available
2306_6351_22:00,2306,Wins Arena Ciracas - Padel,6351,Padel C - Super Panoramic,2026-09-24,22:00 - 23:00,135000,Available
2306_6351_23:00,2306,Wins Arena Ciracas - Padel,6351,Padel C - Super Panoramic,2026-09-24,23:00 - 00:00,135000,Available
3367_8197_17:00,3367,Goozone Padel Club,8197,Wind Court,2026-09-24,17:00 - 18:00,170000,Available
3367_8197_18:00,3367,Goozone Padel Club,8197,Wind Court,2026-09-24,18:00 - 19:00,200000,Available
3367_8197_19:00,3367,Goozone Padel Club,8197,Wind Court,2026-09-24,19:00 - 20:00,200000,Booked
3367_8197_20:00,3367,Goozone Padel Club,8197,Wind Court,2026-09-24,20:00 - 21:00,200000,Booked
3367_8197_21:00,3367,Goozone Padel Club,8197,Wind Court,2026-09-24,21:00 - 22:00,200000,Available
3367_8197_22:00,3367,Goozone Padel Club,8197,Wind Court,2026-09-24,22:00 - 23:00,170000,Available
3367_8197_23:00,3367,Goozone Padel Club,8197,Wind Court,2026-09-24,23:00 - 00:00,170000,Available
3367_8198_17:00,3367,Goozone Padel Club,8198,Tulea Court,2026-09-24,17:00 - 18:00,170000,Available
3367_8198_18:00,3367,Goozone Padel Club,8198,Tulea Court,2026-09-24,18:00 - 19:00,200000,Booked
3367_8198_19:00,3367,Goozone Padel Club,8198,Tulea Court,2026-09-24,19:00 - 20:00,200000,Booked
3367_8198_20:00,3367,Goozone Padel Club,8198,Tulea Court,2026-09-24,20:00 - 21:00,200000,Booked
3367_8198_21:00,3367,Goozone Padel Club,8198,Tulea Court,2026-09-24,21:00 - 22:00,200000,Booked
3367_8198_22:00,3367,Goozone Padel Club,8198,Tulea Court,2026-09-24,22:00 - 23:00,170000,Available
3367_8198_23:00,3367,Goozone Padel Club,8198,Tulea Court,2026-09-24,23:00 - 00:00,170000,Available
3367_8199_17:00,3367,Goozone Padel Club,8199,Tree Court,2026-09-24,17:00 - 18:00,170000,Available
3367_8199_18:00,3367,Goozone Padel Club,8199,Tree Court,2026-09-24,18:00 - 19:00,200000,Available
3367_8199_19:00,3367,Goozone Padel Club,8199,Tree Court,2026-09-24,19:00 - 20:00,200000,Booked
3367_8199_20:00,3367,Goozone Padel Club,8199,Tree Court,2026-09-24,20:00 - 21:00,200000,Available
3367_8199_21:00,3367,Goozone Padel Club,8199,Tree Court,2026-09-24,21:00 - 22:00,200000,Available
3367_8199_22:00,3367,Goozone Padel Club,8199,Tree Court,2026-09-24,22:00 - 23:00,170000,Available
3367_8199_23:00,3367,Goozone Padel Club,8199,Tree Court,2026-09-24,23:00 - 00:00,170000,Available
209_240_17:00,209,Wins Arena PG - Padel,240,Court A - Panoramic,2026-09-24,17:00 - 18:00,155000,Available
209_240_18:00,209,Wins Arena PG - Padel,240,Court A - Panoramic,2026-09-24,18:00 - 19:00,155000,Booked
209_240_19:00,209,Wins Arena PG - Padel,240,Court A - Panoramic,2026-09-24,19:00 - 20:00,155000,Booked
209_240_20:00,209,Wins Arena PG - Padel,240,Court A - Panoramic,2026-09-24,20:00 - 21:00,155000,Available
209_240_21:00,209,Wins Arena PG - Padel,240,Court A - Panoramic,2026-09-24,21:00 - 22:00,155000,Available
209_240_22:00,209,Wins Arena PG - Padel,240,Court A - Panoramic,2026-09-24,22:00 - 23:00,155000,Available
209_240_23:00,209,Wins Arena PG - Padel,240,Court A - Panoramic,2026-09-24,23:00 - 00:00,155000,Available
209_3705_17:00,209,Wins Arena PG - Padel,3705,Court B - Super Panoramic,2026-09-24,17:00 - 18:00,155000,Available
209_3705_18:00,209,Wins Arena PG - Padel,3705,Court B - Super Panoramic,2026-09-24,18:00 - 19:00,155000,Booked
209_3705_19:00,209,Wins Arena PG - Padel,3705,Court B - Super Panoramic,2026-09-24,19:00 - 20:00,155000,Booked
209_3705_20:00,209,Wins Arena PG - Padel,3705,Court B - Super Panoramic,2026-09-24,20:00 - 21:00,155000,Booked
209_3705_21:00,209,Wins Arena PG - Padel,3705,Court B - Super Panoramic,2026-09-24,21:00 - 22:00,155000,Booked
209_3705_22:00,209,Wins Arena PG - Padel,3705,Court B - Super Panoramic,2026-09-24,22:00 - 23:00,155000,Available
209_3705_23:00,209,Wins Arena PG - Padel,3705,Court B - Super Panoramic,2026-09-24,23:00 - 00:00,155000,Available
209_3706_17:00,209,Wins Arena PG - Padel,3706,Court C - Super Panoramic,2026-09-24,17:00 - 18:00,155000,Available
209_3706_18:00,209,Wins Arena PG - Padel,3706,Court C - Super Panoramic,2026-09-24,18:00 - 19:00,155000,Booked
209_3706_19:00,209,Wins Arena PG - Padel,3706,Court C - Super Panoramic,2026-09-24,19:00 - 20:00,155000,Booked
209_3706_20:00,209,Wins Arena PG - Padel,3706,Court C - Super Panoramic,2026-09-24,20:00 - 21:00,155000,Available
209_3706_21:00,209,Wins Arena PG - Padel,3706,Court C - Super Panoramic,2026-09-24,21:00 - 22:00,155000,Available
209_3706_22:00,209,Wins Arena PG - Padel,3706,Court C - Super Panoramic,2026-09-24,22:00 - 23:00,155000,Available
209_3706_23:00,209,Wins Arena PG - Padel,3706,Court C - Super Panoramic,2026-09-24,23:00 - 00:00,155000,Available
209_3707_17:00,209,Wins Arena PG - Padel,3707,Court D - Super Panoramic,2026-09-24,17:00 - 18:00,155000,Available
209_3707_18:00,209,Wins Arena PG - Padel,3707,Court D - Super Panoramic,2026-09-24,18:00 - 19:00,155000,Booked
209_3707_19:00,209,Wins Arena PG - Padel,3707,Court D - Super Panoramic,2026-09-24,19:00 - 20:00,155000,Booked
209_3707_20:00,209,Wins Arena PG - Padel,3707,Court D - Super Panoramic,2026-09-24,20:00 - 21:00,155000,Available
209_3707_21:00,209,Wins Arena PG - Padel,3707,Court D - Super Panoramic,2026-09-24,21:00 - 22:00,155000,Available
209_3707_22:00,209,Wins Arena PG - Padel,3707,Court D - Super Panoramic,2026-09-24,22:00 - 23:00,155000,Available
209_3707_23:00,209,Wins Arena PG - Padel,3707,Court D - Super Panoramic,2026-09-24,23:00 - 00:00,155000,Available
1389_2670_17:00,1389,Goedang Sports Centre,2670,Lapangan Futsal 2,2026-09-24,17:00 - 18:00,220000,Booked
1389_2670_18:00,1389,Goedang Sports Centre,2670,Lapangan Futsal 2,2026-09-24,18:00 - 19:00,220000,Booked
1389_2670_19:00,1389,Goedang Sports Centre,2670,Lapangan Futsal 2,2026-09-24,19:00 - 20:00,220000,Booked
1389_2670_20:00,1389,Goedang Sports Centre,2670,Lapangan Futsal 2,2026-09-24,20:00 - 21:00,220000,Booked
1389_2670_21:00,1389,Goedang Sports Centre,2670,Lapangan Futsal 2,2026-09-24,21:00 - 22:00,220000,Booked
1389_2670_22:00,1389,Goedang Sports Centre,2670,Lapangan Futsal 2,2026-09-24,22:00 - 23:00,220000,Available
1389_2671_17:00,1389,Goedang Sports Centre,2671,Lapangan Futsal 3,2026-09-24,17:00 - 18:00,220000,Booked
1389_2671_18:00,1389,Goedang Sports Centre,2671,Lapangan Futsal 3,2026-09-24,18:00 - 19:00,220000,Booked
1389_2671_19:00,1389,Goedang Sports Centre,2671,Lapangan Futsal 3,2026-09-24,19:00 - 20:00,220000,Booked
1389_2671_20:00,1389,Goedang Sports Centre,2671,Lapangan Futsal 3,2026-09-24,20:00 - 21:00,220000,Booked
1389_2671_21:00,1389,Goedang Sports Centre,2671,Lapangan Futsal 3,2026-09-24,21:00 - 22:00,220000,Booked
1389_2671_22:00,1389,Goedang Sports Centre,2671,Lapangan Futsal 3,2026-09-24,22:00 - 23:00,220000,Booked
1389_2673_17:00,1389,Goedang Sports Centre,2673,Lapangan Basket 2,2026-09-24,17:00 - 18:00,240000,Booked
1389_2673_18:00,1389,Goedang Sports Centre,2673,Lapangan Basket 2,2026-09-24,18:00 - 19:00,240000,Booked
1389_2673_19:00,1389,Goedang Sports Centre,2673,Lapangan Basket 2,2026-09-24,19:00 - 20:00,240000,Booked
1389_2673_20:00,1389,Goedang Sports Centre,2673,Lapangan Basket 2,2026-09-24,20:00 - 21:00,240000,Booked
1389_2673_21:00,1389,Goedang Sports Centre,2673,Lapangan Basket 2,2026-09-24,21:00 - 22:00,240000,Booked
1389_2673_22:00,1389,Goedang Sports Centre,2673,Lapangan Basket 2,2026-09-24,22:00 - 23:00,240000,Available
1389_2674_17:00,1389,Goedang Sports Centre,2674,Lapangan Basket 3,2026-09-24,17:00 - 18:00,240000,Booked
1389_2674_18:00,1389,Goedang Sports Centre,2674,Lapangan Basket 3,2026-09-24,18:00 - 19:00,240000,Booked
1389_2674_19:00,1389,Goedang Sports Centre,2674,Lapangan Basket 3,2026-09-24,19:00 - 20:00,240000,Booked
1389_2674_20:00,1389,Goedang Sports Centre,2674,Lapangan Basket 3,2026-09-24,20:00 - 21:00,240000,Booked
1389_2674_21:00,1389,Goedang Sports Centre,2674,Lapangan Basket 3,2026-09-24,21:00 - 22:00,240000,Booked
1389_2674_22:00,1389,Goedang Sports Centre,2674,Lapangan Basket 3,2026-09-24,22:00 - 23:00,240000,Booked
1389_3242_17:00,1389,Goedang Sports Centre,3242,Court 1 Padel,2026-09-24,17:00 - 18:00,100000,Available
1389_3242_18:00,1389,Goedang Sports Centre,3242,Court 1 Padel,2026-09-24,18:00 - 19:00,160000,Booked
1389_3242_19:00,1389,Goedang Sports Centre,3242,Court 1 Padel,2026-09-24,19:00 - 20:00,160000,Available
1389_3242_20:00,1389,Goedang Sports Centre,3242,Court 1 Padel,2026-09-24,20:00 - 21:00,160000,Booked
1389_3242_21:00,1389,Goedang Sports Centre,3242,Court 1 Padel,2026-09-24,21:00 - 22:00,100000,Booked
1389_3242_22:00,1389,Goedang Sports Centre,3242,Court 1 Padel,2026-09-24,22:00 - 23:00,100000,Available
1389_6531_17:00,1389,Goedang Sports Centre,6531,Court 2 Padel,2026-09-24,17:00 - 18:00,150000,Available
1389_6531_18:00,1389,Goedang Sports Centre,6531,Court 2 Padel,2026-09-24,18:00 - 19:00,180000,Booked
1389_6531_19:00,1389,Goedang Sports Centre,6531,Court 2 Padel,2026-09-24,19:00 - 20:00,180000,Booked
1389_6531_20:00,1389,Goedang Sports Centre,6531,Court 2 Padel,2026-09-24,20:00 - 21:00,180000,Booked
1389_6531_21:00,1389,Goedang Sports Centre,6531,Court 2 Padel,2026-09-24,21:00 - 22:00,125000,Booked
1389_6531_22:00,1389,Goedang Sports Centre,6531,Court 2 Padel,2026-09-24,22:00 - 23:00,125000,Booked
1389_6532_17:00,1389,Goedang Sports Centre,6532,court 3 Padel,2026-09-24,17:00 - 18:00,150000,Available
1389_6532_18:00,1389,Goedang Sports Centre,6532,court 3 Padel,2026-09-24,18:00 - 19:00,180000,Booked
1389_6532_19:00,1389,Goedang Sports Centre,6532,court 3 Padel,2026-09-24,19:00 - 20:00,180000,Available
1389_6532_20:00,1389,Goedang Sports Centre,6532,court 3 Padel,2026-09-24,20:00 - 21:00,180000,Booked
1389_6532_21:00,1389,Goedang Sports Centre,6532,court 3 Padel,2026-09-24,21:00 - 22:00,125000,Booked
1389_6532_22:00,1389,Goedang Sports Centre,6532,court 3 Padel,2026-09-24,22:00 - 23:00,125000,Booked
1389_6533_17:00,1389,Goedang Sports Centre,6533,court 4 Padel,2026-09-24,17:00 - 18:00,150000,Available
1389_6533_18:00,1389,Goedang Sports Centre,6533,court 4 Padel,2026-09-24,18:00 - 19:00,180000,Booked
1389_6533_19:00,1389,Goedang Sports Centre,6533,court 4 Padel,2026-09-24,19:00 - 20:00,180000,Booked
1389_6533_20:00,1389,Goedang Sports Centre,6533,court 4 Padel,2026-09-24,20:00 - 21:00,180000,Booked
1389_6533_21:00,1389,Goedang Sports Centre,6533,court 4 Padel,2026-09-24,21:00 - 22:00,125000,Booked
1389_6533_22:00,1389,Goedang Sports Centre,6533,court 4 Padel,2026-09-24,22:00 - 23:00,125000,Booked
1883_4102_17:00,1883,Portside Padel Club,4102,Court A,2026-09-24,17:00 - 18:00,255000,Available
1883_4102_18:00,1883,Portside Padel Club,4102,Court A,2026-09-24,18:00 - 19:00,255000,Booked
1883_4102_19:00,1883,Portside Padel Club,4102,Court A,2026-09-24,19:00 - 20:00,255000,Booked
1883_4102_20:00,1883,Portside Padel Club,4102,Court A,2026-09-24,20:00 - 21:00,255000,Booked
1883_4102_21:00,1883,Portside Padel Club,4102,Court A,2026-09-24,21:00 - 22:00,255000,Booked
1883_4102_22:00,1883,Portside Padel Club,4102,Court A,2026-09-24,22:00 - 23:00,150000,Available
1883_4102_23:00,1883,Portside Padel Club,4102,Court A,2026-09-24,23:00 - 00:00,150000,Available
1883_7228_17:00,1883,Portside Padel Club,7228,Court B,2026-09-24,17:00 - 18:00,255000,Booked
1883_7228_18:00,1883,Portside Padel Club,7228,Court B,2026-09-24,18:00 - 19:00,255000,Available
1883_7228_19:00,1883,Portside Padel Club,7228,Court B,2026-09-24,19:00 - 20:00,255000,Booked
1883_7228_20:00,1883,Portside Padel Club,7228,Court B,2026-09-24,20:00 - 21:00,255000,Booked
1883_7228_21:00,1883,Portside Padel Club,7228,Court B,2026-09-24,21:00 - 22:00,255000,Booked
1883_7228_22:00,1883,Portside Padel Club,7228,Court B,2026-09-24,22:00 - 23:00,150000,Available
1883_7228_23:00,1883,Portside Padel Club,7228,Court B,2026-09-24,23:00 - 00:00,150000,Available
1883_7229_17:00,1883,Portside Padel Club,7229,Court C,2026-09-24,17:00 - 18:00,255000,Available
1883_7229_18:00,1883,Portside Padel Club,7229,Court C,2026-09-24,18:00 - 19:00,255000,Available
1883_7229_19:00,1883,Portside Padel Club,7229,Court C,2026-09-24,19:00 - 20:00,255000,Booked
1883_7229_20:00,1883,Portside Padel Club,7229,Court C,2026-09-24,20:00 - 21:00,255000,Booked
1883_7229_21:00,1883,Portside Padel Club,7229,Court C,2026-09-24,21:00 - 22:00,255000,Booked
1883_7229_22:00,1883,Portside Padel Club,7229,Court C,2026-09-24,22:00 - 23:00,150000,Booked
1883_7229_23:00,1883,Portside Padel Club,7229,Court C,2026-09-24,23:00 - 00:00,150000,Available
1883_7230_17:00,1883,Portside Padel Club,7230,Court D,2026-09-24,17:00 - 18:00,255000,Booked
1883_7230_18:00,1883,Portside Padel Club,7230,Court D,2026-09-24,18:00 - 19:00,255000,Booked
1883_7230_19:00,1883,Portside Padel Club,7230,Court D,2026-09-24,19:00 - 20:00,255000,Booked
1883_7230_20:00,1883,Portside Padel Club,7230,Court D,2026-09-24,20:00 - 21:00,255000,Booked
1883_7230_21:00,1883,Portside Padel Club,7230,Court D,2026-09-24,21:00 - 22:00,255000,Available
1883_7230_22:00,1883,Portside Padel Club,7230,Court D,2026-09-24,22:00 - 23:00,150000,Available
1883_7230_23:00,1883,Portside Padel Club,7230,Court D,2026-09-24,23:00 - 00:00,150000,Available
1883_7231_17:00,1883,Portside Padel Club,7231,Center Court,2026-09-24,17:00 - 18:00,255000,Available
1883_7231_18:00,1883,Portside Padel Club,7231,Center Court,2026-09-24,18:00 - 19:00,255000,Available
1883_7231_19:00,1883,Portside Padel Club,7231,Center Court,2026-09-24,19:00 - 20:00,255000,Booked
1883_7231_20:00,1883,Portside Padel Club,7231,Center Court,2026-09-24,20:00 - 21:00,255000,Booked
1883_7231_21:00,1883,Portside Padel Club,7231,Center Court,2026-09-24,21:00 - 22:00,255000,Booked
1883_7231_22:00,1883,Portside Padel Club,7231,Center Court,2026-09-24,22:00 - 23:00,150000,Booked
1883_7231_23:00,1883,Portside Padel Club,7231,Center Court,2026-09-24,23:00 - 00:00,150000,Available
1731_3896_17:00,1731,Zeta Padel,3896,Court 1,2026-09-24,17:00 - 18:00,150000,Available
1731_3896_18:00,1731,Zeta Padel,3896,Court 1,2026-09-24,18:00 - 19:00,185000,Available
1731_3896_19:00,1731,Zeta Padel,3896,Court 1,2026-09-24,19:00 - 20:00,185000,Available
1731_3896_20:00,1731,Zeta Padel,3896,Court 1,2026-09-24,20:00 - 21:00,185000,Booked
1731_3896_21:00,1731,Zeta Padel,3896,Court 1,2026-09-24,21:00 - 22:00,185000,Booked
1731_3896_22:00,1731,Zeta Padel,3896,Court 1,2026-09-24,22:00 - 23:00,150000,Available
1731_3896_23:00,1731,Zeta Padel,3896,Court 1,2026-09-24,23:00 - 00:00,150000,Available
1731_5877_17:00,1731,Zeta Padel,5877,Court 2,2026-09-24,17:00 - 18:00,150000,Available
1731_5877_18:00,1731,Zeta Padel,5877,Court 2,2026-09-24,18:00 - 19:00,185000,Available
1731_5877_19:00,1731,Zeta Padel,5877,Court 2,2026-09-24,19:00 - 20:00,185000,Available
1731_5877_20:00,1731,Zeta Padel,5877,Court 2,2026-09-24,20:00 - 21:00,185000,Available
1731_5877_21:00,1731,Zeta Padel,5877,Court 2,2026-09-24,21:00 - 22:00,185000,Available
1731_5877_22:00,1731,Zeta Padel,5877,Court 2,2026-09-24,22:00 - 23:00,150000,Available
1731_5877_23:00,1731,Zeta Padel,5877,Court 2,2026-09-24,23:00 - 00:00,150000,Available
1731_5878_17:00,1731,Zeta Padel,5878,Court 3,2026-09-24,17:00 - 18:00,150000,Available
1731_5878_18:00,1731,Zeta Padel,5878,Court 3,2026-09-24,18:00 - 19:00,185000,Available
1731_5878_19:00,1731,Zeta Padel,5878,Court 3,2026-09-24,19:00 - 20:00,185000,Booked
1731_5878_20:00,1731,Zeta Padel,5878,Court 3,2026-09-24,20:00 - 21:00,185000,Booked
1731_5878_21:00,1731,Zeta Padel,5878,Court 3,2026-09-24,21:00 - 22:00,185000,Booked
1731_5878_22:00,1731,Zeta Padel,5878,Court 3,2026-09-24,22:00 - 23:00,150000,Available
1731_5878_23:00,1731,Zeta Padel,5878,Court 3,2026-09-24,23:00 - 00:00,150000,Available
2481_5987_17:00,2481,Padeleon,5987,Pink Court A,2026-09-24,17:00 - 18:00,315000,Booked
2481_5987_18:00,2481,Padeleon,5987,Pink Court A,2026-09-24,18:00 - 19:00,315000,Booked
2481_5987_19:00,2481,Padeleon,5987,Pink Court A,2026-09-24,19:00 - 20:00,315000,Booked
2481_5987_20:00,2481,Padeleon,5987,Pink Court A,2026-09-24,20:00 - 21:00,315000,Booked
2481_5987_21:00,2481,Padeleon,5987,Pink Court A,2026-09-24,21:00 - 22:00,315000,Available
2481_5987_22:00,2481,Padeleon,5987,Pink Court A,2026-09-24,22:00 - 23:00,225000,Available
2481_5987_23:00,2481,Padeleon,5987,Pink Court A,2026-09-24,23:00 - 00:00,225000,Available
2481_5988_17:00,2481,Padeleon,5988,VIP Black Court B,2026-09-24,17:00 - 18:00,315000,Available
2481_5988_18:00,2481,Padeleon,5988,VIP Black Court B,2026-09-24,18:00 - 19:00,315000,Booked
2481_5988_19:00,2481,Padeleon,5988,VIP Black Court B,2026-09-24,19:00 - 20:00,315000,Booked
2481_5988_20:00,2481,Padeleon,5988,VIP Black Court B,2026-09-24,20:00 - 21:00,315000,Booked
2481_5988_21:00,2481,Padeleon,5988,VIP Black Court B,2026-09-24,21:00 - 22:00,315000,Available
2481_5988_22:00,2481,Padeleon,5988,VIP Black Court B,2026-09-24,22:00 - 23:00,225000,Available
2481_5988_23:00,2481,Padeleon,5988,VIP Black Court B,2026-09-24,23:00 - 00:00,225000,Available
2481_5479_17:00,2481,Padeleon,5479,Blue Court C,2026-09-24,17:00 - 18:00,315000,Booked
2481_5479_18:00,2481,Padeleon,5479,Blue Court C,2026-09-24,18:00 - 19:00,315000,Booked
2481_5479_19:00,2481,Padeleon,5479,Blue Court C,2026-09-24,19:00 - 20:00,315000,Booked
2481_5479_20:00,2481,Padeleon,5479,Blue Court C,2026-09-24,20:00 - 21:00,315000,Booked
2481_5479_21:00,2481,Padeleon,5479,Blue Court C,2026-09-24,21:00 - 22:00,315000,Available
2481_5479_22:00,2481,Padeleon,5479,Blue Court C,2026-09-24,22:00 - 23:00,225000,Available
2481_5479_23:00,2481,Padeleon,5479,Blue Court C,2026-09-24,23:00 - 00:00,225000,Available
2481_5986_17:00,2481,Padeleon,5986,Blue Court D,2026-09-24,17:00 - 18:00,315000,Available
2481_5986_18:00,2481,Padeleon,5986,Blue Court D,2026-09-24,18:00 - 19:00,315000,Available
2481_5986_19:00,2481,Padeleon,5986,Blue Court D,2026-09-24,19:00 - 20:00,315000,Booked
2481_5986_20:00,2481,Padeleon,5986,Blue Court D,2026-09-24,20:00 - 21:00,315000,Booked
2481_5986_21:00,2481,Padeleon,5986,Blue Court D,2026-09-24,21:00 - 22:00,315000,Available
2481_5986_22:00,2481,Padeleon,5986,Blue Court D,2026-09-24,22:00 - 23:00,225000,Available
2481_5986_23:00,2481,Padeleon,5986,Blue Court D,2026-09-24,23:00 - 00:00,225000,Available
2550_5559_17:00,2550,"Kinetic Padel Arena, Harapan Indah Bekasi",5559,Court 1,2026-09-24,17:00 - 18:00,195000,Available
2550_5559_18:00,2550,"Kinetic Padel Arena, Harapan Indah Bekasi",5559,Court 1,2026-09-24,18:00 - 19:00,195000,Booked
2550_5559_19:00,2550,"Kinetic Padel Arena, Harapan Indah Bekasi",5559,Court 1,2026-09-24,19:00 - 20:00,195000,Booked
2550_5559_20:00,2550,"Kinetic Padel Arena, Harapan Indah Bekasi",5559,Court 1,2026-09-24,20:00 - 21:00,195000,Booked
2550_5559_21:00,2550,"Kinetic Padel Arena, Harapan Indah Bekasi",5559,Court 1,2026-09-24,21:00 - 22:00,195000,Booked
2550_5559_22:00,2550,"Kinetic Padel Arena, Harapan Indah Bekasi",5559,Court 1,2026-09-24,22:00 - 23:00,180000,Available
2550_5559_23:00,2550,"Kinetic Padel Arena, Harapan Indah Bekasi",5559,Court 1,2026-09-24,23:00 - 00:00,180000,Available
2550_6914_17:00,2550,"Kinetic Padel Arena, Harapan Indah Bekasi",6914,Court 2,2026-09-24,17:00 - 18:00,195000,Available
2550_6914_18:00,2550,"Kinetic Padel Arena, Harapan Indah Bekasi",6914,Court 2,2026-09-24,18:00 - 19:00,195000,Available
2550_6914_19:00,2550,"Kinetic Padel Arena, Harapan Indah Bekasi",6914,Court 2,2026-09-24,19:00 - 20:00,195000,Booked
2550_6914_20:00,2550,"Kinetic Padel Arena, Harapan Indah Bekasi",6914,Court 2,2026-09-24,20:00 - 21:00,195000,Booked
2550_6914_21:00,2550,"Kinetic Padel Arena, Harapan Indah Bekasi",6914,Court 2,2026-09-24,21:00 - 22:00,195000,Booked
2550_6914_22:00,2550,"Kinetic Padel Arena, Harapan Indah Bekasi",6914,Court 2,2026-09-24,22:00 - 23:00,180000,Available
2550_6914_23:00,2550,"Kinetic Padel Arena, Harapan Indah Bekasi",6914,Court 2,2026-09-24,23:00 - 00:00,180000,Available
2550_6915_17:00,2550,"Kinetic Padel Arena, Harapan Indah Bekasi",6915,Court 3,2026-09-24,17:00 - 18:00,195000,Available
2550_6915_18:00,2550,"Kinetic Padel Arena, Harapan Indah Bekasi",6915,Court 3,2026-09-24,18:00 - 19:00,195000,Available
2550_6915_19:00,2550,"Kinetic Padel Arena, Harapan Indah Bekasi",6915,Court 3,2026-09-24,19:00 - 20:00,195000,Available
2550_6915_20:00,2550,"Kinetic Padel Arena, Harapan Indah Bekasi",6915,Court 3,2026-09-24,20:00 - 21:00,195000,Booked
2550_6915_21:00,2550,"Kinetic Padel Arena, Harapan Indah Bekasi",6915,Court 3,2026-09-24,21:00 - 22:00,195000,Booked
2550_6915_22:00,2550,"Kinetic Padel Arena, Harapan Indah Bekasi",6915,Court 3,2026-09-24,22:00 - 23:00,180000,Available
2550_6915_23:00,2550,"Kinetic Padel Arena, Harapan Indah Bekasi",6915,Court 3,2026-09-24,23:00 - 00:00,180000,Available
2550_6916_17:00,2550,"Kinetic Padel Arena, Harapan Indah Bekasi",6916,Court 4,2026-09-24,17:00 - 18:00,195000,Available
2550_6916_18:00,2550,"Kinetic Padel Arena, Harapan Indah Bekasi",6916,Court 4,2026-09-24,18:00 - 19:00,195000,Booked
2550_6916_19:00,2550,"Kinetic Padel Arena, Harapan Indah Bekasi",6916,Court 4,2026-09-24,19:00 - 20:00,195000,Booked
2550_6916_20:00,2550,"Kinetic Padel Arena, Harapan Indah Bekasi",6916,Court 4,2026-09-24,20:00 - 21:00,195000,Booked
2550_6916_21:00,2550,"Kinetic Padel Arena, Harapan Indah Bekasi",6916,Court 4,2026-09-24,21:00 - 22:00,195000,Booked
2550_6916_22:00,2550,"Kinetic Padel Arena, Harapan Indah Bekasi",6916,Court 4,2026-09-24,22:00 - 23:00,180000,Available
2550_6916_23:00,2550,"Kinetic Padel Arena, Harapan Indah Bekasi",6916,Court 4,2026-09-24,23:00 - 00:00,180000,Available
2550_6917_17:00,2550,"Kinetic Padel Arena, Harapan Indah Bekasi",6917,Court 5,2026-09-24,17:00 - 18:00,195000,Available
2550_6917_18:00,2550,"Kinetic Padel Arena, Harapan Indah Bekasi",6917,Court 5,2026-09-24,18:00 - 19:00,195000,Available
2550_6917_19:00,2550,"Kinetic Padel Arena, Harapan Indah Bekasi",6917,Court 5,2026-09-24,19:00 - 20:00,195000,Available
2550_6917_20:00,2550,"Kinetic Padel Arena, Harapan Indah Bekasi",6917,Court 5,2026-09-24,20:00 - 21:00,195000,Booked
2550_6917_21:00,2550,"Kinetic Padel Arena, Harapan Indah Bekasi",6917,Court 5,2026-09-24,21:00 - 22:00,195000,Booked
2550_6917_22:00,2550,"Kinetic Padel Arena, Harapan Indah Bekasi",6917,Court 5,2026-09-24,22:00 - 23:00,180000,Available
2550_6917_23:00,2550,"Kinetic Padel Arena, Harapan Indah Bekasi",6917,Court 5,2026-09-24,23:00 - 00:00,180000,Available
2550_6918_17:00,2550,"Kinetic Padel Arena, Harapan Indah Bekasi",6918,Court 6,2026-09-24,17:00 - 18:00,195000,Available
2550_6918_18:00,2550,"Kinetic Padel Arena, Harapan Indah Bekasi",6918,Court 6,2026-09-24,18:00 - 19:00,195000,Booked
2550_6918_19:00,2550,"Kinetic Padel Arena, Harapan Indah Bekasi",6918,Court 6,2026-09-24,19:00 - 20:00,195000,Booked
2550_6918_20:00,2550,"Kinetic Padel Arena, Harapan Indah Bekasi",6918,Court 6,2026-09-24,20:00 - 21:00,195000,Booked
2550_6918_21:00,2550,"Kinetic Padel Arena, Harapan Indah Bekasi",6918,Court 6,2026-09-24,21:00 - 22:00,195000,Booked
2550_6918_22:00,2550,"Kinetic Padel Arena, Harapan Indah Bekasi",6918,Court 6,2026-09-24,22:00 - 23:00,180000,Available
2550_6918_23:00,2550,"Kinetic Padel Arena, Harapan Indah Bekasi",6918,Court 6,2026-09-24,23:00 - 00:00,180000,Available
2550_6919_17:00,2550,"Kinetic Padel Arena, Harapan Indah Bekasi",6919,Court 7,2026-09-24,17:00 - 18:00,195000,Available
2550_6919_18:00,2550,"Kinetic Padel Arena, Harapan Indah Bekasi",6919,Court 7,2026-09-24,18:00 - 19:00,195000,Booked
2550_6919_19:00,2550,"Kinetic Padel Arena, Harapan Indah Bekasi",6919,Court 7,2026-09-24,19:00 - 20:00,195000,Booked
2550_6919_20:00,2550,"Kinetic Padel Arena, Harapan Indah Bekasi",6919,Court 7,2026-09-24,20:00 - 21:00,195000,Available
2550_6919_21:00,2550,"Kinetic Padel Arena, Harapan Indah Bekasi",6919,Court 7,2026-09-24,21:00 - 22:00,195000,Available
2550_6919_22:00,2550,"Kinetic Padel Arena, Harapan Indah Bekasi",6919,Court 7,2026-09-24,22:00 - 23:00,180000,Available
2550_6919_23:00,2550,"Kinetic Padel Arena, Harapan Indah Bekasi",6919,Court 7,2026-09-24,23:00 - 00:00,180000,Available
2550_6920_17:00,2550,"Kinetic Padel Arena, Harapan Indah Bekasi",6920,Court 8,2026-09-24,17:00 - 18:00,195000,Available
2550_6920_18:00,2550,"Kinetic Padel Arena, Harapan Indah Bekasi",6920,Court 8,2026-09-24,18:00 - 19:00,195000,Available
2550_6920_19:00,2550,"Kinetic Padel Arena, Harapan Indah Bekasi",6920,Court 8,2026-09-24,19:00 - 20:00,195000,Available
2550_6920_20:00,2550,"Kinetic Padel Arena, Harapan Indah Bekasi",6920,Court 8,2026-09-24,20:00 - 21:00,195000,Available
2550_6920_21:00,2550,"Kinetic Padel Arena, Harapan Indah Bekasi",6920,Court 8,2026-09-24,21:00 - 22:00,195000,Available
2550_6920_22:00,2550,"Kinetic Padel Arena, Harapan Indah Bekasi",6920,Court 8,2026-09-24,22:00 - 23:00,180000,Available
2550_6920_23:00,2550,"Kinetic Padel Arena, Harapan Indah Bekasi",6920,Court 8,2026-09-24,23:00 - 00:00,180000,Available
3186_7658_17:00,3186,AGS Padel,7658,Court 1,2026-09-24,17:00 - 18:00,225000,Available
3186_7658_18:00,3186,AGS Padel,7658,Court 1,2026-09-24,18:00 - 19:00,225000,Booked
3186_7658_19:00,3186,AGS Padel,7658,Court 1,2026-09-24,19:00 - 20:00,225000,Booked
3186_7658_20:00,3186,AGS Padel,7658,Court 1,2026-09-24,20:00 - 21:00,225000,Available
3186_7658_21:00,3186,AGS Padel,7658,Court 1,2026-09-24,21:00 - 22:00,225000,Available
3186_7658_22:00,3186,AGS Padel,7658,Court 1,2026-09-24,22:00 - 23:00,150000,Available
3186_7658_23:00,3186,AGS Padel,7658,Court 1,2026-09-24,23:00 - 00:00,150000,Available
3186_10417_17:00,3186,AGS Padel,10417,Court 2,2026-09-24,17:00 - 18:00,225000,Available
3186_10417_18:00,3186,AGS Padel,10417,Court 2,2026-09-24,18:00 - 19:00,225000,Booked
3186_10417_19:00,3186,AGS Padel,10417,Court 2,2026-09-24,19:00 - 20:00,225000,Booked
3186_10417_20:00,3186,AGS Padel,10417,Court 2,2026-09-24,20:00 - 21:00,225000,Booked
3186_10417_21:00,3186,AGS Padel,10417,Court 2,2026-09-24,21:00 - 22:00,225000,Booked
3186_10417_22:00,3186,AGS Padel,10417,Court 2,2026-09-24,22:00 - 23:00,150000,Available
3186_10417_23:00,3186,AGS Padel,10417,Court 2,2026-09-24,23:00 - 00:00,150000,Available
3186_10418_17:00,3186,AGS Padel,10418,Court 3,2026-09-24,17:00 - 18:00,225000,Available
3186_10418_18:00,3186,AGS Padel,10418,Court 3,2026-09-24,18:00 - 19:00,225000,Booked
3186_10418_19:00,3186,AGS Padel,10418,Court 3,2026-09-24,19:00 - 20:00,225000,Booked
3186_10418_20:00,3186,AGS Padel,10418,Court 3,2026-09-24,20:00 - 21:00,225000,Booked
3186_10418_21:00,3186,AGS Padel,10418,Court 3,2026-09-24,21:00 - 22:00,225000,Booked
3186_10418_22:00,3186,AGS Padel,10418,Court 3,2026-09-24,22:00 - 23:00,150000,Available
3186_10418_23:00,3186,AGS Padel,10418,Court 3,2026-09-24,23:00 - 00:00,150000,Available
2372_5025_17:00,2372,El Tama Padel,5025,Lapangan Single,2026-09-24,17:00 - 18:00,170000,Available
2372_5025_18:00,2372,El Tama Padel,5025,Lapangan Single,2026-09-24,18:00 - 19:00,170000,Available
2372_5025_19:00,2372,El Tama Padel,5025,Lapangan Single,2026-09-24,19:00 - 20:00,170000,Available
2372_5025_20:00,2372,El Tama Padel,5025,Lapangan Single,2026-09-24,20:00 - 21:00,170000,Available
2372_5025_21:00,2372,El Tama Padel,5025,Lapangan Single,2026-09-24,21:00 - 22:00,170000,Available
2372_6478_17:00,2372,El Tama Padel,6478,Lapangan Double,2026-09-24,17:00 - 18:00,275000,Available
2372_6478_18:00,2372,El Tama Padel,6478,Lapangan Double,2026-09-24,18:00 - 19:00,275000,Available
2372_6478_19:00,2372,El Tama Padel,6478,Lapangan Double,2026-09-24,19:00 - 20:00,275000,Available
2372_6478_20:00,2372,El Tama Padel,6478,Lapangan Double,2026-09-24,20:00 - 21:00,275000,Booked
2372_6478_21:00,2372,El Tama Padel,6478,Lapangan Double,2026-09-24,21:00 - 22:00,275000,Booked
2372_6479_17:00,2372,El Tama Padel,6479,Lapangan Combo,2026-09-24,17:00 - 18:00,375000,Available
2372_6479_18:00,2372,El Tama Padel,6479,Lapangan Combo,2026-09-24,18:00 - 19:00,375000,Available
2372_6479_19:00,2372,El Tama Padel,6479,Lapangan Combo,2026-09-24,19:00 - 20:00,375000,Available
2372_6479_20:00,2372,El Tama Padel,6479,Lapangan Combo,2026-09-24,20:00 - 21:00,375000,Booked
2372_6479_21:00,2372,El Tama Padel,6479,Lapangan Combo,2026-09-24,21:00 - 22:00,375000,Booked
1755_3569_17:00,1755,Get Padel Jakarta,3569,Court 1,2026-09-24,17:00 - 18:00,180000,Available
1755_3569_18:00,1755,Get Padel Jakarta,3569,Court 1,2026-09-24,18:00 - 19:00,260000,Available
1755_3569_19:00,1755,Get Padel Jakarta,3569,Court 1,2026-09-24,19:00 - 20:00,260000,Booked
1755_3569_20:00,1755,Get Padel Jakarta,3569,Court 1,2026-09-24,20:00 - 21:00,260000,Booked
1755_3569_21:00,1755,Get Padel Jakarta,3569,Court 1,2026-09-24,21:00 - 22:00,260000,Available
1755_6336_17:00,1755,Get Padel Jakarta,6336,Court 2,2026-09-24,17:00 - 18:00,180000,Booked
1755_6336_18:00,1755,Get Padel Jakarta,6336,Court 2,2026-09-24,18:00 - 19:00,260000,Available
1755_6336_19:00,1755,Get Padel Jakarta,6336,Court 2,2026-09-24,19:00 - 20:00,260000,Available
1755_6336_20:00,1755,Get Padel Jakarta,6336,Court 2,2026-09-24,20:00 - 21:00,260000,Available
1755_6336_21:00,1755,Get Padel Jakarta,6336,Court 2,2026-09-24,21:00 - 22:00,260000,Available
1979_4053_17:00,1979,Majoo Padel Club - Cipinang Indah,4053,Court 1 [VIP],2026-09-24,17:00 - 18:00,380000,Available
1979_4053_18:00,1979,Majoo Padel Club - Cipinang Indah,4053,Court 1 [VIP],2026-09-24,18:00 - 19:00,380000,Available
1979_4053_19:00,1979,Majoo Padel Club - Cipinang Indah,4053,Court 1 [VIP],2026-09-24,19:00 - 20:00,380000,Available
1979_4053_20:00,1979,Majoo Padel Club - Cipinang Indah,4053,Court 1 [VIP],2026-09-24,20:00 - 21:00,380000,Available
1979_4053_21:00,1979,Majoo Padel Club - Cipinang Indah,4053,Court 1 [VIP],2026-09-24,21:00 - 22:00,380000,Available
1979_4053_22:00,1979,Majoo Padel Club - Cipinang Indah,4053,Court 1 [VIP],2026-09-24,22:00 - 23:00,330000,Available
1979_4053_23:00,1979,Majoo Padel Club - Cipinang Indah,4053,Court 1 [VIP],2026-09-24,23:00 - 00:00,330000,Available
1979_11140_17:00,1979,Majoo Padel Club - Cipinang Indah,11140,Court 2 [VIP],2026-09-24,17:00 - 18:00,380000,Available
1979_11140_18:00,1979,Majoo Padel Club - Cipinang Indah,11140,Court 2 [VIP],2026-09-24,18:00 - 19:00,380000,Available
1979_11140_19:00,1979,Majoo Padel Club - Cipinang Indah,11140,Court 2 [VIP],2026-09-24,19:00 - 20:00,380000,Available
1979_11140_20:00,1979,Majoo Padel Club - Cipinang Indah,11140,Court 2 [VIP],2026-09-24,20:00 - 21:00,380000,Available
1979_11140_21:00,1979,Majoo Padel Club - Cipinang Indah,11140,Court 2 [VIP],2026-09-24,21:00 - 22:00,380000,Available
1979_11140_22:00,1979,Majoo Padel Club - Cipinang Indah,11140,Court 2 [VIP],2026-09-24,22:00 - 23:00,330000,Available
1979_11140_23:00,1979,Majoo Padel Club - Cipinang Indah,11140,Court 2 [VIP],2026-09-24,23:00 - 00:00,330000,Available
1979_10620_17:00,1979,Majoo Padel Club - Cipinang Indah,10620,Court 3,2026-09-24,17:00 - 18:00,330000,Available
1979_10620_18:00,1979,Majoo Padel Club - Cipinang Indah,10620,Court 3,2026-09-24,18:00 - 19:00,330000,Available
1979_10620_19:00,1979,Majoo Padel Club - Cipinang Indah,10620,Court 3,2026-09-24,19:00 - 20:00,330000,Booked
1979_10620_20:00,1979,Majoo Padel Club - Cipinang Indah,10620,Court 3,2026-09-24,20:00 - 21:00,330000,Booked
1979_10620_21:00,1979,Majoo Padel Club - Cipinang Indah,10620,Court 3,2026-09-24,21:00 - 22:00,330000,Available
1979_10620_22:00,1979,Majoo Padel Club - Cipinang Indah,10620,Court 3,2026-09-24,22:00 - 23:00,280000,Available
1979_10620_23:00,1979,Majoo Padel Club - Cipinang Indah,10620,Court 3,2026-09-24,23:00 - 00:00,280000,Available
1979_11141_17:00,1979,Majoo Padel Club - Cipinang Indah,11141,Court 4,2026-09-24,17:00 - 18:00,330000,Available
1979_11141_18:00,1979,Majoo Padel Club - Cipinang Indah,11141,Court 4,2026-09-24,18:00 - 19:00,330000,Available
1979_11141_19:00,1979,Majoo Padel Club - Cipinang Indah,11141,Court 4,2026-09-24,19:00 - 20:00,330000,Booked
1979_11141_20:00,1979,Majoo Padel Club - Cipinang Indah,11141,Court 4,2026-09-24,20:00 - 21:00,330000,Booked
1979_11141_21:00,1979,Majoo Padel Club - Cipinang Indah,11141,Court 4,2026-09-24,21:00 - 22:00,330000,Available
1979_11141_22:00,1979,Majoo Padel Club - Cipinang Indah,11141,Court 4,2026-09-24,22:00 - 23:00,280000,Available
1979_11141_23:00,1979,Majoo Padel Club - Cipinang Indah,11141,Court 4,2026-09-24,23:00 - 00:00,280000,Available
1979_11142_17:00,1979,Majoo Padel Club - Cipinang Indah,11142,Court 5,2026-09-24,17:00 - 18:00,330000,Available
1979_11142_18:00,1979,Majoo Padel Club - Cipinang Indah,11142,Court 5,2026-09-24,18:00 - 19:00,330000,Available
1979_11142_19:00,1979,Majoo Padel Club - Cipinang Indah,11142,Court 5,2026-09-24,19:00 - 20:00,330000,Booked
1979_11142_20:00,1979,Majoo Padel Club - Cipinang Indah,11142,Court 5,2026-09-24,20:00 - 21:00,330000,Booked
1979_11142_21:00,1979,Majoo Padel Club - Cipinang Indah,11142,Court 5,2026-09-24,21:00 - 22:00,330000,Available
1979_11142_22:00,1979,Majoo Padel Club - Cipinang Indah,11142,Court 5,2026-09-24,22:00 - 23:00,280000,Available
1979_11142_23:00,1979,Majoo Padel Club - Cipinang Indah,11142,Court 5,2026-09-24,23:00 - 00:00,280000,Available
1979_11143_17:00,1979,Majoo Padel Club - Cipinang Indah,11143,Court 6,2026-09-24,17:00 - 18:00,330000,Available
1979_11143_18:00,1979,Majoo Padel Club - Cipinang Indah,11143,Court 6,2026-09-24,18:00 - 19:00,330000,Available
1979_11143_19:00,1979,Majoo Padel Club - Cipinang Indah,11143,Court 6,2026-09-24,19:00 - 20:00,330000,Booked
1979_11143_20:00,1979,Majoo Padel Club - Cipinang Indah,11143,Court 6,2026-09-24,20:00 - 21:00,330000,Booked
1979_11143_21:00,1979,Majoo Padel Club - Cipinang Indah,11143,Court 6,2026-09-24,21:00 - 22:00,330000,Available
1979_11143_22:00,1979,Majoo Padel Club - Cipinang Indah,11143,Court 6,2026-09-24,22:00 - 23:00,280000,Available
1979_11143_23:00,1979,Majoo Padel Club - Cipinang Indah,11143,Court 6,2026-09-24,23:00 - 00:00,280000,Available
2037_4213_17:00,2037,TIM Padel Club,4213,Court 1 - Blue,2026-09-24,17:00 - 18:00,100000,Booked
2037_4213_18:00,2037,TIM Padel Club,4213,Court 1 - Blue,2026-09-24,18:00 - 19:00,100000,Booked
2037_4213_19:00,2037,TIM Padel Club,4213,Court 1 - Blue,2026-09-24,19:00 - 20:00,100000,Booked
2037_4214_17:00,2037,TIM Padel Club,4214,Court 2 - Terracota,2026-09-24,17:00 - 18:00,100000,Available
2037_4214_18:00,2037,TIM Padel Club,4214,Court 2 - Terracota,2026-09-24,18:00 - 19:00,100000,Booked
2037_4214_19:00,2037,TIM Padel Club,4214,Court 2 - Terracota,2026-09-24,19:00 - 20:00,100000,Booked
2286_4886_17:00,2286,Padel Holic,4886,Court 1 (FRONT),2026-09-24,17:00 - 18:00,225000,Booked
2286_4886_18:00,2286,Padel Holic,4886,Court 1 (FRONT),2026-09-24,18:00 - 19:00,225000,Booked
2286_4886_19:00,2286,Padel Holic,4886,Court 1 (FRONT),2026-09-24,19:00 - 20:00,225000,Booked
2286_4886_20:00,2286,Padel Holic,4886,Court 1 (FRONT),2026-09-24,20:00 - 21:00,225000,Booked
2286_4886_21:00,2286,Padel Holic,4886,Court 1 (FRONT),2026-09-24,21:00 - 22:00,225000,Booked
2286_4886_22:00,2286,Padel Holic,4886,Court 1 (FRONT),2026-09-24,22:00 - 23:00,100000,Booked
2286_4886_23:00,2286,Padel Holic,4886,Court 1 (FRONT),2026-09-24,23:00 - 00:00,100000,Booked
2286_6726_17:00,2286,Padel Holic,6726,COURT 2 (MIDDLE),2026-09-24,17:00 - 18:00,225000,Available
2286_6726_18:00,2286,Padel Holic,6726,COURT 2 (MIDDLE),2026-09-24,18:00 - 19:00,225000,Booked
2286_6726_19:00,2286,Padel Holic,6726,COURT 2 (MIDDLE),2026-09-24,19:00 - 20:00,225000,Booked
2286_6726_20:00,2286,Padel Holic,6726,COURT 2 (MIDDLE),2026-09-24,20:00 - 21:00,225000,Booked
2286_6726_21:00,2286,Padel Holic,6726,COURT 2 (MIDDLE),2026-09-24,21:00 - 22:00,225000,Available
2286_6726_22:00,2286,Padel Holic,6726,COURT 2 (MIDDLE),2026-09-24,22:00 - 23:00,100000,Available
2286_6726_23:00,2286,Padel Holic,6726,COURT 2 (MIDDLE),2026-09-24,23:00 - 00:00,100000,Available
2286_5125_17:00,2286,Padel Holic,5125,Court 3 (BACK),2026-09-24,17:00 - 18:00,225000,Booked
2286_5125_18:00,2286,Padel Holic,5125,Court 3 (BACK),2026-09-24,18:00 - 19:00,225000,Booked
2286_5125_19:00,2286,Padel Holic,5125,Court 3 (BACK),2026-09-24,19:00 - 20:00,225000,Booked
2286_5125_20:00,2286,Padel Holic,5125,Court 3 (BACK),2026-09-24,20:00 - 21:00,225000,Booked
2286_5125_21:00,2286,Padel Holic,5125,Court 3 (BACK),2026-09-24,21:00 - 22:00,225000,Available
2286_5125_22:00,2286,Padel Holic,5125,Court 3 (BACK),2026-09-24,22:00 - 23:00,100000,Available
2286_5125_23:00,2286,Padel Holic,5125,Court 3 (BACK),2026-09-24,23:00 - 00:00,100000,Available
2286_5126_17:00,2286,Padel Holic,5126,Court 4 (BACK),2026-09-24,17:00 - 18:00,225000,Booked
2286_5126_18:00,2286,Padel Holic,5126,Court 4 (BACK),2026-09-24,18:00 - 19:00,225000,Available
2286_5126_19:00,2286,Padel Holic,5126,Court 4 (BACK),2026-09-24,19:00 - 20:00,225000,Booked
2286_5126_20:00,2286,Padel Holic,5126,Court 4 (BACK),2026-09-24,20:00 - 21:00,225000,Booked
2286_5126_21:00,2286,Padel Holic,5126,Court 4 (BACK),2026-09-24,21:00 - 22:00,225000,Available
2286_5126_22:00,2286,Padel Holic,5126,Court 4 (BACK),2026-09-24,22:00 - 23:00,100000,Available
2286_5126_23:00,2286,Padel Holic,5126,Court 4 (BACK),2026-09-24,23:00 - 00:00,100000,Available
3052_7152_17:00,3052,Infinity Padel Court,7152,Court 1 (Blue),2026-09-24,17:00 - 18:00,250000,Available
3052_7152_18:00,3052,Infinity Padel Court,7152,Court 1 (Blue),2026-09-24,18:00 - 19:00,250000,Available
3052_7152_19:00,3052,Infinity Padel Court,7152,Court 1 (Blue),2026-09-24,19:00 - 20:00,250000,Available
3052_7152_20:00,3052,Infinity Padel Court,7152,Court 1 (Blue),2026-09-24,20:00 - 21:00,250000,Booked
3052_7152_21:00,3052,Infinity Padel Court,7152,Court 1 (Blue),2026-09-24,21:00 - 22:00,250000,Booked
3052_7860_17:00,3052,Infinity Padel Court,7860,Court 2 (Pink),2026-09-24,17:00 - 18:00,250000,Available
3052_7860_18:00,3052,Infinity Padel Court,7860,Court 2 (Pink),2026-09-24,18:00 - 19:00,250000,Available
3052_7860_19:00,3052,Infinity Padel Court,7860,Court 2 (Pink),2026-09-24,19:00 - 20:00,250000,Available
3052_7860_20:00,3052,Infinity Padel Court,7860,Court 2 (Pink),2026-09-24,20:00 - 21:00,250000,Booked
3052_7860_21:00,3052,Infinity Padel Court,7860,Court 2 (Pink),2026-09-24,21:00 - 22:00,250000,Booked
3052_7861_17:00,3052,Infinity Padel Court,7861,Court 3 (Blue),2026-09-24,17:00 - 18:00,250000,Booked
3052_7861_18:00,3052,Infinity Padel Court,7861,Court 3 (Blue),2026-09-24,18:00 - 19:00,250000,Booked
3052_7861_19:00,3052,Infinity Padel Court,7861,Court 3 (Blue),2026-09-24,19:00 - 20:00,250000,Booked
3052_7861_20:00,3052,Infinity Padel Court,7861,Court 3 (Blue),2026-09-24,20:00 - 21:00,250000,Booked
3052_7861_21:00,3052,Infinity Padel Court,7861,Court 3 (Blue),2026-09-24,21:00 - 22:00,250000,Available
1499_6577_17:00,1499,The Grand Padel Pulomas,6577,Grand Tribune,2026-09-24,17:00 - 18:00,350000,Booked
1499_6577_18:00,1499,The Grand Padel Pulomas,6577,Grand Tribune,2026-09-24,18:00 - 19:00,350000,Available
1499_6577_19:00,1499,The Grand Padel Pulomas,6577,Grand Tribune,2026-09-24,19:00 - 20:00,350000,Booked
1499_6577_20:00,1499,The Grand Padel Pulomas,6577,Grand Tribune,2026-09-24,20:00 - 21:00,350000,Booked
1499_6577_21:00,1499,The Grand Padel Pulomas,6577,Grand Tribune,2026-09-24,21:00 - 22:00,350000,Available
1499_6577_22:00,1499,The Grand Padel Pulomas,6577,Grand Tribune,2026-09-24,22:00 - 23:00,250000,Available
1499_6577_23:00,1499,The Grand Padel Pulomas,6577,Grand Tribune,2026-09-24,23:00 - 00:00,250000,Available
1499_3012_17:00,1499,The Grand Padel Pulomas,3012,Madrid 1,2026-09-24,17:00 - 18:00,350000,Available
1499_3012_18:00,1499,The Grand Padel Pulomas,3012,Madrid 1,2026-09-24,18:00 - 19:00,350000,Available
1499_3012_19:00,1499,The Grand Padel Pulomas,3012,Madrid 1,2026-09-24,19:00 - 20:00,350000,Booked
1499_3012_20:00,1499,The Grand Padel Pulomas,3012,Madrid 1,2026-09-24,20:00 - 21:00,350000,Booked
1499_3012_21:00,1499,The Grand Padel Pulomas,3012,Madrid 1,2026-09-24,21:00 - 22:00,350000,Available
1499_3012_22:00,1499,The Grand Padel Pulomas,3012,Madrid 1,2026-09-24,22:00 - 23:00,250000,Available
1499_3012_23:00,1499,The Grand Padel Pulomas,3012,Madrid 1,2026-09-24,23:00 - 00:00,250000,Available
1499_3013_17:00,1499,The Grand Padel Pulomas,3013,Dubai 2,2026-09-24,17:00 - 18:00,350000,Available
1499_3013_18:00,1499,The Grand Padel Pulomas,3013,Dubai 2,2026-09-24,18:00 - 19:00,350000,Available
1499_3013_19:00,1499,The Grand Padel Pulomas,3013,Dubai 2,2026-09-24,19:00 - 20:00,350000,Booked
1499_3013_20:00,1499,The Grand Padel Pulomas,3013,Dubai 2,2026-09-24,20:00 - 21:00,350000,Booked
1499_3013_21:00,1499,The Grand Padel Pulomas,3013,Dubai 2,2026-09-24,21:00 - 22:00,350000,Available
1499_3013_22:00,1499,The Grand Padel Pulomas,3013,Dubai 2,2026-09-24,22:00 - 23:00,250000,Available
1499_3013_23:00,1499,The Grand Padel Pulomas,3013,Dubai 2,2026-09-24,23:00 - 00:00,250000,Available
1499_3014_17:00,1499,The Grand Padel Pulomas,3014,Tokyo 3,2026-09-24,17:00 - 18:00,350000,Available
1499_3014_18:00,1499,The Grand Padel Pulomas,3014,Tokyo 3,2026-09-24,18:00 - 19:00,350000,Booked
1499_3014_19:00,1499,The Grand Padel Pulomas,3014,Tokyo 3,2026-09-24,19:00 - 20:00,350000,Booked
1499_3014_20:00,1499,The Grand Padel Pulomas,3014,Tokyo 3,2026-09-24,20:00 - 21:00,350000,Booked
1499_3014_21:00,1499,The Grand Padel Pulomas,3014,Tokyo 3,2026-09-24,21:00 - 22:00,350000,Available
1499_3014_22:00,1499,The Grand Padel Pulomas,3014,Tokyo 3,2026-09-24,22:00 - 23:00,250000,Available
1499_3014_23:00,1499,The Grand Padel Pulomas,3014,Tokyo 3,2026-09-24,23:00 - 00:00,250000,Available
1499_3015_17:00,1499,The Grand Padel Pulomas,3015,New York 5,2026-09-24,17:00 - 18:00,350000,Available
1499_3015_18:00,1499,The Grand Padel Pulomas,3015,New York 5,2026-09-24,18:00 - 19:00,350000,Booked
1499_3015_19:00,1499,The Grand Padel Pulomas,3015,New York 5,2026-09-24,19:00 - 20:00,350000,Booked
1499_3015_20:00,1499,The Grand Padel Pulomas,3015,New York 5,2026-09-24,20:00 - 21:00,350000,Booked
1499_3015_21:00,1499,The Grand Padel Pulomas,3015,New York 5,2026-09-24,21:00 - 22:00,350000,Available
1499_3015_22:00,1499,The Grand Padel Pulomas,3015,New York 5,2026-09-24,22:00 - 23:00,250000,Available
1499_3015_23:00,1499,The Grand Padel Pulomas,3015,New York 5,2026-09-24,23:00 - 00:00,250000,Available
2456_5219_17:00,2456,PADEL 5IVE,5219,Court A,2026-09-24,17:00 - 18:00,400000,Booked
2456_5219_18:00,2456,PADEL 5IVE,5219,Court A,2026-09-24,18:00 - 19:00,480000,Booked
2456_5219_19:00,2456,PADEL 5IVE,5219,Court A,2026-09-24,19:00 - 20:00,480000,Booked
2456_5219_20:00,2456,PADEL 5IVE,5219,Court A,2026-09-24,20:00 - 21:00,480000,Booked
2456_5219_21:00,2456,PADEL 5IVE,5219,Court A,2026-09-24,21:00 - 22:00,480000,Booked
2456_5219_22:00,2456,PADEL 5IVE,5219,Court A,2026-09-24,22:00 - 23:00,300000,Booked
2456_5220_17:00,2456,PADEL 5IVE,5220,Court B,2026-09-24,17:00 - 18:00,400000,Booked
2456_5220_18:00,2456,PADEL 5IVE,5220,Court B,2026-09-24,18:00 - 19:00,480000,Booked
2456_5220_19:00,2456,PADEL 5IVE,5220,Court B,2026-09-24,19:00 - 20:00,480000,Booked
2456_5220_20:00,2456,PADEL 5IVE,5220,Court B,2026-09-24,20:00 - 21:00,480000,Booked
2456_5220_21:00,2456,PADEL 5IVE,5220,Court B,2026-09-24,21:00 - 22:00,480000,Booked
2456_5220_22:00,2456,PADEL 5IVE,5220,Court B,2026-09-24,22:00 - 23:00,300000,Booked
2456_5221_17:00,2456,PADEL 5IVE,5221,Court C,2026-09-24,17:00 - 18:00,400000,Booked
2456_5221_18:00,2456,PADEL 5IVE,5221,Court C,2026-09-24,18:00 - 19:00,480000,Booked
2456_5221_19:00,2456,PADEL 5IVE,5221,Court C,2026-09-24,19:00 - 20:00,480000,Booked
2456_5221_20:00,2456,PADEL 5IVE,5221,Court C,2026-09-24,20:00 - 21:00,480000,Booked
2456_5221_21:00,2456,PADEL 5IVE,5221,Court C,2026-09-24,21:00 - 22:00,480000,Booked
2456_5221_22:00,2456,PADEL 5IVE,5221,Court C,2026-09-24,22:00 - 23:00,300000,Booked
2456_6215_17:00,2456,PADEL 5IVE,6215,Court D,2026-09-24,17:00 - 18:00,400000,Booked
2456_6215_18:00,2456,PADEL 5IVE,6215,Court D,2026-09-24,18:00 - 19:00,480000,Booked
2456_6215_19:00,2456,PADEL 5IVE,6215,Court D,2026-09-24,19:00 - 20:00,480000,Booked
2456_6215_20:00,2456,PADEL 5IVE,6215,Court D,2026-09-24,20:00 - 21:00,480000,Booked
2456_6215_21:00,2456,PADEL 5IVE,6215,Court D,2026-09-24,21:00 - 22:00,480000,Booked
2456_6215_22:00,2456,PADEL 5IVE,6215,Court D,2026-09-24,22:00 - 23:00,300000,Booked
2456_6216_17:00,2456,PADEL 5IVE,6216,Court E,2026-09-24,17:00 - 18:00,400000,Booked
2456_6216_18:00,2456,PADEL 5IVE,6216,Court E,2026-09-24,18:00 - 19:00,480000,Booked
2456_6216_19:00,2456,PADEL 5IVE,6216,Court E,2026-09-24,19:00 - 20:00,480000,Booked
2456_6216_20:00,2456,PADEL 5IVE,6216,Court E,2026-09-24,20:00 - 21:00,480000,Booked
2456_6216_21:00,2456,PADEL 5IVE,6216,Court E,2026-09-24,21:00 - 22:00,480000,Booked
2456_6216_22:00,2456,PADEL 5IVE,6216,Court E,2026-09-24,22:00 - 23:00,300000,Booked
2456_7189_17:00,2456,PADEL 5IVE,7189,VIP LOUNGE (NO COURT),2026-09-24,17:00 - 18:00,280000,Available
2456_7189_18:00,2456,PADEL 5IVE,7189,VIP LOUNGE (NO COURT),2026-09-24,18:00 - 19:00,280000,Booked
2456_7189_19:00,2456,PADEL 5IVE,7189,VIP LOUNGE (NO COURT),2026-09-24,19:00 - 20:00,280000,Booked
2456_7189_20:00,2456,PADEL 5IVE,7189,VIP LOUNGE (NO COURT),2026-09-24,20:00 - 21:00,280000,Booked
2456_7189_21:00,2456,PADEL 5IVE,7189,VIP LOUNGE (NO COURT),2026-09-24,21:00 - 22:00,280000,Booked
2456_7189_22:00,2456,PADEL 5IVE,7189,VIP LOUNGE (NO COURT),2026-09-24,22:00 - 23:00,280000,Booked
2341_4932_17:00,2341,Pop Padel,4932,Court 1,2026-09-24,17:00 - 18:00,290000,Available
2341_4932_18:00,2341,Pop Padel,4932,Court 1,2026-09-24,18:00 - 19:00,290000,Booked
2341_4932_19:00,2341,Pop Padel,4932,Court 1,2026-09-24,19:00 - 20:00,290000,Booked
2341_4932_20:00,2341,Pop Padel,4932,Court 1,2026-09-24,20:00 - 21:00,290000,Booked
2341_4932_21:00,2341,Pop Padel,4932,Court 1,2026-09-24,21:00 - 22:00,290000,Booked
2341_4932_22:00,2341,Pop Padel,4932,Court 1,2026-09-24,22:00 - 23:00,300000,Available
2341_4932_23:00,2341,Pop Padel,4932,Court 1,2026-09-24,23:00 - 00:00,300000,Available
2341_4933_17:00,2341,Pop Padel,4933,Court 2,2026-09-24,17:00 - 18:00,290000,Available
2341_4933_18:00,2341,Pop Padel,4933,Court 2,2026-09-24,18:00 - 19:00,290000,Booked
2341_4933_19:00,2341,Pop Padel,4933,Court 2,2026-09-24,19:00 - 20:00,290000,Booked
2341_4933_20:00,2341,Pop Padel,4933,Court 2,2026-09-24,20:00 - 21:00,290000,Booked
2341_4933_21:00,2341,Pop Padel,4933,Court 2,2026-09-24,21:00 - 22:00,290000,Booked
2341_4933_22:00,2341,Pop Padel,4933,Court 2,2026-09-24,22:00 - 23:00,300000,Available
2341_4933_23:00,2341,Pop Padel,4933,Court 2,2026-09-24,23:00 - 00:00,300000,Available
2341_4934_17:00,2341,Pop Padel,4934,Court 3,2026-09-24,17:00 - 18:00,290000,Booked
2341_4934_18:00,2341,Pop Padel,4934,Court 3,2026-09-24,18:00 - 19:00,290000,Booked
2341_4934_19:00,2341,Pop Padel,4934,Court 3,2026-09-24,19:00 - 20:00,290000,Booked
2341_4934_20:00,2341,Pop Padel,4934,Court 3,2026-09-24,20:00 - 21:00,290000,Booked
2341_4934_21:00,2341,Pop Padel,4934,Court 3,2026-09-24,21:00 - 22:00,290000,Booked
2341_4934_22:00,2341,Pop Padel,4934,Court 3,2026-09-24,22:00 - 23:00,300000,Available
2341_4934_23:00,2341,Pop Padel,4934,Court 3,2026-09-24,23:00 - 00:00,300000,Available
2557_5548_17:00,2557,Djatinegara Padel,5548,Court 1,2026-09-24,17:00 - 18:00,150000,Booked
2557_5548_18:00,2557,Djatinegara Padel,5548,Court 1,2026-09-24,18:00 - 19:00,199000,Booked
2557_5548_19:00,2557,Djatinegara Padel,5548,Court 1,2026-09-24,19:00 - 20:00,199000,Booked
2557_5548_20:00,2557,Djatinegara Padel,5548,Court 1,2026-09-24,20:00 - 21:00,199000,Booked
2557_5548_21:00,2557,Djatinegara Padel,5548,Court 1,2026-09-24,21:00 - 22:00,199000,Available
2557_5548_22:00,2557,Djatinegara Padel,5548,Court 1,2026-09-24,22:00 - 23:00,150000,Available
2557_5548_23:00,2557,Djatinegara Padel,5548,Court 1,2026-09-24,23:00 - 00:00,150000,Available
2557_6466_17:00,2557,Djatinegara Padel,6466,Court 2,2026-09-24,17:00 - 18:00,150000,Booked
2557_6466_18:00,2557,Djatinegara Padel,6466,Court 2,2026-09-24,18:00 - 19:00,199000,Available
2557_6466_19:00,2557,Djatinegara Padel,6466,Court 2,2026-09-24,19:00 - 20:00,199000,Available
2557_6466_20:00,2557,Djatinegara Padel,6466,Court 2,2026-09-24,20:00 - 21:00,199000,Available
2557_6466_21:00,2557,Djatinegara Padel,6466,Court 2,2026-09-24,21:00 - 22:00,199000,Available
2557_6466_22:00,2557,Djatinegara Padel,6466,Court 2,2026-09-24,22:00 - 23:00,150000,Available
2557_6466_23:00,2557,Djatinegara Padel,6466,Court 2,2026-09-24,23:00 - 00:00,150000,Available
4249_10520_17:00,4249,The pop padel arena,10520,Court 1,2026-09-24,17:00 - 18:00,169000,Available
4249_10520_18:00,4249,The pop padel arena,10520,Court 1,2026-09-24,18:00 - 19:00,169000,Available
4249_10520_19:00,4249,The pop padel arena,10520,Court 1,2026-09-24,19:00 - 20:00,169000,Booked
4249_10520_20:00,4249,The pop padel arena,10520,Court 1,2026-09-24,20:00 - 21:00,169000,Booked
4249_10520_21:00,4249,The pop padel arena,10520,Court 1,2026-09-24,21:00 - 22:00,169000,Available
4249_11392_17:00,4249,The pop padel arena,11392,Court 2,2026-09-24,17:00 - 18:00,169000,Available
4249_11392_18:00,4249,The pop padel arena,11392,Court 2,2026-09-24,18:00 - 19:00,169000,Available
4249_11392_19:00,4249,The pop padel arena,11392,Court 2,2026-09-24,19:00 - 20:00,169000,Booked
4249_11392_20:00,4249,The pop padel arena,11392,Court 2,2026-09-24,20:00 - 21:00,169000,Booked
4249_11392_21:00,4249,The pop padel arena,11392,Court 2,2026-09-24,21:00 - 22:00,169000,Available
4249_11393_17:00,4249,The pop padel arena,11393,Court 3,2026-09-24,17:00 - 18:00,169000,Available
4249_11393_18:00,4249,The pop padel arena,11393,Court 3,2026-09-24,18:00 - 19:00,169000,Available
4249_11393_19:00,4249,The pop padel arena,11393,Court 3,2026-09-24,19:00 - 20:00,169000,Available
4249_11393_20:00,4249,The pop padel arena,11393,Court 3,2026-09-24,20:00 - 21:00,169000,Available
4249_11393_21:00,4249,The pop padel arena,11393,Court 3,2026-09-24,21:00 - 22:00,169000,Available
4249_11394_17:00,4249,The pop padel arena,11394,Court 4,2026-09-24,17:00 - 18:00,169000,Available
4249_11394_18:00,4249,The pop padel arena,11394,Court 4,2026-09-24,18:00 - 19:00,169000,Available
4249_11394_19:00,4249,The pop padel arena,11394,Court 4,2026-09-24,19:00 - 20:00,169000,Available
4249_11394_20:00,4249,The pop padel arena,11394,Court 4,2026-09-24,20:00 - 21:00,169000,Available
4249_11394_21:00,4249,The pop padel arena,11394,Court 4,2026-09-24,21:00 - 22:00,169000,Available
3606_8959_17:00,3606,Matchaus Padel & Pickleball,8959,Court 1,2026-09-24,17:00 - 18:00,199000,Booked
3606_8959_18:00,3606,Matchaus Padel & Pickleball,8959,Court 1,2026-09-24,18:00 - 19:00,199000,Booked
3606_8959_19:00,3606,Matchaus Padel & Pickleball,8959,Court 1,2026-09-24,19:00 - 20:00,199000,Booked
3606_8959_20:00,3606,Matchaus Padel & Pickleball,8959,Court 1,2026-09-24,20:00 - 21:00,199000,Booked
3606_8959_21:00,3606,Matchaus Padel & Pickleball,8959,Court 1,2026-09-24,21:00 - 22:00,99000,Booked
3606_8959_22:00,3606,Matchaus Padel & Pickleball,8959,Court 1,2026-09-24,22:00 - 23:00,99000,Available
3606_8959_23:00,3606,Matchaus Padel & Pickleball,8959,Court 1,2026-09-24,23:00 - 00:00,99000,Available
3606_8960_17:00,3606,Matchaus Padel & Pickleball,8960,Court 2,2026-09-24,17:00 - 18:00,199000,Available
3606_8960_18:00,3606,Matchaus Padel & Pickleball,8960,Court 2,2026-09-24,18:00 - 19:00,199000,Available
3606_8960_19:00,3606,Matchaus Padel & Pickleball,8960,Court 2,2026-09-24,19:00 - 20:00,199000,Booked
3606_8960_20:00,3606,Matchaus Padel & Pickleball,8960,Court 2,2026-09-24,20:00 - 21:00,199000,Booked
3606_8960_21:00,3606,Matchaus Padel & Pickleball,8960,Court 2,2026-09-24,21:00 - 22:00,99000,Booked
3606_8960_22:00,3606,Matchaus Padel & Pickleball,8960,Court 2,2026-09-24,22:00 - 23:00,99000,Available
3606_8960_23:00,3606,Matchaus Padel & Pickleball,8960,Court 2,2026-09-24,23:00 - 00:00,99000,Available
3606_8961_17:00,3606,Matchaus Padel & Pickleball,8961,Court 3,2026-09-24,17:00 - 18:00,199000,Available
3606_8961_18:00,3606,Matchaus Padel & Pickleball,8961,Court 3,2026-09-24,18:00 - 19:00,199000,Available
3606_8961_19:00,3606,Matchaus Padel & Pickleball,8961,Court 3,2026-09-24,19:00 - 20:00,199000,Booked
3606_8961_20:00,3606,Matchaus Padel & Pickleball,8961,Court 3,2026-09-24,20:00 - 21:00,199000,Booked
3606_8961_21:00,3606,Matchaus Padel & Pickleball,8961,Court 3,2026-09-24,21:00 - 22:00,99000,Booked
3606_8961_22:00,3606,Matchaus Padel & Pickleball,8961,Court 3,2026-09-24,22:00 - 23:00,99000,Available
3606_8961_23:00,3606,Matchaus Padel & Pickleball,8961,Court 3,2026-09-24,23:00 - 00:00,99000,Available
3606_8962_17:00,3606,Matchaus Padel & Pickleball,8962,Court 4,2026-09-24,17:00 - 18:00,199000,Booked
3606_8962_18:00,3606,Matchaus Padel & Pickleball,8962,Court 4,2026-09-24,18:00 - 19:00,199000,Booked
3606_8962_19:00,3606,Matchaus Padel & Pickleball,8962,Court 4,2026-09-24,19:00 - 20:00,199000,Booked
3606_8962_20:00,3606,Matchaus Padel & Pickleball,8962,Court 4,2026-09-24,20:00 - 21:00,199000,Booked
3606_8962_21:00,3606,Matchaus Padel & Pickleball,8962,Court 4,2026-09-24,21:00 - 22:00,99000,Booked
3606_8962_22:00,3606,Matchaus Padel & Pickleball,8962,Court 4,2026-09-24,22:00 - 23:00,99000,Available
3606_8962_23:00,3606,Matchaus Padel & Pickleball,8962,Court 4,2026-09-24,23:00 - 00:00,99000,Available
3606_8963_17:00,3606,Matchaus Padel & Pickleball,8963,VIP A,2026-09-24,17:00 - 18:00,245000,Available
3606_8963_18:00,3606,Matchaus Padel & Pickleball,8963,VIP A,2026-09-24,18:00 - 19:00,245000,Booked
3606_8963_19:00,3606,Matchaus Padel & Pickleball,8963,VIP A,2026-09-24,19:00 - 20:00,245000,Booked
3606_8963_20:00,3606,Matchaus Padel & Pickleball,8963,VIP A,2026-09-24,20:00 - 21:00,245000,Booked
3606_8963_21:00,3606,Matchaus Padel & Pickleball,8963,VIP A,2026-09-24,21:00 - 22:00,245000,Available
3606_8963_22:00,3606,Matchaus Padel & Pickleball,8963,VIP A,2026-09-24,22:00 - 23:00,245000,Available
3606_8963_23:00,3606,Matchaus Padel & Pickleball,8963,VIP A,2026-09-24,23:00 - 00:00,245000,Available
3606_8964_17:00,3606,Matchaus Padel & Pickleball,8964,VIP B,2026-09-24,17:00 - 18:00,245000,Booked
3606_8964_18:00,3606,Matchaus Padel & Pickleball,8964,VIP B,2026-09-24,18:00 - 19:00,245000,Booked
3606_8964_19:00,3606,Matchaus Padel & Pickleball,8964,VIP B,2026-09-24,19:00 - 20:00,245000,Booked
3606_8964_20:00,3606,Matchaus Padel & Pickleball,8964,VIP B,2026-09-24,20:00 - 21:00,245000,Available
3606_8964_21:00,3606,Matchaus Padel & Pickleball,8964,VIP B,2026-09-24,21:00 - 22:00,245000,Available
3606_8964_22:00,3606,Matchaus Padel & Pickleball,8964,VIP B,2026-09-24,22:00 - 23:00,245000,Available
3606_8964_23:00,3606,Matchaus Padel & Pickleball,8964,VIP B,2026-09-24,23:00 - 00:00,245000,Available
3606_8965_17:00,3606,Matchaus Padel & Pickleball,8965,Court A,2026-09-24,17:00 - 18:00,100000,Booked
3606_8965_18:00,3606,Matchaus Padel & Pickleball,8965,Court A,2026-09-24,18:00 - 19:00,100000,Booked
3606_8965_19:00,3606,Matchaus Padel & Pickleball,8965,Court A,2026-09-24,19:00 - 20:00,100000,Booked
3606_8965_20:00,3606,Matchaus Padel & Pickleball,8965,Court A,2026-09-24,20:00 - 21:00,100000,Booked
3606_8965_21:00,3606,Matchaus Padel & Pickleball,8965,Court A,2026-09-24,21:00 - 22:00,100000,Available
3606_8965_22:00,3606,Matchaus Padel & Pickleball,8965,Court A,2026-09-24,22:00 - 23:00,100000,Available
3606_8965_23:00,3606,Matchaus Padel & Pickleball,8965,Court A,2026-09-24,23:00 - 00:00,100000,Available
3606_8966_17:00,3606,Matchaus Padel & Pickleball,8966,Court B,2026-09-24,17:00 - 18:00,100000,Available
3606_8966_18:00,3606,Matchaus Padel & Pickleball,8966,Court B,2026-09-24,18:00 - 19:00,100000,Available
3606_8966_19:00,3606,Matchaus Padel & Pickleball,8966,Court B,2026-09-24,19:00 - 20:00,100000,Booked
3606_8966_20:00,3606,Matchaus Padel & Pickleball,8966,Court B,2026-09-24,20:00 - 21:00,100000,Booked
3606_8966_21:00,3606,Matchaus Padel & Pickleball,8966,Court B,2026-09-24,21:00 - 22:00,100000,Available
3606_8966_22:00,3606,Matchaus Padel & Pickleball,8966,Court B,2026-09-24,22:00 - 23:00,100000,Available
3606_8966_23:00,3606,Matchaus Padel & Pickleball,8966,Court B,2026-09-24,23:00 - 00:00,100000,Available
4347_10797_17:00,4347,Interspace Padel,10797,Court 1 Blue,2026-09-24,17:00 - 18:00,300000,Available
4347_10797_18:00,4347,Interspace Padel,10797,Court 1 Blue,2026-09-24,18:00 - 19:00,300000,Booked
4347_10797_19:00,4347,Interspace Padel,10797,Court 1 Blue,2026-09-24,19:00 - 20:00,300000,Booked
4347_10797_20:00,4347,Interspace Padel,10797,Court 1 Blue,2026-09-24,20:00 - 21:00,300000,Booked
4347_10797_21:00,4347,Interspace Padel,10797,Court 1 Blue,2026-09-24,21:00 - 22:00,300000,Booked
4347_10797_22:00,4347,Interspace Padel,10797,Court 1 Blue,2026-09-24,22:00 - 23:00,225000,Available
4347_10797_23:00,4347,Interspace Padel,10797,Court 1 Blue,2026-09-24,23:00 - 00:00,225000,Available
4347_10800_17:00,4347,Interspace Padel,10800,Court 2 Blue,2026-09-24,17:00 - 18:00,300000,Available
4347_10800_18:00,4347,Interspace Padel,10800,Court 2 Blue,2026-09-24,18:00 - 19:00,300000,Booked
4347_10800_19:00,4347,Interspace Padel,10800,Court 2 Blue,2026-09-24,19:00 - 20:00,300000,Booked
4347_10800_20:00,4347,Interspace Padel,10800,Court 2 Blue,2026-09-24,20:00 - 21:00,300000,Available
4347_10800_21:00,4347,Interspace Padel,10800,Court 2 Blue,2026-09-24,21:00 - 22:00,300000,Available
4347_10800_22:00,4347,Interspace Padel,10800,Court 2 Blue,2026-09-24,22:00 - 23:00,225000,Available
4347_10800_23:00,4347,Interspace Padel,10800,Court 2 Blue,2026-09-24,23:00 - 00:00,225000,Available
4347_10801_17:00,4347,Interspace Padel,10801,Court 1 Terracotta,2026-09-24,17:00 - 18:00,300000,Available
4347_10801_18:00,4347,Interspace Padel,10801,Court 1 Terracotta,2026-09-24,18:00 - 19:00,300000,Booked
4347_10801_19:00,4347,Interspace Padel,10801,Court 1 Terracotta,2026-09-24,19:00 - 20:00,300000,Booked
4347_10801_20:00,4347,Interspace Padel,10801,Court 1 Terracotta,2026-09-24,20:00 - 21:00,300000,Available
4347_10801_21:00,4347,Interspace Padel,10801,Court 1 Terracotta,2026-09-24,21:00 - 22:00,300000,Available
4347_10801_22:00,4347,Interspace Padel,10801,Court 1 Terracotta,2026-09-24,22:00 - 23:00,225000,Available
4347_10801_23:00,4347,Interspace Padel,10801,Court 1 Terracotta,2026-09-24,23:00 - 00:00,225000,Available
4347_10802_17:00,4347,Interspace Padel,10802,Court 2 Terracotta,2026-09-24,17:00 - 18:00,300000,Available
4347_10802_18:00,4347,Interspace Padel,10802,Court 2 Terracotta,2026-09-24,18:00 - 19:00,300000,Available
4347_10802_19:00,4347,Interspace Padel,10802,Court 2 Terracotta,2026-09-24,19:00 - 20:00,300000,Available
4347_10802_20:00,4347,Interspace Padel,10802,Court 2 Terracotta,2026-09-24,20:00 - 21:00,300000,Available
4347_10802_21:00,4347,Interspace Padel,10802,Court 2 Terracotta,2026-09-24,21:00 - 22:00,300000,Available
4347_10802_22:00,4347,Interspace Padel,10802,Court 2 Terracotta,2026-09-24,22:00 - 23:00,225000,Available
4347_10802_23:00,4347,Interspace Padel,10802,Court 2 Terracotta,2026-09-24,23:00 - 00:00,225000,Available
1668_3399_17:00,1668,Pace Padel Club,3399,Court 1,2026-09-24,17:00 - 18:00,299000,Available
1668_3399_18:00,1668,Pace Padel Club,3399,Court 1,2026-09-24,18:00 - 19:00,299000,Available
1668_3399_19:00,1668,Pace Padel Club,3399,Court 1,2026-09-24,19:00 - 20:00,299000,Booked
1668_3399_20:00,1668,Pace Padel Club,3399,Court 1,2026-09-24,20:00 - 21:00,299000,Booked
1668_3399_21:00,1668,Pace Padel Club,3399,Court 1,2026-09-24,21:00 - 22:00,299000,Available
1668_3399_22:00,1668,Pace Padel Club,3399,Court 1,2026-09-24,22:00 - 23:00,249000,Available
1668_3399_23:00,1668,Pace Padel Club,3399,Court 1,2026-09-24,23:00 - 00:00,249000,Available
1668_3673_17:00,1668,Pace Padel Club,3673,Court 2,2026-09-24,17:00 - 18:00,299000,Booked
1668_3673_18:00,1668,Pace Padel Club,3673,Court 2,2026-09-24,18:00 - 19:00,299000,Booked
1668_3673_19:00,1668,Pace Padel Club,3673,Court 2,2026-09-24,19:00 - 20:00,299000,Booked
1668_3673_20:00,1668,Pace Padel Club,3673,Court 2,2026-09-24,20:00 - 21:00,299000,Booked
1668_3673_21:00,1668,Pace Padel Club,3673,Court 2,2026-09-24,21:00 - 22:00,299000,Available
1668_3673_22:00,1668,Pace Padel Club,3673,Court 2,2026-09-24,22:00 - 23:00,249000,Available
1668_3673_23:00,1668,Pace Padel Club,3673,Court 2,2026-09-24,23:00 - 00:00,249000,Available
1668_3674_17:00,1668,Pace Padel Club,3674,Court 3,2026-09-24,17:00 - 18:00,299000,Booked
1668_3674_18:00,1668,Pace Padel Club,3674,Court 3,2026-09-24,18:00 - 19:00,299000,Booked
1668_3674_19:00,1668,Pace Padel Club,3674,Court 3,2026-09-24,19:00 - 20:00,299000,Booked
1668_3674_20:00,1668,Pace Padel Club,3674,Court 3,2026-09-24,20:00 - 21:00,299000,Booked
1668_3674_21:00,1668,Pace Padel Club,3674,Court 3,2026-09-24,21:00 - 22:00,299000,Available
1668_3674_22:00,1668,Pace Padel Club,3674,Court 3,2026-09-24,22:00 - 23:00,249000,Available
1668_3674_23:00,1668,Pace Padel Club,3674,Court 3,2026-09-24,23:00 - 00:00,249000,Available
1668_3675_17:00,1668,Pace Padel Club,3675,Court 4,2026-09-24,17:00 - 18:00,299000,Available
1668_3675_18:00,1668,Pace Padel Club,3675,Court 4,2026-09-24,18:00 - 19:00,299000,Available
1668_3675_19:00,1668,Pace Padel Club,3675,Court 4,2026-09-24,19:00 - 20:00,299000,Booked
1668_3675_20:00,1668,Pace Padel Club,3675,Court 4,2026-09-24,20:00 - 21:00,299000,Booked
1668_3675_21:00,1668,Pace Padel Club,3675,Court 4,2026-09-24,21:00 - 22:00,299000,Available
1668_3675_22:00,1668,Pace Padel Club,3675,Court 4,2026-09-24,22:00 - 23:00,249000,Available
1668_3675_23:00,1668,Pace Padel Club,3675,Court 4,2026-09-24,23:00 - 00:00,249000,Available
3311_8005_17:00,3311,The Inner Padel Club,8005,Court 1,2026-09-24,17:00 - 18:00,250000,Available
3311_8005_18:00,3311,The Inner Padel Club,8005,Court 1,2026-09-24,18:00 - 19:00,250000,Available
3311_8005_19:00,3311,The Inner Padel Club,8005,Court 1,2026-09-24,19:00 - 20:00,330000,Available
3311_8005_20:00,3311,The Inner Padel Club,8005,Court 1,2026-09-24,20:00 - 21:00,330000,Booked
3311_8005_21:00,3311,The Inner Padel Club,8005,Court 1,2026-09-24,21:00 - 22:00,330000,Booked
3311_8005_22:00,3311,The Inner Padel Club,8005,Court 1,2026-09-24,22:00 - 23:00,250000,Available
3311_8005_23:00,3311,The Inner Padel Club,8005,Court 1,2026-09-24,23:00 - 00:00,250000,Available
3311_8008_17:00,3311,The Inner Padel Club,8008,Court 2,2026-09-24,17:00 - 18:00,250000,Available
3311_8008_18:00,3311,The Inner Padel Club,8008,Court 2,2026-09-24,18:00 - 19:00,250000,Available
3311_8008_19:00,3311,The Inner Padel Club,8008,Court 2,2026-09-24,19:00 - 20:00,330000,Available
3311_8008_20:00,3311,The Inner Padel Club,8008,Court 2,2026-09-24,20:00 - 21:00,330000,Booked
3311_8008_21:00,3311,The Inner Padel Club,8008,Court 2,2026-09-24,21:00 - 22:00,330000,Booked
3311_8008_22:00,3311,The Inner Padel Club,8008,Court 2,2026-09-24,22:00 - 23:00,250000,Available
3311_8008_23:00,3311,The Inner Padel Club,8008,Court 2,2026-09-24,23:00 - 00:00,250000,Available
4514_11483_17:00,4514,Mezz Padel,11483,Court 1,2026-09-24,17:00 - 18:00,199000,Available
4514_11483_18:00,4514,Mezz Padel,11483,Court 1,2026-09-24,18:00 - 19:00,199000,Booked
4514_11483_19:00,4514,Mezz Padel,11483,Court 1,2026-09-24,19:00 - 20:00,199000,Booked
4514_11483_20:00,4514,Mezz Padel,11483,Court 1,2026-09-24,20:00 - 21:00,199000,Booked
4514_11483_21:00,4514,Mezz Padel,11483,Court 1,2026-09-24,21:00 - 22:00,199000,Booked
4514_11483_22:00,4514,Mezz Padel,11483,Court 1,2026-09-24,22:00 - 23:00,199000,Available
4514_12083_17:00,4514,Mezz Padel,12083,Court 2,2026-09-24,17:00 - 18:00,199000,Available
4514_12083_18:00,4514,Mezz Padel,12083,Court 2,2026-09-24,18:00 - 19:00,199000,Available
4514_12083_19:00,4514,Mezz Padel,12083,Court 2,2026-09-24,19:00 - 20:00,199000,Available
4514_12083_20:00,4514,Mezz Padel,12083,Court 2,2026-09-24,20:00 - 21:00,199000,Booked
4514_12083_21:00,4514,Mezz Padel,12083,Court 2,2026-09-24,21:00 - 22:00,199000,Booked
4514_12083_22:00,4514,Mezz Padel,12083,Court 2,2026-09-24,22:00 - 23:00,199000,Available
4514_12085_17:00,4514,Mezz Padel,12085,Court 3,2026-09-24,17:00 - 18:00,199000,Available
4514_12085_18:00,4514,Mezz Padel,12085,Court 3,2026-09-24,18:00 - 19:00,199000,Available
4514_12085_19:00,4514,Mezz Padel,12085,Court 3,2026-09-24,19:00 - 20:00,199000,Booked
4514_12085_20:00,4514,Mezz Padel,12085,Court 3,2026-09-24,20:00 - 21:00,199000,Booked
4514_12085_21:00,4514,Mezz Padel,12085,Court 3,2026-09-24,21:00 - 22:00,199000,Booked
4514_12085_22:00,4514,Mezz Padel,12085,Court 3,2026-09-24,22:00 - 23:00,199000,Available
4514_12086_17:00,4514,Mezz Padel,12086,Court 4,2026-09-24,17:00 - 18:00,199000,Available
4514_12086_18:00,4514,Mezz Padel,12086,Court 4,2026-09-24,18:00 - 19:00,199000,Available
4514_12086_19:00,4514,Mezz Padel,12086,Court 4,2026-09-24,19:00 - 20:00,199000,Available
4514_12086_20:00,4514,Mezz Padel,12086,Court 4,2026-09-24,20:00 - 21:00,199000,Available
4514_12086_21:00,4514,Mezz Padel,12086,Court 4,2026-09-24,21:00 - 22:00,199000,Available
4514_12086_22:00,4514,Mezz Padel,12086,Court 4,2026-09-24,22:00 - 23:00,199000,Available
4894_12859_17:00,4894,Laga Padel,12859,Court 1,2026-09-24,17:00 - 18:00,200000,Available
4894_12859_18:00,4894,Laga Padel,12859,Court 1,2026-09-24,18:00 - 19:00,200000,Booked
4894_12859_19:00,4894,Laga Padel,12859,Court 1,2026-09-24,19:00 - 20:00,200000,Booked
4894_12859_20:00,4894,Laga Padel,12859,Court 1,2026-09-24,20:00 - 21:00,200000,Booked
4894_12859_21:00,4894,Laga Padel,12859,Court 1,2026-09-24,21:00 - 22:00,200000,Booked
4894_13085_17:00,4894,Laga Padel,13085,Court 2,2026-09-24,17:00 - 18:00,200000,Booked
4894_13085_18:00,4894,Laga Padel,13085,Court 2,2026-09-24,18:00 - 19:00,200000,Available
4894_13085_19:00,4894,Laga Padel,13085,Court 2,2026-09-24,19:00 - 20:00,200000,Available
4894_13085_20:00,4894,Laga Padel,13085,Court 2,2026-09-24,20:00 - 21:00,200000,Booked
4894_13085_21:00,4894,Laga Padel,13085,Court 2,2026-09-24,21:00 - 22:00,200000,Booked
4894_13086_17:00,4894,Laga Padel,13086,Court 3,2026-09-24,17:00 - 18:00,200000,Available
4894_13086_18:00,4894,Laga Padel,13086,Court 3,2026-09-24,18:00 - 19:00,200000,Available
4894_13086_19:00,4894,Laga Padel,13086,Court 3,2026-09-24,19:00 - 20:00,200000,Available
4894_13086_20:00,4894,Laga Padel,13086,Court 3,2026-09-24,20:00 - 21:00,200000,Booked
4894_13086_21:00,4894,Laga Padel,13086,Court 3,2026-09-24,21:00 - 22:00,200000,Booked
4894_13088_17:00,4894,Laga Padel,13088,Court 4,2026-09-24,17:00 - 18:00,200000,Available
4894_13088_18:00,4894,Laga Padel,13088,Court 4,2026-09-24,18:00 - 19:00,200000,Available
4894_13088_19:00,4894,Laga Padel,13088,Court 4,2026-09-24,19:00 - 20:00,200000,Booked
4894_13088_20:00,4894,Laga Padel,13088,Court 4,2026-09-24,20:00 - 21:00,200000,Booked
4894_13088_21:00,4894,Laga Padel,13088,Court 4,2026-09-24,21:00 - 22:00,200000,Available
