slot_key,venue_id,venue_name,field_id,field_name,date,time_slot,price,status
4179_10310_06:00,4179,The Raquette Temple Sunter,10310,Tennis Court,2026-09-22,06:00 - 07:00,380000,Booked
4179_10310_07:00,4179,The Raquette Temple Sunter,10310,Tennis Court,2026-09-22,07:00 - 08:00,380000,Booked
4179_10310_08:00,4179,The Raquette Temple Sunter,10310,Tennis Court,2026-09-22,08:00 - 09:00,380000,Booked
4179_10313_06:00,4179,The Raquette Temple Sunter,10313,Padel Court,2026-09-22,06:00 - 07:00,250000,Available
4179_10313_07:00,4179,The Raquette Temple Sunter,10313,Padel Court,2026-09-22,07:00 - 08:00,250000,Available
4179_10313_08:00,4179,The Raquette Temple Sunter,10313,Padel Court,2026-09-22,08:00 - 09:00,250000,Available
3193_7652_07:00,3193,Staple Social Club,7652,STAPLE SOCIAL CLUB,2026-09-22,07:00 - 08:00,175000,Booked
3193_7652_08:00,3193,Staple Social Club,7652,STAPLE SOCIAL CLUB,2026-09-22,08:00 - 09:00,175000,Booked
3013_11045_06:00,3013,X3 Padel,11045,Court A,2026-09-22,06:00 - 07:00,125000,Available
3013_11045_07:00,3013,X3 Padel,11045,Court A,2026-09-22,07:00 - 08:00,125000,Available
3013_11045_08:00,3013,X3 Padel,11045,Court A,2026-09-22,08:00 - 09:00,125000,Booked
3013_11046_06:00,3013,X3 Padel,11046,Court B,2026-09-22,06:00 - 07:00,125000,Available
3013_11046_07:00,3013,X3 Padel,11046,Court B,2026-09-22,07:00 - 08:00,125000,Available
3013_11046_08:00,3013,X3 Padel,11046,Court B,2026-09-22,08:00 - 09:00,125000,Available
3013_11047_06:00,3013,X3 Padel,11047,Court C,2026-09-22,06:00 - 07:00,125000,Available
3013_11047_07:00,3013,X3 Padel,11047,Court C,2026-09-22,07:00 - 08:00,125000,Available
3013_11047_08:00,3013,X3 Padel,11047,Court C,2026-09-22,08:00 - 09:00,125000,Available
3013_11048_06:00,3013,X3 Padel,11048,Court D,2026-09-22,06:00 - 07:00,125000,Available
3013_11048_07:00,3013,X3 Padel,11048,Court D,2026-09-22,07:00 - 08:00,125000,Available
3013_11048_08:00,3013,X3 Padel,11048,Court D,2026-09-22,08:00 - 09:00,125000,Available
3013_11049_06:00,3013,X3 Padel,11049,Center Court,2026-09-22,06:00 - 07:00,150000,Available
3013_11049_07:00,3013,X3 Padel,11049,Center Court,2026-09-22,07:00 - 08:00,150000,Available
3013_11049_08:00,3013,X3 Padel,11049,Center Court,2026-09-22,08:00 - 09:00,150000,Available
1281_2371_07:00,1281,RacketGo Sunter,2371,Tennis Blue Court,2026-09-22,07:00 - 08:00,225000,Booked
1281_2371_08:00,1281,RacketGo Sunter,2371,Tennis Blue Court,2026-09-22,08:00 - 09:00,225000,Booked
1281_2372_07:00,1281,RacketGo Sunter,2372,Tennis Purple Court,2026-09-22,07:00 - 08:00,225000,Available
1281_2372_08:00,1281,RacketGo Sunter,2372,Tennis Purple Court,2026-09-22,08:00 - 09:00,225000,Booked
1281_2373_07:00,1281,RacketGo Sunter,2373,Tennis Orange Court,2026-09-22,07:00 - 08:00,225000,Booked
1281_2373_08:00,1281,RacketGo Sunter,2373,Tennis Orange Court,2026-09-22,08:00 - 09:00,225000,Booked
1281_2374_07:00,1281,RacketGo Sunter,2374,Yellow Padel,2026-09-22,07:00 - 08:00,225000,Available
1281_2374_08:00,1281,RacketGo Sunter,2374,Yellow Padel,2026-09-22,08:00 - 09:00,225000,Available
1281_2375_07:00,1281,RacketGo Sunter,2375,Pink Padel,2026-09-22,07:00 - 08:00,225000,Available
1281_2375_08:00,1281,RacketGo Sunter,2375,Pink Padel,2026-09-22,08:00 - 09:00,225000,Available
1697_3473_06:00,1697,Urban Racquet Club,3473,Padel A,2026-09-22,06:00 - 07:00,200000,Available
1697_3473_07:00,1697,Urban Racquet Club,3473,Padel A,2026-09-22,07:00 - 08:00,200000,Booked
1697_3473_08:00,1697,Urban Racquet Club,3473,Padel A,2026-09-22,08:00 - 09:00,200000,Available
1697_3572_06:00,1697,Urban Racquet Club,3572,Padel B,2026-09-22,06:00 - 07:00,200000,Available
1697_3572_07:00,1697,Urban Racquet Club,3572,Padel B,2026-09-22,07:00 - 08:00,200000,Available
1697_3572_08:00,1697,Urban Racquet Club,3572,Padel B,2026-09-22,08:00 - 09:00,200000,Booked
1697_3573_06:00,1697,Urban Racquet Club,3573,Padel C,2026-09-22,06:00 - 07:00,200000,Available
1697_3573_07:00,1697,Urban Racquet Club,3573,Padel C,2026-09-22,07:00 - 08:00,200000,Available
1697_3573_08:00,1697,Urban Racquet Club,3573,Padel C,2026-09-22,08:00 - 09:00,200000,Available
1697_3574_06:00,1697,Urban Racquet Club,3574,Padel D,2026-09-22,06:00 - 07:00,200000,Available
1697_3574_07:00,1697,Urban Racquet Club,3574,Padel D,2026-09-22,07:00 - 08:00,200000,Available
1697_3574_08:00,1697,Urban Racquet Club,3574,Padel D,2026-09-22,08:00 - 09:00,200000,Booked
1697_3575_06:00,1697,Urban Racquet Club,3575,Padel E,2026-09-22,06:00 - 07:00,200000,Available
1697_3575_07:00,1697,Urban Racquet Club,3575,Padel E,2026-09-22,07:00 - 08:00,200000,Available
1697_3575_08:00,1697,Urban Racquet Club,3575,Padel E,2026-09-22,08:00 - 09:00,200000,Available
1697_3576_06:00,1697,Urban Racquet Club,3576,Padel F,2026-09-22,06:00 - 07:00,200000,Available
1697_3576_07:00,1697,Urban Racquet Club,3576,Padel F,2026-09-22,07:00 - 08:00,200000,Available
1697_3576_08:00,1697,Urban Racquet Club,3576,Padel F,2026-09-22,08:00 - 09:00,200000,Available
1697_3577_06:00,1697,Urban Racquet Club,3577,Tennis 1,2026-09-22,06:00 - 07:00,300000,Available
1697_3577_07:00,1697,Urban Racquet Club,3577,Tennis 1,2026-09-22,07:00 - 08:00,300000,Booked
1697_3577_08:00,1697,Urban Racquet Club,3577,Tennis 1,2026-09-22,08:00 - 09:00,300000,Booked
1697_3474_06:00,1697,Urban Racquet Club,3474,Tennis 2,2026-09-22,06:00 - 07:00,300000,Available
1697_3474_07:00,1697,Urban Racquet Club,3474,Tennis 2,2026-09-22,07:00 - 08:00,300000,Booked
1697_3474_08:00,1697,Urban Racquet Club,3474,Tennis 2,2026-09-22,08:00 - 09:00,300000,Booked
1697_3578_06:00,1697,Urban Racquet Club,3578,Tennis 3,2026-09-22,06:00 - 07:00,300000,Available
1697_3578_07:00,1697,Urban Racquet Club,3578,Tennis 3,2026-09-22,07:00 - 08:00,300000,Booked
1697_3578_08:00,1697,Urban Racquet Club,3578,Tennis 3,2026-09-22,08:00 - 09:00,300000,Booked
1336_2483_06:00,1336,Olympus Prime Sports Center - Bandengan,2483,Tennis Indoor 1 - Tribune,2026-09-22,06:00 - 07:00,275000,Booked
1336_2483_07:00,1336,Olympus Prime Sports Center - Bandengan,2483,Tennis Indoor 1 - Tribune,2026-09-22,07:00 - 08:00,275000,Booked
1336_2483_08:00,1336,Olympus Prime Sports Center - Bandengan,2483,Tennis Indoor 1 - Tribune,2026-09-22,08:00 - 09:00,275000,Booked
1336_2495_06:00,1336,Olympus Prime Sports Center - Bandengan,2495,Tennis Indoor 2 - Tribune,2026-09-22,06:00 - 07:00,275000,Available
1336_2495_07:00,1336,Olympus Prime Sports Center - Bandengan,2495,Tennis Indoor 2 - Tribune,2026-09-22,07:00 - 08:00,275000,Available
1336_2495_08:00,1336,Olympus Prime Sports Center - Bandengan,2495,Tennis Indoor 2 - Tribune,2026-09-22,08:00 - 09:00,275000,Booked
1336_2496_06:00,1336,Olympus Prime Sports Center - Bandengan,2496,Tennis Outdoor 3,2026-09-22,06:00 - 07:00,150000,Available
1336_2496_07:00,1336,Olympus Prime Sports Center - Bandengan,2496,Tennis Outdoor 3,2026-09-22,07:00 - 08:00,150000,Booked
1336_2496_08:00,1336,Olympus Prime Sports Center - Bandengan,2496,Tennis Outdoor 3,2026-09-22,08:00 - 09:00,150000,Booked
1336_2497_06:00,1336,Olympus Prime Sports Center - Bandengan,2497,Tennis Outdoor 4,2026-09-22,06:00 - 07:00,150000,Booked
1336_2497_07:00,1336,Olympus Prime Sports Center - Bandengan,2497,Tennis Outdoor 4,2026-09-22,07:00 - 08:00,150000,Available
1336_2497_08:00,1336,Olympus Prime Sports Center - Bandengan,2497,Tennis Outdoor 4,2026-09-22,08:00 - 09:00,150000,Available
1336_2498_06:00,1336,Olympus Prime Sports Center - Bandengan,2498,Tennis Outdoor 5,2026-09-22,06:00 - 07:00,150000,Booked
1336_2498_07:00,1336,Olympus Prime Sports Center - Bandengan,2498,Tennis Outdoor 5,2026-09-22,07:00 - 08:00,150000,Booked
1336_2498_08:00,1336,Olympus Prime Sports Center - Bandengan,2498,Tennis Outdoor 5,2026-09-22,08:00 - 09:00,150000,Available
1336_2499_06:00,1336,Olympus Prime Sports Center - Bandengan,2499,Tennis Outdoor 6,2026-09-22,06:00 - 07:00,150000,Booked
1336_2499_07:00,1336,Olympus Prime Sports Center - Bandengan,2499,Tennis Outdoor 6,2026-09-22,07:00 - 08:00,150000,Booked
1336_2499_08:00,1336,Olympus Prime Sports Center - Bandengan,2499,Tennis Outdoor 6,2026-09-22,08:00 - 09:00,150000,Available
1336_2500_06:00,1336,Olympus Prime Sports Center - Bandengan,2500,Padel Indoor White A,2026-09-22,06:00 - 07:00,180000,Available
1336_2500_07:00,1336,Olympus Prime Sports Center - Bandengan,2500,Padel Indoor White A,2026-09-22,07:00 - 08:00,180000,Available
1336_2500_08:00,1336,Olympus Prime Sports Center - Bandengan,2500,Padel Indoor White A,2026-09-22,08:00 - 09:00,180000,Available
1336_2501_06:00,1336,Olympus Prime Sports Center - Bandengan,2501,Padel Indoor White B,2026-09-22,06:00 - 07:00,180000,Available
1336_2501_07:00,1336,Olympus Prime Sports Center - Bandengan,2501,Padel Indoor White B,2026-09-22,07:00 - 08:00,180000,Available
1336_2501_08:00,1336,Olympus Prime Sports Center - Bandengan,2501,Padel Indoor White B,2026-09-22,08:00 - 09:00,180000,Available
1336_2502_06:00,1336,Olympus Prime Sports Center - Bandengan,2502,Padel Indoor Black C,2026-09-22,06:00 - 07:00,180000,Available
1336_2502_07:00,1336,Olympus Prime Sports Center - Bandengan,2502,Padel Indoor Black C,2026-09-22,07:00 - 08:00,180000,Available
1336_2502_08:00,1336,Olympus Prime Sports Center - Bandengan,2502,Padel Indoor Black C,2026-09-22,08:00 - 09:00,180000,Available
1336_2503_06:00,1336,Olympus Prime Sports Center - Bandengan,2503,Padel Indoor Black D,2026-09-22,06:00 - 07:00,180000,Available
1336_2503_07:00,1336,Olympus Prime Sports Center - Bandengan,2503,Padel Indoor Black D,2026-09-22,07:00 - 08:00,180000,Available
1336_2503_08:00,1336,Olympus Prime Sports Center - Bandengan,2503,Padel Indoor Black D,2026-09-22,08:00 - 09:00,180000,Available
1336_2504_06:00,1336,Olympus Prime Sports Center - Bandengan,2504,Pickleball Semi Indoor Court 1,2026-09-22,06:00 - 07:00,150000,Available
1336_2504_07:00,1336,Olympus Prime Sports Center - Bandengan,2504,Pickleball Semi Indoor Court 1,2026-09-22,07:00 - 08:00,150000,Available
1336_2504_08:00,1336,Olympus Prime Sports Center - Bandengan,2504,Pickleball Semi Indoor Court 1,2026-09-22,08:00 - 09:00,150000,Available
1336_2505_06:00,1336,Olympus Prime Sports Center - Bandengan,2505,Pickleball Semi Indoor Court 2,2026-09-22,06:00 - 07:00,150000,Available
1336_2505_07:00,1336,Olympus Prime Sports Center - Bandengan,2505,Pickleball Semi Indoor Court 2,2026-09-22,07:00 - 08:00,150000,Available
1336_2505_08:00,1336,Olympus Prime Sports Center - Bandengan,2505,Pickleball Semi Indoor Court 2,2026-09-22,08:00 - 09:00,150000,Available
1410_2704_06:00,1410,Anfa Arena Padel,2704,Court A,2026-09-22,06:00 - 07:00,175000,Available
1410_2704_07:00,1410,Anfa Arena Padel,2704,Court A,2026-09-22,07:00 - 08:00,175000,Available
1410_2704_08:00,1410,Anfa Arena Padel,2704,Court A,2026-09-22,08:00 - 09:00,175000,Available
1410_2705_06:00,1410,Anfa Arena Padel,2705,Court B,2026-09-22,06:00 - 07:00,175000,Available
1410_2705_07:00,1410,Anfa Arena Padel,2705,Court B,2026-09-22,07:00 - 08:00,175000,Available
1410_2705_08:00,1410,Anfa Arena Padel,2705,Court B,2026-09-22,08:00 - 09:00,175000,Available
1410_2706_06:00,1410,Anfa Arena Padel,2706,Court C,2026-09-22,06:00 - 07:00,175000,Available
1410_2706_07:00,1410,Anfa Arena Padel,2706,Court C,2026-09-22,07:00 - 08:00,175000,Available
1410_2706_08:00,1410,Anfa Arena Padel,2706,Court C,2026-09-22,08:00 - 09:00,175000,Available
3265_7841_06:00,3265,Pluit Padel Parq (PPP),7841,1 - Teak,2026-09-22,06:00 - 08:00,425000,Booked
3265_7841_08:00,3265,Pluit Padel Parq (PPP),7841,1 - Teak,2026-09-22,08:00 - 09:00,225000,Booked
3265_8722_06:00,3265,Pluit Padel Parq (PPP),8722,2 - Palm,2026-09-22,06:00 - 08:00,425000,Available
3265_8722_08:00,3265,Pluit Padel Parq (PPP),8722,2 - Palm,2026-09-22,08:00 - 09:00,225000,Available
3265_8723_06:00,3265,Pluit Padel Parq (PPP),8723,3 - Moss,2026-09-22,06:00 - 08:00,425000,Booked
3265_8723_08:00,3265,Pluit Padel Parq (PPP),8723,3 - Moss,2026-09-22,08:00 - 09:00,225000,Booked
3265_8724_06:00,3265,Pluit Padel Parq (PPP),8724,C - Center,2026-09-22,06:00 - 08:00,425000,Booked
3265_8724_08:00,3265,Pluit Padel Parq (PPP),8724,C - Center,2026-09-22,08:00 - 09:00,225000,Booked
3265_8725_06:00,3265,Pluit Padel Parq (PPP),8725,5 - Leaf,2026-09-22,06:00 - 08:00,425000,Available
3265_8725_08:00,3265,Pluit Padel Parq (PPP),8725,5 - Leaf,2026-09-22,08:00 - 09:00,225000,Booked
3265_8726_06:00,3265,Pluit Padel Parq (PPP),8726,6 - Wood,2026-09-22,06:00 - 07:00,225000,Available
3265_8726_07:00,3265,Pluit Padel Parq (PPP),8726,6 - Wood,2026-09-22,07:00 - 08:00,225000,Available
3265_8726_08:00,3265,Pluit Padel Parq (PPP),8726,6 - Wood,2026-09-22,08:00 - 09:00,225000,Booked
3265_8727_06:00,3265,Pluit Padel Parq (PPP),8727,7 - Pine,2026-09-22,06:00 - 07:00,225000,Available
3265_8727_07:00,3265,Pluit Padel Parq (PPP),8727,7 - Pine,2026-09-22,07:00 - 08:00,225000,Available
3265_8727_08:00,3265,Pluit Padel Parq (PPP),8727,7 - Pine,2026-09-22,08:00 - 09:00,225000,Booked
3265_8728_06:00,3265,Pluit Padel Parq (PPP),8728,8 - Fern,2026-09-22,06:00 - 07:00,225000,Available
3265_8728_07:00,3265,Pluit Padel Parq (PPP),8728,8 - Fern,2026-09-22,07:00 - 08:00,225000,Available
3265_8728_08:00,3265,Pluit Padel Parq (PPP),8728,8 - Fern,2026-09-22,08:00 - 09:00,225000,Available
3265_9560_06:00,3265,Pluit Padel Parq (PPP),9560,01 - Lawn,2026-09-22,06:00 - 07:00,300000,Available
3265_9560_07:00,3265,Pluit Padel Parq (PPP),9560,01 - Lawn,2026-09-22,07:00 - 08:00,300000,Booked
3265_9560_08:00,3265,Pluit Padel Parq (PPP),9560,01 - Lawn,2026-09-22,08:00 - 09:00,300000,Booked
3265_9561_06:00,3265,Pluit Padel Parq (PPP),9561,02 - Ground,2026-09-22,06:00 - 07:00,300000,Available
3265_9561_07:00,3265,Pluit Padel Parq (PPP),9561,02 - Ground,2026-09-22,07:00 - 08:00,300000,Booked
3265_9561_08:00,3265,Pluit Padel Parq (PPP),9561,02 - Ground,2026-09-22,08:00 - 09:00,300000,Booked
1782_3630_06:00,1782,DeWarehouse Padel ( DWP ) - Sunter,3630,Court 1,2026-09-22,06:00 - 08:00,200000,Available
1782_3630_08:00,1782,DeWarehouse Padel ( DWP ) - Sunter,3630,Court 1,2026-09-22,08:00 - 09:00,150000,Available
1782_6271_06:00,1782,DeWarehouse Padel ( DWP ) - Sunter,6271,Court 2,2026-09-22,06:00 - 08:00,200000,Available
1782_6271_08:00,1782,DeWarehouse Padel ( DWP ) - Sunter,6271,Court 2,2026-09-22,08:00 - 09:00,150000,Available
1782_6272_06:00,1782,DeWarehouse Padel ( DWP ) - Sunter,6272,Court 3,2026-09-22,06:00 - 08:00,200000,Available
1782_6272_08:00,1782,DeWarehouse Padel ( DWP ) - Sunter,6272,Court 3,2026-09-22,08:00 - 09:00,150000,Available
1782_6273_06:00,1782,DeWarehouse Padel ( DWP ) - Sunter,6273,Court 4,2026-09-22,06:00 - 08:00,200000,Available
1782_6273_08:00,1782,DeWarehouse Padel ( DWP ) - Sunter,6273,Court 4,2026-09-22,08:00 - 09:00,150000,Available
1782_6274_06:00,1782,DeWarehouse Padel ( DWP ) - Sunter,6274,Court 5,2026-09-22,06:00 - 08:00,200000,Available
1782_6274_08:00,1782,DeWarehouse Padel ( DWP ) - Sunter,6274,Court 5,2026-09-22,08:00 - 09:00,150000,Available
1782_6275_06:00,1782,DeWarehouse Padel ( DWP ) - Sunter,6275,Court 6,2026-09-22,06:00 - 08:00,200000,Available
1782_6275_08:00,1782,DeWarehouse Padel ( DWP ) - Sunter,6275,Court 6,2026-09-22,08:00 - 09:00,150000,Available
1782_6276_06:00,1782,DeWarehouse Padel ( DWP ) - Sunter,6276,Panasonic Court,2026-09-22,06:00 - 08:00,200000,Available
1782_6276_08:00,1782,DeWarehouse Padel ( DWP ) - Sunter,6276,Panasonic Court,2026-09-22,08:00 - 09:00,150000,Available
2824_6431_06:00,2824,Rivera Padel Pluit,6431,Centre Court,2026-09-22,06:00 - 07:00,100000,Available
2824_6431_07:00,2824,Rivera Padel Pluit,6431,Centre Court,2026-09-22,07:00 - 08:00,100000,Available
2824_6431_08:00,2824,Rivera Padel Pluit,6431,Centre Court,2026-09-22,08:00 - 09:00,188000,Booked
2824_6432_06:00,2824,Rivera Padel Pluit,6432,Court 1,2026-09-22,06:00 - 07:00,100000,Available
2824_6432_07:00,2824,Rivera Padel Pluit,6432,Court 1,2026-09-22,07:00 - 08:00,100000,Available
2824_6432_08:00,2824,Rivera Padel Pluit,6432,Court 1,2026-09-22,08:00 - 09:00,188000,Booked
2824_6547_06:00,2824,Rivera Padel Pluit,6547,Court 2,2026-09-22,06:00 - 07:00,100000,Available
2824_6547_07:00,2824,Rivera Padel Pluit,6547,Court 2,2026-09-22,07:00 - 08:00,100000,Available
2824_6547_08:00,2824,Rivera Padel Pluit,6547,Court 2,2026-09-22,08:00 - 09:00,188000,Available
2824_6548_06:00,2824,Rivera Padel Pluit,6548,Court 3,2026-09-22,06:00 - 08:00,188000,Available
2824_6548_08:00,2824,Rivera Padel Pluit,6548,Court 3,2026-09-22,08:00 - 09:00,188000,Available
1450_11979_06:00,1450,MXL Ground,11979,Mahjong Table Complete Set,2026-09-22,06:00 - 07:00,50000,Available
1450_11979_07:00,1450,MXL Ground,11979,Mahjong Table Complete Set,2026-09-22,07:00 - 08:00,50000,Available
1450_11979_08:00,1450,MXL Ground,11979,Mahjong Table Complete Set,2026-09-22,08:00 - 09:00,50000,Available
1450_2867_06:00,1450,MXL Ground,2867,Tennis A,2026-09-22,06:00 - 07:00,200000,Booked
1450_2867_07:00,1450,MXL Ground,2867,Tennis A,2026-09-22,07:00 - 08:00,200000,Booked
1450_2867_08:00,1450,MXL Ground,2867,Tennis A,2026-09-22,08:00 - 09:00,200000,Available
1450_2870_06:00,1450,MXL Ground,2870,Tennis B,2026-09-22,06:00 - 07:00,200000,Available
1450_2870_07:00,1450,MXL Ground,2870,Tennis B,2026-09-22,07:00 - 08:00,200000,Booked
1450_2870_08:00,1450,MXL Ground,2870,Tennis B,2026-09-22,08:00 - 09:00,200000,Booked
1450_2869_06:00,1450,MXL Ground,2869,Padel 1,2026-09-22,06:00 - 07:00,159000,Booked
1450_2869_07:00,1450,MXL Ground,2869,Padel 1,2026-09-22,07:00 - 08:00,159000,Available
1450_2869_08:00,1450,MXL Ground,2869,Padel 1,2026-09-22,08:00 - 09:00,159000,Booked
1450_2871_06:00,1450,MXL Ground,2871,Padel 2,2026-09-22,06:00 - 07:00,159000,Available
1450_2871_07:00,1450,MXL Ground,2871,Padel 2,2026-09-22,07:00 - 08:00,159000,Available
1450_2871_08:00,1450,MXL Ground,2871,Padel 2,2026-09-22,08:00 - 09:00,159000,Booked
1450_2872_06:00,1450,MXL Ground,2872,Padel 3,2026-09-22,06:00 - 07:00,159000,Available
1450_2872_07:00,1450,MXL Ground,2872,Padel 3,2026-09-22,07:00 - 08:00,159000,Available
1450_2872_08:00,1450,MXL Ground,2872,Padel 3,2026-09-22,08:00 - 09:00,159000,Available
2073_4298_06:00,2073,My Club House - Padel,4298,Court 1,2026-09-22,06:00 - 07:00,199000,Available
2073_4298_07:00,2073,My Club House - Padel,4298,Court 1,2026-09-22,07:00 - 08:00,199000,Available
2073_4298_08:00,2073,My Club House - Padel,4298,Court 1,2026-09-22,08:00 - 09:00,199000,Available
2073_6511_06:00,2073,My Club House - Padel,6511,Court 2,2026-09-22,06:00 - 07:00,199000,Available
2073_6511_07:00,2073,My Club House - Padel,6511,Court 2,2026-09-22,07:00 - 08:00,199000,Available
2073_6511_08:00,2073,My Club House - Padel,6511,Court 2,2026-09-22,08:00 - 09:00,199000,Booked
2073_6512_06:00,2073,My Club House - Padel,6512,Court 3,2026-09-22,06:00 - 07:00,199000,Available
2073_6512_07:00,2073,My Club House - Padel,6512,Court 3,2026-09-22,07:00 - 08:00,199000,Available
2073_6512_08:00,2073,My Club House - Padel,6512,Court 3,2026-09-22,08:00 - 09:00,199000,Booked
2073_6513_06:00,2073,My Club House - Padel,6513,Court 4,2026-09-22,06:00 - 07:00,199000,Available
2073_6513_07:00,2073,My Club House - Padel,6513,Court 4,2026-09-22,07:00 - 08:00,199000,Available
2073_6513_08:00,2073,My Club House - Padel,6513,Court 4,2026-09-22,08:00 - 09:00,199000,Available
2073_6514_06:00,2073,My Club House - Padel,6514,SKY A,2026-09-22,06:00 - 07:00,199000,Available
2073_6514_07:00,2073,My Club House - Padel,6514,SKY A,2026-09-22,07:00 - 08:00,199000,Available
2073_6514_08:00,2073,My Club House - Padel,6514,SKY A,2026-09-22,08:00 - 09:00,199000,Available
2073_6515_06:00,2073,My Club House - Padel,6515,SKY B,2026-09-22,06:00 - 07:00,199000,Available
2073_6515_07:00,2073,My Club House - Padel,6515,SKY B,2026-09-22,07:00 - 08:00,199000,Available
2073_6515_08:00,2073,My Club House - Padel,6515,SKY B,2026-09-22,08:00 - 09:00,199000,Available
3627_8972_07:00,3627,Gading Mas Racquet Club,8972,Padel 1,2026-09-22,07:00 - 08:00,175000,Available
3627_8972_08:00,3627,Gading Mas Racquet Club,8972,Padel 1,2026-09-22,08:00 - 09:00,175000,Available
3627_10359_07:00,3627,Gading Mas Racquet Club,10359,Padel 2,2026-09-22,07:00 - 08:00,175000,Available
3627_10359_08:00,3627,Gading Mas Racquet Club,10359,Padel 2,2026-09-22,08:00 - 09:00,175000,Available
3627_10360_07:00,3627,Gading Mas Racquet Club,10360,Padel 3,2026-09-22,07:00 - 08:00,175000,Available
3627_10360_08:00,3627,Gading Mas Racquet Club,10360,Padel 3,2026-09-22,08:00 - 09:00,175000,Available
3627_10361_07:00,3627,Gading Mas Racquet Club,10361,Pickleball 1,2026-09-22,07:00 - 08:00,125000,Available
3627_10361_08:00,3627,Gading Mas Racquet Club,10361,Pickleball 1,2026-09-22,08:00 - 09:00,125000,Available
3627_10362_07:00,3627,Gading Mas Racquet Club,10362,Pickleball 2,2026-09-22,07:00 - 08:00,125000,Available
3627_10362_08:00,3627,Gading Mas Racquet Club,10362,Pickleball 2,2026-09-22,08:00 - 09:00,125000,Available
3627_11009_07:00,3627,Gading Mas Racquet Club,11009,Tennis Courts 1,2026-09-22,07:00 - 08:00,225000,Booked
3627_11009_08:00,3627,Gading Mas Racquet Club,11009,Tennis Courts 1,2026-09-22,08:00 - 09:00,225000,Booked
3627_11010_07:00,3627,Gading Mas Racquet Club,11010,Tennis Courts 2,2026-09-22,07:00 - 08:00,225000,Booked
3627_11010_08:00,3627,Gading Mas Racquet Club,11010,Tennis Courts 2,2026-09-22,08:00 - 09:00,225000,Booked
1579_3199_06:00,1579,Ultradome Padel Tennis Lounge,3199,T1,2026-09-22,06:00 - 07:00,275000,Available
1579_3199_07:00,1579,Ultradome Padel Tennis Lounge,3199,T1,2026-09-22,07:00 - 08:00,275000,Available
1579_3199_08:00,1579,Ultradome Padel Tennis Lounge,3199,T1,2026-09-22,08:00 - 09:00,275000,Booked
1579_3328_06:00,1579,Ultradome Padel Tennis Lounge,3328,T2,2026-09-22,06:00 - 07:00,275000,Available
1579_3328_07:00,1579,Ultradome Padel Tennis Lounge,3328,T2,2026-09-22,07:00 - 08:00,275000,Booked
1579_3328_08:00,1579,Ultradome Padel Tennis Lounge,3328,T2,2026-09-22,08:00 - 09:00,275000,Booked
1579_3329_06:00,1579,Ultradome Padel Tennis Lounge,3329,T3,2026-09-22,06:00 - 07:00,275000,Booked
1579_3329_07:00,1579,Ultradome Padel Tennis Lounge,3329,T3,2026-09-22,07:00 - 08:00,275000,Booked
1579_3329_08:00,1579,Ultradome Padel Tennis Lounge,3329,T3,2026-09-22,08:00 - 09:00,275000,Available
1579_3330_06:00,1579,Ultradome Padel Tennis Lounge,3330,T4,2026-09-22,06:00 - 07:00,275000,Available
1579_3330_07:00,1579,Ultradome Padel Tennis Lounge,3330,T4,2026-09-22,07:00 - 08:00,275000,Booked
1579_3330_08:00,1579,Ultradome Padel Tennis Lounge,3330,T4,2026-09-22,08:00 - 09:00,275000,Booked
1579_3246_06:00,1579,Ultradome Padel Tennis Lounge,3246,P1,2026-09-22,06:00 - 07:00,170000,Available
1579_3246_07:00,1579,Ultradome Padel Tennis Lounge,3246,P1,2026-09-22,07:00 - 08:00,170000,Available
1579_3246_08:00,1579,Ultradome Padel Tennis Lounge,3246,P1,2026-09-22,08:00 - 09:00,170000,Available
1579_3331_06:00,1579,Ultradome Padel Tennis Lounge,3331,P2,2026-09-22,06:00 - 07:00,170000,Available
1579_3331_07:00,1579,Ultradome Padel Tennis Lounge,3331,P2,2026-09-22,07:00 - 08:00,170000,Available
1579_3331_08:00,1579,Ultradome Padel Tennis Lounge,3331,P2,2026-09-22,08:00 - 09:00,170000,Available
1579_3332_06:00,1579,Ultradome Padel Tennis Lounge,3332,P3,2026-09-22,06:00 - 07:00,170000,Available
1579_3332_07:00,1579,Ultradome Padel Tennis Lounge,3332,P3,2026-09-22,07:00 - 08:00,170000,Available
1579_3332_08:00,1579,Ultradome Padel Tennis Lounge,3332,P3,2026-09-22,08:00 - 09:00,170000,Available
1579_3333_06:00,1579,Ultradome Padel Tennis Lounge,3333,P4,2026-09-22,06:00 - 07:00,170000,Available
1579_3333_07:00,1579,Ultradome Padel Tennis Lounge,3333,P4,2026-09-22,07:00 - 08:00,170000,Booked
1579_3333_08:00,1579,Ultradome Padel Tennis Lounge,3333,P4,2026-09-22,08:00 - 09:00,170000,Booked
1579_3334_06:00,1579,Ultradome Padel Tennis Lounge,3334,P5,2026-09-22,06:00 - 07:00,170000,Available
1579_3334_07:00,1579,Ultradome Padel Tennis Lounge,3334,P5,2026-09-22,07:00 - 08:00,170000,Available
1579_3334_08:00,1579,Ultradome Padel Tennis Lounge,3334,P5,2026-09-22,08:00 - 09:00,170000,Available
1579_12192_06:00,1579,Ultradome Padel Tennis Lounge,12192,Mahjong Table 1 (automatic),2026-09-22,06:00 - 07:00,100000,Available
1579_12192_07:00,1579,Ultradome Padel Tennis Lounge,12192,Mahjong Table 1 (automatic),2026-09-22,07:00 - 08:00,100000,Available
1579_12192_08:00,1579,Ultradome Padel Tennis Lounge,12192,Mahjong Table 1 (automatic),2026-09-22,08:00 - 09:00,100000,Available
1579_12193_06:00,1579,Ultradome Padel Tennis Lounge,12193,Mahjong Table 2 (automatic),2026-09-22,06:00 - 07:00,100000,Available
1579_12193_07:00,1579,Ultradome Padel Tennis Lounge,12193,Mahjong Table 2 (automatic),2026-09-22,07:00 - 08:00,100000,Available
1579_12193_08:00,1579,Ultradome Padel Tennis Lounge,12193,Mahjong Table 2 (automatic),2026-09-22,08:00 - 09:00,100000,Available
1579_12191_06:00,1579,Ultradome Padel Tennis Lounge,12191,Mahjong Table (manual),2026-09-22,06:00 - 07:00,50000,Available
1579_12191_07:00,1579,Ultradome Padel Tennis Lounge,12191,Mahjong Table (manual),2026-09-22,07:00 - 08:00,50000,Available
1579_12191_08:00,1579,Ultradome Padel Tennis Lounge,12191,Mahjong Table (manual),2026-09-22,08:00 - 09:00,50000,Available
1659_3381_06:00,1659,Padel Hive Pluit,3381,Court 1,2026-09-22,06:00 - 07:00,99000,Available
1659_3381_07:00,1659,Padel Hive Pluit,3381,Court 1,2026-09-22,07:00 - 08:00,99000,Booked
1659_3381_08:00,1659,Padel Hive Pluit,3381,Court 1,2026-09-22,08:00 - 09:00,169000,Booked
1659_4048_06:00,1659,Padel Hive Pluit,4048,Court 2,2026-09-22,06:00 - 07:00,99000,Available
1659_4048_07:00,1659,Padel Hive Pluit,4048,Court 2,2026-09-22,07:00 - 08:00,99000,Booked
1659_4048_08:00,1659,Padel Hive Pluit,4048,Court 2,2026-09-22,08:00 - 09:00,169000,Available
1659_4049_06:00,1659,Padel Hive Pluit,4049,Court 3,2026-09-22,06:00 - 07:00,99000,Available
1659_4049_07:00,1659,Padel Hive Pluit,4049,Court 3,2026-09-22,07:00 - 08:00,99000,Available
1659_4049_08:00,1659,Padel Hive Pluit,4049,Court 3,2026-09-22,08:00 - 09:00,169000,Available
548_1123_08:00,548,Bestindo Sport Center,1123,Mini Soccer A,2026-09-22,08:00 - 09:00,300000,Available
548_1124_08:00,548,Bestindo Sport Center,1124,Mini Soccer B,2026-09-22,08:00 - 09:00,300000,Available
548_1125_08:00,548,Bestindo Sport Center,1125,Futsal Outdoor,2026-09-22,08:00 - 09:00,200000,Available
548_1232_08:00,548,Bestindo Sport Center,1232,Badminton 1,2026-09-22,08:00 - 09:00,60000,Available
548_1257_08:00,548,Bestindo Sport Center,1257,Badminton 2,2026-09-22,08:00 - 09:00,60000,Available
548_1258_08:00,548,Bestindo Sport Center,1258,Badminton 3,2026-09-22,08:00 - 09:00,60000,Available
548_1259_08:00,548,Bestindo Sport Center,1259,Badminton 4,2026-09-22,08:00 - 09:00,60000,Available
548_1260_08:00,548,Bestindo Sport Center,1260,Badminton 5,2026-09-22,08:00 - 09:00,60000,Available
548_1446_08:00,548,Bestindo Sport Center,1446,Basket 3x3 A,2026-09-22,08:00 - 09:00,80000,Available
548_1447_08:00,548,Bestindo Sport Center,1447,Basket 3x3 B,2026-09-22,08:00 - 09:00,80000,Available
548_1452_08:00,548,Bestindo Sport Center,1452,Padel Court A,2026-09-22,08:00 - 09:00,150000,Available
548_1453_08:00,548,Bestindo Sport Center,1453,Padel Court B,2026-09-22,08:00 - 09:00,150000,Available
1595_4242_06:00,1595,El Patio Padel - Pluit,4242,Court 1,2026-09-22,06:00 - 07:00,188000,Available
1595_4242_07:00,1595,El Patio Padel - Pluit,4242,Court 1,2026-09-22,07:00 - 08:00,188000,Available
1595_4242_08:00,1595,El Patio Padel - Pluit,4242,Court 1,2026-09-22,08:00 - 09:00,188000,Booked
1595_4243_06:00,1595,El Patio Padel - Pluit,4243,Court 2,2026-09-22,06:00 - 07:00,188000,Available
1595_4243_07:00,1595,El Patio Padel - Pluit,4243,Court 2,2026-09-22,07:00 - 08:00,188000,Available
1595_4243_08:00,1595,El Patio Padel - Pluit,4243,Court 2,2026-09-22,08:00 - 09:00,188000,Booked
1595_3284_06:00,1595,El Patio Padel - Pluit,3284,Court 3,2026-09-22,06:00 - 07:00,188000,Available
1595_3284_07:00,1595,El Patio Padel - Pluit,3284,Court 3,2026-09-22,07:00 - 08:00,188000,Available
1595_3284_08:00,1595,El Patio Padel - Pluit,3284,Court 3,2026-09-22,08:00 - 09:00,188000,Booked
1642_3337_06:00,1642,Vibora Padel & Pickleball Club Kelapa Gading,3337,Court 1,2026-09-22,06:00 - 07:00,150000,Available
1642_3337_07:00,1642,Vibora Padel & Pickleball Club Kelapa Gading,3337,Court 1,2026-09-22,07:00 - 08:00,150000,Available
1642_3337_08:00,1642,Vibora Padel & Pickleball Club Kelapa Gading,3337,Court 1,2026-09-22,08:00 - 09:00,200000,Available
1642_4693_06:00,1642,Vibora Padel & Pickleball Club Kelapa Gading,4693,Filano Court 2,2026-09-22,06:00 - 07:00,150000,Available
1642_4693_07:00,1642,Vibora Padel & Pickleball Club Kelapa Gading,4693,Filano Court 2,2026-09-22,07:00 - 08:00,150000,Available
1642_4693_08:00,1642,Vibora Padel & Pickleball Club Kelapa Gading,4693,Filano Court 2,2026-09-22,08:00 - 09:00,200000,Available
1642_4694_06:00,1642,Vibora Padel & Pickleball Club Kelapa Gading,4694,Court 3,2026-09-22,06:00 - 07:00,150000,Available
1642_4694_07:00,1642,Vibora Padel & Pickleball Club Kelapa Gading,4694,Court 3,2026-09-22,07:00 - 08:00,150000,Available
1642_4694_08:00,1642,Vibora Padel & Pickleball Club Kelapa Gading,4694,Court 3,2026-09-22,08:00 - 09:00,200000,Available
1642_4695_06:00,1642,Vibora Padel & Pickleball Club Kelapa Gading,4695,Court 4,2026-09-22,06:00 - 07:00,150000,Available
1642_4695_07:00,1642,Vibora Padel & Pickleball Club Kelapa Gading,4695,Court 4,2026-09-22,07:00 - 08:00,150000,Available
1642_4695_08:00,1642,Vibora Padel & Pickleball Club Kelapa Gading,4695,Court 4,2026-09-22,08:00 - 09:00,200000,Available
1642_4696_06:00,1642,Vibora Padel & Pickleball Club Kelapa Gading,4696,Court5 VIP,2026-09-22,06:00 - 07:00,200000,Available
1642_4696_07:00,1642,Vibora Padel & Pickleball Club Kelapa Gading,4696,Court5 VIP,2026-09-22,07:00 - 08:00,200000,Available
1642_4696_08:00,1642,Vibora Padel & Pickleball Club Kelapa Gading,4696,Court5 VIP,2026-09-22,08:00 - 09:00,250000,Available
1642_4697_06:00,1642,Vibora Padel & Pickleball Club Kelapa Gading,4697,Pickleball Court,2026-09-22,06:00 - 07:00,100000,Available
1642_4697_07:00,1642,Vibora Padel & Pickleball Club Kelapa Gading,4697,Pickleball Court,2026-09-22,07:00 - 08:00,100000,Available
1642_4697_08:00,1642,Vibora Padel & Pickleball Club Kelapa Gading,4697,Pickleball Court,2026-09-22,08:00 - 09:00,100000,Available
2765_6232_07:00,2765,Fivestar Signature Club,6232,Court 1,2026-09-22,07:00 - 08:00,75000,Available
2765_6232_08:00,2765,Fivestar Signature Club,6232,Court 1,2026-09-22,08:00 - 09:00,75000,Booked
2765_6289_07:00,2765,Fivestar Signature Club,6289,Court UniversalBPR,2026-09-22,07:00 - 08:00,75000,Available
2765_6289_08:00,2765,Fivestar Signature Club,6289,Court UniversalBPR,2026-09-22,08:00 - 09:00,75000,Booked
2765_6290_07:00,2765,Fivestar Signature Club,6290,Court 3,2026-09-22,07:00 - 08:00,75000,Available
2765_6290_08:00,2765,Fivestar Signature Club,6290,Court 3,2026-09-22,08:00 - 09:00,75000,Booked
2765_6291_07:00,2765,Fivestar Signature Club,6291,Court Haier,2026-09-22,07:00 - 08:00,75000,Available
2765_6291_08:00,2765,Fivestar Signature Club,6291,Court Haier,2026-09-22,08:00 - 09:00,75000,Booked
2765_11352_07:00,2765,Fivestar Signature Club,11352,Court VIP,2026-09-22,07:00 - 08:00,500000,Available
2765_11352_08:00,2765,Fivestar Signature Club,11352,Court VIP,2026-09-22,08:00 - 09:00,500000,Available
2765_12385_07:00,2765,Fivestar Signature Club,12385,Mahjong 1,2026-09-22,07:00 - 08:00,100000,Available
2765_12385_08:00,2765,Fivestar Signature Club,12385,Mahjong 1,2026-09-22,08:00 - 09:00,100000,Available
2765_12427_07:00,2765,Fivestar Signature Club,12427,Mahjong 2,2026-09-22,07:00 - 08:00,100000,Available
2765_12427_08:00,2765,Fivestar Signature Club,12427,Mahjong 2,2026-09-22,08:00 - 09:00,100000,Available
2765_12428_07:00,2765,Fivestar Signature Club,12428,Mahjong 3,2026-09-22,07:00 - 08:00,100000,Available
2765_12428_08:00,2765,Fivestar Signature Club,12428,Mahjong 3,2026-09-22,08:00 - 09:00,100000,Available
2765_12429_07:00,2765,Fivestar Signature Club,12429,Mahjong 4,2026-09-22,07:00 - 08:00,100000,Available
2765_12429_08:00,2765,Fivestar Signature Club,12429,Mahjong 4,2026-09-22,08:00 - 09:00,100000,Available
2765_12430_07:00,2765,Fivestar Signature Club,12430,Mahjong 5,2026-09-22,07:00 - 08:00,100000,Available
2765_12430_08:00,2765,Fivestar Signature Club,12430,Mahjong 5,2026-09-22,08:00 - 09:00,100000,Available
2765_12431_07:00,2765,Fivestar Signature Club,12431,Mahjong 6,2026-09-22,07:00 - 08:00,100000,Available
2765_12431_08:00,2765,Fivestar Signature Club,12431,Mahjong 6,2026-09-22,08:00 - 09:00,100000,Available
4434_11211_06:00,4434,Let's Go Padel Sunter,11211,Court 1,2026-09-22,06:00 - 07:00,150000,Available
4434_11211_07:00,4434,Let's Go Padel Sunter,11211,Court 1,2026-09-22,07:00 - 08:00,150000,Available
4434_11211_08:00,4434,Let's Go Padel Sunter,11211,Court 1,2026-09-22,08:00 - 09:00,150000,Available
4434_11271_06:00,4434,Let's Go Padel Sunter,11271,Court 2,2026-09-22,06:00 - 07:00,150000,Available
4434_11271_07:00,4434,Let's Go Padel Sunter,11271,Court 2,2026-09-22,07:00 - 08:00,150000,Available
4434_11271_08:00,4434,Let's Go Padel Sunter,11271,Court 2,2026-09-22,08:00 - 09:00,150000,Available
4434_11272_06:00,4434,Let's Go Padel Sunter,11272,Court 3,2026-09-22,06:00 - 07:00,150000,Available
4434_11272_07:00,4434,Let's Go Padel Sunter,11272,Court 3,2026-09-22,07:00 - 08:00,150000,Available
4434_11272_08:00,4434,Let's Go Padel Sunter,11272,Court 3,2026-09-22,08:00 - 09:00,150000,Available
4434_11273_06:00,4434,Let's Go Padel Sunter,11273,Court 4,2026-09-22,06:00 - 07:00,150000,Available
4434_11273_07:00,4434,Let's Go Padel Sunter,11273,Court 4,2026-09-22,07:00 - 08:00,150000,Available
4434_11273_08:00,4434,Let's Go Padel Sunter,11273,Court 4,2026-09-22,08:00 - 09:00,150000,Available
4434_11274_06:00,4434,Let's Go Padel Sunter,11274,Court 5,2026-09-22,06:00 - 07:00,150000,Available
4434_11274_07:00,4434,Let's Go Padel Sunter,11274,Court 5,2026-09-22,07:00 - 08:00,150000,Available
4434_11274_08:00,4434,Let's Go Padel Sunter,11274,Court 5,2026-09-22,08:00 - 09:00,150000,Available
4434_11275_06:00,4434,Let's Go Padel Sunter,11275,Court 6,2026-09-22,06:00 - 07:00,150000,Available
4434_11275_07:00,4434,Let's Go Padel Sunter,11275,Court 6,2026-09-22,07:00 - 08:00,150000,Available
4434_11275_08:00,4434,Let's Go Padel Sunter,11275,Court 6,2026-09-22,08:00 - 09:00,150000,Available
2758_6206_06:00,2758,Bandeja Padel Arena,6206,Bandeja Court,2026-09-22,06:00 - 07:00,195000,Available
2758_6206_07:00,2758,Bandeja Padel Arena,6206,Bandeja Court,2026-09-22,07:00 - 08:00,195000,Available
2758_6206_08:00,2758,Bandeja Padel Arena,6206,Bandeja Court,2026-09-22,08:00 - 09:00,195000,Available
2758_6207_06:00,2758,Bandeja Padel Arena,6207,Court 2,2026-09-22,06:00 - 07:00,195000,Available
2758_6207_07:00,2758,Bandeja Padel Arena,6207,Court 2,2026-09-22,07:00 - 08:00,195000,Available
2758_6207_08:00,2758,Bandeja Padel Arena,6207,Court 2,2026-09-22,08:00 - 09:00,195000,Available
2758_6255_06:00,2758,Bandeja Padel Arena,6255,Court 3,2026-09-22,06:00 - 07:00,195000,Available
2758_6255_07:00,2758,Bandeja Padel Arena,6255,Court 3,2026-09-22,07:00 - 08:00,195000,Available
2758_6255_08:00,2758,Bandeja Padel Arena,6255,Court 3,2026-09-22,08:00 - 09:00,195000,Available
2758_6256_06:00,2758,Bandeja Padel Arena,6256,Court 4,2026-09-22,06:00 - 07:00,195000,Available
2758_6256_07:00,2758,Bandeja Padel Arena,6256,Court 4,2026-09-22,07:00 - 08:00,195000,Available
2758_6256_08:00,2758,Bandeja Padel Arena,6256,Court 4,2026-09-22,08:00 - 09:00,195000,Booked
2758_6257_06:00,2758,Bandeja Padel Arena,6257,Court 5,2026-09-22,06:00 - 07:00,195000,Available
2758_6257_07:00,2758,Bandeja Padel Arena,6257,Court 5,2026-09-22,07:00 - 08:00,195000,Available
2758_6257_08:00,2758,Bandeja Padel Arena,6257,Court 5,2026-09-22,08:00 - 09:00,195000,Booked
2758_6258_06:00,2758,Bandeja Padel Arena,6258,Court 6,2026-09-22,06:00 - 07:00,195000,Available
2758_6258_07:00,2758,Bandeja Padel Arena,6258,Court 6,2026-09-22,07:00 - 08:00,195000,Available
2758_6258_08:00,2758,Bandeja Padel Arena,6258,Court 6,2026-09-22,08:00 - 09:00,195000,Booked
1605_3775_06:00,1605,Batavia Sports Club,3775,Court 1,2026-09-22,06:00 - 07:00,175000,Available
1605_3775_07:00,1605,Batavia Sports Club,3775,Court 1,2026-09-22,07:00 - 08:00,175000,Available
1605_3775_08:00,1605,Batavia Sports Club,3775,Court 1,2026-09-22,08:00 - 09:00,175000,Booked
1605_4002_06:00,1605,Batavia Sports Club,4002,Court 2,2026-09-22,06:00 - 07:00,175000,Available
1605_4002_07:00,1605,Batavia Sports Club,4002,Court 2,2026-09-22,07:00 - 08:00,175000,Available
1605_4002_08:00,1605,Batavia Sports Club,4002,Court 2,2026-09-22,08:00 - 09:00,175000,Available
1605_4003_06:00,1605,Batavia Sports Club,4003,Court 3,2026-09-22,06:00 - 07:00,175000,Available
1605_4003_07:00,1605,Batavia Sports Club,4003,Court 3,2026-09-22,07:00 - 08:00,175000,Available
1605_4003_08:00,1605,Batavia Sports Club,4003,Court 3,2026-09-22,08:00 - 09:00,175000,Available
1605_4004_06:00,1605,Batavia Sports Club,4004,Court 4,2026-09-22,06:00 - 07:00,175000,Available
1605_4004_07:00,1605,Batavia Sports Club,4004,Court 4,2026-09-22,07:00 - 08:00,175000,Available
1605_4004_08:00,1605,Batavia Sports Club,4004,Court 4,2026-09-22,08:00 - 09:00,175000,Available
1605_4005_06:00,1605,Batavia Sports Club,4005,Court 5,2026-09-22,06:00 - 07:00,175000,Available
1605_4005_07:00,1605,Batavia Sports Club,4005,Court 5,2026-09-22,07:00 - 08:00,175000,Available
1605_4005_08:00,1605,Batavia Sports Club,4005,Court 5,2026-09-22,08:00 - 09:00,175000,Available
1605_4006_06:00,1605,Batavia Sports Club,4006,Court 6,2026-09-22,06:00 - 07:00,175000,Available
1605_4006_07:00,1605,Batavia Sports Club,4006,Court 6,2026-09-22,07:00 - 08:00,175000,Available
1605_4006_08:00,1605,Batavia Sports Club,4006,Court 6,2026-09-22,08:00 - 09:00,175000,Available
1605_4007_06:00,1605,Batavia Sports Club,4007,Tennis Court 1,2026-09-22,06:00 - 07:00,275000,Available
1605_4007_07:00,1605,Batavia Sports Club,4007,Tennis Court 1,2026-09-22,07:00 - 08:00,275000,Available
1605_4007_08:00,1605,Batavia Sports Club,4007,Tennis Court 1,2026-09-22,08:00 - 09:00,275000,Available
1605_4008_06:00,1605,Batavia Sports Club,4008,Tennis Court 2,2026-09-22,06:00 - 07:00,275000,Available
1605_4008_07:00,1605,Batavia Sports Club,4008,Tennis Court 2,2026-09-22,07:00 - 08:00,275000,Available
1605_4008_08:00,1605,Batavia Sports Club,4008,Tennis Court 2,2026-09-22,08:00 - 09:00,275000,Available
2124_4392_06:00,2124,MSC Padel Sunter,4392,Lapangan 1,2026-09-22,06:00 - 07:00,90000,Available
2124_4392_07:00,2124,MSC Padel Sunter,4392,Lapangan 1,2026-09-22,07:00 - 08:00,90000,Available
2124_4392_08:00,2124,MSC Padel Sunter,4392,Lapangan 1,2026-09-22,08:00 - 09:00,90000,Available
2124_4435_06:00,2124,MSC Padel Sunter,4435,Lapangan 2,2026-09-22,06:00 - 07:00,90000,Available
2124_4435_07:00,2124,MSC Padel Sunter,4435,Lapangan 2,2026-09-22,07:00 - 08:00,90000,Available
2124_4435_08:00,2124,MSC Padel Sunter,4435,Lapangan 2,2026-09-22,08:00 - 09:00,90000,Available
1407_2701_06:00,1407,Master Padel - Sunter,2701,Tolak Linu Court,2026-09-22,06:00 - 07:00,175000,Available
1407_2701_07:00,1407,Master Padel - Sunter,2701,Tolak Linu Court,2026-09-22,07:00 - 08:00,175000,Available
1407_2701_08:00,1407,Master Padel - Sunter,2701,Tolak Linu Court,2026-09-22,08:00 - 09:00,275000,Available
1407_3687_06:00,1407,Master Padel - Sunter,3687,Court 2,2026-09-22,06:00 - 07:00,175000,Available
1407_3687_07:00,1407,Master Padel - Sunter,3687,Court 2,2026-09-22,07:00 - 08:00,175000,Available
1407_3687_08:00,1407,Master Padel - Sunter,3687,Court 2,2026-09-22,08:00 - 09:00,275000,Available
1407_3688_06:00,1407,Master Padel - Sunter,3688,Court 3,2026-09-22,06:00 - 07:00,175000,Available
1407_3688_07:00,1407,Master Padel - Sunter,3688,Court 3,2026-09-22,07:00 - 08:00,175000,Available
1407_3688_08:00,1407,Master Padel - Sunter,3688,Court 3,2026-09-22,08:00 - 09:00,275000,Available
1407_3689_06:00,1407,Master Padel - Sunter,3689,C+ Collagen Court,2026-09-22,06:00 - 07:00,175000,Available
1407_3689_07:00,1407,Master Padel - Sunter,3689,C+ Collagen Court,2026-09-22,07:00 - 08:00,175000,Available
1407_3689_08:00,1407,Master Padel - Sunter,3689,C+ Collagen Court,2026-09-22,08:00 - 09:00,275000,Available
1407_3690_06:00,1407,Master Padel - Sunter,3690,BRImo Court,2026-09-22,06:00 - 07:00,175000,Available
1407_3690_07:00,1407,Master Padel - Sunter,3690,BRImo Court,2026-09-22,07:00 - 08:00,175000,Available
1407_3690_08:00,1407,Master Padel - Sunter,3690,BRImo Court,2026-09-22,08:00 - 09:00,275000,Available
1407_3691_06:00,1407,Master Padel - Sunter,3691,Court 6,2026-09-22,06:00 - 07:00,175000,Available
1407_3691_07:00,1407,Master Padel - Sunter,3691,Court 6,2026-09-22,07:00 - 08:00,175000,Available
1407_3691_08:00,1407,Master Padel - Sunter,3691,Court 6,2026-09-22,08:00 - 09:00,275000,Available
1407_3692_06:00,1407,Master Padel - Sunter,3692,My Bca Court,2026-09-22,06:00 - 07:00,175000,Available
1407_3692_07:00,1407,Master Padel - Sunter,3692,My Bca Court,2026-09-22,07:00 - 08:00,175000,Available
1407_3692_08:00,1407,Master Padel - Sunter,3692,My Bca Court,2026-09-22,08:00 - 09:00,275000,Available
1407_3693_06:00,1407,Master Padel - Sunter,3693,Colonel's Court,2026-09-22,06:00 - 07:00,175000,Available
1407_3693_07:00,1407,Master Padel - Sunter,3693,Colonel's Court,2026-09-22,07:00 - 08:00,175000,Available
1407_3693_08:00,1407,Master Padel - Sunter,3693,Colonel's Court,2026-09-22,08:00 - 09:00,275000,Available
2228_4641_07:00,2228,Garuda Padel Club,4641,Padel Court A,2026-09-22,07:00 - 08:00,195000,Available
2228_4641_08:00,2228,Garuda Padel Club,4641,Padel Court A,2026-09-22,08:00 - 09:00,195000,Available
2228_5840_07:00,2228,Garuda Padel Club,5840,Padel Court B,2026-09-22,07:00 - 08:00,195000,Available
2228_5840_08:00,2228,Garuda Padel Club,5840,Padel Court B,2026-09-22,08:00 - 09:00,195000,Available
2228_5842_07:00,2228,Garuda Padel Club,5842,Padel Court C,2026-09-22,07:00 - 08:00,195000,Available
2228_5842_08:00,2228,Garuda Padel Club,5842,Padel Court C,2026-09-22,08:00 - 09:00,195000,Available
2228_5843_07:00,2228,Garuda Padel Club,5843,Padel Court D,2026-09-22,07:00 - 08:00,195000,Available
2228_5843_08:00,2228,Garuda Padel Club,5843,Padel Court D,2026-09-22,08:00 - 09:00,195000,Available
2047_4276_06:00,2047,VIP Padel MK,4276,Court 1,2026-09-22,06:00 - 07:00,99000,Available
2047_4276_07:00,2047,VIP Padel MK,4276,Court 1,2026-09-22,07:00 - 08:00,99000,Available
2047_4276_08:00,2047,VIP Padel MK,4276,Court 1,2026-09-22,08:00 - 09:00,200000,Available
3109_7319_06:00,3109,The Club House Padel - Pantai Mutiara Pluit,7319,Royal Padel Court,2026-09-22,06:00 - 07:00,188000,Available
3109_7319_07:00,3109,The Club House Padel - Pantai Mutiara Pluit,7319,Royal Padel Court,2026-09-22,07:00 - 08:00,188000,Booked
3109_7319_08:00,3109,The Club House Padel - Pantai Mutiara Pluit,7319,Royal Padel Court,2026-09-22,08:00 - 09:00,188000,Available
3109_7320_06:00,3109,The Club House Padel - Pantai Mutiara Pluit,7320,Club House Court,2026-09-22,06:00 - 07:00,188000,Available
3109_7320_07:00,3109,The Club House Padel - Pantai Mutiara Pluit,7320,Club House Court,2026-09-22,07:00 - 08:00,188000,Available
3109_7320_08:00,3109,The Club House Padel - Pantai Mutiara Pluit,7320,Club House Court,2026-09-22,08:00 - 09:00,188000,Available
1594_3993_06:00,1594,The 40/0 Club,3993,Court 1,2026-09-22,06:00 - 07:00,200000,Available
1594_3993_07:00,1594,The 40/0 Club,3993,Court 1,2026-09-22,07:00 - 08:00,200000,Available
1594_3993_08:00,1594,The 40/0 Club,3993,Court 1,2026-09-22,08:00 - 09:00,200000,Available
1594_3994_06:00,1594,The 40/0 Club,3994,Court 2,2026-09-22,06:00 - 07:00,200000,Available
1594_3994_07:00,1594,The 40/0 Club,3994,Court 2,2026-09-22,07:00 - 08:00,200000,Available
1594_3994_08:00,1594,The 40/0 Club,3994,Court 2,2026-09-22,08:00 - 09:00,200000,Available
1594_3995_06:00,1594,The 40/0 Club,3995,Court 3,2026-09-22,06:00 - 07:00,200000,Available
1594_3995_07:00,1594,The 40/0 Club,3995,Court 3,2026-09-22,07:00 - 08:00,200000,Available
1594_3995_08:00,1594,The 40/0 Club,3995,Court 3,2026-09-22,08:00 - 09:00,200000,Available
2690_5974_06:00,2690,Padel Commons,5974,Court 1,2026-09-22,06:00 - 07:00,125000,Available
2690_5974_07:00,2690,Padel Commons,5974,Court 1,2026-09-22,07:00 - 08:00,125000,Available
2690_5974_08:00,2690,Padel Commons,5974,Court 1,2026-09-22,08:00 - 09:00,175000,Available
2690_9705_06:00,2690,Padel Commons,9705,Court 2,2026-09-22,06:00 - 07:00,125000,Available
2690_9705_07:00,2690,Padel Commons,9705,Court 2,2026-09-22,07:00 - 08:00,125000,Available
2690_9705_08:00,2690,Padel Commons,9705,Court 2,2026-09-22,08:00 - 09:00,175000,Available
2690_9706_06:00,2690,Padel Commons,9706,Court 3,2026-09-22,06:00 - 07:00,125000,Available
2690_9706_07:00,2690,Padel Commons,9706,Court 3,2026-09-22,07:00 - 08:00,125000,Available
2690_9706_08:00,2690,Padel Commons,9706,Court 3,2026-09-22,08:00 - 09:00,175000,Available
2690_9707_06:00,2690,Padel Commons,9707,Court 4,2026-09-22,06:00 - 07:00,125000,Available
2690_9707_07:00,2690,Padel Commons,9707,Court 4,2026-09-22,07:00 - 08:00,125000,Available
2690_9707_08:00,2690,Padel Commons,9707,Court 4,2026-09-22,08:00 - 09:00,175000,Available
2927_7353_06:00,2927,Happy Padel Place,7353,Court 1,2026-09-22,06:00 - 07:00,199000,Available
2927_7353_07:00,2927,Happy Padel Place,7353,Court 1,2026-09-22,07:00 - 08:00,199000,Available
2927_7353_08:00,2927,Happy Padel Place,7353,Court 1,2026-09-22,08:00 - 09:00,199000,Available
2927_9028_06:00,2927,Happy Padel Place,9028,Court 2,2026-09-22,06:00 - 07:00,199000,Available
2927_9028_07:00,2927,Happy Padel Place,9028,Court 2,2026-09-22,07:00 - 08:00,199000,Available
2927_9028_08:00,2927,Happy Padel Place,9028,Court 2,2026-09-22,08:00 - 09:00,199000,Available
2927_9549_06:00,2927,Happy Padel Place,9549,Court 3,2026-09-22,06:00 - 07:00,199000,Available
2927_9549_07:00,2927,Happy Padel Place,9549,Court 3,2026-09-22,07:00 - 08:00,199000,Available
2927_9549_08:00,2927,Happy Padel Place,9549,Court 3,2026-09-22,08:00 - 09:00,199000,Available
2927_9550_06:00,2927,Happy Padel Place,9550,Court 4,2026-09-22,06:00 - 07:00,199000,Available
2927_9550_07:00,2927,Happy Padel Place,9550,Court 4,2026-09-22,07:00 - 08:00,199000,Available
2927_9550_08:00,2927,Happy Padel Place,9550,Court 4,2026-09-22,08:00 - 09:00,199000,Available
2927_9551_06:00,2927,Happy Padel Place,9551,Court 5,2026-09-22,06:00 - 07:00,199000,Available
2927_9551_07:00,2927,Happy Padel Place,9551,Court 5,2026-09-22,07:00 - 08:00,199000,Available
2927_9551_08:00,2927,Happy Padel Place,9551,Court 5,2026-09-22,08:00 - 09:00,199000,Available
2927_9552_06:00,2927,Happy Padel Place,9552,Court 6,2026-09-22,06:00 - 07:00,199000,Available
2927_9552_07:00,2927,Happy Padel Place,9552,Court 6,2026-09-22,07:00 - 08:00,199000,Available
2927_9552_08:00,2927,Happy Padel Place,9552,Court 6,2026-09-22,08:00 - 09:00,199000,Available
1672_3540_06:00,1672,Atlantic Padel Indonesia,3540,COURT 1 PINK,2026-09-22,06:00 - 07:00,99000,Available
1672_3540_07:00,1672,Atlantic Padel Indonesia,3540,COURT 1 PINK,2026-09-22,07:00 - 08:00,99000,Available
1672_3540_08:00,1672,Atlantic Padel Indonesia,3540,COURT 1 PINK,2026-09-22,08:00 - 09:00,99000,Available
1672_3541_06:00,1672,Atlantic Padel Indonesia,3541,COURT 2 TERRA,2026-09-22,06:00 - 07:00,99000,Available
1672_3541_07:00,1672,Atlantic Padel Indonesia,3541,COURT 2 TERRA,2026-09-22,07:00 - 08:00,99000,Available
1672_3541_08:00,1672,Atlantic Padel Indonesia,3541,COURT 2 TERRA,2026-09-22,08:00 - 09:00,99000,Available
1672_3542_06:00,1672,Atlantic Padel Indonesia,3542,COURT 3 BLUE,2026-09-22,06:00 - 07:00,99000,Available
1672_3542_07:00,1672,Atlantic Padel Indonesia,3542,COURT 3 BLUE,2026-09-22,07:00 - 08:00,99000,Available
1672_3542_08:00,1672,Atlantic Padel Indonesia,3542,COURT 3 BLUE,2026-09-22,08:00 - 09:00,99000,Available
1672_3543_06:00,1672,Atlantic Padel Indonesia,3543,COURT 4 GREEN,2026-09-22,06:00 - 07:00,99000,Available
1672_3543_07:00,1672,Atlantic Padel Indonesia,3543,COURT 4 GREEN,2026-09-22,07:00 - 08:00,99000,Available
1672_3543_08:00,1672,Atlantic Padel Indonesia,3543,COURT 4 GREEN,2026-09-22,08:00 - 09:00,99000,Available
2224_4643_06:00,2224,Heliix Padel,4643,Court 1,2026-09-22,06:00 - 08:00,250000,Available
2224_4643_08:00,2224,Heliix Padel,4643,Court 1,2026-09-22,08:00 - 09:00,150000,Available
2224_5676_06:00,2224,Heliix Padel,5676,Court 2,2026-09-22,06:00 - 08:00,250000,Available
2224_5676_08:00,2224,Heliix Padel,5676,Court 2,2026-09-22,08:00 - 09:00,150000,Booked
2224_5677_06:00,2224,Heliix Padel,5677,Court 3,2026-09-22,06:00 - 08:00,250000,Available
2224_5677_08:00,2224,Heliix Padel,5677,Court 3,2026-09-22,08:00 - 09:00,150000,Available
2224_5679_06:00,2224,Heliix Padel,5679,Court 4,2026-09-22,06:00 - 08:00,250000,Available
2224_5679_08:00,2224,Heliix Padel,5679,Court 4,2026-09-22,08:00 - 09:00,150000,Available
2224_5680_06:00,2224,Heliix Padel,5680,Court 5,2026-09-22,06:00 - 08:00,250000,Available
2224_5680_08:00,2224,Heliix Padel,5680,Court 5,2026-09-22,08:00 - 09:00,150000,Available
2224_5681_06:00,2224,Heliix Padel,5681,Court 6,2026-09-22,06:00 - 08:00,250000,Available
2224_5681_08:00,2224,Heliix Padel,5681,Court 6,2026-09-22,08:00 - 09:00,150000,Available
4287_10628_06:00,4287,Foreground  Racquet Simulator - Sunter,10628,Laver Court - Padel,2026-09-22,06:00 - 07:00,275000,Available
4287_10628_07:00,4287,Foreground  Racquet Simulator - Sunter,10628,Laver Court - Padel,2026-09-22,07:00 - 08:00,275000,Available
4287_10628_08:00,4287,Foreground  Racquet Simulator - Sunter,10628,Laver Court - Padel,2026-09-22,08:00 - 09:00,275000,Available
4287_10629_06:00,4287,Foreground  Racquet Simulator - Sunter,10629,Laver Court - Tennis,2026-09-22,06:00 - 07:00,275000,Available
4287_10629_07:00,4287,Foreground  Racquet Simulator - Sunter,10629,Laver Court - Tennis,2026-09-22,07:00 - 08:00,275000,Available
4287_10629_08:00,4287,Foreground  Racquet Simulator - Sunter,10629,Laver Court - Tennis,2026-09-22,08:00 - 09:00,275000,Available
4287_10630_06:00,4287,Foreground  Racquet Simulator - Sunter,10630,Agassi Court - Padel,2026-09-22,06:00 - 07:00,275000,Available
4287_10630_07:00,4287,Foreground  Racquet Simulator - Sunter,10630,Agassi Court - Padel,2026-09-22,07:00 - 08:00,275000,Available
4287_10630_08:00,4287,Foreground  Racquet Simulator - Sunter,10630,Agassi Court - Padel,2026-09-22,08:00 - 09:00,275000,Available
4287_10631_06:00,4287,Foreground  Racquet Simulator - Sunter,10631,Agassi Court - Tennis,2026-09-22,06:00 - 07:00,275000,Available
4287_10631_07:00,4287,Foreground  Racquet Simulator - Sunter,10631,Agassi Court - Tennis,2026-09-22,07:00 - 08:00,275000,Available
4287_10631_08:00,4287,Foreground  Racquet Simulator - Sunter,10631,Agassi Court - Tennis,2026-09-22,08:00 - 09:00,275000,Available
4287_10632_06:00,4287,Foreground  Racquet Simulator - Sunter,10632,Djokovic Court - Padel,2026-09-22,06:00 - 07:00,275000,Available
4287_10632_07:00,4287,Foreground  Racquet Simulator - Sunter,10632,Djokovic Court - Padel,2026-09-22,07:00 - 08:00,275000,Available
4287_10632_08:00,4287,Foreground  Racquet Simulator - Sunter,10632,Djokovic Court - Padel,2026-09-22,08:00 - 09:00,275000,Booked
4287_10633_06:00,4287,Foreground  Racquet Simulator - Sunter,10633,Djokovic Court - Tennis,2026-09-22,06:00 - 07:00,275000,Available
4287_10633_07:00,4287,Foreground  Racquet Simulator - Sunter,10633,Djokovic Court - Tennis,2026-09-22,07:00 - 08:00,275000,Available
4287_10633_08:00,4287,Foreground  Racquet Simulator - Sunter,10633,Djokovic Court - Tennis,2026-09-22,08:00 - 09:00,275000,Booked
4010_9884_06:00,4010,YOLO Sports & Lifestyle Pluit,9884,Court 1,2026-09-22,06:00 - 07:00,350000,Available
4010_9884_07:00,4010,YOLO Sports & Lifestyle Pluit,9884,Court 1,2026-09-22,07:00 - 08:00,350000,Available
4010_9884_08:00,4010,YOLO Sports & Lifestyle Pluit,9884,Court 1,2026-09-22,08:00 - 09:00,350000,Available
4010_9885_06:00,4010,YOLO Sports & Lifestyle Pluit,9885,Court 2,2026-09-22,06:00 - 07:00,350000,Booked
4010_9885_07:00,4010,YOLO Sports & Lifestyle Pluit,9885,Court 2,2026-09-22,07:00 - 08:00,350000,Booked
4010_9885_08:00,4010,YOLO Sports & Lifestyle Pluit,9885,Court 2,2026-09-22,08:00 - 09:00,350000,Booked
4010_9886_06:00,4010,YOLO Sports & Lifestyle Pluit,9886,Court 3,2026-09-22,06:00 - 07:00,350000,Available
4010_9886_07:00,4010,YOLO Sports & Lifestyle Pluit,9886,Court 3,2026-09-22,07:00 - 08:00,350000,Available
4010_9886_08:00,4010,YOLO Sports & Lifestyle Pluit,9886,Court 3,2026-09-22,08:00 - 09:00,350000,Available
4010_9887_06:00,4010,YOLO Sports & Lifestyle Pluit,9887,Court 4,2026-09-22,06:00 - 07:00,350000,Booked
4010_9887_07:00,4010,YOLO Sports & Lifestyle Pluit,9887,Court 4,2026-09-22,07:00 - 08:00,350000,Booked
4010_9887_08:00,4010,YOLO Sports & Lifestyle Pluit,9887,Court 4,2026-09-22,08:00 - 09:00,350000,Booked
4010_9888_06:00,4010,YOLO Sports & Lifestyle Pluit,9888,Court 5,2026-09-22,06:00 - 07:00,350000,Available
4010_9888_07:00,4010,YOLO Sports & Lifestyle Pluit,9888,Court 5,2026-09-22,07:00 - 08:00,350000,Available
4010_9888_08:00,4010,YOLO Sports & Lifestyle Pluit,9888,Court 5,2026-09-22,08:00 - 09:00,350000,Available
4010_9889_06:00,4010,YOLO Sports & Lifestyle Pluit,9889,Court 6,2026-09-22,06:00 - 07:00,350000,Available
4010_9889_07:00,4010,YOLO Sports & Lifestyle Pluit,9889,Court 6,2026-09-22,07:00 - 08:00,350000,Available
4010_9889_08:00,4010,YOLO Sports & Lifestyle Pluit,9889,Court 6,2026-09-22,08:00 - 09:00,350000,Available
4010_10159_06:00,4010,YOLO Sports & Lifestyle Pluit,10159,VIP Court,2026-09-22,06:00 - 07:00,700000,Available
4010_10159_07:00,4010,YOLO Sports & Lifestyle Pluit,10159,VIP Court,2026-09-22,07:00 - 08:00,700000,Available
4010_10159_08:00,4010,YOLO Sports & Lifestyle Pluit,10159,VIP Court,2026-09-22,08:00 - 09:00,700000,Available
4010_10160_06:00,4010,YOLO Sports & Lifestyle Pluit,10160,Court 1 - Tennis,2026-09-22,06:00 - 07:00,500000,Booked
4010_10160_07:00,4010,YOLO Sports & Lifestyle Pluit,10160,Court 1 - Tennis,2026-09-22,07:00 - 08:00,500000,Available
4010_10160_08:00,4010,YOLO Sports & Lifestyle Pluit,10160,Court 1 - Tennis,2026-09-22,08:00 - 09:00,500000,Available
4010_10161_06:00,4010,YOLO Sports & Lifestyle Pluit,10161,Court 2 - Tennis,2026-09-22,06:00 - 07:00,500000,Available
4010_10161_07:00,4010,YOLO Sports & Lifestyle Pluit,10161,Court 2 - Tennis,2026-09-22,07:00 - 08:00,500000,Available
4010_10161_08:00,4010,YOLO Sports & Lifestyle Pluit,10161,Court 2 - Tennis,2026-09-22,08:00 - 09:00,500000,Available
4010_11359_06:00,4010,YOLO Sports & Lifestyle Pluit,11359,MAHJONG 1,2026-09-22,06:00 - 07:00,150000,Available
4010_11359_07:00,4010,YOLO Sports & Lifestyle Pluit,11359,MAHJONG 1,2026-09-22,07:00 - 08:00,150000,Available
4010_11359_08:00,4010,YOLO Sports & Lifestyle Pluit,11359,MAHJONG 1,2026-09-22,08:00 - 09:00,150000,Booked
4010_11360_06:00,4010,YOLO Sports & Lifestyle Pluit,11360,MAHJONG 2,2026-09-22,06:00 - 08:00,250000,Available
4010_11360_08:00,4010,YOLO Sports & Lifestyle Pluit,11360,MAHJONG 2,2026-09-22,08:00 - 10:00,250000,Booked
4010_11361_06:00,4010,YOLO Sports & Lifestyle Pluit,11361,MAHJONG 3,2026-09-22,06:00 - 09:00,400000,Available
1657_3362_06:00,1657,Mega Padel,3362,Court A,2026-09-22,06:00 - 07:00,150000,Available
1657_3362_07:00,1657,Mega Padel,3362,Court A,2026-09-22,07:00 - 08:00,150000,Available
1657_3362_08:00,1657,Mega Padel,3362,Court A,2026-09-22,08:00 - 09:00,150000,Available
1657_4759_06:00,1657,Mega Padel,4759,Court B,2026-09-22,06:00 - 07:00,150000,Available
1657_4759_07:00,1657,Mega Padel,4759,Court B,2026-09-22,07:00 - 08:00,150000,Available
1657_4759_08:00,1657,Mega Padel,4759,Court B,2026-09-22,08:00 - 09:00,150000,Available
1657_4760_06:00,1657,Mega Padel,4760,Court C,2026-09-22,06:00 - 07:00,150000,Available
1657_4760_07:00,1657,Mega Padel,4760,Court C,2026-09-22,07:00 - 08:00,150000,Available
1657_4760_08:00,1657,Mega Padel,4760,Court C,2026-09-22,08:00 - 09:00,150000,Available
1657_4761_06:00,1657,Mega Padel,4761,Court D,2026-09-22,06:00 - 07:00,150000,Available
1657_4761_07:00,1657,Mega Padel,4761,Court D,2026-09-22,07:00 - 08:00,150000,Available
1657_4761_08:00,1657,Mega Padel,4761,Court D,2026-09-22,08:00 - 09:00,150000,Available
1657_4762_06:00,1657,Mega Padel,4762,Court E,2026-09-22,06:00 - 07:00,150000,Available
1657_4762_07:00,1657,Mega Padel,4762,Court E,2026-09-22,07:00 - 08:00,150000,Available
1657_4762_08:00,1657,Mega Padel,4762,Court E,2026-09-22,08:00 - 09:00,150000,Available
3510_9473_06:00,3510,Padel Guru JIS,9473,Court A,2026-09-22,06:00 - 08:00,300000,Available
3510_9473_08:00,3510,Padel Guru JIS,9473,Court A,2026-09-22,08:00 - 10:00,300000,Available
3510_9594_06:00,3510,Padel Guru JIS,9594,Court B,2026-09-22,06:00 - 08:00,300000,Available
3510_9594_08:00,3510,Padel Guru JIS,9594,Court B,2026-09-22,08:00 - 10:00,300000,Available
3510_9595_06:00,3510,Padel Guru JIS,9595,Court C,2026-09-22,06:00 - 08:00,300000,Available
3510_9595_08:00,3510,Padel Guru JIS,9595,Court C,2026-09-22,08:00 - 10:00,300000,Available
3510_9596_06:00,3510,Padel Guru JIS,9596,Court D,2026-09-22,06:00 - 08:00,300000,Available
3510_9596_08:00,3510,Padel Guru JIS,9596,Court D,2026-09-22,08:00 - 10:00,300000,Available
1246_2254_06:00,1246,Gaskan Pendekar Arena,2254,Padel 1,2026-09-22,06:00 - 07:00,150000,Available
1246_2254_07:00,1246,Gaskan Pendekar Arena,2254,Padel 1,2026-09-22,07:00 - 08:00,150000,Available
1246_2254_08:00,1246,Gaskan Pendekar Arena,2254,Padel 1,2026-09-22,08:00 - 09:00,150000,Available
1246_2512_06:00,1246,Gaskan Pendekar Arena,2512,Padel 2,2026-09-22,06:00 - 07:00,150000,Available
1246_2512_07:00,1246,Gaskan Pendekar Arena,2512,Padel 2,2026-09-22,07:00 - 08:00,150000,Available
1246_2512_08:00,1246,Gaskan Pendekar Arena,2512,Padel 2,2026-09-22,08:00 - 09:00,150000,Available
1246_2253_06:00,1246,Gaskan Pendekar Arena,2253,Minisoccer,2026-09-22,06:00 - 07:00,350000,Available
1246_2253_07:00,1246,Gaskan Pendekar Arena,2253,Minisoccer,2026-09-22,07:00 - 08:00,350000,Available
1246_2253_08:00,1246,Gaskan Pendekar Arena,2253,Minisoccer,2026-09-22,08:00 - 09:00,350000,Available
1246_12290_06:00,1246,Gaskan Pendekar Arena,12290,Mahjong 1,2026-09-22,06:00 - 07:00,80000,Available
1246_12290_07:00,1246,Gaskan Pendekar Arena,12290,Mahjong 1,2026-09-22,07:00 - 08:00,80000,Available
1246_12290_08:00,1246,Gaskan Pendekar Arena,12290,Mahjong 1,2026-09-22,08:00 - 09:00,80000,Available
1246_12291_06:00,1246,Gaskan Pendekar Arena,12291,Mahjong 2,2026-09-22,06:00 - 07:00,80000,Available
1246_12291_07:00,1246,Gaskan Pendekar Arena,12291,Mahjong 2,2026-09-22,07:00 - 08:00,80000,Available
1246_12291_08:00,1246,Gaskan Pendekar Arena,12291,Mahjong 2,2026-09-22,08:00 - 09:00,80000,Available
3338_8107_07:00,3338,Nord Social Club,8107,Court 1A,2026-09-22,07:00 - 09:00,599000,Available
3338_8108_07:00,3338,Nord Social Club,8108,Court 2A,2026-09-22,07:00 - 09:00,599000,Available
3338_8109_07:00,3338,Nord Social Club,8109,INDOMOBIL Court 3A,2026-09-22,07:00 - 09:00,599000,Available
3338_8113_07:00,3338,Nord Social Club,8113,Court Tribune A,2026-09-22,07:00 - 09:00,599000,Available
3338_8110_07:00,3338,Nord Social Club,8110,Court 1B,2026-09-22,07:00 - 09:00,599000,Available
3338_8111_07:00,3338,Nord Social Club,8111,Court 2B,2026-09-22,07:00 - 09:00,599000,Available
3338_8112_07:00,3338,Nord Social Club,8112,INDOFOOD Court 3B,2026-09-22,07:00 - 09:00,599000,Available
3338_8114_07:00,3338,Nord Social Club,8114,Court Tribune B,2026-09-22,07:00 - 09:00,599000,Available
1305_2410_06:00,1305,The Royale Padel,2410,Padel Court,2026-09-22,06:00 - 07:00,99000,Available
1305_2410_07:00,1305,The Royale Padel,2410,Padel Court,2026-09-22,07:00 - 08:00,99000,Available
1305_2410_08:00,1305,The Royale Padel,2410,Padel Court,2026-09-22,08:00 - 09:00,99000,Available
1305_2411_06:00,1305,The Royale Padel,2411,Pickleball Court,2026-09-22,06:00 - 07:00,69000,Available
1305_2411_07:00,1305,The Royale Padel,2411,Pickleball Court,2026-09-22,07:00 - 08:00,69000,Available
1305_2411_08:00,1305,The Royale Padel,2411,Pickleball Court,2026-09-22,08:00 - 09:00,69000,Available
1305_12123_06:00,1305,The Royale Padel,12123,Table 1,2026-09-22,06:00 - 07:00,50000,Available
1305_12123_07:00,1305,The Royale Padel,12123,Table 1,2026-09-22,07:00 - 08:00,50000,Available
1305_12123_08:00,1305,The Royale Padel,12123,Table 1,2026-09-22,08:00 - 09:00,50000,Available
1305_12852_06:00,1305,The Royale Padel,12852,Table 2,2026-09-22,06:00 - 07:00,50000,Available
1305_12852_07:00,1305,The Royale Padel,12852,Table 2,2026-09-22,07:00 - 08:00,50000,Available
1305_12852_08:00,1305,The Royale Padel,12852,Table 2,2026-09-22,08:00 - 09:00,50000,Available
1305_2412_06:00,1305,The Royale Padel,2412,Recovery Room,2026-09-22,06:00 - 07:00,69000,Available
1305_2412_07:00,1305,The Royale Padel,2412,Recovery Room,2026-09-22,07:00 - 08:00,69000,Available
1305_2412_08:00,1305,The Royale Padel,2412,Recovery Room,2026-09-22,08:00 - 09:00,69000,Available
2625_5746_07:00,2625,Padel Go Blast,5746,Court 1,2026-09-22,07:00 - 08:00,175000,Available
2625_5746_08:00,2625,Padel Go Blast,5746,Court 1,2026-09-22,08:00 - 09:00,175000,Available
2625_7598_07:00,2625,Padel Go Blast,7598,Court 2,2026-09-22,07:00 - 08:00,175000,Available
2625_7598_08:00,2625,Padel Go Blast,7598,Court 2,2026-09-22,08:00 - 09:00,175000,Available
2625_7829_07:00,2625,Padel Go Blast,7829,Court 3,2026-09-22,07:00 - 08:00,175000,Available
2625_7829_08:00,2625,Padel Go Blast,7829,Court 3,2026-09-22,08:00 - 09:00,175000,Available
2625_7830_07:00,2625,Padel Go Blast,7830,Court 4,2026-09-22,07:00 - 08:00,175000,Available
2625_7830_08:00,2625,Padel Go Blast,7830,Court 4,2026-09-22,08:00 - 09:00,175000,Available
2625_7831_07:00,2625,Padel Go Blast,7831,Court 5,2026-09-22,07:00 - 08:00,175000,Available
2625_7831_08:00,2625,Padel Go Blast,7831,Court 5,2026-09-22,08:00 - 09:00,175000,Available
4086_10257_06:00,4086,Foreground Racquet Simulator - Pluit,10257,The Lawn,2026-09-22,06:00 - 07:00,205000,Available
4086_10257_07:00,4086,Foreground Racquet Simulator - Pluit,10257,The Lawn,2026-09-22,07:00 - 08:00,205000,Available
4086_10257_08:00,4086,Foreground Racquet Simulator - Pluit,10257,The Lawn,2026-09-22,08:00 - 09:00,205000,Available
4086_10260_06:00,4086,Foreground Racquet Simulator - Pluit,10260,The Lawn,2026-09-22,06:00 - 07:00,205000,Available
4086_10260_07:00,4086,Foreground Racquet Simulator - Pluit,10260,The Lawn,2026-09-22,07:00 - 08:00,205000,Available
4086_10260_08:00,4086,Foreground Racquet Simulator - Pluit,10260,The Lawn,2026-09-22,08:00 - 09:00,205000,Available
4086_10258_06:00,4086,Foreground Racquet Simulator - Pluit,10258,Trophy Court,2026-09-22,06:00 - 07:00,205000,Available
4086_10258_07:00,4086,Foreground Racquet Simulator - Pluit,10258,Trophy Court,2026-09-22,07:00 - 08:00,205000,Available
4086_10258_08:00,4086,Foreground Racquet Simulator - Pluit,10258,Trophy Court,2026-09-22,08:00 - 09:00,205000,Available
4086_10261_06:00,4086,Foreground Racquet Simulator - Pluit,10261,Trophy Court,2026-09-22,06:00 - 07:00,205000,Available
4086_10261_07:00,4086,Foreground Racquet Simulator - Pluit,10261,Trophy Court,2026-09-22,07:00 - 08:00,205000,Available
4086_10261_08:00,4086,Foreground Racquet Simulator - Pluit,10261,Trophy Court,2026-09-22,08:00 - 09:00,205000,Available
4086_10259_06:00,4086,Foreground Racquet Simulator - Pluit,10259,Oak Room,2026-09-22,06:00 - 07:00,205000,Available
4086_10259_07:00,4086,Foreground Racquet Simulator - Pluit,10259,Oak Room,2026-09-22,07:00 - 08:00,205000,Available
4086_10259_08:00,4086,Foreground Racquet Simulator - Pluit,10259,Oak Room,2026-09-22,08:00 - 09:00,205000,Available
4086_10262_06:00,4086,Foreground Racquet Simulator - Pluit,10262,Oak Room,2026-09-22,06:00 - 07:00,205000,Available
4086_10262_07:00,4086,Foreground Racquet Simulator - Pluit,10262,Oak Room,2026-09-22,07:00 - 08:00,205000,Available
4086_10262_08:00,4086,Foreground Racquet Simulator - Pluit,10262,Oak Room,2026-09-22,08:00 - 09:00,205000,Available
4675_12166_06:00,4675,Padre Padel Kelapa Gading,12166,Court 1 - Green,2026-09-22,06:00 - 07:00,150000,Available
4675_12166_07:00,4675,Padre Padel Kelapa Gading,12166,Court 1 - Green,2026-09-22,07:00 - 08:00,150000,Available
4675_12166_08:00,4675,Padre Padel Kelapa Gading,12166,Court 1 - Green,2026-09-22,08:00 - 09:00,150000,Available
4675_12167_06:00,4675,Padre Padel Kelapa Gading,12167,Court 2 - Terracotta.,2026-09-22,06:00 - 07:00,150000,Available
4675_12167_07:00,4675,Padre Padel Kelapa Gading,12167,Court 2 - Terracotta.,2026-09-22,07:00 - 08:00,150000,Available
4675_12167_08:00,4675,Padre Padel Kelapa Gading,12167,Court 2 - Terracotta.,2026-09-22,08:00 - 09:00,150000,Booked
4675_12168_06:00,4675,Padre Padel Kelapa Gading,12168,Court 3 - Blue.,2026-09-22,06:00 - 07:00,150000,Available
4675_12168_07:00,4675,Padre Padel Kelapa Gading,12168,Court 3 - Blue.,2026-09-22,07:00 - 08:00,150000,Available
4675_12168_08:00,4675,Padre Padel Kelapa Gading,12168,Court 3 - Blue.,2026-09-22,08:00 - 09:00,150000,Available
4675_12169_06:00,4675,Padre Padel Kelapa Gading,12169,Court 4 - Pink,2026-09-22,06:00 - 07:00,150000,Available
4675_12169_07:00,4675,Padre Padel Kelapa Gading,12169,Court 4 - Pink,2026-09-22,07:00 - 08:00,150000,Available
4675_12169_08:00,4675,Padre Padel Kelapa Gading,12169,Court 4 - Pink,2026-09-22,08:00 - 09:00,150000,Available
4675_12170_06:00,4675,Padre Padel Kelapa Gading,12170,Court 5 - Pink,2026-09-22,06:00 - 07:00,150000,Available
4675_12170_07:00,4675,Padre Padel Kelapa Gading,12170,Court 5 - Pink,2026-09-22,07:00 - 08:00,150000,Available
4675_12170_08:00,4675,Padre Padel Kelapa Gading,12170,Court 5 - Pink,2026-09-22,08:00 - 09:00,150000,Available
4675_12171_06:00,4675,Padre Padel Kelapa Gading,12171,Court 6 - Black.,2026-09-22,06:00 - 07:00,150000,Available
4675_12171_07:00,4675,Padre Padel Kelapa Gading,12171,Court 6 - Black.,2026-09-22,07:00 - 08:00,150000,Available
4675_12171_08:00,4675,Padre Padel Kelapa Gading,12171,Court 6 - Black.,2026-09-22,08:00 - 09:00,150000,Available
4675_12172_06:00,4675,Padre Padel Kelapa Gading,12172,Court 7 - Black,2026-09-22,06:00 - 07:00,150000,Available
4675_12172_07:00,4675,Padre Padel Kelapa Gading,12172,Court 7 - Black,2026-09-22,07:00 - 08:00,150000,Available
4675_12172_08:00,4675,Padre Padel Kelapa Gading,12172,Court 7 - Black,2026-09-22,08:00 - 09:00,150000,Available
4675_12173_06:00,4675,Padre Padel Kelapa Gading,12173,Court 8 - Black,2026-09-22,06:00 - 07:00,150000,Available
4675_12173_07:00,4675,Padre Padel Kelapa Gading,12173,Court 8 - Black,2026-09-22,07:00 - 08:00,150000,Available
4675_12173_08:00,4675,Padre Padel Kelapa Gading,12173,Court 8 - Black,2026-09-22,08:00 - 09:00,150000,Available
1526_3082_08:00,1526,Kinesis Padel,3082,Lapangan 1,2026-09-22,08:00 - 09:00,150000,Available
1526_5127_08:00,1526,Kinesis Padel,5127,Lapangan 2,2026-09-22,08:00 - 09:00,150000,Available
1526_5128_08:00,1526,Kinesis Padel,5128,Lapangan 3,2026-09-22,08:00 - 09:00,150000,Available
1526_5129_08:00,1526,Kinesis Padel,5129,Lapangan 4,2026-09-22,08:00 - 09:00,150000,Available
1651_3357_06:00,1651,Northside Padel Court - Sunter,3357,1°,2026-09-22,06:00 - 07:00,200000,Booked
1651_3357_07:00,1651,Northside Padel Court - Sunter,3357,1°,2026-09-22,07:00 - 08:00,200000,Booked
1651_3357_08:00,1651,Northside Padel Court - Sunter,3357,1°,2026-09-22,08:00 - 09:00,250000,Booked
1651_4198_06:00,1651,Northside Padel Court - Sunter,4198,2°,2026-09-22,06:00 - 07:00,200000,Booked
1651_4198_07:00,1651,Northside Padel Court - Sunter,4198,2°,2026-09-22,07:00 - 08:00,200000,Booked
1651_4198_08:00,1651,Northside Padel Court - Sunter,4198,2°,2026-09-22,08:00 - 09:00,250000,Booked
1651_4199_06:00,1651,Northside Padel Court - Sunter,4199,3°,2026-09-22,06:00 - 07:00,200000,Booked
1651_4199_07:00,1651,Northside Padel Court - Sunter,4199,3°,2026-09-22,07:00 - 08:00,200000,Booked
1651_4199_08:00,1651,Northside Padel Court - Sunter,4199,3°,2026-09-22,08:00 - 09:00,250000,Booked
1651_12254_06:00,1651,Northside Padel Court - Sunter,12254,Mahjong VIP,2026-09-22,06:00 - 07:00,168000,Available
1651_12254_07:00,1651,Northside Padel Court - Sunter,12254,Mahjong VIP,2026-09-22,07:00 - 08:00,168000,Available
1651_12254_08:00,1651,Northside Padel Court - Sunter,12254,Mahjong VIP,2026-09-22,08:00 - 09:00,168000,Available
1651_12250_06:00,1651,Northside Padel Court - Sunter,12250,Mahjong 0°,2026-09-22,06:00 - 07:00,88000,Available
1651_12250_07:00,1651,Northside Padel Court - Sunter,12250,Mahjong 0°,2026-09-22,07:00 - 08:00,88000,Available
1651_12250_08:00,1651,Northside Padel Court - Sunter,12250,Mahjong 0°,2026-09-22,08:00 - 09:00,88000,Available
1651_12251_06:00,1651,Northside Padel Court - Sunter,12251,Mahjong 1°,2026-09-22,06:00 - 07:00,88000,Available
1651_12251_07:00,1651,Northside Padel Court - Sunter,12251,Mahjong 1°,2026-09-22,07:00 - 08:00,88000,Available
1651_12251_08:00,1651,Northside Padel Court - Sunter,12251,Mahjong 1°,2026-09-22,08:00 - 09:00,88000,Available
1651_12252_06:00,1651,Northside Padel Court - Sunter,12252,Mahjong 2°,2026-09-22,06:00 - 07:00,88000,Available
1651_12252_07:00,1651,Northside Padel Court - Sunter,12252,Mahjong 2°,2026-09-22,07:00 - 08:00,88000,Available
1651_12252_08:00,1651,Northside Padel Court - Sunter,12252,Mahjong 2°,2026-09-22,08:00 - 09:00,88000,Available
1651_12253_06:00,1651,Northside Padel Court - Sunter,12253,Mahjong 3°,2026-09-22,06:00 - 07:00,88000,Available
1651_12253_07:00,1651,Northside Padel Court - Sunter,12253,Mahjong 3°,2026-09-22,07:00 - 08:00,88000,Available
1651_12253_08:00,1651,Northside Padel Court - Sunter,12253,Mahjong 3°,2026-09-22,08:00 - 09:00,88000,Available
1637_4425_07:00,1637,The Palm Padel,4425,Court 1,2026-09-22,07:00 - 08:00,200000,Available
1637_4425_08:00,1637,The Palm Padel,4425,Court 1,2026-09-22,08:00 - 09:00,200000,Available
1637_4426_07:00,1637,The Palm Padel,4426,Court 2,2026-09-22,07:00 - 08:00,200000,Available
1637_4426_08:00,1637,The Palm Padel,4426,Court 2,2026-09-22,08:00 - 09:00,200000,Available
1637_3323_07:00,1637,The Palm Padel,3323,Court 3,2026-09-22,07:00 - 08:00,200000,Available
1637_3323_08:00,1637,The Palm Padel,3323,Court 3,2026-09-22,08:00 - 09:00,200000,Available
1637_12003_07:00,1637,The Palm Padel,12003,Mahjong 1,2026-09-22,07:00 - 08:00,75000,Available
1637_12003_08:00,1637,The Palm Padel,12003,Mahjong 1,2026-09-22,08:00 - 09:00,75000,Available
1637_12004_07:00,1637,The Palm Padel,12004,Mahjong 2,2026-09-22,07:00 - 08:00,75000,Available
1637_12004_08:00,1637,The Palm Padel,12004,Mahjong 2,2026-09-22,08:00 - 09:00,75000,Available
1637_12005_07:00,1637,The Palm Padel,12005,Mahjong 3,2026-09-22,07:00 - 08:00,75000,Available
1637_12005_08:00,1637,The Palm Padel,12005,Mahjong 3,2026-09-22,08:00 - 09:00,75000,Available
1737_3558_06:00,1737,Vamos! Padel House - Sunter,3558,Court 1,2026-09-22,06:00 - 07:00,275000,Booked
1737_3558_07:00,1737,Vamos! Padel House - Sunter,3558,Court 1,2026-09-22,07:00 - 08:00,275000,Booked
1737_3558_08:00,1737,Vamos! Padel House - Sunter,3558,Court 1,2026-09-22,08:00 - 09:00,275000,Booked
1737_4645_06:00,1737,Vamos! Padel House - Sunter,4645,Court 2,2026-09-22,06:00 - 07:00,275000,Booked
1737_4645_07:00,1737,Vamos! Padel House - Sunter,4645,Court 2,2026-09-22,07:00 - 08:00,275000,Available
1737_4645_08:00,1737,Vamos! Padel House - Sunter,4645,Court 2,2026-09-22,08:00 - 09:00,275000,Booked
1737_4646_06:00,1737,Vamos! Padel House - Sunter,4646,Court 3,2026-09-22,06:00 - 07:00,275000,Booked
1737_4646_07:00,1737,Vamos! Padel House - Sunter,4646,Court 3,2026-09-22,07:00 - 08:00,275000,Available
1737_4646_08:00,1737,Vamos! Padel House - Sunter,4646,Court 3,2026-09-22,08:00 - 09:00,275000,Booked
1737_4647_06:00,1737,Vamos! Padel House - Sunter,4647,Court 4,2026-09-22,06:00 - 07:00,275000,Booked
1737_4647_07:00,1737,Vamos! Padel House - Sunter,4647,Court 4,2026-09-22,07:00 - 08:00,275000,Available
1737_4647_08:00,1737,Vamos! Padel House - Sunter,4647,Court 4,2026-09-22,08:00 - 09:00,275000,Booked
3372_8236_07:00,3372,Genesis Padel Club,8236,Court 1,2026-09-22,07:00 - 08:00,175000,Available
3372_8236_08:00,3372,Genesis Padel Club,8236,Court 1,2026-09-22,08:00 - 09:00,175000,Available
3372_12806_07:00,3372,Genesis Padel Club,12806,Court 2,2026-09-22,07:00 - 08:00,175000,Available
3372_12806_08:00,3372,Genesis Padel Club,12806,Court 2,2026-09-22,08:00 - 09:00,175000,Available
3372_12807_07:00,3372,Genesis Padel Club,12807,Court 3,2026-09-22,07:00 - 08:00,175000,Available
3372_12807_08:00,3372,Genesis Padel Club,12807,Court 3,2026-09-22,08:00 - 09:00,175000,Available
3372_12808_07:00,3372,Genesis Padel Club,12808,Court A,2026-09-22,07:00 - 08:00,175000,Available
3372_12808_08:00,3372,Genesis Padel Club,12808,Court A,2026-09-22,08:00 - 09:00,175000,Available
3372_12809_07:00,3372,Genesis Padel Club,12809,Court B,2026-09-22,07:00 - 08:00,175000,Available
3372_12809_08:00,3372,Genesis Padel Club,12809,Court B,2026-09-22,08:00 - 09:00,175000,Available
4179_10310_09:00,4179,The Raquette Temple Sunter,10310,Tennis Court,2026-09-22,09:00 - 10:00,380000,Booked
4179_10310_10:00,4179,The Raquette Temple Sunter,10310,Tennis Court,2026-09-22,10:00 - 11:00,380000,Booked
4179_10310_11:00,4179,The Raquette Temple Sunter,10310,Tennis Court,2026-09-22,11:00 - 12:00,380000,Booked
4179_10313_09:00,4179,The Raquette Temple Sunter,10313,Padel Court,2026-09-22,09:00 - 10:00,250000,Booked
4179_10313_10:00,4179,The Raquette Temple Sunter,10313,Padel Court,2026-09-22,10:00 - 11:00,250000,Booked
4179_10313_11:00,4179,The Raquette Temple Sunter,10313,Padel Court,2026-09-22,11:00 - 12:00,250000,Available
3193_7652_09:00,3193,Staple Social Club,7652,STAPLE SOCIAL CLUB,2026-09-22,09:00 - 10:00,175000,Available
3193_7652_10:00,3193,Staple Social Club,7652,STAPLE SOCIAL CLUB,2026-09-22,10:00 - 11:00,175000,Available
3193_7652_11:00,3193,Staple Social Club,7652,STAPLE SOCIAL CLUB,2026-09-22,11:00 - 12:00,175000,Available
3013_11045_09:00,3013,X3 Padel,11045,Court A,2026-09-22,09:00 - 10:00,125000,Booked
3013_11045_10:00,3013,X3 Padel,11045,Court A,2026-09-22,10:00 - 11:00,125000,Booked
3013_11045_11:00,3013,X3 Padel,11045,Court A,2026-09-22,11:00 - 12:00,125000,Available
3013_11046_09:00,3013,X3 Padel,11046,Court B,2026-09-22,09:00 - 10:00,125000,Booked
3013_11046_10:00,3013,X3 Padel,11046,Court B,2026-09-22,10:00 - 11:00,125000,Booked
3013_11046_11:00,3013,X3 Padel,11046,Court B,2026-09-22,11:00 - 12:00,125000,Available
3013_11047_09:00,3013,X3 Padel,11047,Court C,2026-09-22,09:00 - 10:00,125000,Booked
3013_11047_10:00,3013,X3 Padel,11047,Court C,2026-09-22,10:00 - 11:00,125000,Booked
3013_11047_11:00,3013,X3 Padel,11047,Court C,2026-09-22,11:00 - 12:00,125000,Booked
3013_11048_09:00,3013,X3 Padel,11048,Court D,2026-09-22,09:00 - 10:00,125000,Booked
3013_11048_10:00,3013,X3 Padel,11048,Court D,2026-09-22,10:00 - 11:00,125000,Booked
3013_11048_11:00,3013,X3 Padel,11048,Court D,2026-09-22,11:00 - 12:00,125000,Booked
3013_11049_09:00,3013,X3 Padel,11049,Center Court,2026-09-22,09:00 - 10:00,150000,Booked
3013_11049_10:00,3013,X3 Padel,11049,Center Court,2026-09-22,10:00 - 11:00,150000,Booked
3013_11049_11:00,3013,X3 Padel,11049,Center Court,2026-09-22,11:00 - 12:00,150000,Booked
1281_2371_09:00,1281,RacketGo Sunter,2371,Tennis Blue Court,2026-09-22,09:00 - 10:00,225000,Booked
1281_2371_10:00,1281,RacketGo Sunter,2371,Tennis Blue Court,2026-09-22,10:00 - 11:00,225000,Booked
1281_2371_11:00,1281,RacketGo Sunter,2371,Tennis Blue Court,2026-09-22,11:00 - 12:00,225000,Booked
1281_2371_12:00,1281,RacketGo Sunter,2371,Tennis Blue Court,2026-09-22,12:00 - 13:00,225000,Booked
1281_2372_09:00,1281,RacketGo Sunter,2372,Tennis Purple Court,2026-09-22,09:00 - 10:00,225000,Booked
1281_2372_10:00,1281,RacketGo Sunter,2372,Tennis Purple Court,2026-09-22,10:00 - 11:00,225000,Booked
1281_2372_11:00,1281,RacketGo Sunter,2372,Tennis Purple Court,2026-09-22,11:00 - 12:00,225000,Booked
1281_2372_12:00,1281,RacketGo Sunter,2372,Tennis Purple Court,2026-09-22,12:00 - 13:00,225000,Available
1281_2373_09:00,1281,RacketGo Sunter,2373,Tennis Orange Court,2026-09-22,09:00 - 10:00,225000,Booked
1281_2373_10:00,1281,RacketGo Sunter,2373,Tennis Orange Court,2026-09-22,10:00 - 11:00,225000,Booked
1281_2373_11:00,1281,RacketGo Sunter,2373,Tennis Orange Court,2026-09-22,11:00 - 12:00,225000,Booked
1281_2373_12:00,1281,RacketGo Sunter,2373,Tennis Orange Court,2026-09-22,12:00 - 13:00,225000,Booked
1281_2374_09:00,1281,RacketGo Sunter,2374,Yellow Padel,2026-09-22,09:00 - 10:00,225000,Booked
1281_2374_10:00,1281,RacketGo Sunter,2374,Yellow Padel,2026-09-22,10:00 - 11:00,225000,Booked
1281_2374_11:00,1281,RacketGo Sunter,2374,Yellow Padel,2026-09-22,11:00 - 12:00,90000,Available
1281_2374_12:00,1281,RacketGo Sunter,2374,Yellow Padel,2026-09-22,12:00 - 13:00,90000,Available
1281_2375_09:00,1281,RacketGo Sunter,2375,Pink Padel,2026-09-22,09:00 - 10:00,225000,Available
1281_2375_10:00,1281,RacketGo Sunter,2375,Pink Padel,2026-09-22,10:00 - 11:00,225000,Available
1281_2375_11:00,1281,RacketGo Sunter,2375,Pink Padel,2026-09-22,11:00 - 12:00,90000,Available
1281_2375_12:00,1281,RacketGo Sunter,2375,Pink Padel,2026-09-22,12:00 - 13:00,90000,Available
1697_3473_09:00,1697,Urban Racquet Club,3473,Padel A,2026-09-22,09:00 - 10:00,300000,Booked
1697_3473_10:00,1697,Urban Racquet Club,3473,Padel A,2026-09-22,10:00 - 11:00,300000,Booked
1697_3473_11:00,1697,Urban Racquet Club,3473,Padel A,2026-09-22,11:00 - 12:00,200000,Available
1697_3572_09:00,1697,Urban Racquet Club,3572,Padel B,2026-09-22,09:00 - 10:00,300000,Booked
1697_3572_10:00,1697,Urban Racquet Club,3572,Padel B,2026-09-22,10:00 - 11:00,300000,Available
1697_3572_11:00,1697,Urban Racquet Club,3572,Padel B,2026-09-22,11:00 - 12:00,200000,Available
1697_3573_09:00,1697,Urban Racquet Club,3573,Padel C,2026-09-22,09:00 - 10:00,300000,Booked
1697_3573_10:00,1697,Urban Racquet Club,3573,Padel C,2026-09-22,10:00 - 11:00,300000,Booked
1697_3573_11:00,1697,Urban Racquet Club,3573,Padel C,2026-09-22,11:00 - 12:00,200000,Available
1697_3574_09:00,1697,Urban Racquet Club,3574,Padel D,2026-09-22,09:00 - 10:00,300000,Booked
1697_3574_10:00,1697,Urban Racquet Club,3574,Padel D,2026-09-22,10:00 - 11:00,300000,Booked
1697_3574_11:00,1697,Urban Racquet Club,3574,Padel D,2026-09-22,11:00 - 12:00,200000,Booked
1697_3575_09:00,1697,Urban Racquet Club,3575,Padel E,2026-09-22,09:00 - 10:00,300000,Booked
1697_3575_10:00,1697,Urban Racquet Club,3575,Padel E,2026-09-22,10:00 - 11:00,300000,Booked
1697_3575_11:00,1697,Urban Racquet Club,3575,Padel E,2026-09-22,11:00 - 12:00,200000,Available
1697_3576_09:00,1697,Urban Racquet Club,3576,Padel F,2026-09-22,09:00 - 10:00,300000,Booked
1697_3576_10:00,1697,Urban Racquet Club,3576,Padel F,2026-09-22,10:00 - 11:00,300000,Booked
1697_3576_11:00,1697,Urban Racquet Club,3576,Padel F,2026-09-22,11:00 - 12:00,200000,Available
1697_3577_09:00,1697,Urban Racquet Club,3577,Tennis 1,2026-09-22,09:00 - 10:00,300000,Booked
1697_3577_10:00,1697,Urban Racquet Club,3577,Tennis 1,2026-09-22,10:00 - 11:00,300000,Booked
1697_3577_11:00,1697,Urban Racquet Club,3577,Tennis 1,2026-09-22,11:00 - 12:00,300000,Booked
1697_3474_09:00,1697,Urban Racquet Club,3474,Tennis 2,2026-09-22,09:00 - 10:00,300000,Booked
1697_3474_10:00,1697,Urban Racquet Club,3474,Tennis 2,2026-09-22,10:00 - 11:00,300000,Booked
1697_3474_11:00,1697,Urban Racquet Club,3474,Tennis 2,2026-09-22,11:00 - 12:00,300000,Booked
1697_3578_09:00,1697,Urban Racquet Club,3578,Tennis 3,2026-09-22,09:00 - 10:00,300000,Booked
1697_3578_10:00,1697,Urban Racquet Club,3578,Tennis 3,2026-09-22,10:00 - 11:00,300000,Booked
1697_3578_11:00,1697,Urban Racquet Club,3578,Tennis 3,2026-09-22,11:00 - 12:00,300000,Booked
1336_2483_09:00,1336,Olympus Prime Sports Center - Bandengan,2483,Tennis Indoor 1 - Tribune,2026-09-22,09:00 - 10:00,275000,Booked
1336_2483_10:00,1336,Olympus Prime Sports Center - Bandengan,2483,Tennis Indoor 1 - Tribune,2026-09-22,10:00 - 11:00,180000,Booked
1336_2483_11:00,1336,Olympus Prime Sports Center - Bandengan,2483,Tennis Indoor 1 - Tribune,2026-09-22,11:00 - 12:00,180000,Booked
1336_2495_09:00,1336,Olympus Prime Sports Center - Bandengan,2495,Tennis Indoor 2 - Tribune,2026-09-22,09:00 - 10:00,275000,Booked
1336_2495_10:00,1336,Olympus Prime Sports Center - Bandengan,2495,Tennis Indoor 2 - Tribune,2026-09-22,10:00 - 11:00,180000,Booked
1336_2495_11:00,1336,Olympus Prime Sports Center - Bandengan,2495,Tennis Indoor 2 - Tribune,2026-09-22,11:00 - 12:00,180000,Available
1336_2496_09:00,1336,Olympus Prime Sports Center - Bandengan,2496,Tennis Outdoor 3,2026-09-22,09:00 - 10:00,150000,Available
1336_2496_10:00,1336,Olympus Prime Sports Center - Bandengan,2496,Tennis Outdoor 3,2026-09-22,10:00 - 11:00,150000,Available
1336_2496_11:00,1336,Olympus Prime Sports Center - Bandengan,2496,Tennis Outdoor 3,2026-09-22,11:00 - 12:00,150000,Available
1336_2497_09:00,1336,Olympus Prime Sports Center - Bandengan,2497,Tennis Outdoor 4,2026-09-22,09:00 - 10:00,150000,Available
1336_2497_10:00,1336,Olympus Prime Sports Center - Bandengan,2497,Tennis Outdoor 4,2026-09-22,10:00 - 11:00,150000,Available
1336_2497_11:00,1336,Olympus Prime Sports Center - Bandengan,2497,Tennis Outdoor 4,2026-09-22,11:00 - 12:00,150000,Available
1336_2498_09:00,1336,Olympus Prime Sports Center - Bandengan,2498,Tennis Outdoor 5,2026-09-22,09:00 - 10:00,150000,Available
1336_2498_10:00,1336,Olympus Prime Sports Center - Bandengan,2498,Tennis Outdoor 5,2026-09-22,10:00 - 11:00,150000,Available
1336_2498_11:00,1336,Olympus Prime Sports Center - Bandengan,2498,Tennis Outdoor 5,2026-09-22,11:00 - 12:00,150000,Available
1336_2499_09:00,1336,Olympus Prime Sports Center - Bandengan,2499,Tennis Outdoor 6,2026-09-22,09:00 - 10:00,150000,Available
1336_2499_10:00,1336,Olympus Prime Sports Center - Bandengan,2499,Tennis Outdoor 6,2026-09-22,10:00 - 11:00,150000,Available
1336_2499_11:00,1336,Olympus Prime Sports Center - Bandengan,2499,Tennis Outdoor 6,2026-09-22,11:00 - 12:00,150000,Available
1336_2500_09:00,1336,Olympus Prime Sports Center - Bandengan,2500,Padel Indoor White A,2026-09-22,09:00 - 10:00,180000,Available
1336_2500_10:00,1336,Olympus Prime Sports Center - Bandengan,2500,Padel Indoor White A,2026-09-22,10:00 - 11:00,180000,Available
1336_2500_11:00,1336,Olympus Prime Sports Center - Bandengan,2500,Padel Indoor White A,2026-09-22,11:00 - 12:00,180000,Available
1336_2501_09:00,1336,Olympus Prime Sports Center - Bandengan,2501,Padel Indoor White B,2026-09-22,09:00 - 10:00,180000,Available
1336_2501_10:00,1336,Olympus Prime Sports Center - Bandengan,2501,Padel Indoor White B,2026-09-22,10:00 - 11:00,180000,Available
1336_2501_11:00,1336,Olympus Prime Sports Center - Bandengan,2501,Padel Indoor White B,2026-09-22,11:00 - 12:00,180000,Available
1336_2502_09:00,1336,Olympus Prime Sports Center - Bandengan,2502,Padel Indoor Black C,2026-09-22,09:00 - 10:00,180000,Available
1336_2502_10:00,1336,Olympus Prime Sports Center - Bandengan,2502,Padel Indoor Black C,2026-09-22,10:00 - 11:00,180000,Available
1336_2502_11:00,1336,Olympus Prime Sports Center - Bandengan,2502,Padel Indoor Black C,2026-09-22,11:00 - 12:00,180000,Available
1336_2503_09:00,1336,Olympus Prime Sports Center - Bandengan,2503,Padel Indoor Black D,2026-09-22,09:00 - 10:00,180000,Available
1336_2503_10:00,1336,Olympus Prime Sports Center - Bandengan,2503,Padel Indoor Black D,2026-09-22,10:00 - 11:00,180000,Available
1336_2503_11:00,1336,Olympus Prime Sports Center - Bandengan,2503,Padel Indoor Black D,2026-09-22,11:00 - 12:00,180000,Available
1336_2504_09:00,1336,Olympus Prime Sports Center - Bandengan,2504,Pickleball Semi Indoor Court 1,2026-09-22,09:00 - 10:00,150000,Available
1336_2504_10:00,1336,Olympus Prime Sports Center - Bandengan,2504,Pickleball Semi Indoor Court 1,2026-09-22,10:00 - 11:00,150000,Available
1336_2504_11:00,1336,Olympus Prime Sports Center - Bandengan,2504,Pickleball Semi Indoor Court 1,2026-09-22,11:00 - 12:00,150000,Available
1336_2505_09:00,1336,Olympus Prime Sports Center - Bandengan,2505,Pickleball Semi Indoor Court 2,2026-09-22,09:00 - 10:00,150000,Available
1336_2505_10:00,1336,Olympus Prime Sports Center - Bandengan,2505,Pickleball Semi Indoor Court 2,2026-09-22,10:00 - 11:00,150000,Available
1336_2505_11:00,1336,Olympus Prime Sports Center - Bandengan,2505,Pickleball Semi Indoor Court 2,2026-09-22,11:00 - 12:00,150000,Available
1410_2704_09:00,1410,Anfa Arena Padel,2704,Court A,2026-09-22,09:00 - 10:00,175000,Booked
1410_2704_10:00,1410,Anfa Arena Padel,2704,Court A,2026-09-22,10:00 - 11:00,175000,Booked
1410_2704_11:00,1410,Anfa Arena Padel,2704,Court A,2026-09-22,11:00 - 12:00,175000,Available
1410_2705_09:00,1410,Anfa Arena Padel,2705,Court B,2026-09-22,09:00 - 10:00,175000,Booked
1410_2705_10:00,1410,Anfa Arena Padel,2705,Court B,2026-09-22,10:00 - 11:00,175000,Booked
1410_2705_11:00,1410,Anfa Arena Padel,2705,Court B,2026-09-22,11:00 - 12:00,175000,Available
1410_2706_09:00,1410,Anfa Arena Padel,2706,Court C,2026-09-22,09:00 - 10:00,175000,Available
1410_2706_10:00,1410,Anfa Arena Padel,2706,Court C,2026-09-22,10:00 - 11:00,175000,Available
1410_2706_11:00,1410,Anfa Arena Padel,2706,Court C,2026-09-22,11:00 - 12:00,175000,Available
3265_7841_09:00,3265,Pluit Padel Parq (PPP),7841,1 - Teak,2026-09-22,09:00 - 10:00,225000,Booked
3265_7841_10:00,3265,Pluit Padel Parq (PPP),7841,1 - Teak,2026-09-22,10:00 - 11:00,225000,Booked
3265_7841_11:00,3265,Pluit Padel Parq (PPP),7841,1 - Teak,2026-09-22,11:00 - 13:00,425000,Available
3265_8722_09:00,3265,Pluit Padel Parq (PPP),8722,2 - Palm,2026-09-22,09:00 - 10:00,225000,Booked
3265_8722_10:00,3265,Pluit Padel Parq (PPP),8722,2 - Palm,2026-09-22,10:00 - 11:00,225000,Booked
3265_8722_11:00,3265,Pluit Padel Parq (PPP),8722,2 - Palm,2026-09-22,11:00 - 13:00,425000,Available
3265_8723_09:00,3265,Pluit Padel Parq (PPP),8723,3 - Moss,2026-09-22,09:00 - 10:00,225000,Booked
3265_8723_10:00,3265,Pluit Padel Parq (PPP),8723,3 - Moss,2026-09-22,10:00 - 11:00,225000,Booked
3265_8723_11:00,3265,Pluit Padel Parq (PPP),8723,3 - Moss,2026-09-22,11:00 - 13:00,425000,Available
3265_8724_09:00,3265,Pluit Padel Parq (PPP),8724,C - Center,2026-09-22,09:00 - 10:00,225000,Booked
3265_8724_10:00,3265,Pluit Padel Parq (PPP),8724,C - Center,2026-09-22,10:00 - 11:00,225000,Booked
3265_8724_11:00,3265,Pluit Padel Parq (PPP),8724,C - Center,2026-09-22,11:00 - 13:00,425000,Available
3265_8725_09:00,3265,Pluit Padel Parq (PPP),8725,5 - Leaf,2026-09-22,09:00 - 10:00,225000,Booked
3265_8725_10:00,3265,Pluit Padel Parq (PPP),8725,5 - Leaf,2026-09-22,10:00 - 11:00,225000,Booked
3265_8725_11:00,3265,Pluit Padel Parq (PPP),8725,5 - Leaf,2026-09-22,11:00 - 13:00,425000,Available
3265_8726_09:00,3265,Pluit Padel Parq (PPP),8726,6 - Wood,2026-09-22,09:00 - 10:00,225000,Booked
3265_8726_10:00,3265,Pluit Padel Parq (PPP),8726,6 - Wood,2026-09-22,10:00 - 11:00,225000,Booked
3265_8726_11:00,3265,Pluit Padel Parq (PPP),8726,6 - Wood,2026-09-22,11:00 - 12:00,225000,Available
3265_8727_09:00,3265,Pluit Padel Parq (PPP),8727,7 - Pine,2026-09-22,09:00 - 10:00,225000,Booked
3265_8727_10:00,3265,Pluit Padel Parq (PPP),8727,7 - Pine,2026-09-22,10:00 - 11:00,225000,Booked
3265_8727_11:00,3265,Pluit Padel Parq (PPP),8727,7 - Pine,2026-09-22,11:00 - 12:00,225000,Available
3265_8728_09:00,3265,Pluit Padel Parq (PPP),8728,8 - Fern,2026-09-22,09:00 - 10:00,225000,Booked
3265_8728_10:00,3265,Pluit Padel Parq (PPP),8728,8 - Fern,2026-09-22,10:00 - 11:00,225000,Booked
3265_8728_11:00,3265,Pluit Padel Parq (PPP),8728,8 - Fern,2026-09-22,11:00 - 12:00,225000,Booked
3265_9560_09:00,3265,Pluit Padel Parq (PPP),9560,01 - Lawn,2026-09-22,09:00 - 10:00,300000,Booked
3265_9560_10:00,3265,Pluit Padel Parq (PPP),9560,01 - Lawn,2026-09-22,10:00 - 11:00,300000,Booked
3265_9560_11:00,3265,Pluit Padel Parq (PPP),9560,01 - Lawn,2026-09-22,11:00 - 12:00,300000,Booked
3265_9561_09:00,3265,Pluit Padel Parq (PPP),9561,02 - Ground,2026-09-22,09:00 - 10:00,300000,Booked
3265_9561_10:00,3265,Pluit Padel Parq (PPP),9561,02 - Ground,2026-09-22,10:00 - 11:00,300000,Booked
3265_9561_11:00,3265,Pluit Padel Parq (PPP),9561,02 - Ground,2026-09-22,11:00 - 12:00,300000,Booked
1782_3630_09:00,1782,DeWarehouse Padel ( DWP ) - Sunter,3630,Court 1,2026-09-22,09:00 - 10:00,150000,Available
1782_3630_10:00,1782,DeWarehouse Padel ( DWP ) - Sunter,3630,Court 1,2026-09-22,10:00 - 11:00,150000,Available
1782_3630_11:00,1782,DeWarehouse Padel ( DWP ) - Sunter,3630,Court 1,2026-09-22,11:00 - 12:00,150000,Available
1782_6271_09:00,1782,DeWarehouse Padel ( DWP ) - Sunter,6271,Court 2,2026-09-22,09:00 - 10:00,150000,Available
1782_6271_10:00,1782,DeWarehouse Padel ( DWP ) - Sunter,6271,Court 2,2026-09-22,10:00 - 11:00,150000,Available
1782_6271_11:00,1782,DeWarehouse Padel ( DWP ) - Sunter,6271,Court 2,2026-09-22,11:00 - 12:00,150000,Available
1782_6272_09:00,1782,DeWarehouse Padel ( DWP ) - Sunter,6272,Court 3,2026-09-22,09:00 - 10:00,150000,Available
1782_6272_10:00,1782,DeWarehouse Padel ( DWP ) - Sunter,6272,Court 3,2026-09-22,10:00 - 11:00,150000,Available
1782_6272_11:00,1782,DeWarehouse Padel ( DWP ) - Sunter,6272,Court 3,2026-09-22,11:00 - 12:00,150000,Available
1782_6273_09:00,1782,DeWarehouse Padel ( DWP ) - Sunter,6273,Court 4,2026-09-22,09:00 - 10:00,150000,Available
1782_6273_10:00,1782,DeWarehouse Padel ( DWP ) - Sunter,6273,Court 4,2026-09-22,10:00 - 11:00,150000,Available
1782_6273_11:00,1782,DeWarehouse Padel ( DWP ) - Sunter,6273,Court 4,2026-09-22,11:00 - 12:00,150000,Available
1782_6274_09:00,1782,DeWarehouse Padel ( DWP ) - Sunter,6274,Court 5,2026-09-22,09:00 - 10:00,150000,Available
1782_6274_10:00,1782,DeWarehouse Padel ( DWP ) - Sunter,6274,Court 5,2026-09-22,10:00 - 11:00,150000,Available
1782_6274_11:00,1782,DeWarehouse Padel ( DWP ) - Sunter,6274,Court 5,2026-09-22,11:00 - 12:00,150000,Available
1782_6275_09:00,1782,DeWarehouse Padel ( DWP ) - Sunter,6275,Court 6,2026-09-22,09:00 - 10:00,150000,Available
1782_6275_10:00,1782,DeWarehouse Padel ( DWP ) - Sunter,6275,Court 6,2026-09-22,10:00 - 11:00,150000,Available
1782_6275_11:00,1782,DeWarehouse Padel ( DWP ) - Sunter,6275,Court 6,2026-09-22,11:00 - 12:00,150000,Available
1782_6276_09:00,1782,DeWarehouse Padel ( DWP ) - Sunter,6276,Panasonic Court,2026-09-22,09:00 - 10:00,150000,Available
1782_6276_10:00,1782,DeWarehouse Padel ( DWP ) - Sunter,6276,Panasonic Court,2026-09-22,10:00 - 11:00,150000,Available
1782_6276_11:00,1782,DeWarehouse Padel ( DWP ) - Sunter,6276,Panasonic Court,2026-09-22,11:00 - 12:00,150000,Available
2824_6431_09:00,2824,Rivera Padel Pluit,6431,Centre Court,2026-09-22,09:00 - 10:00,188000,Booked
2824_6431_10:00,2824,Rivera Padel Pluit,6431,Centre Court,2026-09-22,10:00 - 11:00,188000,Available
2824_6431_11:00,2824,Rivera Padel Pluit,6431,Centre Court,2026-09-22,11:00 - 12:00,188000,Available
2824_6432_09:00,2824,Rivera Padel Pluit,6432,Court 1,2026-09-22,09:00 - 10:00,188000,Booked
2824_6432_10:00,2824,Rivera Padel Pluit,6432,Court 1,2026-09-22,10:00 - 11:00,188000,Available
2824_6432_11:00,2824,Rivera Padel Pluit,6432,Court 1,2026-09-22,11:00 - 12:00,188000,Available
2824_6547_09:00,2824,Rivera Padel Pluit,6547,Court 2,2026-09-22,09:00 - 10:00,188000,Available
2824_6547_10:00,2824,Rivera Padel Pluit,6547,Court 2,2026-09-22,10:00 - 11:00,188000,Available
2824_6547_11:00,2824,Rivera Padel Pluit,6547,Court 2,2026-09-22,11:00 - 12:00,188000,Available
2824_6548_09:00,2824,Rivera Padel Pluit,6548,Court 3,2026-09-22,09:00 - 10:00,188000,Available
2824_6548_10:00,2824,Rivera Padel Pluit,6548,Court 3,2026-09-22,10:00 - 11:00,188000,Available
2824_6548_11:00,2824,Rivera Padel Pluit,6548,Court 3,2026-09-22,11:00 - 12:00,188000,Available
1450_11979_09:00,1450,MXL Ground,11979,Mahjong Table Complete Set,2026-09-22,09:00 - 10:00,50000,Available
1450_11979_10:00,1450,MXL Ground,11979,Mahjong Table Complete Set,2026-09-22,10:00 - 11:00,50000,Available
1450_11979_11:00,1450,MXL Ground,11979,Mahjong Table Complete Set,2026-09-22,11:00 - 12:00,50000,Available
1450_2867_09:00,1450,MXL Ground,2867,Tennis A,2026-09-22,09:00 - 10:00,200000,Booked
1450_2867_10:00,1450,MXL Ground,2867,Tennis A,2026-09-22,10:00 - 11:00,200000,Booked
1450_2867_11:00,1450,MXL Ground,2867,Tennis A,2026-09-22,11:00 - 12:00,200000,Booked
1450_2870_09:00,1450,MXL Ground,2870,Tennis B,2026-09-22,09:00 - 10:00,200000,Booked
1450_2870_10:00,1450,MXL Ground,2870,Tennis B,2026-09-22,10:00 - 11:00,200000,Booked
1450_2870_11:00,1450,MXL Ground,2870,Tennis B,2026-09-22,11:00 - 12:00,200000,Booked
1450_2869_09:00,1450,MXL Ground,2869,Padel 1,2026-09-22,09:00 - 10:00,159000,Booked
1450_2869_10:00,1450,MXL Ground,2869,Padel 1,2026-09-22,10:00 - 11:00,159000,Booked
1450_2869_11:00,1450,MXL Ground,2869,Padel 1,2026-09-22,11:00 - 12:00,159000,Available
1450_2871_09:00,1450,MXL Ground,2871,Padel 2,2026-09-22,09:00 - 10:00,159000,Booked
1450_2871_10:00,1450,MXL Ground,2871,Padel 2,2026-09-22,10:00 - 11:00,159000,Available
1450_2871_11:00,1450,MXL Ground,2871,Padel 2,2026-09-22,11:00 - 12:00,159000,Available
1450_2872_09:00,1450,MXL Ground,2872,Padel 3,2026-09-22,09:00 - 10:00,159000,Available
1450_2872_10:00,1450,MXL Ground,2872,Padel 3,2026-09-22,10:00 - 11:00,159000,Available
1450_2872_11:00,1450,MXL Ground,2872,Padel 3,2026-09-22,11:00 - 12:00,159000,Available
2073_4298_09:00,2073,My Club House - Padel,4298,Court 1,2026-09-22,09:00 - 10:00,199000,Booked
2073_4298_10:00,2073,My Club House - Padel,4298,Court 1,2026-09-22,10:00 - 11:00,199000,Booked
2073_4298_11:00,2073,My Club House - Padel,4298,Court 1,2026-09-22,11:00 - 12:00,199000,Available
2073_6511_09:00,2073,My Club House - Padel,6511,Court 2,2026-09-22,09:00 - 10:00,199000,Available
2073_6511_10:00,2073,My Club House - Padel,6511,Court 2,2026-09-22,10:00 - 11:00,199000,Available
2073_6511_11:00,2073,My Club House - Padel,6511,Court 2,2026-09-22,11:00 - 12:00,199000,Available
2073_6512_09:00,2073,My Club House - Padel,6512,Court 3,2026-09-22,09:00 - 10:00,199000,Booked
2073_6512_10:00,2073,My Club House - Padel,6512,Court 3,2026-09-22,10:00 - 11:00,199000,Booked
2073_6512_11:00,2073,My Club House - Padel,6512,Court 3,2026-09-22,11:00 - 12:00,199000,Available
2073_6513_09:00,2073,My Club House - Padel,6513,Court 4,2026-09-22,09:00 - 10:00,199000,Available
2073_6513_10:00,2073,My Club House - Padel,6513,Court 4,2026-09-22,10:00 - 11:00,199000,Available
2073_6513_11:00,2073,My Club House - Padel,6513,Court 4,2026-09-22,11:00 - 12:00,199000,Available
2073_6514_09:00,2073,My Club House - Padel,6514,SKY A,2026-09-22,09:00 - 10:00,199000,Available
2073_6514_10:00,2073,My Club House - Padel,6514,SKY A,2026-09-22,10:00 - 11:00,199000,Available
2073_6514_11:00,2073,My Club House - Padel,6514,SKY A,2026-09-22,11:00 - 12:00,199000,Available
2073_6515_09:00,2073,My Club House - Padel,6515,SKY B,2026-09-22,09:00 - 10:00,199000,Available
2073_6515_10:00,2073,My Club House - Padel,6515,SKY B,2026-09-22,10:00 - 11:00,199000,Available
2073_6515_11:00,2073,My Club House - Padel,6515,SKY B,2026-09-22,11:00 - 12:00,199000,Available
3627_8972_09:00,3627,Gading Mas Racquet Club,8972,Padel 1,2026-09-22,09:00 - 10:00,175000,Booked
3627_8972_10:00,3627,Gading Mas Racquet Club,8972,Padel 1,2026-09-22,10:00 - 11:00,175000,Booked
3627_8972_11:00,3627,Gading Mas Racquet Club,8972,Padel 1,2026-09-22,11:00 - 12:00,175000,Available
3627_10359_09:00,3627,Gading Mas Racquet Club,10359,Padel 2,2026-09-22,09:00 - 10:00,175000,Booked
3627_10359_10:00,3627,Gading Mas Racquet Club,10359,Padel 2,2026-09-22,10:00 - 11:00,175000,Booked
3627_10359_11:00,3627,Gading Mas Racquet Club,10359,Padel 2,2026-09-22,11:00 - 12:00,175000,Available
3627_10360_09:00,3627,Gading Mas Racquet Club,10360,Padel 3,2026-09-22,09:00 - 10:00,175000,Booked
3627_10360_10:00,3627,Gading Mas Racquet Club,10360,Padel 3,2026-09-22,10:00 - 11:00,175000,Booked
3627_10360_11:00,3627,Gading Mas Racquet Club,10360,Padel 3,2026-09-22,11:00 - 12:00,175000,Available
3627_10361_09:00,3627,Gading Mas Racquet Club,10361,Pickleball 1,2026-09-22,09:00 - 10:00,125000,Available
3627_10361_10:00,3627,Gading Mas Racquet Club,10361,Pickleball 1,2026-09-22,10:00 - 11:00,125000,Available
3627_10361_11:00,3627,Gading Mas Racquet Club,10361,Pickleball 1,2026-09-22,11:00 - 12:00,125000,Available
3627_10362_09:00,3627,Gading Mas Racquet Club,10362,Pickleball 2,2026-09-22,09:00 - 10:00,125000,Available
3627_10362_10:00,3627,Gading Mas Racquet Club,10362,Pickleball 2,2026-09-22,10:00 - 11:00,125000,Available
3627_10362_11:00,3627,Gading Mas Racquet Club,10362,Pickleball 2,2026-09-22,11:00 - 12:00,125000,Available
3627_11009_09:00,3627,Gading Mas Racquet Club,11009,Tennis Courts 1,2026-09-22,09:00 - 10:00,225000,Booked
3627_11009_10:00,3627,Gading Mas Racquet Club,11009,Tennis Courts 1,2026-09-22,10:00 - 11:00,225000,Booked
3627_11009_11:00,3627,Gading Mas Racquet Club,11009,Tennis Courts 1,2026-09-22,11:00 - 12:00,225000,Booked
3627_11010_09:00,3627,Gading Mas Racquet Club,11010,Tennis Courts 2,2026-09-22,09:00 - 10:00,225000,Booked
3627_11010_10:00,3627,Gading Mas Racquet Club,11010,Tennis Courts 2,2026-09-22,10:00 - 11:00,225000,Booked
3627_11010_11:00,3627,Gading Mas Racquet Club,11010,Tennis Courts 2,2026-09-22,11:00 - 12:00,225000,Available
1579_3199_09:00,1579,Ultradome Padel Tennis Lounge,3199,T1,2026-09-22,09:00 - 10:00,275000,Booked
1579_3199_10:00,1579,Ultradome Padel Tennis Lounge,3199,T1,2026-09-22,10:00 - 11:00,236500,Booked
1579_3199_11:00,1579,Ultradome Padel Tennis Lounge,3199,T1,2026-09-22,11:00 - 12:00,236500,Booked
1579_3328_09:00,1579,Ultradome Padel Tennis Lounge,3328,T2,2026-09-22,09:00 - 10:00,275000,Booked
1579_3328_10:00,1579,Ultradome Padel Tennis Lounge,3328,T2,2026-09-22,10:00 - 11:00,236500,Booked
1579_3328_11:00,1579,Ultradome Padel Tennis Lounge,3328,T2,2026-09-22,11:00 - 12:00,236500,Available
1579_3329_09:00,1579,Ultradome Padel Tennis Lounge,3329,T3,2026-09-22,09:00 - 10:00,275000,Booked
1579_3329_10:00,1579,Ultradome Padel Tennis Lounge,3329,T3,2026-09-22,10:00 - 11:00,236500,Booked
1579_3329_11:00,1579,Ultradome Padel Tennis Lounge,3329,T3,2026-09-22,11:00 - 12:00,236500,Booked
1579_3330_09:00,1579,Ultradome Padel Tennis Lounge,3330,T4,2026-09-22,09:00 - 10:00,275000,Booked
1579_3330_10:00,1579,Ultradome Padel Tennis Lounge,3330,T4,2026-09-22,10:00 - 11:00,236500,Booked
1579_3330_11:00,1579,Ultradome Padel Tennis Lounge,3330,T4,2026-09-22,11:00 - 12:00,236500,Available
1579_3246_09:00,1579,Ultradome Padel Tennis Lounge,3246,P1,2026-09-22,09:00 - 10:00,170000,Available
1579_3246_10:00,1579,Ultradome Padel Tennis Lounge,3246,P1,2026-09-22,10:00 - 11:00,170000,Available
1579_3246_11:00,1579,Ultradome Padel Tennis Lounge,3246,P1,2026-09-22,11:00 - 12:00,170000,Available
1579_3331_09:00,1579,Ultradome Padel Tennis Lounge,3331,P2,2026-09-22,09:00 - 10:00,170000,Available
1579_3331_10:00,1579,Ultradome Padel Tennis Lounge,3331,P2,2026-09-22,10:00 - 11:00,170000,Available
1579_3331_11:00,1579,Ultradome Padel Tennis Lounge,3331,P2,2026-09-22,11:00 - 12:00,170000,Available
1579_3332_09:00,1579,Ultradome Padel Tennis Lounge,3332,P3,2026-09-22,09:00 - 10:00,170000,Available
1579_3332_10:00,1579,Ultradome Padel Tennis Lounge,3332,P3,2026-09-22,10:00 - 11:00,170000,Available
1579_3332_11:00,1579,Ultradome Padel Tennis Lounge,3332,P3,2026-09-22,11:00 - 12:00,170000,Booked
1579_3333_09:00,1579,Ultradome Padel Tennis Lounge,3333,P4,2026-09-22,09:00 - 10:00,170000,Available
1579_3333_10:00,1579,Ultradome Padel Tennis Lounge,3333,P4,2026-09-22,10:00 - 11:00,170000,Available
1579_3333_11:00,1579,Ultradome Padel Tennis Lounge,3333,P4,2026-09-22,11:00 - 12:00,170000,Available
1579_3334_09:00,1579,Ultradome Padel Tennis Lounge,3334,P5,2026-09-22,09:00 - 10:00,170000,Available
1579_3334_10:00,1579,Ultradome Padel Tennis Lounge,3334,P5,2026-09-22,10:00 - 11:00,170000,Available
1579_3334_11:00,1579,Ultradome Padel Tennis Lounge,3334,P5,2026-09-22,11:00 - 12:00,170000,Available
1579_12192_09:00,1579,Ultradome Padel Tennis Lounge,12192,Mahjong Table 1 (automatic),2026-09-22,09:00 - 10:00,100000,Available
1579_12192_10:00,1579,Ultradome Padel Tennis Lounge,12192,Mahjong Table 1 (automatic),2026-09-22,10:00 - 11:00,100000,Available
1579_12192_11:00,1579,Ultradome Padel Tennis Lounge,12192,Mahjong Table 1 (automatic),2026-09-22,11:00 - 12:00,100000,Available
1579_12193_09:00,1579,Ultradome Padel Tennis Lounge,12193,Mahjong Table 2 (automatic),2026-09-22,09:00 - 10:00,100000,Available
1579_12193_10:00,1579,Ultradome Padel Tennis Lounge,12193,Mahjong Table 2 (automatic),2026-09-22,10:00 - 11:00,100000,Available
1579_12193_11:00,1579,Ultradome Padel Tennis Lounge,12193,Mahjong Table 2 (automatic),2026-09-22,11:00 - 12:00,100000,Available
1579_12191_09:00,1579,Ultradome Padel Tennis Lounge,12191,Mahjong Table (manual),2026-09-22,09:00 - 10:00,50000,Available
1579_12191_10:00,1579,Ultradome Padel Tennis Lounge,12191,Mahjong Table (manual),2026-09-22,10:00 - 11:00,50000,Available
1579_12191_11:00,1579,Ultradome Padel Tennis Lounge,12191,Mahjong Table (manual),2026-09-22,11:00 - 12:00,50000,Available
1659_3381_09:00,1659,Padel Hive Pluit,3381,Court 1,2026-09-22,09:00 - 10:00,169000,Booked
1659_3381_10:00,1659,Padel Hive Pluit,3381,Court 1,2026-09-22,10:00 - 11:00,169000,Available
1659_3381_11:00,1659,Padel Hive Pluit,3381,Court 1,2026-09-22,11:00 - 12:00,169000,Available
1659_4048_09:00,1659,Padel Hive Pluit,4048,Court 2,2026-09-22,09:00 - 10:00,169000,Available
1659_4048_10:00,1659,Padel Hive Pluit,4048,Court 2,2026-09-22,10:00 - 11:00,169000,Available
1659_4048_11:00,1659,Padel Hive Pluit,4048,Court 2,2026-09-22,11:00 - 12:00,169000,Available
1659_4049_09:00,1659,Padel Hive Pluit,4049,Court 3,2026-09-22,09:00 - 10:00,169000,Available
1659_4049_10:00,1659,Padel Hive Pluit,4049,Court 3,2026-09-22,10:00 - 11:00,169000,Available
1659_4049_11:00,1659,Padel Hive Pluit,4049,Court 3,2026-09-22,11:00 - 12:00,169000,Available
548_1123_09:00,548,Bestindo Sport Center,1123,Mini Soccer A,2026-09-22,09:00 - 10:00,300000,Available
548_1123_10:00,548,Bestindo Sport Center,1123,Mini Soccer A,2026-09-22,10:00 - 11:00,300000,Available
548_1123_11:00,548,Bestindo Sport Center,1123,Mini Soccer A,2026-09-22,11:00 - 12:00,300000,Available
548_1124_09:00,548,Bestindo Sport Center,1124,Mini Soccer B,2026-09-22,09:00 - 10:00,300000,Available
548_1124_10:00,548,Bestindo Sport Center,1124,Mini Soccer B,2026-09-22,10:00 - 11:00,300000,Available
548_1124_11:00,548,Bestindo Sport Center,1124,Mini Soccer B,2026-09-22,11:00 - 12:00,300000,Available
548_1125_09:00,548,Bestindo Sport Center,1125,Futsal Outdoor,2026-09-22,09:00 - 10:00,200000,Available
548_1125_10:00,548,Bestindo Sport Center,1125,Futsal Outdoor,2026-09-22,10:00 - 11:00,200000,Available
548_1125_11:00,548,Bestindo Sport Center,1125,Futsal Outdoor,2026-09-22,11:00 - 12:00,200000,Available
548_1232_09:00,548,Bestindo Sport Center,1232,Badminton 1,2026-09-22,09:00 - 10:00,60000,Available
548_1232_10:00,548,Bestindo Sport Center,1232,Badminton 1,2026-09-22,10:00 - 11:00,60000,Available
548_1232_11:00,548,Bestindo Sport Center,1232,Badminton 1,2026-09-22,11:00 - 12:00,60000,Available
548_1257_09:00,548,Bestindo Sport Center,1257,Badminton 2,2026-09-22,09:00 - 10:00,60000,Available
548_1257_10:00,548,Bestindo Sport Center,1257,Badminton 2,2026-09-22,10:00 - 11:00,60000,Available
548_1257_11:00,548,Bestindo Sport Center,1257,Badminton 2,2026-09-22,11:00 - 12:00,60000,Available
548_1258_09:00,548,Bestindo Sport Center,1258,Badminton 3,2026-09-22,09:00 - 10:00,60000,Available
548_1258_10:00,548,Bestindo Sport Center,1258,Badminton 3,2026-09-22,10:00 - 11:00,60000,Available
548_1258_11:00,548,Bestindo Sport Center,1258,Badminton 3,2026-09-22,11:00 - 12:00,60000,Available
548_1259_09:00,548,Bestindo Sport Center,1259,Badminton 4,2026-09-22,09:00 - 10:00,60000,Available
548_1259_10:00,548,Bestindo Sport Center,1259,Badminton 4,2026-09-22,10:00 - 11:00,60000,Available
548_1259_11:00,548,Bestindo Sport Center,1259,Badminton 4,2026-09-22,11:00 - 12:00,60000,Available
548_1260_09:00,548,Bestindo Sport Center,1260,Badminton 5,2026-09-22,09:00 - 10:00,60000,Available
548_1260_10:00,548,Bestindo Sport Center,1260,Badminton 5,2026-09-22,10:00 - 11:00,60000,Available
548_1260_11:00,548,Bestindo Sport Center,1260,Badminton 5,2026-09-22,11:00 - 12:00,60000,Available
548_1446_09:00,548,Bestindo Sport Center,1446,Basket 3x3 A,2026-09-22,09:00 - 10:00,80000,Available
548_1446_10:00,548,Bestindo Sport Center,1446,Basket 3x3 A,2026-09-22,10:00 - 11:00,80000,Available
548_1446_11:00,548,Bestindo Sport Center,1446,Basket 3x3 A,2026-09-22,11:00 - 12:00,80000,Available
548_1447_09:00,548,Bestindo Sport Center,1447,Basket 3x3 B,2026-09-22,09:00 - 10:00,80000,Available
548_1447_10:00,548,Bestindo Sport Center,1447,Basket 3x3 B,2026-09-22,10:00 - 11:00,80000,Available
548_1447_11:00,548,Bestindo Sport Center,1447,Basket 3x3 B,2026-09-22,11:00 - 12:00,80000,Available
548_1452_09:00,548,Bestindo Sport Center,1452,Padel Court A,2026-09-22,09:00 - 10:00,150000,Available
548_1452_10:00,548,Bestindo Sport Center,1452,Padel Court A,2026-09-22,10:00 - 11:00,150000,Available
548_1452_11:00,548,Bestindo Sport Center,1452,Padel Court A,2026-09-22,11:00 - 12:00,150000,Available
548_1453_09:00,548,Bestindo Sport Center,1453,Padel Court B,2026-09-22,09:00 - 10:00,150000,Available
548_1453_10:00,548,Bestindo Sport Center,1453,Padel Court B,2026-09-22,10:00 - 11:00,150000,Available
548_1453_11:00,548,Bestindo Sport Center,1453,Padel Court B,2026-09-22,11:00 - 12:00,150000,Available
1595_4242_09:00,1595,El Patio Padel - Pluit,4242,Court 1,2026-09-22,09:00 - 10:00,188000,Booked
1595_4242_10:00,1595,El Patio Padel - Pluit,4242,Court 1,2026-09-22,10:00 - 11:00,188000,Booked
1595_4242_11:00,1595,El Patio Padel - Pluit,4242,Court 1,2026-09-22,11:00 - 12:00,188000,Booked
1595_4243_09:00,1595,El Patio Padel - Pluit,4243,Court 2,2026-09-22,09:00 - 10:00,188000,Booked
1595_4243_10:00,1595,El Patio Padel - Pluit,4243,Court 2,2026-09-22,10:00 - 11:00,188000,Booked
1595_4243_11:00,1595,El Patio Padel - Pluit,4243,Court 2,2026-09-22,11:00 - 12:00,188000,Booked
1595_3284_09:00,1595,El Patio Padel - Pluit,3284,Court 3,2026-09-22,09:00 - 10:00,188000,Booked
1595_3284_10:00,1595,El Patio Padel - Pluit,3284,Court 3,2026-09-22,10:00 - 11:00,188000,Booked
1595_3284_11:00,1595,El Patio Padel - Pluit,3284,Court 3,2026-09-22,11:00 - 12:00,188000,Booked
1642_3337_09:00,1642,Vibora Padel & Pickleball Club Kelapa Gading,3337,Court 1,2026-09-22,09:00 - 10:00,200000,Booked
1642_3337_10:00,1642,Vibora Padel & Pickleball Club Kelapa Gading,3337,Court 1,2026-09-22,10:00 - 11:00,200000,Booked
1642_3337_11:00,1642,Vibora Padel & Pickleball Club Kelapa Gading,3337,Court 1,2026-09-22,11:00 - 12:00,150000,Available
1642_4693_09:00,1642,Vibora Padel & Pickleball Club Kelapa Gading,4693,Filano Court 2,2026-09-22,09:00 - 10:00,200000,Available
1642_4693_10:00,1642,Vibora Padel & Pickleball Club Kelapa Gading,4693,Filano Court 2,2026-09-22,10:00 - 11:00,200000,Available
1642_4693_11:00,1642,Vibora Padel & Pickleball Club Kelapa Gading,4693,Filano Court 2,2026-09-22,11:00 - 12:00,150000,Available
1642_4694_09:00,1642,Vibora Padel & Pickleball Club Kelapa Gading,4694,Court 3,2026-09-22,09:00 - 10:00,200000,Available
1642_4694_10:00,1642,Vibora Padel & Pickleball Club Kelapa Gading,4694,Court 3,2026-09-22,10:00 - 11:00,200000,Available
1642_4694_11:00,1642,Vibora Padel & Pickleball Club Kelapa Gading,4694,Court 3,2026-09-22,11:00 - 12:00,150000,Available
1642_4695_09:00,1642,Vibora Padel & Pickleball Club Kelapa Gading,4695,Court 4,2026-09-22,09:00 - 10:00,200000,Booked
1642_4695_10:00,1642,Vibora Padel & Pickleball Club Kelapa Gading,4695,Court 4,2026-09-22,10:00 - 11:00,200000,Booked
1642_4695_11:00,1642,Vibora Padel & Pickleball Club Kelapa Gading,4695,Court 4,2026-09-22,11:00 - 12:00,150000,Available
1642_4696_09:00,1642,Vibora Padel & Pickleball Club Kelapa Gading,4696,Court5 VIP,2026-09-22,09:00 - 10:00,250000,Booked
1642_4696_10:00,1642,Vibora Padel & Pickleball Club Kelapa Gading,4696,Court5 VIP,2026-09-22,10:00 - 11:00,250000,Booked
1642_4696_11:00,1642,Vibora Padel & Pickleball Club Kelapa Gading,4696,Court5 VIP,2026-09-22,11:00 - 12:00,200000,Available
1642_4697_09:00,1642,Vibora Padel & Pickleball Club Kelapa Gading,4697,Pickleball Court,2026-09-22,09:00 - 10:00,100000,Available
1642_4697_10:00,1642,Vibora Padel & Pickleball Club Kelapa Gading,4697,Pickleball Court,2026-09-22,10:00 - 11:00,100000,Booked
1642_4697_11:00,1642,Vibora Padel & Pickleball Club Kelapa Gading,4697,Pickleball Court,2026-09-22,11:00 - 12:00,100000,Booked
2765_6232_09:00,2765,Fivestar Signature Club,6232,Court 1,2026-09-22,09:00 - 10:00,75000,Booked
2765_6232_10:00,2765,Fivestar Signature Club,6232,Court 1,2026-09-22,10:00 - 11:00,75000,Booked
2765_6232_11:00,2765,Fivestar Signature Club,6232,Court 1,2026-09-22,11:00 - 12:00,75000,Booked
2765_6289_09:00,2765,Fivestar Signature Club,6289,Court UniversalBPR,2026-09-22,09:00 - 10:00,75000,Booked
2765_6289_10:00,2765,Fivestar Signature Club,6289,Court UniversalBPR,2026-09-22,10:00 - 11:00,75000,Booked
2765_6289_11:00,2765,Fivestar Signature Club,6289,Court UniversalBPR,2026-09-22,11:00 - 12:00,75000,Booked
2765_6290_09:00,2765,Fivestar Signature Club,6290,Court 3,2026-09-22,09:00 - 10:00,75000,Booked
2765_6290_10:00,2765,Fivestar Signature Club,6290,Court 3,2026-09-22,10:00 - 11:00,75000,Available
2765_6290_11:00,2765,Fivestar Signature Club,6290,Court 3,2026-09-22,11:00 - 12:00,75000,Booked
2765_6291_09:00,2765,Fivestar Signature Club,6291,Court Haier,2026-09-22,09:00 - 10:00,75000,Booked
2765_6291_10:00,2765,Fivestar Signature Club,6291,Court Haier,2026-09-22,10:00 - 11:00,75000,Available
2765_6291_11:00,2765,Fivestar Signature Club,6291,Court Haier,2026-09-22,11:00 - 12:00,75000,Booked
2765_11352_09:00,2765,Fivestar Signature Club,11352,Court VIP,2026-09-22,09:00 - 10:00,500000,Available
2765_11352_10:00,2765,Fivestar Signature Club,11352,Court VIP,2026-09-22,10:00 - 11:00,500000,Available
2765_11352_11:00,2765,Fivestar Signature Club,11352,Court VIP,2026-09-22,11:00 - 12:00,500000,Available
2765_12385_09:00,2765,Fivestar Signature Club,12385,Mahjong 1,2026-09-22,09:00 - 10:00,100000,Available
2765_12385_10:00,2765,Fivestar Signature Club,12385,Mahjong 1,2026-09-22,10:00 - 11:00,100000,Available
2765_12385_11:00,2765,Fivestar Signature Club,12385,Mahjong 1,2026-09-22,11:00 - 12:00,100000,Available
2765_12427_09:00,2765,Fivestar Signature Club,12427,Mahjong 2,2026-09-22,09:00 - 10:00,100000,Available
2765_12427_10:00,2765,Fivestar Signature Club,12427,Mahjong 2,2026-09-22,10:00 - 11:00,100000,Available
2765_12427_11:00,2765,Fivestar Signature Club,12427,Mahjong 2,2026-09-22,11:00 - 12:00,100000,Available
2765_12428_09:00,2765,Fivestar Signature Club,12428,Mahjong 3,2026-09-22,09:00 - 10:00,100000,Available
2765_12428_10:00,2765,Fivestar Signature Club,12428,Mahjong 3,2026-09-22,10:00 - 11:00,100000,Available
2765_12428_11:00,2765,Fivestar Signature Club,12428,Mahjong 3,2026-09-22,11:00 - 12:00,100000,Available
2765_12429_09:00,2765,Fivestar Signature Club,12429,Mahjong 4,2026-09-22,09:00 - 10:00,100000,Available
2765_12429_10:00,2765,Fivestar Signature Club,12429,Mahjong 4,2026-09-22,10:00 - 11:00,100000,Available
2765_12429_11:00,2765,Fivestar Signature Club,12429,Mahjong 4,2026-09-22,11:00 - 12:00,100000,Available
2765_12430_09:00,2765,Fivestar Signature Club,12430,Mahjong 5,2026-09-22,09:00 - 10:00,100000,Available
2765_12430_10:00,2765,Fivestar Signature Club,12430,Mahjong 5,2026-09-22,10:00 - 11:00,100000,Available
2765_12430_11:00,2765,Fivestar Signature Club,12430,Mahjong 5,2026-09-22,11:00 - 12:00,100000,Available
2765_12431_09:00,2765,Fivestar Signature Club,12431,Mahjong 6,2026-09-22,09:00 - 10:00,100000,Available
2765_12431_10:00,2765,Fivestar Signature Club,12431,Mahjong 6,2026-09-22,10:00 - 11:00,100000,Available
2765_12431_11:00,2765,Fivestar Signature Club,12431,Mahjong 6,2026-09-22,11:00 - 12:00,100000,Available
4434_11211_09:00,4434,Let's Go Padel Sunter,11211,Court 1,2026-09-22,09:00 - 10:00,150000,Available
4434_11211_10:00,4434,Let's Go Padel Sunter,11211,Court 1,2026-09-22,10:00 - 11:00,150000,Available
4434_11211_11:00,4434,Let's Go Padel Sunter,11211,Court 1,2026-09-22,11:00 - 12:00,150000,Available
4434_11271_09:00,4434,Let's Go Padel Sunter,11271,Court 2,2026-09-22,09:00 - 10:00,150000,Booked
4434_11271_10:00,4434,Let's Go Padel Sunter,11271,Court 2,2026-09-22,10:00 - 11:00,150000,Booked
4434_11271_11:00,4434,Let's Go Padel Sunter,11271,Court 2,2026-09-22,11:00 - 12:00,150000,Booked
4434_11272_09:00,4434,Let's Go Padel Sunter,11272,Court 3,2026-09-22,09:00 - 10:00,150000,Available
4434_11272_10:00,4434,Let's Go Padel Sunter,11272,Court 3,2026-09-22,10:00 - 11:00,150000,Available
4434_11272_11:00,4434,Let's Go Padel Sunter,11272,Court 3,2026-09-22,11:00 - 12:00,150000,Available
4434_11273_09:00,4434,Let's Go Padel Sunter,11273,Court 4,2026-09-22,09:00 - 10:00,150000,Available
4434_11273_10:00,4434,Let's Go Padel Sunter,11273,Court 4,2026-09-22,10:00 - 11:00,150000,Available
4434_11273_11:00,4434,Let's Go Padel Sunter,11273,Court 4,2026-09-22,11:00 - 12:00,150000,Available
4434_11274_09:00,4434,Let's Go Padel Sunter,11274,Court 5,2026-09-22,09:00 - 10:00,150000,Available
4434_11274_10:00,4434,Let's Go Padel Sunter,11274,Court 5,2026-09-22,10:00 - 11:00,150000,Available
4434_11274_11:00,4434,Let's Go Padel Sunter,11274,Court 5,2026-09-22,11:00 - 12:00,150000,Available
4434_11275_09:00,4434,Let's Go Padel Sunter,11275,Court 6,2026-09-22,09:00 - 10:00,150000,Available
4434_11275_10:00,4434,Let's Go Padel Sunter,11275,Court 6,2026-09-22,10:00 - 11:00,150000,Available
4434_11275_11:00,4434,Let's Go Padel Sunter,11275,Court 6,2026-09-22,11:00 - 12:00,150000,Available
2758_6206_09:00,2758,Bandeja Padel Arena,6206,Bandeja Court,2026-09-22,09:00 - 10:00,195000,Available
2758_6206_10:00,2758,Bandeja Padel Arena,6206,Bandeja Court,2026-09-22,10:00 - 11:00,195000,Available
2758_6206_11:00,2758,Bandeja Padel Arena,6206,Bandeja Court,2026-09-22,11:00 - 12:00,195000,Available
2758_6207_09:00,2758,Bandeja Padel Arena,6207,Court 2,2026-09-22,09:00 - 10:00,195000,Available
2758_6207_10:00,2758,Bandeja Padel Arena,6207,Court 2,2026-09-22,10:00 - 11:00,195000,Available
2758_6207_11:00,2758,Bandeja Padel Arena,6207,Court 2,2026-09-22,11:00 - 12:00,195000,Available
2758_6255_09:00,2758,Bandeja Padel Arena,6255,Court 3,2026-09-22,09:00 - 10:00,195000,Booked
2758_6255_10:00,2758,Bandeja Padel Arena,6255,Court 3,2026-09-22,10:00 - 11:00,195000,Booked
2758_6255_11:00,2758,Bandeja Padel Arena,6255,Court 3,2026-09-22,11:00 - 12:00,195000,Available
2758_6256_09:00,2758,Bandeja Padel Arena,6256,Court 4,2026-09-22,09:00 - 10:00,195000,Booked
2758_6256_10:00,2758,Bandeja Padel Arena,6256,Court 4,2026-09-22,10:00 - 11:00,195000,Available
2758_6256_11:00,2758,Bandeja Padel Arena,6256,Court 4,2026-09-22,11:00 - 12:00,195000,Available
2758_6257_09:00,2758,Bandeja Padel Arena,6257,Court 5,2026-09-22,09:00 - 10:00,195000,Booked
2758_6257_10:00,2758,Bandeja Padel Arena,6257,Court 5,2026-09-22,10:00 - 11:00,195000,Booked
2758_6257_11:00,2758,Bandeja Padel Arena,6257,Court 5,2026-09-22,11:00 - 12:00,195000,Booked
2758_6258_09:00,2758,Bandeja Padel Arena,6258,Court 6,2026-09-22,09:00 - 10:00,195000,Booked
2758_6258_10:00,2758,Bandeja Padel Arena,6258,Court 6,2026-09-22,10:00 - 11:00,195000,Available
2758_6258_11:00,2758,Bandeja Padel Arena,6258,Court 6,2026-09-22,11:00 - 12:00,195000,Available
1605_3775_09:00,1605,Batavia Sports Club,3775,Court 1,2026-09-22,09:00 - 10:00,175000,Booked
1605_3775_10:00,1605,Batavia Sports Club,3775,Court 1,2026-09-22,10:00 - 11:00,150000,Booked
1605_3775_11:00,1605,Batavia Sports Club,3775,Court 1,2026-09-22,11:00 - 12:00,150000,Booked
1605_4002_09:00,1605,Batavia Sports Club,4002,Court 2,2026-09-22,09:00 - 10:00,175000,Available
1605_4002_10:00,1605,Batavia Sports Club,4002,Court 2,2026-09-22,10:00 - 11:00,150000,Available
1605_4002_11:00,1605,Batavia Sports Club,4002,Court 2,2026-09-22,11:00 - 12:00,150000,Available
1605_4003_09:00,1605,Batavia Sports Club,4003,Court 3,2026-09-22,09:00 - 10:00,175000,Available
1605_4003_10:00,1605,Batavia Sports Club,4003,Court 3,2026-09-22,10:00 - 11:00,150000,Available
1605_4003_11:00,1605,Batavia Sports Club,4003,Court 3,2026-09-22,11:00 - 12:00,150000,Available
1605_4004_09:00,1605,Batavia Sports Club,4004,Court 4,2026-09-22,09:00 - 10:00,175000,Available
1605_4004_10:00,1605,Batavia Sports Club,4004,Court 4,2026-09-22,10:00 - 11:00,150000,Available
1605_4004_11:00,1605,Batavia Sports Club,4004,Court 4,2026-09-22,11:00 - 12:00,150000,Available
1605_4005_09:00,1605,Batavia Sports Club,4005,Court 5,2026-09-22,09:00 - 10:00,175000,Available
1605_4005_10:00,1605,Batavia Sports Club,4005,Court 5,2026-09-22,10:00 - 11:00,150000,Available
1605_4005_11:00,1605,Batavia Sports Club,4005,Court 5,2026-09-22,11:00 - 12:00,150000,Available
1605_4006_09:00,1605,Batavia Sports Club,4006,Court 6,2026-09-22,09:00 - 10:00,175000,Available
1605_4006_10:00,1605,Batavia Sports Club,4006,Court 6,2026-09-22,10:00 - 11:00,150000,Available
1605_4006_11:00,1605,Batavia Sports Club,4006,Court 6,2026-09-22,11:00 - 12:00,150000,Available
1605_4007_09:00,1605,Batavia Sports Club,4007,Tennis Court 1,2026-09-22,09:00 - 10:00,275000,Available
1605_4007_10:00,1605,Batavia Sports Club,4007,Tennis Court 1,2026-09-22,10:00 - 11:00,275000,Available
1605_4007_11:00,1605,Batavia Sports Club,4007,Tennis Court 1,2026-09-22,11:00 - 12:00,275000,Available
1605_4008_09:00,1605,Batavia Sports Club,4008,Tennis Court 2,2026-09-22,09:00 - 10:00,275000,Available
1605_4008_10:00,1605,Batavia Sports Club,4008,Tennis Court 2,2026-09-22,10:00 - 11:00,275000,Available
1605_4008_11:00,1605,Batavia Sports Club,4008,Tennis Court 2,2026-09-22,11:00 - 12:00,275000,Available
2124_4392_09:00,2124,MSC Padel Sunter,4392,Lapangan 1,2026-09-22,09:00 - 10:00,90000,Available
2124_4392_10:00,2124,MSC Padel Sunter,4392,Lapangan 1,2026-09-22,10:00 - 11:00,90000,Available
2124_4392_11:00,2124,MSC Padel Sunter,4392,Lapangan 1,2026-09-22,11:00 - 12:00,90000,Available
2124_4435_09:00,2124,MSC Padel Sunter,4435,Lapangan 2,2026-09-22,09:00 - 10:00,90000,Available
2124_4435_10:00,2124,MSC Padel Sunter,4435,Lapangan 2,2026-09-22,10:00 - 11:00,90000,Available
2124_4435_11:00,2124,MSC Padel Sunter,4435,Lapangan 2,2026-09-22,11:00 - 12:00,90000,Available
1407_2701_09:00,1407,Master Padel - Sunter,2701,Tolak Linu Court,2026-09-22,09:00 - 10:00,275000,Booked
1407_2701_10:00,1407,Master Padel - Sunter,2701,Tolak Linu Court,2026-09-22,10:00 - 11:00,275000,Booked
1407_2701_11:00,1407,Master Padel - Sunter,2701,Tolak Linu Court,2026-09-22,11:00 - 12:00,275000,Available
1407_3687_09:00,1407,Master Padel - Sunter,3687,Court 2,2026-09-22,09:00 - 10:00,275000,Booked
1407_3687_10:00,1407,Master Padel - Sunter,3687,Court 2,2026-09-22,10:00 - 11:00,275000,Booked
1407_3687_11:00,1407,Master Padel - Sunter,3687,Court 2,2026-09-22,11:00 - 12:00,275000,Available
1407_3688_09:00,1407,Master Padel - Sunter,3688,Court 3,2026-09-22,09:00 - 10:00,275000,Available
1407_3688_10:00,1407,Master Padel - Sunter,3688,Court 3,2026-09-22,10:00 - 11:00,275000,Available
1407_3688_11:00,1407,Master Padel - Sunter,3688,Court 3,2026-09-22,11:00 - 12:00,275000,Available
1407_3689_09:00,1407,Master Padel - Sunter,3689,C+ Collagen Court,2026-09-22,09:00 - 10:00,275000,Available
1407_3689_10:00,1407,Master Padel - Sunter,3689,C+ Collagen Court,2026-09-22,10:00 - 11:00,275000,Available
1407_3689_11:00,1407,Master Padel - Sunter,3689,C+ Collagen Court,2026-09-22,11:00 - 12:00,275000,Available
1407_3690_09:00,1407,Master Padel - Sunter,3690,BRImo Court,2026-09-22,09:00 - 10:00,275000,Available
1407_3690_10:00,1407,Master Padel - Sunter,3690,BRImo Court,2026-09-22,10:00 - 11:00,275000,Booked
1407_3690_11:00,1407,Master Padel - Sunter,3690,BRImo Court,2026-09-22,11:00 - 12:00,275000,Available
1407_3691_09:00,1407,Master Padel - Sunter,3691,Court 6,2026-09-22,09:00 - 10:00,275000,Available
1407_3691_10:00,1407,Master Padel - Sunter,3691,Court 6,2026-09-22,10:00 - 11:00,275000,Available
1407_3691_11:00,1407,Master Padel - Sunter,3691,Court 6,2026-09-22,11:00 - 12:00,275000,Available
1407_3692_09:00,1407,Master Padel - Sunter,3692,My Bca Court,2026-09-22,09:00 - 10:00,275000,Available
1407_3692_10:00,1407,Master Padel - Sunter,3692,My Bca Court,2026-09-22,10:00 - 11:00,275000,Available
1407_3692_11:00,1407,Master Padel - Sunter,3692,My Bca Court,2026-09-22,11:00 - 12:00,275000,Available
1407_3693_09:00,1407,Master Padel - Sunter,3693,Colonel's Court,2026-09-22,09:00 - 10:00,275000,Available
1407_3693_10:00,1407,Master Padel - Sunter,3693,Colonel's Court,2026-09-22,10:00 - 11:00,275000,Available
1407_3693_11:00,1407,Master Padel - Sunter,3693,Colonel's Court,2026-09-22,11:00 - 12:00,275000,Available
2228_4641_09:00,2228,Garuda Padel Club,4641,Padel Court A,2026-09-22,09:00 - 10:00,195000,Available
2228_4641_10:00,2228,Garuda Padel Club,4641,Padel Court A,2026-09-22,10:00 - 11:00,195000,Available
2228_4641_11:00,2228,Garuda Padel Club,4641,Padel Court A,2026-09-22,11:00 - 12:00,195000,Available
2228_5840_09:00,2228,Garuda Padel Club,5840,Padel Court B,2026-09-22,09:00 - 10:00,195000,Available
2228_5840_10:00,2228,Garuda Padel Club,5840,Padel Court B,2026-09-22,10:00 - 11:00,195000,Available
2228_5840_11:00,2228,Garuda Padel Club,5840,Padel Court B,2026-09-22,11:00 - 12:00,195000,Available
2228_5842_09:00,2228,Garuda Padel Club,5842,Padel Court C,2026-09-22,09:00 - 10:00,195000,Available
2228_5842_10:00,2228,Garuda Padel Club,5842,Padel Court C,2026-09-22,10:00 - 11:00,195000,Available
2228_5842_11:00,2228,Garuda Padel Club,5842,Padel Court C,2026-09-22,11:00 - 12:00,195000,Available
2228_5843_09:00,2228,Garuda Padel Club,5843,Padel Court D,2026-09-22,09:00 - 10:00,195000,Available
2228_5843_10:00,2228,Garuda Padel Club,5843,Padel Court D,2026-09-22,10:00 - 11:00,195000,Available
2228_5843_11:00,2228,Garuda Padel Club,5843,Padel Court D,2026-09-22,11:00 - 12:00,195000,Available
2047_4276_09:00,2047,VIP Padel MK,4276,Court 1,2026-09-22,09:00 - 10:00,200000,Booked
2047_4276_10:00,2047,VIP Padel MK,4276,Court 1,2026-09-22,10:00 - 11:00,200000,Booked
2047_4276_11:00,2047,VIP Padel MK,4276,Court 1,2026-09-22,11:00 - 12:00,200000,Available
3109_7319_09:00,3109,The Club House Padel - Pantai Mutiara Pluit,7319,Royal Padel Court,2026-09-22,09:00 - 10:00,188000,Available
3109_7319_10:00,3109,The Club House Padel - Pantai Mutiara Pluit,7319,Royal Padel Court,2026-09-22,10:00 - 11:00,188000,Available
3109_7319_11:00,3109,The Club House Padel - Pantai Mutiara Pluit,7319,Royal Padel Court,2026-09-22,11:00 - 12:00,188000,Available
3109_7320_09:00,3109,The Club House Padel - Pantai Mutiara Pluit,7320,Club House Court,2026-09-22,09:00 - 10:00,188000,Available
3109_7320_10:00,3109,The Club House Padel - Pantai Mutiara Pluit,7320,Club House Court,2026-09-22,10:00 - 11:00,188000,Available
3109_7320_11:00,3109,The Club House Padel - Pantai Mutiara Pluit,7320,Club House Court,2026-09-22,11:00 - 12:00,188000,Available
1594_3993_09:00,1594,The 40/0 Club,3993,Court 1,2026-09-22,09:00 - 10:00,200000,Available
1594_3993_10:00,1594,The 40/0 Club,3993,Court 1,2026-09-22,10:00 - 11:00,200000,Booked
1594_3993_11:00,1594,The 40/0 Club,3993,Court 1,2026-09-22,11:00 - 12:00,200000,Available
1594_3994_09:00,1594,The 40/0 Club,3994,Court 2,2026-09-22,09:00 - 10:00,200000,Booked
1594_3994_10:00,1594,The 40/0 Club,3994,Court 2,2026-09-22,10:00 - 11:00,200000,Available
1594_3994_11:00,1594,The 40/0 Club,3994,Court 2,2026-09-22,11:00 - 12:00,200000,Available
1594_3995_09:00,1594,The 40/0 Club,3995,Court 3,2026-09-22,09:00 - 10:00,200000,Available
1594_3995_10:00,1594,The 40/0 Club,3995,Court 3,2026-09-22,10:00 - 11:00,200000,Available
1594_3995_11:00,1594,The 40/0 Club,3995,Court 3,2026-09-22,11:00 - 12:00,200000,Available
2690_5974_09:00,2690,Padel Commons,5974,Court 1,2026-09-22,09:00 - 10:00,175000,Available
2690_5974_10:00,2690,Padel Commons,5974,Court 1,2026-09-22,10:00 - 11:00,175000,Available
2690_5974_11:00,2690,Padel Commons,5974,Court 1,2026-09-22,11:00 - 12:00,175000,Available
2690_9705_09:00,2690,Padel Commons,9705,Court 2,2026-09-22,09:00 - 10:00,175000,Available
2690_9705_10:00,2690,Padel Commons,9705,Court 2,2026-09-22,10:00 - 11:00,175000,Available
2690_9705_11:00,2690,Padel Commons,9705,Court 2,2026-09-22,11:00 - 12:00,175000,Available
2690_9706_09:00,2690,Padel Commons,9706,Court 3,2026-09-22,09:00 - 10:00,175000,Available
2690_9706_10:00,2690,Padel Commons,9706,Court 3,2026-09-22,10:00 - 11:00,175000,Available
2690_9706_11:00,2690,Padel Commons,9706,Court 3,2026-09-22,11:00 - 12:00,175000,Available
2690_9707_09:00,2690,Padel Commons,9707,Court 4,2026-09-22,09:00 - 10:00,175000,Available
2690_9707_10:00,2690,Padel Commons,9707,Court 4,2026-09-22,10:00 - 11:00,175000,Available
2690_9707_11:00,2690,Padel Commons,9707,Court 4,2026-09-22,11:00 - 12:00,175000,Available
2927_7353_09:00,2927,Happy Padel Place,7353,Court 1,2026-09-22,09:00 - 10:00,199000,Available
2927_7353_10:00,2927,Happy Padel Place,7353,Court 1,2026-09-22,10:00 - 11:00,149000,Available
2927_7353_11:00,2927,Happy Padel Place,7353,Court 1,2026-09-22,11:00 - 12:00,149000,Available
2927_9028_09:00,2927,Happy Padel Place,9028,Court 2,2026-09-22,09:00 - 10:00,199000,Available
2927_9028_10:00,2927,Happy Padel Place,9028,Court 2,2026-09-22,10:00 - 11:00,149000,Available
2927_9028_11:00,2927,Happy Padel Place,9028,Court 2,2026-09-22,11:00 - 12:00,149000,Available
2927_9549_09:00,2927,Happy Padel Place,9549,Court 3,2026-09-22,09:00 - 10:00,199000,Available
2927_9549_10:00,2927,Happy Padel Place,9549,Court 3,2026-09-22,10:00 - 11:00,149000,Available
2927_9549_11:00,2927,Happy Padel Place,9549,Court 3,2026-09-22,11:00 - 12:00,149000,Available
2927_9550_09:00,2927,Happy Padel Place,9550,Court 4,2026-09-22,09:00 - 10:00,199000,Available
2927_9550_10:00,2927,Happy Padel Place,9550,Court 4,2026-09-22,10:00 - 11:00,149000,Available
2927_9550_11:00,2927,Happy Padel Place,9550,Court 4,2026-09-22,11:00 - 12:00,149000,Available
2927_9551_09:00,2927,Happy Padel Place,9551,Court 5,2026-09-22,09:00 - 10:00,199000,Available
2927_9551_10:00,2927,Happy Padel Place,9551,Court 5,2026-09-22,10:00 - 11:00,149000,Available
2927_9551_11:00,2927,Happy Padel Place,9551,Court 5,2026-09-22,11:00 - 12:00,149000,Available
2927_9552_09:00,2927,Happy Padel Place,9552,Court 6,2026-09-22,09:00 - 10:00,199000,Available
2927_9552_10:00,2927,Happy Padel Place,9552,Court 6,2026-09-22,10:00 - 11:00,149000,Available
2927_9552_11:00,2927,Happy Padel Place,9552,Court 6,2026-09-22,11:00 - 12:00,149000,Available
1672_3540_09:00,1672,Atlantic Padel Indonesia,3540,COURT 1 PINK,2026-09-22,09:00 - 10:00,99000,Available
1672_3540_10:00,1672,Atlantic Padel Indonesia,3540,COURT 1 PINK,2026-09-22,10:00 - 11:00,99000,Available
1672_3540_11:00,1672,Atlantic Padel Indonesia,3540,COURT 1 PINK,2026-09-22,11:00 - 12:00,99000,Available
1672_3541_09:00,1672,Atlantic Padel Indonesia,3541,COURT 2 TERRA,2026-09-22,09:00 - 10:00,99000,Available
1672_3541_10:00,1672,Atlantic Padel Indonesia,3541,COURT 2 TERRA,2026-09-22,10:00 - 11:00,99000,Available
1672_3541_11:00,1672,Atlantic Padel Indonesia,3541,COURT 2 TERRA,2026-09-22,11:00 - 12:00,99000,Available
1672_3542_09:00,1672,Atlantic Padel Indonesia,3542,COURT 3 BLUE,2026-09-22,09:00 - 10:00,99000,Available
1672_3542_10:00,1672,Atlantic Padel Indonesia,3542,COURT 3 BLUE,2026-09-22,10:00 - 11:00,99000,Booked
1672_3542_11:00,1672,Atlantic Padel Indonesia,3542,COURT 3 BLUE,2026-09-22,11:00 - 12:00,99000,Available
1672_3543_09:00,1672,Atlantic Padel Indonesia,3543,COURT 4 GREEN,2026-09-22,09:00 - 10:00,99000,Available
1672_3543_10:00,1672,Atlantic Padel Indonesia,3543,COURT 4 GREEN,2026-09-22,10:00 - 11:00,99000,Available
1672_3543_11:00,1672,Atlantic Padel Indonesia,3543,COURT 4 GREEN,2026-09-22,11:00 - 12:00,99000,Available
2224_4643_09:00,2224,Heliix Padel,4643,Court 1,2026-09-22,09:00 - 10:00,150000,Available
2224_4643_10:00,2224,Heliix Padel,4643,Court 1,2026-09-22,10:00 - 11:00,150000,Available
2224_4643_11:00,2224,Heliix Padel,4643,Court 1,2026-09-22,11:00 - 12:00,150000,Available
2224_5676_09:00,2224,Heliix Padel,5676,Court 2,2026-09-22,09:00 - 10:00,150000,Booked
2224_5676_10:00,2224,Heliix Padel,5676,Court 2,2026-09-22,10:00 - 11:00,150000,Booked
2224_5676_11:00,2224,Heliix Padel,5676,Court 2,2026-09-22,11:00 - 12:00,150000,Available
2224_5677_09:00,2224,Heliix Padel,5677,Court 3,2026-09-22,09:00 - 10:00,150000,Booked
2224_5677_10:00,2224,Heliix Padel,5677,Court 3,2026-09-22,10:00 - 11:00,150000,Booked
2224_5677_11:00,2224,Heliix Padel,5677,Court 3,2026-09-22,11:00 - 12:00,150000,Available
2224_5679_09:00,2224,Heliix Padel,5679,Court 4,2026-09-22,09:00 - 10:00,150000,Booked
2224_5679_10:00,2224,Heliix Padel,5679,Court 4,2026-09-22,10:00 - 11:00,150000,Booked
2224_5679_11:00,2224,Heliix Padel,5679,Court 4,2026-09-22,11:00 - 12:00,150000,Available
2224_5680_09:00,2224,Heliix Padel,5680,Court 5,2026-09-22,09:00 - 10:00,150000,Booked
2224_5680_10:00,2224,Heliix Padel,5680,Court 5,2026-09-22,10:00 - 11:00,150000,Booked
2224_5680_11:00,2224,Heliix Padel,5680,Court 5,2026-09-22,11:00 - 12:00,150000,Available
2224_5681_09:00,2224,Heliix Padel,5681,Court 6,2026-09-22,09:00 - 10:00,150000,Available
2224_5681_10:00,2224,Heliix Padel,5681,Court 6,2026-09-22,10:00 - 11:00,150000,Available
2224_5681_11:00,2224,Heliix Padel,5681,Court 6,2026-09-22,11:00 - 12:00,150000,Available
4287_10628_09:00,4287,Foreground  Racquet Simulator - Sunter,10628,Laver Court - Padel,2026-09-22,09:00 - 10:00,275000,Available
4287_10628_10:00,4287,Foreground  Racquet Simulator - Sunter,10628,Laver Court - Padel,2026-09-22,10:00 - 11:00,275000,Available
4287_10628_11:00,4287,Foreground  Racquet Simulator - Sunter,10628,Laver Court - Padel,2026-09-22,11:00 - 12:00,275000,Available
4287_10629_09:00,4287,Foreground  Racquet Simulator - Sunter,10629,Laver Court - Tennis,2026-09-22,09:00 - 10:00,275000,Available
4287_10629_10:00,4287,Foreground  Racquet Simulator - Sunter,10629,Laver Court - Tennis,2026-09-22,10:00 - 11:00,275000,Available
4287_10629_11:00,4287,Foreground  Racquet Simulator - Sunter,10629,Laver Court - Tennis,2026-09-22,11:00 - 12:00,275000,Available
4287_10630_09:00,4287,Foreground  Racquet Simulator - Sunter,10630,Agassi Court - Padel,2026-09-22,09:00 - 10:00,275000,Available
4287_10630_10:00,4287,Foreground  Racquet Simulator - Sunter,10630,Agassi Court - Padel,2026-09-22,10:00 - 11:00,275000,Available
4287_10630_11:00,4287,Foreground  Racquet Simulator - Sunter,10630,Agassi Court - Padel,2026-09-22,11:00 - 12:00,275000,Booked
4287_10631_09:00,4287,Foreground  Racquet Simulator - Sunter,10631,Agassi Court - Tennis,2026-09-22,09:00 - 10:00,275000,Available
4287_10631_10:00,4287,Foreground  Racquet Simulator - Sunter,10631,Agassi Court - Tennis,2026-09-22,10:00 - 11:00,275000,Available
4287_10631_11:00,4287,Foreground  Racquet Simulator - Sunter,10631,Agassi Court - Tennis,2026-09-22,11:00 - 12:00,275000,Booked
4287_10632_09:00,4287,Foreground  Racquet Simulator - Sunter,10632,Djokovic Court - Padel,2026-09-22,09:00 - 10:00,275000,Available
4287_10632_10:00,4287,Foreground  Racquet Simulator - Sunter,10632,Djokovic Court - Padel,2026-09-22,10:00 - 11:00,275000,Available
4287_10632_11:00,4287,Foreground  Racquet Simulator - Sunter,10632,Djokovic Court - Padel,2026-09-22,11:00 - 12:00,275000,Available
4287_10633_09:00,4287,Foreground  Racquet Simulator - Sunter,10633,Djokovic Court - Tennis,2026-09-22,09:00 - 10:00,275000,Available
4287_10633_10:00,4287,Foreground  Racquet Simulator - Sunter,10633,Djokovic Court - Tennis,2026-09-22,10:00 - 11:00,275000,Available
4287_10633_11:00,4287,Foreground  Racquet Simulator - Sunter,10633,Djokovic Court - Tennis,2026-09-22,11:00 - 12:00,275000,Available
4010_9884_09:00,4010,YOLO Sports & Lifestyle Pluit,9884,Court 1,2026-09-22,09:00 - 10:00,350000,Booked
4010_9884_10:00,4010,YOLO Sports & Lifestyle Pluit,9884,Court 1,2026-09-22,10:00 - 11:00,350000,Booked
4010_9884_11:00,4010,YOLO Sports & Lifestyle Pluit,9884,Court 1,2026-09-22,11:00 - 12:00,350000,Booked
4010_9885_09:00,4010,YOLO Sports & Lifestyle Pluit,9885,Court 2,2026-09-22,09:00 - 10:00,350000,Booked
4010_9885_10:00,4010,YOLO Sports & Lifestyle Pluit,9885,Court 2,2026-09-22,10:00 - 11:00,350000,Booked
4010_9885_11:00,4010,YOLO Sports & Lifestyle Pluit,9885,Court 2,2026-09-22,11:00 - 12:00,350000,Booked
4010_9886_09:00,4010,YOLO Sports & Lifestyle Pluit,9886,Court 3,2026-09-22,09:00 - 10:00,350000,Booked
4010_9886_10:00,4010,YOLO Sports & Lifestyle Pluit,9886,Court 3,2026-09-22,10:00 - 11:00,350000,Booked
4010_9886_11:00,4010,YOLO Sports & Lifestyle Pluit,9886,Court 3,2026-09-22,11:00 - 12:00,350000,Booked
4010_9887_09:00,4010,YOLO Sports & Lifestyle Pluit,9887,Court 4,2026-09-22,09:00 - 10:00,350000,Booked
4010_9887_10:00,4010,YOLO Sports & Lifestyle Pluit,9887,Court 4,2026-09-22,10:00 - 11:00,350000,Booked
4010_9887_11:00,4010,YOLO Sports & Lifestyle Pluit,9887,Court 4,2026-09-22,11:00 - 12:00,350000,Booked
4010_9888_09:00,4010,YOLO Sports & Lifestyle Pluit,9888,Court 5,2026-09-22,09:00 - 10:00,350000,Booked
4010_9888_10:00,4010,YOLO Sports & Lifestyle Pluit,9888,Court 5,2026-09-22,10:00 - 11:00,350000,Booked
4010_9888_11:00,4010,YOLO Sports & Lifestyle Pluit,9888,Court 5,2026-09-22,11:00 - 12:00,350000,Available
4010_9889_09:00,4010,YOLO Sports & Lifestyle Pluit,9889,Court 6,2026-09-22,09:00 - 10:00,350000,Booked
4010_9889_10:00,4010,YOLO Sports & Lifestyle Pluit,9889,Court 6,2026-09-22,10:00 - 11:00,350000,Booked
4010_9889_11:00,4010,YOLO Sports & Lifestyle Pluit,9889,Court 6,2026-09-22,11:00 - 12:00,350000,Available
4010_10159_09:00,4010,YOLO Sports & Lifestyle Pluit,10159,VIP Court,2026-09-22,09:00 - 10:00,700000,Booked
4010_10159_10:00,4010,YOLO Sports & Lifestyle Pluit,10159,VIP Court,2026-09-22,10:00 - 11:00,700000,Booked
4010_10159_11:00,4010,YOLO Sports & Lifestyle Pluit,10159,VIP Court,2026-09-22,11:00 - 12:00,700000,Available
4010_10160_09:00,4010,YOLO Sports & Lifestyle Pluit,10160,Court 1 - Tennis,2026-09-22,09:00 - 10:00,500000,Booked
4010_10160_10:00,4010,YOLO Sports & Lifestyle Pluit,10160,Court 1 - Tennis,2026-09-22,10:00 - 11:00,500000,Booked
4010_10160_11:00,4010,YOLO Sports & Lifestyle Pluit,10160,Court 1 - Tennis,2026-09-22,11:00 - 12:00,500000,Booked
4010_10161_09:00,4010,YOLO Sports & Lifestyle Pluit,10161,Court 2 - Tennis,2026-09-22,09:00 - 10:00,500000,Available
4010_10161_10:00,4010,YOLO Sports & Lifestyle Pluit,10161,Court 2 - Tennis,2026-09-22,10:00 - 11:00,500000,Available
4010_10161_11:00,4010,YOLO Sports & Lifestyle Pluit,10161,Court 2 - Tennis,2026-09-22,11:00 - 12:00,500000,Booked
4010_11359_09:00,4010,YOLO Sports & Lifestyle Pluit,11359,MAHJONG 1,2026-09-22,09:00 - 10:00,150000,Available
4010_11359_10:00,4010,YOLO Sports & Lifestyle Pluit,11359,MAHJONG 1,2026-09-22,10:00 - 11:00,150000,Available
4010_11359_11:00,4010,YOLO Sports & Lifestyle Pluit,11359,MAHJONG 1,2026-09-22,11:00 - 12:00,150000,Available
4010_11360_10:00,4010,YOLO Sports & Lifestyle Pluit,11360,MAHJONG 2,2026-09-22,10:00 - 12:00,250000,Available
4010_11361_09:00,4010,YOLO Sports & Lifestyle Pluit,11361,MAHJONG 3,2026-09-22,09:00 - 12:00,400000,Available
1657_3362_09:00,1657,Mega Padel,3362,Court A,2026-09-22,09:00 - 10:00,150000,Available
1657_3362_10:00,1657,Mega Padel,3362,Court A,2026-09-22,10:00 - 11:00,150000,Available
1657_3362_11:00,1657,Mega Padel,3362,Court A,2026-09-22,11:00 - 12:00,150000,Available
1657_4759_09:00,1657,Mega Padel,4759,Court B,2026-09-22,09:00 - 10:00,150000,Available
1657_4759_10:00,1657,Mega Padel,4759,Court B,2026-09-22,10:00 - 11:00,150000,Available
1657_4759_11:00,1657,Mega Padel,4759,Court B,2026-09-22,11:00 - 12:00,150000,Available
1657_4760_09:00,1657,Mega Padel,4760,Court C,2026-09-22,09:00 - 10:00,150000,Available
1657_4760_10:00,1657,Mega Padel,4760,Court C,2026-09-22,10:00 - 11:00,150000,Available
1657_4760_11:00,1657,Mega Padel,4760,Court C,2026-09-22,11:00 - 12:00,150000,Available
1657_4761_09:00,1657,Mega Padel,4761,Court D,2026-09-22,09:00 - 10:00,150000,Available
1657_4761_10:00,1657,Mega Padel,4761,Court D,2026-09-22,10:00 - 11:00,150000,Available
1657_4761_11:00,1657,Mega Padel,4761,Court D,2026-09-22,11:00 - 12:00,150000,Available
1657_4762_09:00,1657,Mega Padel,4762,Court E,2026-09-22,09:00 - 10:00,150000,Available
1657_4762_10:00,1657,Mega Padel,4762,Court E,2026-09-22,10:00 - 11:00,150000,Available
1657_4762_11:00,1657,Mega Padel,4762,Court E,2026-09-22,11:00 - 12:00,150000,Available
3510_9473_10:00,3510,Padel Guru JIS,9473,Court A,2026-09-22,10:00 - 11:00,180000,Available
3510_9473_11:00,3510,Padel Guru JIS,9473,Court A,2026-09-22,11:00 - 12:00,180000,Available
3510_9594_10:00,3510,Padel Guru JIS,9594,Court B,2026-09-22,10:00 - 11:00,180000,Available
3510_9594_11:00,3510,Padel Guru JIS,9594,Court B,2026-09-22,11:00 - 12:00,180000,Available
3510_9595_10:00,3510,Padel Guru JIS,9595,Court C,2026-09-22,10:00 - 11:00,180000,Available
3510_9595_11:00,3510,Padel Guru JIS,9595,Court C,2026-09-22,11:00 - 12:00,180000,Available
3510_9596_10:00,3510,Padel Guru JIS,9596,Court D,2026-09-22,10:00 - 11:00,180000,Available
3510_9596_11:00,3510,Padel Guru JIS,9596,Court D,2026-09-22,11:00 - 12:00,180000,Available
1246_2254_09:00,1246,Gaskan Pendekar Arena,2254,Padel 1,2026-09-22,09:00 - 10:00,150000,Available
1246_2254_10:00,1246,Gaskan Pendekar Arena,2254,Padel 1,2026-09-22,10:00 - 11:00,150000,Available
1246_2254_11:00,1246,Gaskan Pendekar Arena,2254,Padel 1,2026-09-22,11:00 - 12:00,150000,Available
1246_2512_09:00,1246,Gaskan Pendekar Arena,2512,Padel 2,2026-09-22,09:00 - 10:00,150000,Available
1246_2512_10:00,1246,Gaskan Pendekar Arena,2512,Padel 2,2026-09-22,10:00 - 11:00,150000,Available
1246_2512_11:00,1246,Gaskan Pendekar Arena,2512,Padel 2,2026-09-22,11:00 - 12:00,150000,Available
1246_2253_09:00,1246,Gaskan Pendekar Arena,2253,Minisoccer,2026-09-22,09:00 - 10:00,350000,Available
1246_2253_10:00,1246,Gaskan Pendekar Arena,2253,Minisoccer,2026-09-22,10:00 - 11:00,350000,Available
1246_2253_11:00,1246,Gaskan Pendekar Arena,2253,Minisoccer,2026-09-22,11:00 - 12:00,350000,Available
1246_12290_09:00,1246,Gaskan Pendekar Arena,12290,Mahjong 1,2026-09-22,09:00 - 10:00,80000,Available
1246_12290_10:00,1246,Gaskan Pendekar Arena,12290,Mahjong 1,2026-09-22,10:00 - 11:00,80000,Available
1246_12290_11:00,1246,Gaskan Pendekar Arena,12290,Mahjong 1,2026-09-22,11:00 - 12:00,80000,Available
1246_12291_09:00,1246,Gaskan Pendekar Arena,12291,Mahjong 2,2026-09-22,09:00 - 10:00,80000,Available
1246_12291_10:00,1246,Gaskan Pendekar Arena,12291,Mahjong 2,2026-09-22,10:00 - 11:00,80000,Available
1246_12291_11:00,1246,Gaskan Pendekar Arena,12291,Mahjong 2,2026-09-22,11:00 - 12:00,80000,Available
3338_8107_09:00,3338,Nord Social Club,8107,Court 1A,2026-09-22,09:00 - 10:00,350000,Available
3338_8107_10:00,3338,Nord Social Club,8107,Court 1A,2026-09-22,10:00 - 11:00,350000,Available
3338_8107_11:00,3338,Nord Social Club,8107,Court 1A,2026-09-22,11:00 - 12:00,350000,Available
3338_8108_09:00,3338,Nord Social Club,8108,Court 2A,2026-09-22,09:00 - 10:00,350000,Booked
3338_8108_10:00,3338,Nord Social Club,8108,Court 2A,2026-09-22,10:00 - 11:00,350000,Booked
3338_8108_11:00,3338,Nord Social Club,8108,Court 2A,2026-09-22,11:00 - 12:00,350000,Available
3338_8109_09:00,3338,Nord Social Club,8109,INDOMOBIL Court 3A,2026-09-22,09:00 - 10:00,350000,Booked
3338_8109_10:00,3338,Nord Social Club,8109,INDOMOBIL Court 3A,2026-09-22,10:00 - 11:00,350000,Booked
3338_8109_11:00,3338,Nord Social Club,8109,INDOMOBIL Court 3A,2026-09-22,11:00 - 12:00,350000,Available
3338_8113_09:00,3338,Nord Social Club,8113,Court Tribune A,2026-09-22,09:00 - 10:00,350000,Available
3338_8113_10:00,3338,Nord Social Club,8113,Court Tribune A,2026-09-22,10:00 - 11:00,350000,Available
3338_8113_11:00,3338,Nord Social Club,8113,Court Tribune A,2026-09-22,11:00 - 12:00,350000,Available
3338_8110_09:00,3338,Nord Social Club,8110,Court 1B,2026-09-22,09:00 - 10:00,350000,Available
3338_8110_10:00,3338,Nord Social Club,8110,Court 1B,2026-09-22,10:00 - 11:00,350000,Available
3338_8110_11:00,3338,Nord Social Club,8110,Court 1B,2026-09-22,11:00 - 12:00,350000,Available
3338_8111_09:00,3338,Nord Social Club,8111,Court 2B,2026-09-22,09:00 - 10:00,350000,Available
3338_8111_10:00,3338,Nord Social Club,8111,Court 2B,2026-09-22,10:00 - 11:00,350000,Available
3338_8111_11:00,3338,Nord Social Club,8111,Court 2B,2026-09-22,11:00 - 12:00,350000,Available
3338_8112_09:00,3338,Nord Social Club,8112,INDOFOOD Court 3B,2026-09-22,09:00 - 10:00,350000,Available
3338_8112_10:00,3338,Nord Social Club,8112,INDOFOOD Court 3B,2026-09-22,10:00 - 11:00,350000,Available
3338_8112_11:00,3338,Nord Social Club,8112,INDOFOOD Court 3B,2026-09-22,11:00 - 12:00,350000,Available
3338_8114_09:00,3338,Nord Social Club,8114,Court Tribune B,2026-09-22,09:00 - 10:00,350000,Available
3338_8114_10:00,3338,Nord Social Club,8114,Court Tribune B,2026-09-22,10:00 - 11:00,350000,Available
3338_8114_11:00,3338,Nord Social Club,8114,Court Tribune B,2026-09-22,11:00 - 12:00,350000,Available
4686_12077_10:00,4686,wePADL at Meridian Sports & Wellness (MSW) PIK,12077,Court 1,2026-09-22,10:00 - 11:00,200000,Available
4686_12077_11:00,4686,wePADL at Meridian Sports & Wellness (MSW) PIK,12077,Court 1,2026-09-22,11:00 - 12:00,200000,Available
4686_12219_10:00,4686,wePADL at Meridian Sports & Wellness (MSW) PIK,12219,Court 2,2026-09-22,10:00 - 11:00,200000,Booked
4686_12219_11:00,4686,wePADL at Meridian Sports & Wellness (MSW) PIK,12219,Court 2,2026-09-22,11:00 - 12:00,200000,Booked
4686_12220_10:00,4686,wePADL at Meridian Sports & Wellness (MSW) PIK,12220,Court 3,2026-09-22,10:00 - 11:00,200000,Available
4686_12220_11:00,4686,wePADL at Meridian Sports & Wellness (MSW) PIK,12220,Court 3,2026-09-22,11:00 - 12:00,200000,Available
4686_12221_10:00,4686,wePADL at Meridian Sports & Wellness (MSW) PIK,12221,Court 4,2026-09-22,10:00 - 11:00,200000,Available
4686_12221_11:00,4686,wePADL at Meridian Sports & Wellness (MSW) PIK,12221,Court 4,2026-09-22,11:00 - 12:00,200000,Available
1305_2410_09:00,1305,The Royale Padel,2410,Padel Court,2026-09-22,09:00 - 10:00,99000,Available
1305_2410_10:00,1305,The Royale Padel,2410,Padel Court,2026-09-22,10:00 - 11:00,99000,Available
1305_2410_11:00,1305,The Royale Padel,2410,Padel Court,2026-09-22,11:00 - 12:00,99000,Available
1305_2411_09:00,1305,The Royale Padel,2411,Pickleball Court,2026-09-22,09:00 - 10:00,69000,Available
1305_2411_10:00,1305,The Royale Padel,2411,Pickleball Court,2026-09-22,10:00 - 11:00,69000,Available
1305_2411_11:00,1305,The Royale Padel,2411,Pickleball Court,2026-09-22,11:00 - 12:00,69000,Available
1305_12123_09:00,1305,The Royale Padel,12123,Table 1,2026-09-22,09:00 - 10:00,50000,Available
1305_12123_10:00,1305,The Royale Padel,12123,Table 1,2026-09-22,10:00 - 11:00,50000,Available
1305_12123_11:00,1305,The Royale Padel,12123,Table 1,2026-09-22,11:00 - 12:00,50000,Available
1305_12852_09:00,1305,The Royale Padel,12852,Table 2,2026-09-22,09:00 - 10:00,50000,Available
1305_12852_10:00,1305,The Royale Padel,12852,Table 2,2026-09-22,10:00 - 11:00,50000,Available
1305_12852_11:00,1305,The Royale Padel,12852,Table 2,2026-09-22,11:00 - 12:00,50000,Available
1305_2412_09:00,1305,The Royale Padel,2412,Recovery Room,2026-09-22,09:00 - 10:00,69000,Available
1305_2412_10:00,1305,The Royale Padel,2412,Recovery Room,2026-09-22,10:00 - 11:00,69000,Available
1305_2412_11:00,1305,The Royale Padel,2412,Recovery Room,2026-09-22,11:00 - 12:00,69000,Available
2625_5746_09:00,2625,Padel Go Blast,5746,Court 1,2026-09-22,09:00 - 10:00,175000,Booked
2625_5746_10:00,2625,Padel Go Blast,5746,Court 1,2026-09-22,10:00 - 11:00,175000,Booked
2625_5746_11:00,2625,Padel Go Blast,5746,Court 1,2026-09-22,11:00 - 12:00,175000,Available
2625_7598_09:00,2625,Padel Go Blast,7598,Court 2,2026-09-22,09:00 - 10:00,175000,Booked
2625_7598_10:00,2625,Padel Go Blast,7598,Court 2,2026-09-22,10:00 - 11:00,175000,Booked
2625_7598_11:00,2625,Padel Go Blast,7598,Court 2,2026-09-22,11:00 - 12:00,175000,Available
2625_7829_09:00,2625,Padel Go Blast,7829,Court 3,2026-09-22,09:00 - 10:00,175000,Booked
2625_7829_10:00,2625,Padel Go Blast,7829,Court 3,2026-09-22,10:00 - 11:00,175000,Booked
2625_7829_11:00,2625,Padel Go Blast,7829,Court 3,2026-09-22,11:00 - 12:00,175000,Available
2625_7830_09:00,2625,Padel Go Blast,7830,Court 4,2026-09-22,09:00 - 10:00,175000,Booked
2625_7830_10:00,2625,Padel Go Blast,7830,Court 4,2026-09-22,10:00 - 11:00,175000,Booked
2625_7830_11:00,2625,Padel Go Blast,7830,Court 4,2026-09-22,11:00 - 12:00,175000,Available
2625_7831_09:00,2625,Padel Go Blast,7831,Court 5,2026-09-22,09:00 - 10:00,175000,Booked
2625_7831_10:00,2625,Padel Go Blast,7831,Court 5,2026-09-22,10:00 - 11:00,175000,Booked
2625_7831_11:00,2625,Padel Go Blast,7831,Court 5,2026-09-22,11:00 - 12:00,175000,Available
4086_10257_09:00,4086,Foreground Racquet Simulator - Pluit,10257,The Lawn,2026-09-22,09:00 - 10:00,205000,Available
4086_10257_10:00,4086,Foreground Racquet Simulator - Pluit,10257,The Lawn,2026-09-22,10:00 - 11:00,205000,Available
4086_10257_11:00,4086,Foreground Racquet Simulator - Pluit,10257,The Lawn,2026-09-22,11:00 - 12:00,205000,Available
4086_10260_09:00,4086,Foreground Racquet Simulator - Pluit,10260,The Lawn,2026-09-22,09:00 - 10:00,205000,Available
4086_10260_10:00,4086,Foreground Racquet Simulator - Pluit,10260,The Lawn,2026-09-22,10:00 - 11:00,205000,Available
4086_10260_11:00,4086,Foreground Racquet Simulator - Pluit,10260,The Lawn,2026-09-22,11:00 - 12:00,205000,Available
4086_10258_09:00,4086,Foreground Racquet Simulator - Pluit,10258,Trophy Court,2026-09-22,09:00 - 10:00,205000,Available
4086_10258_10:00,4086,Foreground Racquet Simulator - Pluit,10258,Trophy Court,2026-09-22,10:00 - 11:00,205000,Available
4086_10258_11:00,4086,Foreground Racquet Simulator - Pluit,10258,Trophy Court,2026-09-22,11:00 - 12:00,205000,Available
4086_10261_09:00,4086,Foreground Racquet Simulator - Pluit,10261,Trophy Court,2026-09-22,09:00 - 10:00,205000,Available
4086_10261_10:00,4086,Foreground Racquet Simulator - Pluit,10261,Trophy Court,2026-09-22,10:00 - 11:00,205000,Available
4086_10261_11:00,4086,Foreground Racquet Simulator - Pluit,10261,Trophy Court,2026-09-22,11:00 - 12:00,205000,Available
4086_10259_09:00,4086,Foreground Racquet Simulator - Pluit,10259,Oak Room,2026-09-22,09:00 - 10:00,205000,Available
4086_10259_10:00,4086,Foreground Racquet Simulator - Pluit,10259,Oak Room,2026-09-22,10:00 - 11:00,205000,Available
4086_10259_11:00,4086,Foreground Racquet Simulator - Pluit,10259,Oak Room,2026-09-22,11:00 - 12:00,205000,Available
4086_10262_09:00,4086,Foreground Racquet Simulator - Pluit,10262,Oak Room,2026-09-22,09:00 - 10:00,205000,Available
4086_10262_10:00,4086,Foreground Racquet Simulator - Pluit,10262,Oak Room,2026-09-22,10:00 - 11:00,205000,Available
4086_10262_11:00,4086,Foreground Racquet Simulator - Pluit,10262,Oak Room,2026-09-22,11:00 - 12:00,205000,Available
4675_12166_09:00,4675,Padre Padel Kelapa Gading,12166,Court 1 - Green,2026-09-22,09:00 - 10:00,150000,Booked
4675_12166_10:00,4675,Padre Padel Kelapa Gading,12166,Court 1 - Green,2026-09-22,10:00 - 11:00,150000,Available
4675_12166_11:00,4675,Padre Padel Kelapa Gading,12166,Court 1 - Green,2026-09-22,11:00 - 12:00,150000,Available
4675_12167_09:00,4675,Padre Padel Kelapa Gading,12167,Court 2 - Terracotta.,2026-09-22,09:00 - 10:00,150000,Available
4675_12167_10:00,4675,Padre Padel Kelapa Gading,12167,Court 2 - Terracotta.,2026-09-22,10:00 - 11:00,150000,Available
4675_12167_11:00,4675,Padre Padel Kelapa Gading,12167,Court 2 - Terracotta.,2026-09-22,11:00 - 12:00,150000,Available
4675_12168_09:00,4675,Padre Padel Kelapa Gading,12168,Court 3 - Blue.,2026-09-22,09:00 - 10:00,150000,Booked
4675_12168_10:00,4675,Padre Padel Kelapa Gading,12168,Court 3 - Blue.,2026-09-22,10:00 - 11:00,150000,Booked
4675_12168_11:00,4675,Padre Padel Kelapa Gading,12168,Court 3 - Blue.,2026-09-22,11:00 - 12:00,150000,Available
4675_12169_09:00,4675,Padre Padel Kelapa Gading,12169,Court 4 - Pink,2026-09-22,09:00 - 10:00,150000,Booked
4675_12169_10:00,4675,Padre Padel Kelapa Gading,12169,Court 4 - Pink,2026-09-22,10:00 - 11:00,150000,Booked
4675_12169_11:00,4675,Padre Padel Kelapa Gading,12169,Court 4 - Pink,2026-09-22,11:00 - 12:00,150000,Available
4675_12170_09:00,4675,Padre Padel Kelapa Gading,12170,Court 5 - Pink,2026-09-22,09:00 - 10:00,150000,Booked
4675_12170_10:00,4675,Padre Padel Kelapa Gading,12170,Court 5 - Pink,2026-09-22,10:00 - 11:00,150000,Booked
4675_12170_11:00,4675,Padre Padel Kelapa Gading,12170,Court 5 - Pink,2026-09-22,11:00 - 12:00,150000,Available
4675_12171_09:00,4675,Padre Padel Kelapa Gading,12171,Court 6 - Black.,2026-09-22,09:00 - 10:00,150000,Available
4675_12171_10:00,4675,Padre Padel Kelapa Gading,12171,Court 6 - Black.,2026-09-22,10:00 - 11:00,150000,Available
4675_12171_11:00,4675,Padre Padel Kelapa Gading,12171,Court 6 - Black.,2026-09-22,11:00 - 12:00,150000,Available
4675_12172_09:00,4675,Padre Padel Kelapa Gading,12172,Court 7 - Black,2026-09-22,09:00 - 10:00,150000,Available
4675_12172_10:00,4675,Padre Padel Kelapa Gading,12172,Court 7 - Black,2026-09-22,10:00 - 11:00,150000,Available
4675_12172_11:00,4675,Padre Padel Kelapa Gading,12172,Court 7 - Black,2026-09-22,11:00 - 12:00,150000,Available
4675_12173_09:00,4675,Padre Padel Kelapa Gading,12173,Court 8 - Black,2026-09-22,09:00 - 10:00,150000,Available
4675_12173_10:00,4675,Padre Padel Kelapa Gading,12173,Court 8 - Black,2026-09-22,10:00 - 11:00,150000,Available
4675_12173_11:00,4675,Padre Padel Kelapa Gading,12173,Court 8 - Black,2026-09-22,11:00 - 12:00,150000,Available
4675_12173_12:00,4675,Padre Padel Kelapa Gading,12173,Court 8 - Black,2026-09-22,12:00 - 13:00,150000,Available
4675_12173_13:00,4675,Padre Padel Kelapa Gading,12173,Court 8 - Black,2026-09-22,13:00 - 14:00,150000,Available
4675_12173_14:00,4675,Padre Padel Kelapa Gading,12173,Court 8 - Black,2026-09-22,14:00 - 15:00,150000,Available
4675_12173_15:00,4675,Padre Padel Kelapa Gading,12173,Court 8 - Black,2026-09-22,15:00 - 16:00,150000,Available
4675_12173_16:00,4675,Padre Padel Kelapa Gading,12173,Court 8 - Black,2026-09-22,16:00 - 17:00,160000,Available
1526_3082_09:00,1526,Kinesis Padel,3082,Lapangan 1,2026-09-22,09:00 - 10:00,150000,Available
1526_3082_10:00,1526,Kinesis Padel,3082,Lapangan 1,2026-09-22,10:00 - 11:00,150000,Available
1526_3082_11:00,1526,Kinesis Padel,3082,Lapangan 1,2026-09-22,11:00 - 12:00,150000,Available
1526_5127_09:00,1526,Kinesis Padel,5127,Lapangan 2,2026-09-22,09:00 - 10:00,150000,Available
1526_5127_10:00,1526,Kinesis Padel,5127,Lapangan 2,2026-09-22,10:00 - 11:00,150000,Available
1526_5127_11:00,1526,Kinesis Padel,5127,Lapangan 2,2026-09-22,11:00 - 12:00,150000,Available
1526_5128_09:00,1526,Kinesis Padel,5128,Lapangan 3,2026-09-22,09:00 - 10:00,150000,Available
1526_5128_10:00,1526,Kinesis Padel,5128,Lapangan 3,2026-09-22,10:00 - 11:00,150000,Available
1526_5128_11:00,1526,Kinesis Padel,5128,Lapangan 3,2026-09-22,11:00 - 12:00,150000,Available
1526_5128_12:00,1526,Kinesis Padel,5128,Lapangan 3,2026-09-22,12:00 - 13:00,150000,Available
1526_5128_13:00,1526,Kinesis Padel,5128,Lapangan 3,2026-09-22,13:00 - 14:00,150000,Available
1526_5128_14:00,1526,Kinesis Padel,5128,Lapangan 3,2026-09-22,14:00 - 15:00,150000,Available
1526_5128_15:00,1526,Kinesis Padel,5128,Lapangan 3,2026-09-22,15:00 - 16:00,150000,Available
1526_5128_16:00,1526,Kinesis Padel,5128,Lapangan 3,2026-09-22,16:00 - 17:00,150000,Available
1526_5129_09:00,1526,Kinesis Padel,5129,Lapangan 4,2026-09-22,09:00 - 10:00,150000,Available
1526_5129_10:00,1526,Kinesis Padel,5129,Lapangan 4,2026-09-22,10:00 - 11:00,150000,Available
1526_5129_11:00,1526,Kinesis Padel,5129,Lapangan 4,2026-09-22,11:00 - 12:00,150000,Available
1651_3357_09:00,1651,Northside Padel Court - Sunter,3357,1°,2026-09-22,09:00 - 10:00,250000,Booked
1651_3357_10:00,1651,Northside Padel Court - Sunter,3357,1°,2026-09-22,10:00 - 11:00,250000,Booked
1651_3357_11:00,1651,Northside Padel Court - Sunter,3357,1°,2026-09-22,11:00 - 12:00,200000,Booked
1651_3357_12:00,1651,Northside Padel Court - Sunter,3357,1°,2026-09-22,12:00 - 13:00,200000,Available
1651_3357_13:00,1651,Northside Padel Court - Sunter,3357,1°,2026-09-22,13:00 - 14:00,200000,Available
1651_3357_14:00,1651,Northside Padel Court - Sunter,3357,1°,2026-09-22,14:00 - 15:00,200000,Available
1651_3357_15:00,1651,Northside Padel Court - Sunter,3357,1°,2026-09-22,15:00 - 16:00,200000,Available
1651_3357_16:00,1651,Northside Padel Court - Sunter,3357,1°,2026-09-22,16:00 - 17:00,200000,Available
1651_4198_09:00,1651,Northside Padel Court - Sunter,4198,2°,2026-09-22,09:00 - 10:00,250000,Booked
1651_4198_10:00,1651,Northside Padel Court - Sunter,4198,2°,2026-09-22,10:00 - 11:00,250000,Booked
1651_4198_11:00,1651,Northside Padel Court - Sunter,4198,2°,2026-09-22,11:00 - 12:00,200000,Booked
1651_4198_12:00,1651,Northside Padel Court - Sunter,4198,2°,2026-09-22,12:00 - 13:00,200000,Available
1651_4198_13:00,1651,Northside Padel Court - Sunter,4198,2°,2026-09-22,13:00 - 14:00,200000,Available
1651_4198_14:00,1651,Northside Padel Court - Sunter,4198,2°,2026-09-22,14:00 - 15:00,200000,Available
1651_4198_15:00,1651,Northside Padel Court - Sunter,4198,2°,2026-09-22,15:00 - 16:00,200000,Available
1651_4198_16:00,1651,Northside Padel Court - Sunter,4198,2°,2026-09-22,16:00 - 17:00,200000,Available
1651_4199_09:00,1651,Northside Padel Court - Sunter,4199,3°,2026-09-22,09:00 - 10:00,250000,Available
1651_4199_10:00,1651,Northside Padel Court - Sunter,4199,3°,2026-09-22,10:00 - 11:00,250000,Available
1651_4199_11:00,1651,Northside Padel Court - Sunter,4199,3°,2026-09-22,11:00 - 12:00,200000,Available
1651_4199_12:00,1651,Northside Padel Court - Sunter,4199,3°,2026-09-22,12:00 - 13:00,200000,Available
1651_4199_13:00,1651,Northside Padel Court - Sunter,4199,3°,2026-09-22,13:00 - 14:00,200000,Available
1651_4199_14:00,1651,Northside Padel Court - Sunter,4199,3°,2026-09-22,14:00 - 15:00,200000,Available
1651_4199_15:00,1651,Northside Padel Court - Sunter,4199,3°,2026-09-22,15:00 - 16:00,200000,Available
1651_4199_16:00,1651,Northside Padel Court - Sunter,4199,3°,2026-09-22,16:00 - 17:00,200000,Available
1651_12254_09:00,1651,Northside Padel Court - Sunter,12254,Mahjong VIP,2026-09-22,09:00 - 10:00,168000,Available
1651_12254_10:00,1651,Northside Padel Court - Sunter,12254,Mahjong VIP,2026-09-22,10:00 - 11:00,168000,Available
1651_12254_11:00,1651,Northside Padel Court - Sunter,12254,Mahjong VIP,2026-09-22,11:00 - 12:00,168000,Available
1651_12254_12:00,1651,Northside Padel Court - Sunter,12254,Mahjong VIP,2026-09-22,12:00 - 13:00,168000,Available
1651_12254_13:00,1651,Northside Padel Court - Sunter,12254,Mahjong VIP,2026-09-22,13:00 - 14:00,168000,Available
1651_12254_14:00,1651,Northside Padel Court - Sunter,12254,Mahjong VIP,2026-09-22,14:00 - 15:00,168000,Available
1651_12254_15:00,1651,Northside Padel Court - Sunter,12254,Mahjong VIP,2026-09-22,15:00 - 16:00,168000,Available
1651_12254_16:00,1651,Northside Padel Court - Sunter,12254,Mahjong VIP,2026-09-22,16:00 - 17:00,168000,Available
1651_12250_09:00,1651,Northside Padel Court - Sunter,12250,Mahjong 0°,2026-09-22,09:00 - 10:00,88000,Available
1651_12250_10:00,1651,Northside Padel Court - Sunter,12250,Mahjong 0°,2026-09-22,10:00 - 11:00,88000,Booked
1651_12250_11:00,1651,Northside Padel Court - Sunter,12250,Mahjong 0°,2026-09-22,11:00 - 12:00,88000,Booked
1651_12250_12:00,1651,Northside Padel Court - Sunter,12250,Mahjong 0°,2026-09-22,12:00 - 13:00,88000,Booked
1651_12250_13:00,1651,Northside Padel Court - Sunter,12250,Mahjong 0°,2026-09-22,13:00 - 14:00,88000,Available
1651_12250_14:00,1651,Northside Padel Court - Sunter,12250,Mahjong 0°,2026-09-22,14:00 - 15:00,88000,Available
1651_12250_15:00,1651,Northside Padel Court - Sunter,12250,Mahjong 0°,2026-09-22,15:00 - 16:00,88000,Available
1651_12250_16:00,1651,Northside Padel Court - Sunter,12250,Mahjong 0°,2026-09-22,16:00 - 17:00,88000,Available
1651_12251_09:00,1651,Northside Padel Court - Sunter,12251,Mahjong 1°,2026-09-22,09:00 - 10:00,88000,Available
1651_12251_10:00,1651,Northside Padel Court - Sunter,12251,Mahjong 1°,2026-09-22,10:00 - 11:00,88000,Booked
1651_12251_11:00,1651,Northside Padel Court - Sunter,12251,Mahjong 1°,2026-09-22,11:00 - 12:00,88000,Booked
1651_12251_12:00,1651,Northside Padel Court - Sunter,12251,Mahjong 1°,2026-09-22,12:00 - 13:00,88000,Booked
1651_12251_13:00,1651,Northside Padel Court - Sunter,12251,Mahjong 1°,2026-09-22,13:00 - 14:00,88000,Available
1651_12251_14:00,1651,Northside Padel Court - Sunter,12251,Mahjong 1°,2026-09-22,14:00 - 15:00,88000,Available
1651_12251_15:00,1651,Northside Padel Court - Sunter,12251,Mahjong 1°,2026-09-22,15:00 - 16:00,88000,Available
1651_12251_16:00,1651,Northside Padel Court - Sunter,12251,Mahjong 1°,2026-09-22,16:00 - 17:00,88000,Available
1651_12252_09:00,1651,Northside Padel Court - Sunter,12252,Mahjong 2°,2026-09-22,09:00 - 10:00,88000,Available
1651_12252_10:00,1651,Northside Padel Court - Sunter,12252,Mahjong 2°,2026-09-22,10:00 - 11:00,88000,Booked
1651_12252_11:00,1651,Northside Padel Court - Sunter,12252,Mahjong 2°,2026-09-22,11:00 - 12:00,88000,Booked
1651_12252_12:00,1651,Northside Padel Court - Sunter,12252,Mahjong 2°,2026-09-22,12:00 - 13:00,88000,Booked
1651_12252_13:00,1651,Northside Padel Court - Sunter,12252,Mahjong 2°,2026-09-22,13:00 - 14:00,88000,Available
1651_12252_14:00,1651,Northside Padel Court - Sunter,12252,Mahjong 2°,2026-09-22,14:00 - 15:00,88000,Available
1651_12252_15:00,1651,Northside Padel Court - Sunter,12252,Mahjong 2°,2026-09-22,15:00 - 16:00,88000,Available
1651_12252_16:00,1651,Northside Padel Court - Sunter,12252,Mahjong 2°,2026-09-22,16:00 - 17:00,88000,Available
1651_12253_09:00,1651,Northside Padel Court - Sunter,12253,Mahjong 3°,2026-09-22,09:00 - 10:00,88000,Available
1651_12253_10:00,1651,Northside Padel Court - Sunter,12253,Mahjong 3°,2026-09-22,10:00 - 11:00,88000,Booked
1651_12253_11:00,1651,Northside Padel Court - Sunter,12253,Mahjong 3°,2026-09-22,11:00 - 12:00,88000,Booked
1651_12253_12:00,1651,Northside Padel Court - Sunter,12253,Mahjong 3°,2026-09-22,12:00 - 13:00,88000,Booked
1651_12253_13:00,1651,Northside Padel Court - Sunter,12253,Mahjong 3°,2026-09-22,13:00 - 14:00,88000,Available
1651_12253_14:00,1651,Northside Padel Court - Sunter,12253,Mahjong 3°,2026-09-22,14:00 - 15:00,88000,Available
1651_12253_15:00,1651,Northside Padel Court - Sunter,12253,Mahjong 3°,2026-09-22,15:00 - 16:00,88000,Available
1651_12253_16:00,1651,Northside Padel Court - Sunter,12253,Mahjong 3°,2026-09-22,16:00 - 17:00,88000,Available
1637_4425_09:00,1637,The Palm Padel,4425,Court 1,2026-09-22,09:00 - 10:00,200000,Available
1637_4425_10:00,1637,The Palm Padel,4425,Court 1,2026-09-22,10:00 - 11:00,200000,Available
1637_4425_11:00,1637,The Palm Padel,4425,Court 1,2026-09-22,11:00 - 12:00,200000,Available
1637_4426_09:00,1637,The Palm Padel,4426,Court 2,2026-09-22,09:00 - 10:00,200000,Available
1637_4426_10:00,1637,The Palm Padel,4426,Court 2,2026-09-22,10:00 - 11:00,200000,Available
1637_4426_11:00,1637,The Palm Padel,4426,Court 2,2026-09-22,11:00 - 12:00,200000,Available
1637_3323_09:00,1637,The Palm Padel,3323,Court 3,2026-09-22,09:00 - 10:00,200000,Available
1637_3323_10:00,1637,The Palm Padel,3323,Court 3,2026-09-22,10:00 - 11:00,200000,Available
1637_3323_11:00,1637,The Palm Padel,3323,Court 3,2026-09-22,11:00 - 12:00,200000,Available
1637_12003_09:00,1637,The Palm Padel,12003,Mahjong 1,2026-09-22,09:00 - 10:00,75000,Available
1637_12003_10:00,1637,The Palm Padel,12003,Mahjong 1,2026-09-22,10:00 - 11:00,75000,Available
1637_12003_11:00,1637,The Palm Padel,12003,Mahjong 1,2026-09-22,11:00 - 12:00,75000,Available
1637_12004_09:00,1637,The Palm Padel,12004,Mahjong 2,2026-09-22,09:00 - 10:00,75000,Available
1637_12004_10:00,1637,The Palm Padel,12004,Mahjong 2,2026-09-22,10:00 - 11:00,75000,Available
1637_12004_11:00,1637,The Palm Padel,12004,Mahjong 2,2026-09-22,11:00 - 12:00,75000,Available
1637_12005_09:00,1637,The Palm Padel,12005,Mahjong 3,2026-09-22,09:00 - 10:00,75000,Available
1637_12005_10:00,1637,The Palm Padel,12005,Mahjong 3,2026-09-22,10:00 - 11:00,75000,Available
1637_12005_11:00,1637,The Palm Padel,12005,Mahjong 3,2026-09-22,11:00 - 12:00,75000,Available
2369_4986_09:00,2369,Cometa Padel VIP Lounge,4986,Padel,2026-09-22,09:00 - 10:00,160000,Available
2369_4986_10:00,2369,Cometa Padel VIP Lounge,4986,Padel,2026-09-22,10:00 - 11:00,160000,Available
2369_4986_11:00,2369,Cometa Padel VIP Lounge,4986,Padel,2026-09-22,11:00 - 12:00,160000,Available
2369_5491_09:00,2369,Cometa Padel VIP Lounge,5491,Basketball,2026-09-22,09:00 - 11:00,500000,Available
2369_5491_11:00,2369,Cometa Padel VIP Lounge,5491,Basketball,2026-09-22,11:00 - 13:00,500000,Available
2369_5492_09:00,2369,Cometa Padel VIP Lounge,5492,Futsal Sintesis,2026-09-22,09:00 - 11:00,400000,Booked
2369_5492_11:00,2369,Cometa Padel VIP Lounge,5492,Futsal Sintesis,2026-09-22,11:00 - 13:00,400000,Booked
2369_5494_09:00,2369,Cometa Padel VIP Lounge,5494,Badminton 1,2026-09-22,09:00 - 11:00,140000,Available
2369_5494_11:00,2369,Cometa Padel VIP Lounge,5494,Badminton 1,2026-09-22,11:00 - 13:00,140000,Available
2369_5495_09:00,2369,Cometa Padel VIP Lounge,5495,Badminton 2,2026-09-22,09:00 - 11:00,140000,Available
2369_5495_11:00,2369,Cometa Padel VIP Lounge,5495,Badminton 2,2026-09-22,11:00 - 13:00,140000,Available
2369_5496_09:00,2369,Cometa Padel VIP Lounge,5496,Badminton 3,2026-09-22,09:00 - 11:00,140000,Available
2369_5496_11:00,2369,Cometa Padel VIP Lounge,5496,Badminton 3,2026-09-22,11:00 - 13:00,140000,Available
2369_5497_09:00,2369,Cometa Padel VIP Lounge,5497,Badminton 4,2026-09-22,09:00 - 11:00,140000,Available
2369_5497_11:00,2369,Cometa Padel VIP Lounge,5497,Badminton 4,2026-09-22,11:00 - 13:00,140000,Available
2369_5498_09:00,2369,Cometa Padel VIP Lounge,5498,Badminton 5,2026-09-22,09:00 - 11:00,140000,Available
2369_5498_11:00,2369,Cometa Padel VIP Lounge,5498,Badminton 5,2026-09-22,11:00 - 13:00,140000,Available
1737_3558_09:00,1737,Vamos! Padel House - Sunter,3558,Court 1,2026-09-22,09:00 - 10:00,275000,Booked
1737_3558_10:00,1737,Vamos! Padel House - Sunter,3558,Court 1,2026-09-22,10:00 - 11:00,275000,Available
1737_3558_11:00,1737,Vamos! Padel House - Sunter,3558,Court 1,2026-09-22,11:00 - 12:00,275000,Available
1737_4645_09:00,1737,Vamos! Padel House - Sunter,4645,Court 2,2026-09-22,09:00 - 10:00,275000,Booked
1737_4645_10:00,1737,Vamos! Padel House - Sunter,4645,Court 2,2026-09-22,10:00 - 11:00,275000,Available
1737_4645_11:00,1737,Vamos! Padel House - Sunter,4645,Court 2,2026-09-22,11:00 - 12:00,275000,Available
1737_4646_09:00,1737,Vamos! Padel House - Sunter,4646,Court 3,2026-09-22,09:00 - 10:00,275000,Available
1737_4646_10:00,1737,Vamos! Padel House - Sunter,4646,Court 3,2026-09-22,10:00 - 11:00,275000,Available
1737_4646_11:00,1737,Vamos! Padel House - Sunter,4646,Court 3,2026-09-22,11:00 - 12:00,275000,Available
1737_4647_09:00,1737,Vamos! Padel House - Sunter,4647,Court 4,2026-09-22,09:00 - 10:00,275000,Booked
1737_4647_10:00,1737,Vamos! Padel House - Sunter,4647,Court 4,2026-09-22,10:00 - 11:00,275000,Available
1737_4647_11:00,1737,Vamos! Padel House - Sunter,4647,Court 4,2026-09-22,11:00 - 12:00,275000,Available
3372_8236_09:00,3372,Genesis Padel Club,8236,Court 1,2026-09-22,09:00 - 10:00,175000,Available
3372_8236_10:00,3372,Genesis Padel Club,8236,Court 1,2026-09-22,10:00 - 11:00,175000,Available
3372_8236_11:00,3372,Genesis Padel Club,8236,Court 1,2026-09-22,11:00 - 12:00,175000,Available
3372_12806_09:00,3372,Genesis Padel Club,12806,Court 2,2026-09-22,09:00 - 10:00,175000,Available
3372_12806_10:00,3372,Genesis Padel Club,12806,Court 2,2026-09-22,10:00 - 11:00,175000,Available
3372_12806_11:00,3372,Genesis Padel Club,12806,Court 2,2026-09-22,11:00 - 12:00,175000,Available
3372_12807_09:00,3372,Genesis Padel Club,12807,Court 3,2026-09-22,09:00 - 10:00,175000,Available
3372_12807_10:00,3372,Genesis Padel Club,12807,Court 3,2026-09-22,10:00 - 11:00,175000,Available
3372_12807_11:00,3372,Genesis Padel Club,12807,Court 3,2026-09-22,11:00 - 12:00,175000,Available
3372_12808_09:00,3372,Genesis Padel Club,12808,Court A,2026-09-22,09:00 - 10:00,175000,Booked
3372_12808_10:00,3372,Genesis Padel Club,12808,Court A,2026-09-22,10:00 - 11:00,175000,Booked
3372_12808_11:00,3372,Genesis Padel Club,12808,Court A,2026-09-22,11:00 - 12:00,175000,Available
3372_12809_09:00,3372,Genesis Padel Club,12809,Court B,2026-09-22,09:00 - 10:00,175000,Booked
3372_12809_10:00,3372,Genesis Padel Club,12809,Court B,2026-09-22,10:00 - 11:00,175000,Booked
3372_12809_11:00,3372,Genesis Padel Club,12809,Court B,2026-09-22,11:00 - 12:00,175000,Available
4179_10310_12:00,4179,The Raquette Temple Sunter,10310,Tennis Court,2026-09-22,12:00 - 13:00,380000,Available
4179_10310_13:00,4179,The Raquette Temple Sunter,10310,Tennis Court,2026-09-22,13:00 - 14:00,380000,Available
4179_10310_14:00,4179,The Raquette Temple Sunter,10310,Tennis Court,2026-09-22,14:00 - 15:00,380000,Booked
4179_10310_15:00,4179,The Raquette Temple Sunter,10310,Tennis Court,2026-09-22,15:00 - 16:00,380000,Booked
4179_10310_16:00,4179,The Raquette Temple Sunter,10310,Tennis Court,2026-09-22,16:00 - 17:00,400000,Booked
4179_10313_12:00,4179,The Raquette Temple Sunter,10313,Padel Court,2026-09-22,12:00 - 13:00,250000,Available
4179_10313_13:00,4179,The Raquette Temple Sunter,10313,Padel Court,2026-09-22,13:00 - 14:00,250000,Available
4179_10313_14:00,4179,The Raquette Temple Sunter,10313,Padel Court,2026-09-22,14:00 - 15:00,250000,Available
4179_10313_15:00,4179,The Raquette Temple Sunter,10313,Padel Court,2026-09-22,15:00 - 16:00,250000,Available
4179_10313_16:00,4179,The Raquette Temple Sunter,10313,Padel Court,2026-09-22,16:00 - 17:00,250000,Available
3193_7652_12:00,3193,Staple Social Club,7652,STAPLE SOCIAL CLUB,2026-09-22,12:00 - 13:00,175000,Available
3193_7652_13:00,3193,Staple Social Club,7652,STAPLE SOCIAL CLUB,2026-09-22,13:00 - 14:00,175000,Available
3193_7652_14:00,3193,Staple Social Club,7652,STAPLE SOCIAL CLUB,2026-09-22,14:00 - 15:00,175000,Available
3193_7652_15:00,3193,Staple Social Club,7652,STAPLE SOCIAL CLUB,2026-09-22,15:00 - 16:00,175000,Available
3193_7652_16:00,3193,Staple Social Club,7652,STAPLE SOCIAL CLUB,2026-09-22,16:00 - 17:00,175000,Available
3013_11045_12:00,3013,X3 Padel,11045,Court A,2026-09-22,12:00 - 13:00,125000,Available
3013_11045_13:00,3013,X3 Padel,11045,Court A,2026-09-22,13:00 - 14:00,125000,Available
3013_11045_14:00,3013,X3 Padel,11045,Court A,2026-09-22,14:00 - 15:00,125000,Available
3013_11045_15:00,3013,X3 Padel,11045,Court A,2026-09-22,15:00 - 16:00,125000,Available
3013_11045_16:00,3013,X3 Padel,11045,Court A,2026-09-22,16:00 - 17:00,175000,Available
3013_11046_12:00,3013,X3 Padel,11046,Court B,2026-09-22,12:00 - 13:00,125000,Available
3013_11046_13:00,3013,X3 Padel,11046,Court B,2026-09-22,13:00 - 14:00,125000,Available
3013_11046_14:00,3013,X3 Padel,11046,Court B,2026-09-22,14:00 - 15:00,125000,Available
3013_11046_15:00,3013,X3 Padel,11046,Court B,2026-09-22,15:00 - 16:00,125000,Available
3013_11046_16:00,3013,X3 Padel,11046,Court B,2026-09-22,16:00 - 17:00,175000,Available
3013_11047_12:00,3013,X3 Padel,11047,Court C,2026-09-22,12:00 - 13:00,125000,Booked
3013_11047_13:00,3013,X3 Padel,11047,Court C,2026-09-22,13:00 - 14:00,125000,Available
3013_11047_14:00,3013,X3 Padel,11047,Court C,2026-09-22,14:00 - 15:00,125000,Available
3013_11047_15:00,3013,X3 Padel,11047,Court C,2026-09-22,15:00 - 16:00,125000,Available
3013_11047_16:00,3013,X3 Padel,11047,Court C,2026-09-22,16:00 - 17:00,175000,Available
3013_11048_12:00,3013,X3 Padel,11048,Court D,2026-09-22,12:00 - 13:00,125000,Booked
3013_11048_13:00,3013,X3 Padel,11048,Court D,2026-09-22,13:00 - 14:00,125000,Available
3013_11048_14:00,3013,X3 Padel,11048,Court D,2026-09-22,14:00 - 15:00,125000,Available
3013_11048_15:00,3013,X3 Padel,11048,Court D,2026-09-22,15:00 - 16:00,125000,Available
3013_11048_16:00,3013,X3 Padel,11048,Court D,2026-09-22,16:00 - 17:00,175000,Available
3013_11049_12:00,3013,X3 Padel,11049,Center Court,2026-09-22,12:00 - 13:00,150000,Booked
3013_11049_13:00,3013,X3 Padel,11049,Center Court,2026-09-22,13:00 - 14:00,150000,Available
3013_11049_14:00,3013,X3 Padel,11049,Center Court,2026-09-22,14:00 - 15:00,150000,Available
3013_11049_15:00,3013,X3 Padel,11049,Center Court,2026-09-22,15:00 - 16:00,150000,Available
3013_11049_16:00,3013,X3 Padel,11049,Center Court,2026-09-22,16:00 - 17:00,200000,Available
1281_2371_13:00,1281,RacketGo Sunter,2371,Tennis Blue Court,2026-09-22,13:00 - 14:00,225000,Available
1281_2371_14:00,1281,RacketGo Sunter,2371,Tennis Blue Court,2026-09-22,14:00 - 15:00,225000,Booked
1281_2371_15:00,1281,RacketGo Sunter,2371,Tennis Blue Court,2026-09-22,15:00 - 16:00,225000,Booked
1281_2371_16:00,1281,RacketGo Sunter,2371,Tennis Blue Court,2026-09-22,16:00 - 17:00,280000,Booked
1281_2371_17:00,1281,RacketGo Sunter,2371,Tennis Blue Court,2026-09-22,17:00 - 18:00,280000,Booked
1281_2372_13:00,1281,RacketGo Sunter,2372,Tennis Purple Court,2026-09-22,13:00 - 14:00,225000,Available
1281_2372_14:00,1281,RacketGo Sunter,2372,Tennis Purple Court,2026-09-22,14:00 - 15:00,225000,Available
1281_2372_15:00,1281,RacketGo Sunter,2372,Tennis Purple Court,2026-09-22,15:00 - 16:00,225000,Booked
1281_2372_16:00,1281,RacketGo Sunter,2372,Tennis Purple Court,2026-09-22,16:00 - 17:00,280000,Available
1281_2372_17:00,1281,RacketGo Sunter,2372,Tennis Purple Court,2026-09-22,17:00 - 18:00,280000,Booked
1281_2373_13:00,1281,RacketGo Sunter,2373,Tennis Orange Court,2026-09-22,13:00 - 14:00,225000,Available
1281_2373_14:00,1281,RacketGo Sunter,2373,Tennis Orange Court,2026-09-22,14:00 - 15:00,225000,Available
1281_2373_15:00,1281,RacketGo Sunter,2373,Tennis Orange Court,2026-09-22,15:00 - 16:00,225000,Booked
1281_2373_16:00,1281,RacketGo Sunter,2373,Tennis Orange Court,2026-09-22,16:00 - 17:00,280000,Available
1281_2373_17:00,1281,RacketGo Sunter,2373,Tennis Orange Court,2026-09-22,17:00 - 18:00,280000,Booked
1281_2374_13:00,1281,RacketGo Sunter,2374,Yellow Padel,2026-09-22,13:00 - 14:00,90000,Booked
1281_2374_14:00,1281,RacketGo Sunter,2374,Yellow Padel,2026-09-22,14:00 - 15:00,90000,Available
1281_2374_15:00,1281,RacketGo Sunter,2374,Yellow Padel,2026-09-22,15:00 - 16:00,90000,Available
1281_2374_16:00,1281,RacketGo Sunter,2374,Yellow Padel,2026-09-22,16:00 - 17:00,225000,Available
1281_2374_17:00,1281,RacketGo Sunter,2374,Yellow Padel,2026-09-22,17:00 - 18:00,225000,Available
1281_2375_13:00,1281,RacketGo Sunter,2375,Pink Padel,2026-09-22,13:00 - 14:00,90000,Available
1281_2375_14:00,1281,RacketGo Sunter,2375,Pink Padel,2026-09-22,14:00 - 15:00,90000,Available
1281_2375_15:00,1281,RacketGo Sunter,2375,Pink Padel,2026-09-22,15:00 - 16:00,90000,Available
1281_2375_16:00,1281,RacketGo Sunter,2375,Pink Padel,2026-09-22,16:00 - 17:00,225000,Available
1281_2375_17:00,1281,RacketGo Sunter,2375,Pink Padel,2026-09-22,17:00 - 18:00,225000,Available
1697_3473_12:00,1697,Urban Racquet Club,3473,Padel A,2026-09-22,12:00 - 13:00,200000,Available
1697_3473_13:00,1697,Urban Racquet Club,3473,Padel A,2026-09-22,13:00 - 14:00,200000,Available
1697_3473_14:00,1697,Urban Racquet Club,3473,Padel A,2026-09-22,14:00 - 15:00,200000,Available
1697_3473_15:00,1697,Urban Racquet Club,3473,Padel A,2026-09-22,15:00 - 16:00,200000,Available
1697_3473_16:00,1697,Urban Racquet Club,3473,Padel A,2026-09-22,16:00 - 17:00,300000,Available
1697_3572_12:00,1697,Urban Racquet Club,3572,Padel B,2026-09-22,12:00 - 13:00,200000,Available
1697_3572_13:00,1697,Urban Racquet Club,3572,Padel B,2026-09-22,13:00 - 14:00,200000,Available
1697_3572_14:00,1697,Urban Racquet Club,3572,Padel B,2026-09-22,14:00 - 15:00,200000,Available
1697_3572_15:00,1697,Urban Racquet Club,3572,Padel B,2026-09-22,15:00 - 16:00,200000,Available
1697_3572_16:00,1697,Urban Racquet Club,3572,Padel B,2026-09-22,16:00 - 17:00,300000,Available
1697_3573_12:00,1697,Urban Racquet Club,3573,Padel C,2026-09-22,12:00 - 13:00,200000,Available
1697_3573_13:00,1697,Urban Racquet Club,3573,Padel C,2026-09-22,13:00 - 14:00,200000,Available
1697_3573_14:00,1697,Urban Racquet Club,3573,Padel C,2026-09-22,14:00 - 15:00,200000,Available
1697_3573_15:00,1697,Urban Racquet Club,3573,Padel C,2026-09-22,15:00 - 16:00,200000,Available
1697_3573_16:00,1697,Urban Racquet Club,3573,Padel C,2026-09-22,16:00 - 17:00,300000,Available
1697_3574_12:00,1697,Urban Racquet Club,3574,Padel D,2026-09-22,12:00 - 13:00,200000,Booked
1697_3574_13:00,1697,Urban Racquet Club,3574,Padel D,2026-09-22,13:00 - 14:00,200000,Available
1697_3574_14:00,1697,Urban Racquet Club,3574,Padel D,2026-09-22,14:00 - 15:00,200000,Available
1697_3574_15:00,1697,Urban Racquet Club,3574,Padel D,2026-09-22,15:00 - 16:00,200000,Booked
1697_3574_16:00,1697,Urban Racquet Club,3574,Padel D,2026-09-22,16:00 - 17:00,300000,Booked
1697_3575_12:00,1697,Urban Racquet Club,3575,Padel E,2026-09-22,12:00 - 13:00,200000,Available
1697_3575_13:00,1697,Urban Racquet Club,3575,Padel E,2026-09-22,13:00 - 14:00,200000,Available
1697_3575_14:00,1697,Urban Racquet Club,3575,Padel E,2026-09-22,14:00 - 15:00,200000,Available
1697_3575_15:00,1697,Urban Racquet Club,3575,Padel E,2026-09-22,15:00 - 16:00,200000,Available
1697_3575_16:00,1697,Urban Racquet Club,3575,Padel E,2026-09-22,16:00 - 17:00,300000,Available
1697_3576_12:00,1697,Urban Racquet Club,3576,Padel F,2026-09-22,12:00 - 13:00,200000,Available
1697_3576_13:00,1697,Urban Racquet Club,3576,Padel F,2026-09-22,13:00 - 14:00,200000,Available
1697_3576_14:00,1697,Urban Racquet Club,3576,Padel F,2026-09-22,14:00 - 15:00,200000,Available
1697_3576_15:00,1697,Urban Racquet Club,3576,Padel F,2026-09-22,15:00 - 16:00,200000,Available
1697_3576_16:00,1697,Urban Racquet Club,3576,Padel F,2026-09-22,16:00 - 17:00,300000,Available
1697_3577_12:00,1697,Urban Racquet Club,3577,Tennis 1,2026-09-22,12:00 - 13:00,300000,Booked
1697_3577_13:00,1697,Urban Racquet Club,3577,Tennis 1,2026-09-22,13:00 - 14:00,300000,Booked
1697_3577_14:00,1697,Urban Racquet Club,3577,Tennis 1,2026-09-22,14:00 - 15:00,300000,Booked
1697_3577_15:00,1697,Urban Racquet Club,3577,Tennis 1,2026-09-22,15:00 - 16:00,300000,Booked
1697_3577_16:00,1697,Urban Racquet Club,3577,Tennis 1,2026-09-22,16:00 - 18:00,600000,Booked
1697_3474_12:00,1697,Urban Racquet Club,3474,Tennis 2,2026-09-22,12:00 - 13:00,300000,Booked
1697_3474_13:00,1697,Urban Racquet Club,3474,Tennis 2,2026-09-22,13:00 - 14:00,300000,Booked
1697_3474_14:00,1697,Urban Racquet Club,3474,Tennis 2,2026-09-22,14:00 - 15:00,300000,Booked
1697_3474_15:00,1697,Urban Racquet Club,3474,Tennis 2,2026-09-22,15:00 - 16:00,300000,Booked
1697_3474_16:00,1697,Urban Racquet Club,3474,Tennis 2,2026-09-22,16:00 - 18:00,600000,Booked
1697_3578_12:00,1697,Urban Racquet Club,3578,Tennis 3,2026-09-22,12:00 - 13:00,300000,Booked
1697_3578_13:00,1697,Urban Racquet Club,3578,Tennis 3,2026-09-22,13:00 - 14:00,300000,Booked
1697_3578_14:00,1697,Urban Racquet Club,3578,Tennis 3,2026-09-22,14:00 - 15:00,300000,Booked
1697_3578_15:00,1697,Urban Racquet Club,3578,Tennis 3,2026-09-22,15:00 - 16:00,300000,Booked
1697_3578_16:00,1697,Urban Racquet Club,3578,Tennis 3,2026-09-22,16:00 - 18:00,600000,Booked
1336_2483_12:00,1336,Olympus Prime Sports Center - Bandengan,2483,Tennis Indoor 1 - Tribune,2026-09-22,12:00 - 13:00,180000,Booked
1336_2483_13:00,1336,Olympus Prime Sports Center - Bandengan,2483,Tennis Indoor 1 - Tribune,2026-09-22,13:00 - 14:00,180000,Available
1336_2483_14:00,1336,Olympus Prime Sports Center - Bandengan,2483,Tennis Indoor 1 - Tribune,2026-09-22,14:00 - 15:00,275000,Available
1336_2483_15:00,1336,Olympus Prime Sports Center - Bandengan,2483,Tennis Indoor 1 - Tribune,2026-09-22,15:00 - 16:00,275000,Booked
1336_2483_16:00,1336,Olympus Prime Sports Center - Bandengan,2483,Tennis Indoor 1 - Tribune,2026-09-22,16:00 - 17:00,275000,Booked
1336_2495_12:00,1336,Olympus Prime Sports Center - Bandengan,2495,Tennis Indoor 2 - Tribune,2026-09-22,12:00 - 13:00,180000,Booked
1336_2495_13:00,1336,Olympus Prime Sports Center - Bandengan,2495,Tennis Indoor 2 - Tribune,2026-09-22,13:00 - 14:00,180000,Booked
1336_2495_14:00,1336,Olympus Prime Sports Center - Bandengan,2495,Tennis Indoor 2 - Tribune,2026-09-22,14:00 - 15:00,275000,Booked
1336_2495_15:00,1336,Olympus Prime Sports Center - Bandengan,2495,Tennis Indoor 2 - Tribune,2026-09-22,15:00 - 16:00,275000,Available
1336_2495_16:00,1336,Olympus Prime Sports Center - Bandengan,2495,Tennis Indoor 2 - Tribune,2026-09-22,16:00 - 17:00,275000,Booked
1336_2496_12:00,1336,Olympus Prime Sports Center - Bandengan,2496,Tennis Outdoor 3,2026-09-22,12:00 - 13:00,150000,Available
1336_2496_13:00,1336,Olympus Prime Sports Center - Bandengan,2496,Tennis Outdoor 3,2026-09-22,13:00 - 14:00,150000,Available
1336_2496_14:00,1336,Olympus Prime Sports Center - Bandengan,2496,Tennis Outdoor 3,2026-09-22,14:00 - 15:00,150000,Available
1336_2496_15:00,1336,Olympus Prime Sports Center - Bandengan,2496,Tennis Outdoor 3,2026-09-22,15:00 - 16:00,150000,Available
1336_2496_16:00,1336,Olympus Prime Sports Center - Bandengan,2496,Tennis Outdoor 3,2026-09-22,16:00 - 17:00,150000,Booked
1336_2497_12:00,1336,Olympus Prime Sports Center - Bandengan,2497,Tennis Outdoor 4,2026-09-22,12:00 - 13:00,150000,Available
1336_2497_13:00,1336,Olympus Prime Sports Center - Bandengan,2497,Tennis Outdoor 4,2026-09-22,13:00 - 14:00,150000,Available
1336_2497_14:00,1336,Olympus Prime Sports Center - Bandengan,2497,Tennis Outdoor 4,2026-09-22,14:00 - 15:00,150000,Available
1336_2497_15:00,1336,Olympus Prime Sports Center - Bandengan,2497,Tennis Outdoor 4,2026-09-22,15:00 - 16:00,150000,Available
1336_2497_16:00,1336,Olympus Prime Sports Center - Bandengan,2497,Tennis Outdoor 4,2026-09-22,16:00 - 17:00,150000,Booked
1336_2498_12:00,1336,Olympus Prime Sports Center - Bandengan,2498,Tennis Outdoor 5,2026-09-22,12:00 - 13:00,150000,Available
1336_2498_13:00,1336,Olympus Prime Sports Center - Bandengan,2498,Tennis Outdoor 5,2026-09-22,13:00 - 14:00,150000,Available
1336_2498_14:00,1336,Olympus Prime Sports Center - Bandengan,2498,Tennis Outdoor 5,2026-09-22,14:00 - 15:00,150000,Available
1336_2498_15:00,1336,Olympus Prime Sports Center - Bandengan,2498,Tennis Outdoor 5,2026-09-22,15:00 - 16:00,150000,Available
1336_2498_16:00,1336,Olympus Prime Sports Center - Bandengan,2498,Tennis Outdoor 5,2026-09-22,16:00 - 17:00,150000,Available
1336_2499_12:00,1336,Olympus Prime Sports Center - Bandengan,2499,Tennis Outdoor 6,2026-09-22,12:00 - 13:00,150000,Available
1336_2499_13:00,1336,Olympus Prime Sports Center - Bandengan,2499,Tennis Outdoor 6,2026-09-22,13:00 - 14:00,150000,Available
1336_2499_14:00,1336,Olympus Prime Sports Center - Bandengan,2499,Tennis Outdoor 6,2026-09-22,14:00 - 15:00,150000,Available
1336_2499_15:00,1336,Olympus Prime Sports Center - Bandengan,2499,Tennis Outdoor 6,2026-09-22,15:00 - 16:00,150000,Available
1336_2499_16:00,1336,Olympus Prime Sports Center - Bandengan,2499,Tennis Outdoor 6,2026-09-22,16:00 - 17:00,150000,Booked
1336_2500_12:00,1336,Olympus Prime Sports Center - Bandengan,2500,Padel Indoor White A,2026-09-22,12:00 - 13:00,180000,Available
1336_2500_13:00,1336,Olympus Prime Sports Center - Bandengan,2500,Padel Indoor White A,2026-09-22,13:00 - 14:00,180000,Available
1336_2500_14:00,1336,Olympus Prime Sports Center - Bandengan,2500,Padel Indoor White A,2026-09-22,14:00 - 15:00,180000,Available
1336_2500_15:00,1336,Olympus Prime Sports Center - Bandengan,2500,Padel Indoor White A,2026-09-22,15:00 - 16:00,180000,Available
1336_2500_16:00,1336,Olympus Prime Sports Center - Bandengan,2500,Padel Indoor White A,2026-09-22,16:00 - 17:00,180000,Available
1336_2501_12:00,1336,Olympus Prime Sports Center - Bandengan,2501,Padel Indoor White B,2026-09-22,12:00 - 13:00,180000,Available
1336_2501_13:00,1336,Olympus Prime Sports Center - Bandengan,2501,Padel Indoor White B,2026-09-22,13:00 - 14:00,180000,Available
1336_2501_14:00,1336,Olympus Prime Sports Center - Bandengan,2501,Padel Indoor White B,2026-09-22,14:00 - 15:00,180000,Available
1336_2501_15:00,1336,Olympus Prime Sports Center - Bandengan,2501,Padel Indoor White B,2026-09-22,15:00 - 16:00,180000,Available
1336_2501_16:00,1336,Olympus Prime Sports Center - Bandengan,2501,Padel Indoor White B,2026-09-22,16:00 - 17:00,180000,Available
1336_2502_12:00,1336,Olympus Prime Sports Center - Bandengan,2502,Padel Indoor Black C,2026-09-22,12:00 - 13:00,180000,Available
1336_2502_13:00,1336,Olympus Prime Sports Center - Bandengan,2502,Padel Indoor Black C,2026-09-22,13:00 - 14:00,180000,Available
1336_2502_14:00,1336,Olympus Prime Sports Center - Bandengan,2502,Padel Indoor Black C,2026-09-22,14:00 - 15:00,180000,Available
1336_2502_15:00,1336,Olympus Prime Sports Center - Bandengan,2502,Padel Indoor Black C,2026-09-22,15:00 - 16:00,180000,Available
1336_2502_16:00,1336,Olympus Prime Sports Center - Bandengan,2502,Padel Indoor Black C,2026-09-22,16:00 - 17:00,180000,Available
1336_2503_12:00,1336,Olympus Prime Sports Center - Bandengan,2503,Padel Indoor Black D,2026-09-22,12:00 - 13:00,180000,Available
1336_2503_13:00,1336,Olympus Prime Sports Center - Bandengan,2503,Padel Indoor Black D,2026-09-22,13:00 - 14:00,180000,Available
1336_2503_14:00,1336,Olympus Prime Sports Center - Bandengan,2503,Padel Indoor Black D,2026-09-22,14:00 - 15:00,180000,Available
1336_2503_15:00,1336,Olympus Prime Sports Center - Bandengan,2503,Padel Indoor Black D,2026-09-22,15:00 - 16:00,180000,Available
1336_2503_16:00,1336,Olympus Prime Sports Center - Bandengan,2503,Padel Indoor Black D,2026-09-22,16:00 - 17:00,180000,Available
1336_2504_12:00,1336,Olympus Prime Sports Center - Bandengan,2504,Pickleball Semi Indoor Court 1,2026-09-22,12:00 - 13:00,150000,Available
1336_2504_13:00,1336,Olympus Prime Sports Center - Bandengan,2504,Pickleball Semi Indoor Court 1,2026-09-22,13:00 - 14:00,150000,Available
1336_2504_14:00,1336,Olympus Prime Sports Center - Bandengan,2504,Pickleball Semi Indoor Court 1,2026-09-22,14:00 - 15:00,150000,Available
1336_2504_15:00,1336,Olympus Prime Sports Center - Bandengan,2504,Pickleball Semi Indoor Court 1,2026-09-22,15:00 - 16:00,150000,Booked
1336_2504_16:00,1336,Olympus Prime Sports Center - Bandengan,2504,Pickleball Semi Indoor Court 1,2026-09-22,16:00 - 17:00,200000,Booked
1336_2505_12:00,1336,Olympus Prime Sports Center - Bandengan,2505,Pickleball Semi Indoor Court 2,2026-09-22,12:00 - 13:00,150000,Available
1336_2505_13:00,1336,Olympus Prime Sports Center - Bandengan,2505,Pickleball Semi Indoor Court 2,2026-09-22,13:00 - 14:00,150000,Available
1336_2505_14:00,1336,Olympus Prime Sports Center - Bandengan,2505,Pickleball Semi Indoor Court 2,2026-09-22,14:00 - 15:00,150000,Available
1336_2505_15:00,1336,Olympus Prime Sports Center - Bandengan,2505,Pickleball Semi Indoor Court 2,2026-09-22,15:00 - 16:00,150000,Available
1336_2505_16:00,1336,Olympus Prime Sports Center - Bandengan,2505,Pickleball Semi Indoor Court 2,2026-09-22,16:00 - 17:00,200000,Available
1410_2704_12:00,1410,Anfa Arena Padel,2704,Court A,2026-09-22,12:00 - 13:00,175000,Available
1410_2704_13:00,1410,Anfa Arena Padel,2704,Court A,2026-09-22,13:00 - 14:00,175000,Available
1410_2704_14:00,1410,Anfa Arena Padel,2704,Court A,2026-09-22,14:00 - 15:00,175000,Available
1410_2704_15:00,1410,Anfa Arena Padel,2704,Court A,2026-09-22,15:00 - 16:00,175000,Available
1410_2704_16:00,1410,Anfa Arena Padel,2704,Court A,2026-09-22,16:00 - 17:00,250000,Booked
1410_2705_12:00,1410,Anfa Arena Padel,2705,Court B,2026-09-22,12:00 - 13:00,175000,Available
1410_2705_13:00,1410,Anfa Arena Padel,2705,Court B,2026-09-22,13:00 - 14:00,175000,Available
1410_2705_14:00,1410,Anfa Arena Padel,2705,Court B,2026-09-22,14:00 - 15:00,175000,Available
1410_2705_15:00,1410,Anfa Arena Padel,2705,Court B,2026-09-22,15:00 - 16:00,175000,Available
1410_2705_16:00,1410,Anfa Arena Padel,2705,Court B,2026-09-22,16:00 - 17:00,250000,Available
1410_2706_12:00,1410,Anfa Arena Padel,2706,Court C,2026-09-22,12:00 - 13:00,175000,Available
1410_2706_13:00,1410,Anfa Arena Padel,2706,Court C,2026-09-22,13:00 - 14:00,175000,Available
1410_2706_14:00,1410,Anfa Arena Padel,2706,Court C,2026-09-22,14:00 - 15:00,175000,Available
1410_2706_15:00,1410,Anfa Arena Padel,2706,Court C,2026-09-22,15:00 - 16:00,175000,Available
1410_2706_16:00,1410,Anfa Arena Padel,2706,Court C,2026-09-22,16:00 - 17:00,250000,Booked
3265_7841_13:00,3265,Pluit Padel Parq (PPP),7841,1 - Teak,2026-09-22,13:00 - 15:00,425000,Available
3265_7841_15:00,3265,Pluit Padel Parq (PPP),7841,1 - Teak,2026-09-22,15:00 - 17:00,425000,Available
3265_8722_13:00,3265,Pluit Padel Parq (PPP),8722,2 - Palm,2026-09-22,13:00 - 15:00,425000,Available
3265_8722_15:00,3265,Pluit Padel Parq (PPP),8722,2 - Palm,2026-09-22,15:00 - 17:00,425000,Available
3265_8723_13:00,3265,Pluit Padel Parq (PPP),8723,3 - Moss,2026-09-22,13:00 - 15:00,425000,Available
3265_8723_15:00,3265,Pluit Padel Parq (PPP),8723,3 - Moss,2026-09-22,15:00 - 17:00,425000,Available
3265_8724_13:00,3265,Pluit Padel Parq (PPP),8724,C - Center,2026-09-22,13:00 - 15:00,425000,Booked
3265_8724_15:00,3265,Pluit Padel Parq (PPP),8724,C - Center,2026-09-22,15:00 - 17:00,425000,Available
3265_8725_13:00,3265,Pluit Padel Parq (PPP),8725,5 - Leaf,2026-09-22,13:00 - 15:00,425000,Booked
3265_8725_15:00,3265,Pluit Padel Parq (PPP),8725,5 - Leaf,2026-09-22,15:00 - 17:00,425000,Available
3265_8726_12:00,3265,Pluit Padel Parq (PPP),8726,6 - Wood,2026-09-22,12:00 - 13:00,225000,Available
3265_8726_13:00,3265,Pluit Padel Parq (PPP),8726,6 - Wood,2026-09-22,13:00 - 14:00,225000,Available
3265_8726_14:00,3265,Pluit Padel Parq (PPP),8726,6 - Wood,2026-09-22,14:00 - 15:00,225000,Available
3265_8726_15:00,3265,Pluit Padel Parq (PPP),8726,6 - Wood,2026-09-22,15:00 - 16:00,225000,Available
3265_8726_16:00,3265,Pluit Padel Parq (PPP),8726,6 - Wood,2026-09-22,16:00 - 17:00,350000,Available
3265_8727_12:00,3265,Pluit Padel Parq (PPP),8727,7 - Pine,2026-09-22,12:00 - 13:00,225000,Available
3265_8727_13:00,3265,Pluit Padel Parq (PPP),8727,7 - Pine,2026-09-22,13:00 - 14:00,225000,Available
3265_8727_14:00,3265,Pluit Padel Parq (PPP),8727,7 - Pine,2026-09-22,14:00 - 15:00,225000,Available
3265_8727_15:00,3265,Pluit Padel Parq (PPP),8727,7 - Pine,2026-09-22,15:00 - 16:00,225000,Available
3265_8727_16:00,3265,Pluit Padel Parq (PPP),8727,7 - Pine,2026-09-22,16:00 - 17:00,350000,Available
3265_8728_12:00,3265,Pluit Padel Parq (PPP),8728,8 - Fern,2026-09-22,12:00 - 13:00,225000,Booked
3265_8728_13:00,3265,Pluit Padel Parq (PPP),8728,8 - Fern,2026-09-22,13:00 - 14:00,225000,Booked
3265_8728_14:00,3265,Pluit Padel Parq (PPP),8728,8 - Fern,2026-09-22,14:00 - 15:00,225000,Available
3265_8728_15:00,3265,Pluit Padel Parq (PPP),8728,8 - Fern,2026-09-22,15:00 - 16:00,225000,Available
3265_8728_16:00,3265,Pluit Padel Parq (PPP),8728,8 - Fern,2026-09-22,16:00 - 17:00,350000,Booked
3265_9560_12:00,3265,Pluit Padel Parq (PPP),9560,01 - Lawn,2026-09-22,12:00 - 13:00,300000,Booked
3265_9560_13:00,3265,Pluit Padel Parq (PPP),9560,01 - Lawn,2026-09-22,13:00 - 14:00,300000,Booked
3265_9560_14:00,3265,Pluit Padel Parq (PPP),9560,01 - Lawn,2026-09-22,14:00 - 15:00,300000,Available
3265_9560_15:00,3265,Pluit Padel Parq (PPP),9560,01 - Lawn,2026-09-22,15:00 - 16:00,300000,Booked
3265_9560_16:00,3265,Pluit Padel Parq (PPP),9560,01 - Lawn,2026-09-22,16:00 - 17:00,300000,Booked
3265_9561_12:00,3265,Pluit Padel Parq (PPP),9561,02 - Ground,2026-09-22,12:00 - 13:00,300000,Booked
3265_9561_13:00,3265,Pluit Padel Parq (PPP),9561,02 - Ground,2026-09-22,13:00 - 14:00,300000,Booked
3265_9561_14:00,3265,Pluit Padel Parq (PPP),9561,02 - Ground,2026-09-22,14:00 - 15:00,300000,Available
3265_9561_15:00,3265,Pluit Padel Parq (PPP),9561,02 - Ground,2026-09-22,15:00 - 16:00,300000,Booked
3265_9561_16:00,3265,Pluit Padel Parq (PPP),9561,02 - Ground,2026-09-22,16:00 - 17:00,300000,Booked
1782_3630_12:00,1782,DeWarehouse Padel ( DWP ) - Sunter,3630,Court 1,2026-09-22,12:00 - 13:00,81000,Available
1782_3630_13:00,1782,DeWarehouse Padel ( DWP ) - Sunter,3630,Court 1,2026-09-22,13:00 - 14:00,81000,Booked
1782_3630_14:00,1782,DeWarehouse Padel ( DWP ) - Sunter,3630,Court 1,2026-09-22,14:00 - 15:00,81000,Booked
1782_3630_15:00,1782,DeWarehouse Padel ( DWP ) - Sunter,3630,Court 1,2026-09-22,15:00 - 16:00,81000,Available
1782_3630_16:00,1782,DeWarehouse Padel ( DWP ) - Sunter,3630,Court 1,2026-09-22,16:00 - 17:00,81000,Booked
1782_6271_12:00,1782,DeWarehouse Padel ( DWP ) - Sunter,6271,Court 2,2026-09-22,12:00 - 13:00,81000,Available
1782_6271_13:00,1782,DeWarehouse Padel ( DWP ) - Sunter,6271,Court 2,2026-09-22,13:00 - 14:00,81000,Booked
1782_6271_14:00,1782,DeWarehouse Padel ( DWP ) - Sunter,6271,Court 2,2026-09-22,14:00 - 15:00,81000,Booked
1782_6271_15:00,1782,DeWarehouse Padel ( DWP ) - Sunter,6271,Court 2,2026-09-22,15:00 - 16:00,81000,Available
1782_6271_16:00,1782,DeWarehouse Padel ( DWP ) - Sunter,6271,Court 2,2026-09-22,16:00 - 17:00,81000,Booked
1782_6272_12:00,1782,DeWarehouse Padel ( DWP ) - Sunter,6272,Court 3,2026-09-22,12:00 - 13:00,81000,Booked
1782_6272_13:00,1782,DeWarehouse Padel ( DWP ) - Sunter,6272,Court 3,2026-09-22,13:00 - 14:00,81000,Booked
1782_6272_14:00,1782,DeWarehouse Padel ( DWP ) - Sunter,6272,Court 3,2026-09-22,14:00 - 15:00,81000,Booked
1782_6272_15:00,1782,DeWarehouse Padel ( DWP ) - Sunter,6272,Court 3,2026-09-22,15:00 - 16:00,81000,Booked
1782_6272_16:00,1782,DeWarehouse Padel ( DWP ) - Sunter,6272,Court 3,2026-09-22,16:00 - 17:00,81000,Booked
1782_6273_12:00,1782,DeWarehouse Padel ( DWP ) - Sunter,6273,Court 4,2026-09-22,12:00 - 13:00,81000,Booked
1782_6273_13:00,1782,DeWarehouse Padel ( DWP ) - Sunter,6273,Court 4,2026-09-22,13:00 - 14:00,81000,Booked
1782_6273_14:00,1782,DeWarehouse Padel ( DWP ) - Sunter,6273,Court 4,2026-09-22,14:00 - 15:00,81000,Available
1782_6273_15:00,1782,DeWarehouse Padel ( DWP ) - Sunter,6273,Court 4,2026-09-22,15:00 - 16:00,81000,Booked
1782_6273_16:00,1782,DeWarehouse Padel ( DWP ) - Sunter,6273,Court 4,2026-09-22,16:00 - 17:00,81000,Booked
1782_6274_12:00,1782,DeWarehouse Padel ( DWP ) - Sunter,6274,Court 5,2026-09-22,12:00 - 13:00,81000,Available
1782_6274_13:00,1782,DeWarehouse Padel ( DWP ) - Sunter,6274,Court 5,2026-09-22,13:00 - 14:00,81000,Available
1782_6274_14:00,1782,DeWarehouse Padel ( DWP ) - Sunter,6274,Court 5,2026-09-22,14:00 - 15:00,81000,Booked
1782_6274_15:00,1782,DeWarehouse Padel ( DWP ) - Sunter,6274,Court 5,2026-09-22,15:00 - 16:00,81000,Booked
1782_6274_16:00,1782,DeWarehouse Padel ( DWP ) - Sunter,6274,Court 5,2026-09-22,16:00 - 17:00,81000,Booked
1782_6275_12:00,1782,DeWarehouse Padel ( DWP ) - Sunter,6275,Court 6,2026-09-22,12:00 - 13:00,81000,Available
1782_6275_13:00,1782,DeWarehouse Padel ( DWP ) - Sunter,6275,Court 6,2026-09-22,13:00 - 14:00,81000,Available
1782_6275_14:00,1782,DeWarehouse Padel ( DWP ) - Sunter,6275,Court 6,2026-09-22,14:00 - 15:00,81000,Booked
1782_6275_15:00,1782,DeWarehouse Padel ( DWP ) - Sunter,6275,Court 6,2026-09-22,15:00 - 16:00,81000,Booked
1782_6275_16:00,1782,DeWarehouse Padel ( DWP ) - Sunter,6275,Court 6,2026-09-22,16:00 - 17:00,81000,Available
1782_6276_12:00,1782,DeWarehouse Padel ( DWP ) - Sunter,6276,Panasonic Court,2026-09-22,12:00 - 13:00,81000,Available
1782_6276_13:00,1782,DeWarehouse Padel ( DWP ) - Sunter,6276,Panasonic Court,2026-09-22,13:00 - 14:00,81000,Booked
1782_6276_14:00,1782,DeWarehouse Padel ( DWP ) - Sunter,6276,Panasonic Court,2026-09-22,14:00 - 15:00,81000,Booked
1782_6276_15:00,1782,DeWarehouse Padel ( DWP ) - Sunter,6276,Panasonic Court,2026-09-22,15:00 - 16:00,81000,Available
1782_6276_16:00,1782,DeWarehouse Padel ( DWP ) - Sunter,6276,Panasonic Court,2026-09-22,16:00 - 17:00,81000,Available
2824_6431_12:00,2824,Rivera Padel Pluit,6431,Centre Court,2026-09-22,12:00 - 13:00,188000,Available
2824_6431_13:00,2824,Rivera Padel Pluit,6431,Centre Court,2026-09-22,13:00 - 14:00,188000,Available
2824_6431_14:00,2824,Rivera Padel Pluit,6431,Centre Court,2026-09-22,14:00 - 15:00,188000,Available
2824_6431_15:00,2824,Rivera Padel Pluit,6431,Centre Court,2026-09-22,15:00 - 16:00,188000,Available
2824_6431_16:00,2824,Rivera Padel Pluit,6431,Centre Court,2026-09-22,16:00 - 17:00,288000,Available
2824_6432_12:00,2824,Rivera Padel Pluit,6432,Court 1,2026-09-22,12:00 - 13:00,188000,Available
2824_6432_13:00,2824,Rivera Padel Pluit,6432,Court 1,2026-09-22,13:00 - 14:00,188000,Available
2824_6432_14:00,2824,Rivera Padel Pluit,6432,Court 1,2026-09-22,14:00 - 15:00,188000,Available
2824_6432_15:00,2824,Rivera Padel Pluit,6432,Court 1,2026-09-22,15:00 - 16:00,188000,Available
2824_6432_16:00,2824,Rivera Padel Pluit,6432,Court 1,2026-09-22,16:00 - 17:00,288000,Booked
2824_6547_12:00,2824,Rivera Padel Pluit,6547,Court 2,2026-09-22,12:00 - 14:00,348000,Available
2824_6547_14:00,2824,Rivera Padel Pluit,6547,Court 2,2026-09-22,14:00 - 16:00,348000,Available
2824_6547_16:00,2824,Rivera Padel Pluit,6547,Court 2,2026-09-22,16:00 - 17:00,288000,Available
2824_6548_12:00,2824,Rivera Padel Pluit,6548,Court 3,2026-09-22,12:00 - 14:00,348000,Available
2824_6548_14:00,2824,Rivera Padel Pluit,6548,Court 3,2026-09-22,14:00 - 16:00,348000,Available
2824_6548_16:00,2824,Rivera Padel Pluit,6548,Court 3,2026-09-22,16:00 - 17:00,288000,Available
1450_11979_12:00,1450,MXL Ground,11979,Mahjong Table Complete Set,2026-09-22,12:00 - 13:00,50000,Available
1450_11979_13:00,1450,MXL Ground,11979,Mahjong Table Complete Set,2026-09-22,13:00 - 14:00,50000,Available
1450_11979_14:00,1450,MXL Ground,11979,Mahjong Table Complete Set,2026-09-22,14:00 - 15:00,50000,Available
1450_11979_15:00,1450,MXL Ground,11979,Mahjong Table Complete Set,2026-09-22,15:00 - 16:00,50000,Available
1450_11979_16:00,1450,MXL Ground,11979,Mahjong Table Complete Set,2026-09-22,16:00 - 17:00,50000,Available
1450_2867_12:00,1450,MXL Ground,2867,Tennis A,2026-09-22,12:00 - 13:00,200000,Booked
1450_2867_13:00,1450,MXL Ground,2867,Tennis A,2026-09-22,13:00 - 14:00,200000,Booked
1450_2867_14:00,1450,MXL Ground,2867,Tennis A,2026-09-22,14:00 - 15:00,200000,Booked
1450_2867_15:00,1450,MXL Ground,2867,Tennis A,2026-09-22,15:00 - 16:00,200000,Booked
1450_2867_16:00,1450,MXL Ground,2867,Tennis A,2026-09-22,16:00 - 17:00,250000,Booked
1450_2870_12:00,1450,MXL Ground,2870,Tennis B,2026-09-22,12:00 - 13:00,200000,Booked
1450_2870_13:00,1450,MXL Ground,2870,Tennis B,2026-09-22,13:00 - 14:00,200000,Available
1450_2870_14:00,1450,MXL Ground,2870,Tennis B,2026-09-22,14:00 - 15:00,200000,Available
1450_2870_15:00,1450,MXL Ground,2870,Tennis B,2026-09-22,15:00 - 16:00,200000,Booked
1450_2870_16:00,1450,MXL Ground,2870,Tennis B,2026-09-22,16:00 - 17:00,250000,Booked
1450_2869_12:00,1450,MXL Ground,2869,Padel 1,2026-09-22,12:00 - 13:00,159000,Available
1450_2869_13:00,1450,MXL Ground,2869,Padel 1,2026-09-22,13:00 - 14:00,159000,Booked
1450_2869_14:00,1450,MXL Ground,2869,Padel 1,2026-09-22,14:00 - 15:00,159000,Booked
1450_2869_15:00,1450,MXL Ground,2869,Padel 1,2026-09-22,15:00 - 16:00,159000,Available
1450_2869_16:00,1450,MXL Ground,2869,Padel 1,2026-09-22,16:00 - 17:00,159000,Booked
1450_2871_12:00,1450,MXL Ground,2871,Padel 2,2026-09-22,12:00 - 13:00,159000,Available
1450_2871_13:00,1450,MXL Ground,2871,Padel 2,2026-09-22,13:00 - 14:00,159000,Available
1450_2871_14:00,1450,MXL Ground,2871,Padel 2,2026-09-22,14:00 - 15:00,159000,Available
1450_2871_15:00,1450,MXL Ground,2871,Padel 2,2026-09-22,15:00 - 16:00,159000,Available
1450_2871_16:00,1450,MXL Ground,2871,Padel 2,2026-09-22,16:00 - 17:00,159000,Available
1450_2872_12:00,1450,MXL Ground,2872,Padel 3,2026-09-22,12:00 - 13:00,159000,Available
1450_2872_13:00,1450,MXL Ground,2872,Padel 3,2026-09-22,13:00 - 14:00,159000,Available
1450_2872_14:00,1450,MXL Ground,2872,Padel 3,2026-09-22,14:00 - 15:00,159000,Available
1450_2872_15:00,1450,MXL Ground,2872,Padel 3,2026-09-22,15:00 - 16:00,159000,Available
1450_2872_16:00,1450,MXL Ground,2872,Padel 3,2026-09-22,16:00 - 17:00,159000,Booked
2073_4298_12:00,2073,My Club House - Padel,4298,Court 1,2026-09-22,12:00 - 13:00,199000,Available
2073_4298_13:00,2073,My Club House - Padel,4298,Court 1,2026-09-22,13:00 - 14:00,199000,Available
2073_4298_14:00,2073,My Club House - Padel,4298,Court 1,2026-09-22,14:00 - 15:00,199000,Available
2073_4298_15:00,2073,My Club House - Padel,4298,Court 1,2026-09-22,15:00 - 16:00,199000,Available
2073_4298_16:00,2073,My Club House - Padel,4298,Court 1,2026-09-22,16:00 - 17:00,275000,Available
2073_6511_12:00,2073,My Club House - Padel,6511,Court 2,2026-09-22,12:00 - 13:00,199000,Available
2073_6511_13:00,2073,My Club House - Padel,6511,Court 2,2026-09-22,13:00 - 14:00,199000,Available
2073_6511_14:00,2073,My Club House - Padel,6511,Court 2,2026-09-22,14:00 - 15:00,199000,Available
2073_6511_15:00,2073,My Club House - Padel,6511,Court 2,2026-09-22,15:00 - 16:00,199000,Available
2073_6511_16:00,2073,My Club House - Padel,6511,Court 2,2026-09-22,16:00 - 17:00,275000,Available
2073_6512_12:00,2073,My Club House - Padel,6512,Court 3,2026-09-22,12:00 - 13:00,199000,Available
2073_6512_13:00,2073,My Club House - Padel,6512,Court 3,2026-09-22,13:00 - 14:00,199000,Available
2073_6512_14:00,2073,My Club House - Padel,6512,Court 3,2026-09-22,14:00 - 15:00,199000,Available
2073_6512_15:00,2073,My Club House - Padel,6512,Court 3,2026-09-22,15:00 - 16:00,199000,Available
2073_6512_16:00,2073,My Club House - Padel,6512,Court 3,2026-09-22,16:00 - 17:00,275000,Available
2073_6513_12:00,2073,My Club House - Padel,6513,Court 4,2026-09-22,12:00 - 13:00,199000,Available
2073_6513_13:00,2073,My Club House - Padel,6513,Court 4,2026-09-22,13:00 - 14:00,199000,Available
2073_6513_14:00,2073,My Club House - Padel,6513,Court 4,2026-09-22,14:00 - 15:00,199000,Available
2073_6513_15:00,2073,My Club House - Padel,6513,Court 4,2026-09-22,15:00 - 16:00,199000,Available
2073_6513_16:00,2073,My Club House - Padel,6513,Court 4,2026-09-22,16:00 - 17:00,275000,Available
2073_6514_12:00,2073,My Club House - Padel,6514,SKY A,2026-09-22,12:00 - 13:00,199000,Available
2073_6514_13:00,2073,My Club House - Padel,6514,SKY A,2026-09-22,13:00 - 14:00,199000,Available
2073_6514_14:00,2073,My Club House - Padel,6514,SKY A,2026-09-22,14:00 - 15:00,199000,Available
2073_6514_15:00,2073,My Club House - Padel,6514,SKY A,2026-09-22,15:00 - 16:00,199000,Available
2073_6514_16:00,2073,My Club House - Padel,6514,SKY A,2026-09-22,16:00 - 17:00,275000,Available
2073_6515_12:00,2073,My Club House - Padel,6515,SKY B,2026-09-22,12:00 - 13:00,199000,Available
2073_6515_13:00,2073,My Club House - Padel,6515,SKY B,2026-09-22,13:00 - 14:00,199000,Available
2073_6515_14:00,2073,My Club House - Padel,6515,SKY B,2026-09-22,14:00 - 15:00,199000,Available
2073_6515_15:00,2073,My Club House - Padel,6515,SKY B,2026-09-22,15:00 - 16:00,199000,Available
2073_6515_16:00,2073,My Club House - Padel,6515,SKY B,2026-09-22,16:00 - 17:00,275000,Available
3627_8972_12:00,3627,Gading Mas Racquet Club,8972,Padel 1,2026-09-22,12:00 - 13:00,175000,Available
3627_8972_13:00,3627,Gading Mas Racquet Club,8972,Padel 1,2026-09-22,13:00 - 14:00,175000,Available
3627_8972_14:00,3627,Gading Mas Racquet Club,8972,Padel 1,2026-09-22,14:00 - 15:00,175000,Available
3627_8972_15:00,3627,Gading Mas Racquet Club,8972,Padel 1,2026-09-22,15:00 - 16:00,175000,Available
3627_8972_16:00,3627,Gading Mas Racquet Club,8972,Padel 1,2026-09-22,16:00 - 17:00,265000,Available
3627_10359_12:00,3627,Gading Mas Racquet Club,10359,Padel 2,2026-09-22,12:00 - 13:00,175000,Available
3627_10359_13:00,3627,Gading Mas Racquet Club,10359,Padel 2,2026-09-22,13:00 - 14:00,175000,Available
3627_10359_14:00,3627,Gading Mas Racquet Club,10359,Padel 2,2026-09-22,14:00 - 15:00,175000,Available
3627_10359_15:00,3627,Gading Mas Racquet Club,10359,Padel 2,2026-09-22,15:00 - 16:00,175000,Available
3627_10359_16:00,3627,Gading Mas Racquet Club,10359,Padel 2,2026-09-22,16:00 - 17:00,265000,Available
3627_10360_12:00,3627,Gading Mas Racquet Club,10360,Padel 3,2026-09-22,12:00 - 13:00,175000,Available
3627_10360_13:00,3627,Gading Mas Racquet Club,10360,Padel 3,2026-09-22,13:00 - 14:00,175000,Available
3627_10360_14:00,3627,Gading Mas Racquet Club,10360,Padel 3,2026-09-22,14:00 - 15:00,175000,Available
3627_10360_15:00,3627,Gading Mas Racquet Club,10360,Padel 3,2026-09-22,15:00 - 16:00,175000,Available
3627_10360_16:00,3627,Gading Mas Racquet Club,10360,Padel 3,2026-09-22,16:00 - 17:00,265000,Available
3627_10361_12:00,3627,Gading Mas Racquet Club,10361,Pickleball 1,2026-09-22,12:00 - 13:00,125000,Available
3627_10361_13:00,3627,Gading Mas Racquet Club,10361,Pickleball 1,2026-09-22,13:00 - 14:00,125000,Available
3627_10361_14:00,3627,Gading Mas Racquet Club,10361,Pickleball 1,2026-09-22,14:00 - 15:00,125000,Available
3627_10361_15:00,3627,Gading Mas Racquet Club,10361,Pickleball 1,2026-09-22,15:00 - 16:00,125000,Available
3627_10361_16:00,3627,Gading Mas Racquet Club,10361,Pickleball 1,2026-09-22,16:00 - 17:00,200000,Available
3627_10362_12:00,3627,Gading Mas Racquet Club,10362,Pickleball 2,2026-09-22,12:00 - 13:00,125000,Available
3627_10362_13:00,3627,Gading Mas Racquet Club,10362,Pickleball 2,2026-09-22,13:00 - 14:00,125000,Available
3627_10362_14:00,3627,Gading Mas Racquet Club,10362,Pickleball 2,2026-09-22,14:00 - 15:00,125000,Booked
3627_10362_15:00,3627,Gading Mas Racquet Club,10362,Pickleball 2,2026-09-22,15:00 - 16:00,125000,Booked
3627_10362_16:00,3627,Gading Mas Racquet Club,10362,Pickleball 2,2026-09-22,16:00 - 17:00,200000,Available
3627_11009_12:00,3627,Gading Mas Racquet Club,11009,Tennis Courts 1,2026-09-22,12:00 - 13:00,225000,Booked
3627_11009_13:00,3627,Gading Mas Racquet Club,11009,Tennis Courts 1,2026-09-22,13:00 - 14:00,225000,Booked
3627_11009_14:00,3627,Gading Mas Racquet Club,11009,Tennis Courts 1,2026-09-22,14:00 - 15:00,225000,Booked
3627_11009_15:00,3627,Gading Mas Racquet Club,11009,Tennis Courts 1,2026-09-22,15:00 - 16:00,225000,Available
3627_11009_16:00,3627,Gading Mas Racquet Club,11009,Tennis Courts 1,2026-09-22,16:00 - 17:00,275000,Booked
3627_11010_12:00,3627,Gading Mas Racquet Club,11010,Tennis Courts 2,2026-09-22,12:00 - 13:00,225000,Booked
3627_11010_13:00,3627,Gading Mas Racquet Club,11010,Tennis Courts 2,2026-09-22,13:00 - 14:00,225000,Available
3627_11010_14:00,3627,Gading Mas Racquet Club,11010,Tennis Courts 2,2026-09-22,14:00 - 15:00,225000,Available
3627_11010_15:00,3627,Gading Mas Racquet Club,11010,Tennis Courts 2,2026-09-22,15:00 - 16:00,225000,Booked
3627_11010_16:00,3627,Gading Mas Racquet Club,11010,Tennis Courts 2,2026-09-22,16:00 - 17:00,275000,Booked
1579_3199_12:00,1579,Ultradome Padel Tennis Lounge,3199,T1,2026-09-22,12:00 - 13:00,236500,Available
1579_3199_13:00,1579,Ultradome Padel Tennis Lounge,3199,T1,2026-09-22,13:00 - 14:00,236500,Available
1579_3199_14:00,1579,Ultradome Padel Tennis Lounge,3199,T1,2026-09-22,14:00 - 15:00,236500,Available
1579_3199_15:00,1579,Ultradome Padel Tennis Lounge,3199,T1,2026-09-22,15:00 - 16:00,236500,Available
1579_3199_16:00,1579,Ultradome Padel Tennis Lounge,3199,T1,2026-09-22,16:00 - 17:00,275000,Available
1579_3328_12:00,1579,Ultradome Padel Tennis Lounge,3328,T2,2026-09-22,12:00 - 13:00,236500,Available
1579_3328_13:00,1579,Ultradome Padel Tennis Lounge,3328,T2,2026-09-22,13:00 - 14:00,236500,Available
1579_3328_14:00,1579,Ultradome Padel Tennis Lounge,3328,T2,2026-09-22,14:00 - 15:00,236500,Available
1579_3328_15:00,1579,Ultradome Padel Tennis Lounge,3328,T2,2026-09-22,15:00 - 16:00,236500,Available
1579_3328_16:00,1579,Ultradome Padel Tennis Lounge,3328,T2,2026-09-22,16:00 - 17:00,275000,Available
1579_3329_12:00,1579,Ultradome Padel Tennis Lounge,3329,T3,2026-09-22,12:00 - 13:00,236500,Available
1579_3329_13:00,1579,Ultradome Padel Tennis Lounge,3329,T3,2026-09-22,13:00 - 14:00,236500,Available
1579_3329_14:00,1579,Ultradome Padel Tennis Lounge,3329,T3,2026-09-22,14:00 - 15:00,236500,Available
1579_3329_15:00,1579,Ultradome Padel Tennis Lounge,3329,T3,2026-09-22,15:00 - 16:00,236500,Available
1579_3329_16:00,1579,Ultradome Padel Tennis Lounge,3329,T3,2026-09-22,16:00 - 17:00,275000,Booked
1579_3330_12:00,1579,Ultradome Padel Tennis Lounge,3330,T4,2026-09-22,12:00 - 13:00,236500,Available
1579_3330_13:00,1579,Ultradome Padel Tennis Lounge,3330,T4,2026-09-22,13:00 - 14:00,236500,Available
1579_3330_14:00,1579,Ultradome Padel Tennis Lounge,3330,T4,2026-09-22,14:00 - 15:00,236500,Available
1579_3330_15:00,1579,Ultradome Padel Tennis Lounge,3330,T4,2026-09-22,15:00 - 16:00,236500,Available
1579_3330_16:00,1579,Ultradome Padel Tennis Lounge,3330,T4,2026-09-22,16:00 - 17:00,275000,Booked
1579_3246_12:00,1579,Ultradome Padel Tennis Lounge,3246,P1,2026-09-22,12:00 - 13:00,170000,Available
1579_3246_13:00,1579,Ultradome Padel Tennis Lounge,3246,P1,2026-09-22,13:00 - 14:00,170000,Available
1579_3246_14:00,1579,Ultradome Padel Tennis Lounge,3246,P1,2026-09-22,14:00 - 15:00,170000,Available
1579_3246_15:00,1579,Ultradome Padel Tennis Lounge,3246,P1,2026-09-22,15:00 - 16:00,170000,Booked
1579_3246_16:00,1579,Ultradome Padel Tennis Lounge,3246,P1,2026-09-22,16:00 - 17:00,280000,Booked
1579_3331_12:00,1579,Ultradome Padel Tennis Lounge,3331,P2,2026-09-22,12:00 - 13:00,170000,Available
1579_3331_13:00,1579,Ultradome Padel Tennis Lounge,3331,P2,2026-09-22,13:00 - 14:00,170000,Available
1579_3331_14:00,1579,Ultradome Padel Tennis Lounge,3331,P2,2026-09-22,14:00 - 15:00,170000,Available
1579_3331_15:00,1579,Ultradome Padel Tennis Lounge,3331,P2,2026-09-22,15:00 - 16:00,170000,Booked
1579_3331_16:00,1579,Ultradome Padel Tennis Lounge,3331,P2,2026-09-22,16:00 - 17:00,280000,Booked
1579_3332_12:00,1579,Ultradome Padel Tennis Lounge,3332,P3,2026-09-22,12:00 - 13:00,170000,Available
1579_3332_13:00,1579,Ultradome Padel Tennis Lounge,3332,P3,2026-09-22,13:00 - 14:00,170000,Available
1579_3332_14:00,1579,Ultradome Padel Tennis Lounge,3332,P3,2026-09-22,14:00 - 15:00,170000,Available
1579_3332_15:00,1579,Ultradome Padel Tennis Lounge,3332,P3,2026-09-22,15:00 - 16:00,170000,Booked
1579_3332_16:00,1579,Ultradome Padel Tennis Lounge,3332,P3,2026-09-22,16:00 - 17:00,280000,Booked
1579_3333_12:00,1579,Ultradome Padel Tennis Lounge,3333,P4,2026-09-22,12:00 - 13:00,170000,Available
1579_3333_13:00,1579,Ultradome Padel Tennis Lounge,3333,P4,2026-09-22,13:00 - 14:00,170000,Available
1579_3333_14:00,1579,Ultradome Padel Tennis Lounge,3333,P4,2026-09-22,14:00 - 15:00,170000,Available
1579_3333_15:00,1579,Ultradome Padel Tennis Lounge,3333,P4,2026-09-22,15:00 - 16:00,170000,Available
1579_3333_16:00,1579,Ultradome Padel Tennis Lounge,3333,P4,2026-09-22,16:00 - 17:00,280000,Available
1579_3334_12:00,1579,Ultradome Padel Tennis Lounge,3334,P5,2026-09-22,12:00 - 13:00,170000,Available
1579_3334_13:00,1579,Ultradome Padel Tennis Lounge,3334,P5,2026-09-22,13:00 - 14:00,170000,Available
1579_3334_14:00,1579,Ultradome Padel Tennis Lounge,3334,P5,2026-09-22,14:00 - 15:00,170000,Available
1579_3334_15:00,1579,Ultradome Padel Tennis Lounge,3334,P5,2026-09-22,15:00 - 16:00,170000,Available
1579_3334_16:00,1579,Ultradome Padel Tennis Lounge,3334,P5,2026-09-22,16:00 - 17:00,280000,Available
1579_12192_12:00,1579,Ultradome Padel Tennis Lounge,12192,Mahjong Table 1 (automatic),2026-09-22,12:00 - 13:00,100000,Available
1579_12192_13:00,1579,Ultradome Padel Tennis Lounge,12192,Mahjong Table 1 (automatic),2026-09-22,13:00 - 14:00,100000,Available
1579_12192_14:00,1579,Ultradome Padel Tennis Lounge,12192,Mahjong Table 1 (automatic),2026-09-22,14:00 - 15:00,100000,Available
1579_12192_15:00,1579,Ultradome Padel Tennis Lounge,12192,Mahjong Table 1 (automatic),2026-09-22,15:00 - 16:00,100000,Available
1579_12192_16:00,1579,Ultradome Padel Tennis Lounge,12192,Mahjong Table 1 (automatic),2026-09-22,16:00 - 17:00,100000,Available
1579_12193_12:00,1579,Ultradome Padel Tennis Lounge,12193,Mahjong Table 2 (automatic),2026-09-22,12:00 - 13:00,100000,Available
1579_12193_13:00,1579,Ultradome Padel Tennis Lounge,12193,Mahjong Table 2 (automatic),2026-09-22,13:00 - 14:00,100000,Available
1579_12193_14:00,1579,Ultradome Padel Tennis Lounge,12193,Mahjong Table 2 (automatic),2026-09-22,14:00 - 15:00,100000,Available
1579_12193_15:00,1579,Ultradome Padel Tennis Lounge,12193,Mahjong Table 2 (automatic),2026-09-22,15:00 - 16:00,100000,Available
1579_12193_16:00,1579,Ultradome Padel Tennis Lounge,12193,Mahjong Table 2 (automatic),2026-09-22,16:00 - 17:00,100000,Available
1579_12191_12:00,1579,Ultradome Padel Tennis Lounge,12191,Mahjong Table (manual),2026-09-22,12:00 - 13:00,50000,Available
1579_12191_13:00,1579,Ultradome Padel Tennis Lounge,12191,Mahjong Table (manual),2026-09-22,13:00 - 14:00,50000,Available
1579_12191_14:00,1579,Ultradome Padel Tennis Lounge,12191,Mahjong Table (manual),2026-09-22,14:00 - 15:00,50000,Available
1579_12191_15:00,1579,Ultradome Padel Tennis Lounge,12191,Mahjong Table (manual),2026-09-22,15:00 - 16:00,50000,Available
1579_12191_16:00,1579,Ultradome Padel Tennis Lounge,12191,Mahjong Table (manual),2026-09-22,16:00 - 17:00,50000,Available
1659_3381_12:00,1659,Padel Hive Pluit,3381,Court 1,2026-09-22,12:00 - 13:00,169000,Available
1659_3381_13:00,1659,Padel Hive Pluit,3381,Court 1,2026-09-22,13:00 - 14:00,169000,Available
1659_3381_14:00,1659,Padel Hive Pluit,3381,Court 1,2026-09-22,14:00 - 15:00,169000,Available
1659_3381_15:00,1659,Padel Hive Pluit,3381,Court 1,2026-09-22,15:00 - 16:00,169000,Available
1659_3381_16:00,1659,Padel Hive Pluit,3381,Court 1,2026-09-22,16:00 - 17:00,269000,Available
1659_4048_12:00,1659,Padel Hive Pluit,4048,Court 2,2026-09-22,12:00 - 13:00,169000,Available
1659_4048_13:00,1659,Padel Hive Pluit,4048,Court 2,2026-09-22,13:00 - 14:00,169000,Available
1659_4048_14:00,1659,Padel Hive Pluit,4048,Court 2,2026-09-22,14:00 - 15:00,169000,Available
1659_4048_15:00,1659,Padel Hive Pluit,4048,Court 2,2026-09-22,15:00 - 16:00,169000,Available
1659_4048_16:00,1659,Padel Hive Pluit,4048,Court 2,2026-09-22,16:00 - 17:00,269000,Available
1659_4049_12:00,1659,Padel Hive Pluit,4049,Court 3,2026-09-22,12:00 - 13:00,169000,Available
1659_4049_13:00,1659,Padel Hive Pluit,4049,Court 3,2026-09-22,13:00 - 14:00,169000,Available
1659_4049_14:00,1659,Padel Hive Pluit,4049,Court 3,2026-09-22,14:00 - 15:00,169000,Available
1659_4049_15:00,1659,Padel Hive Pluit,4049,Court 3,2026-09-22,15:00 - 16:00,169000,Available
1659_4049_16:00,1659,Padel Hive Pluit,4049,Court 3,2026-09-22,16:00 - 17:00,269000,Available
548_1123_12:00,548,Bestindo Sport Center,1123,Mini Soccer A,2026-09-22,12:00 - 13:00,300000,Available
548_1123_13:00,548,Bestindo Sport Center,1123,Mini Soccer A,2026-09-22,13:00 - 14:00,300000,Available
548_1123_14:00,548,Bestindo Sport Center,1123,Mini Soccer A,2026-09-22,14:00 - 15:00,300000,Available
548_1123_15:00,548,Bestindo Sport Center,1123,Mini Soccer A,2026-09-22,15:00 - 16:00,300000,Available
548_1123_16:00,548,Bestindo Sport Center,1123,Mini Soccer A,2026-09-22,16:00 - 18:00,1500000,Available
548_1124_12:00,548,Bestindo Sport Center,1124,Mini Soccer B,2026-09-22,12:00 - 13:00,300000,Available
548_1124_13:00,548,Bestindo Sport Center,1124,Mini Soccer B,2026-09-22,13:00 - 14:00,300000,Available
548_1124_14:00,548,Bestindo Sport Center,1124,Mini Soccer B,2026-09-22,14:00 - 15:00,300000,Available
548_1124_15:00,548,Bestindo Sport Center,1124,Mini Soccer B,2026-09-22,15:00 - 16:00,300000,Available
548_1124_16:00,548,Bestindo Sport Center,1124,Mini Soccer B,2026-09-22,16:00 - 18:00,1500000,Booked
548_1125_12:00,548,Bestindo Sport Center,1125,Futsal Outdoor,2026-09-22,12:00 - 13:00,200000,Available
548_1125_13:00,548,Bestindo Sport Center,1125,Futsal Outdoor,2026-09-22,13:00 - 14:00,200000,Available
548_1125_14:00,548,Bestindo Sport Center,1125,Futsal Outdoor,2026-09-22,14:00 - 15:00,200000,Available
548_1125_15:00,548,Bestindo Sport Center,1125,Futsal Outdoor,2026-09-22,15:00 - 16:00,200000,Available
548_1125_16:00,548,Bestindo Sport Center,1125,Futsal Outdoor,2026-09-22,16:00 - 17:00,250000,Available
548_1232_12:00,548,Bestindo Sport Center,1232,Badminton 1,2026-09-22,12:00 - 13:00,60000,Available
548_1232_13:00,548,Bestindo Sport Center,1232,Badminton 1,2026-09-22,13:00 - 14:00,60000,Available
548_1232_14:00,548,Bestindo Sport Center,1232,Badminton 1,2026-09-22,14:00 - 15:00,60000,Available
548_1232_15:00,548,Bestindo Sport Center,1232,Badminton 1,2026-09-22,15:00 - 16:00,60000,Available
548_1232_16:00,548,Bestindo Sport Center,1232,Badminton 1,2026-09-22,16:00 - 17:00,80000,Booked
548_1257_12:00,548,Bestindo Sport Center,1257,Badminton 2,2026-09-22,12:00 - 13:00,60000,Available
548_1257_13:00,548,Bestindo Sport Center,1257,Badminton 2,2026-09-22,13:00 - 14:00,60000,Available
548_1257_14:00,548,Bestindo Sport Center,1257,Badminton 2,2026-09-22,14:00 - 15:00,60000,Available
548_1257_15:00,548,Bestindo Sport Center,1257,Badminton 2,2026-09-22,15:00 - 16:00,60000,Available
548_1257_16:00,548,Bestindo Sport Center,1257,Badminton 2,2026-09-22,16:00 - 17:00,80000,Available
548_1258_12:00,548,Bestindo Sport Center,1258,Badminton 3,2026-09-22,12:00 - 13:00,60000,Available
548_1258_13:00,548,Bestindo Sport Center,1258,Badminton 3,2026-09-22,13:00 - 14:00,60000,Available
548_1258_14:00,548,Bestindo Sport Center,1258,Badminton 3,2026-09-22,14:00 - 15:00,60000,Available
548_1258_15:00,548,Bestindo Sport Center,1258,Badminton 3,2026-09-22,15:00 - 16:00,60000,Available
548_1258_16:00,548,Bestindo Sport Center,1258,Badminton 3,2026-09-22,16:00 - 17:00,80000,Available
548_1259_12:00,548,Bestindo Sport Center,1259,Badminton 4,2026-09-22,12:00 - 13:00,60000,Available
548_1259_13:00,548,Bestindo Sport Center,1259,Badminton 4,2026-09-22,13:00 - 14:00,60000,Available
548_1259_14:00,548,Bestindo Sport Center,1259,Badminton 4,2026-09-22,14:00 - 15:00,60000,Available
548_1259_15:00,548,Bestindo Sport Center,1259,Badminton 4,2026-09-22,15:00 - 16:00,60000,Available
548_1259_16:00,548,Bestindo Sport Center,1259,Badminton 4,2026-09-22,16:00 - 17:00,80000,Available
548_1260_12:00,548,Bestindo Sport Center,1260,Badminton 5,2026-09-22,12:00 - 13:00,60000,Available
548_1260_13:00,548,Bestindo Sport Center,1260,Badminton 5,2026-09-22,13:00 - 14:00,60000,Available
548_1260_14:00,548,Bestindo Sport Center,1260,Badminton 5,2026-09-22,14:00 - 15:00,60000,Available
548_1260_15:00,548,Bestindo Sport Center,1260,Badminton 5,2026-09-22,15:00 - 16:00,60000,Available
548_1260_16:00,548,Bestindo Sport Center,1260,Badminton 5,2026-09-22,16:00 - 17:00,80000,Available
548_1446_12:00,548,Bestindo Sport Center,1446,Basket 3x3 A,2026-09-22,12:00 - 13:00,80000,Available
548_1446_13:00,548,Bestindo Sport Center,1446,Basket 3x3 A,2026-09-22,13:00 - 14:00,80000,Available
548_1446_14:00,548,Bestindo Sport Center,1446,Basket 3x3 A,2026-09-22,14:00 - 15:00,80000,Available
548_1446_15:00,548,Bestindo Sport Center,1446,Basket 3x3 A,2026-09-22,15:00 - 16:00,80000,Available
548_1446_16:00,548,Bestindo Sport Center,1446,Basket 3x3 A,2026-09-22,16:00 - 17:00,100000,Available
548_1447_12:00,548,Bestindo Sport Center,1447,Basket 3x3 B,2026-09-22,12:00 - 13:00,80000,Available
548_1447_13:00,548,Bestindo Sport Center,1447,Basket 3x3 B,2026-09-22,13:00 - 14:00,80000,Available
548_1447_14:00,548,Bestindo Sport Center,1447,Basket 3x3 B,2026-09-22,14:00 - 15:00,80000,Available
548_1447_15:00,548,Bestindo Sport Center,1447,Basket 3x3 B,2026-09-22,15:00 - 16:00,80000,Available
548_1447_16:00,548,Bestindo Sport Center,1447,Basket 3x3 B,2026-09-22,16:00 - 17:00,100000,Available
548_1452_12:00,548,Bestindo Sport Center,1452,Padel Court A,2026-09-22,12:00 - 13:00,150000,Available
548_1452_13:00,548,Bestindo Sport Center,1452,Padel Court A,2026-09-22,13:00 - 14:00,150000,Available
548_1452_14:00,548,Bestindo Sport Center,1452,Padel Court A,2026-09-22,14:00 - 15:00,150000,Available
548_1452_15:00,548,Bestindo Sport Center,1452,Padel Court A,2026-09-22,15:00 - 16:00,150000,Available
548_1452_16:00,548,Bestindo Sport Center,1452,Padel Court A,2026-09-22,16:00 - 17:00,250000,Available
548_1453_12:00,548,Bestindo Sport Center,1453,Padel Court B,2026-09-22,12:00 - 13:00,150000,Available
548_1453_13:00,548,Bestindo Sport Center,1453,Padel Court B,2026-09-22,13:00 - 14:00,150000,Available
548_1453_14:00,548,Bestindo Sport Center,1453,Padel Court B,2026-09-22,14:00 - 15:00,150000,Available
548_1453_15:00,548,Bestindo Sport Center,1453,Padel Court B,2026-09-22,15:00 - 16:00,150000,Available
548_1453_16:00,548,Bestindo Sport Center,1453,Padel Court B,2026-09-22,16:00 - 17:00,250000,Available
1595_4242_12:00,1595,El Patio Padel - Pluit,4242,Court 1,2026-09-22,12:00 - 13:00,188000,Booked
1595_4242_13:00,1595,El Patio Padel - Pluit,4242,Court 1,2026-09-22,13:00 - 14:00,188000,Available
1595_4242_14:00,1595,El Patio Padel - Pluit,4242,Court 1,2026-09-22,14:00 - 15:00,188000,Available
1595_4242_15:00,1595,El Patio Padel - Pluit,4242,Court 1,2026-09-22,15:00 - 16:00,188000,Available
1595_4242_16:00,1595,El Patio Padel - Pluit,4242,Court 1,2026-09-22,16:00 - 17:00,279000,Available
1595_4243_12:00,1595,El Patio Padel - Pluit,4243,Court 2,2026-09-22,12:00 - 13:00,188000,Booked
1595_4243_13:00,1595,El Patio Padel - Pluit,4243,Court 2,2026-09-22,13:00 - 14:00,188000,Available
1595_4243_14:00,1595,El Patio Padel - Pluit,4243,Court 2,2026-09-22,14:00 - 15:00,188000,Available
1595_4243_15:00,1595,El Patio Padel - Pluit,4243,Court 2,2026-09-22,15:00 - 16:00,188000,Available
1595_4243_16:00,1595,El Patio Padel - Pluit,4243,Court 2,2026-09-22,16:00 - 17:00,279000,Available
1595_3284_12:00,1595,El Patio Padel - Pluit,3284,Court 3,2026-09-22,12:00 - 13:00,188000,Available
1595_3284_13:00,1595,El Patio Padel - Pluit,3284,Court 3,2026-09-22,13:00 - 14:00,188000,Available
1595_3284_14:00,1595,El Patio Padel - Pluit,3284,Court 3,2026-09-22,14:00 - 15:00,188000,Available
1595_3284_15:00,1595,El Patio Padel - Pluit,3284,Court 3,2026-09-22,15:00 - 16:00,188000,Available
1595_3284_16:00,1595,El Patio Padel - Pluit,3284,Court 3,2026-09-22,16:00 - 17:00,279000,Available
1642_3337_12:00,1642,Vibora Padel & Pickleball Club Kelapa Gading,3337,Court 1,2026-09-22,12:00 - 13:00,150000,Available
1642_3337_13:00,1642,Vibora Padel & Pickleball Club Kelapa Gading,3337,Court 1,2026-09-22,13:00 - 14:00,150000,Available
1642_3337_14:00,1642,Vibora Padel & Pickleball Club Kelapa Gading,3337,Court 1,2026-09-22,14:00 - 15:00,150000,Available
1642_3337_15:00,1642,Vibora Padel & Pickleball Club Kelapa Gading,3337,Court 1,2026-09-22,15:00 - 16:00,150000,Available
1642_3337_16:00,1642,Vibora Padel & Pickleball Club Kelapa Gading,3337,Court 1,2026-09-22,16:00 - 17:00,275000,Available
1642_4693_12:00,1642,Vibora Padel & Pickleball Club Kelapa Gading,4693,Filano Court 2,2026-09-22,12:00 - 13:00,150000,Available
1642_4693_13:00,1642,Vibora Padel & Pickleball Club Kelapa Gading,4693,Filano Court 2,2026-09-22,13:00 - 14:00,150000,Available
1642_4693_14:00,1642,Vibora Padel & Pickleball Club Kelapa Gading,4693,Filano Court 2,2026-09-22,14:00 - 15:00,150000,Available
1642_4693_15:00,1642,Vibora Padel & Pickleball Club Kelapa Gading,4693,Filano Court 2,2026-09-22,15:00 - 16:00,150000,Available
1642_4693_16:00,1642,Vibora Padel & Pickleball Club Kelapa Gading,4693,Filano Court 2,2026-09-22,16:00 - 17:00,275000,Available
1642_4694_12:00,1642,Vibora Padel & Pickleball Club Kelapa Gading,4694,Court 3,2026-09-22,12:00 - 13:00,150000,Booked
1642_4694_13:00,1642,Vibora Padel & Pickleball Club Kelapa Gading,4694,Court 3,2026-09-22,13:00 - 14:00,150000,Available
1642_4694_14:00,1642,Vibora Padel & Pickleball Club Kelapa Gading,4694,Court 3,2026-09-22,14:00 - 15:00,150000,Available
1642_4694_15:00,1642,Vibora Padel & Pickleball Club Kelapa Gading,4694,Court 3,2026-09-22,15:00 - 16:00,150000,Available
1642_4694_16:00,1642,Vibora Padel & Pickleball Club Kelapa Gading,4694,Court 3,2026-09-22,16:00 - 17:00,275000,Available
1642_4695_12:00,1642,Vibora Padel & Pickleball Club Kelapa Gading,4695,Court 4,2026-09-22,12:00 - 13:00,150000,Available
1642_4695_13:00,1642,Vibora Padel & Pickleball Club Kelapa Gading,4695,Court 4,2026-09-22,13:00 - 14:00,150000,Available
1642_4695_14:00,1642,Vibora Padel & Pickleball Club Kelapa Gading,4695,Court 4,2026-09-22,14:00 - 15:00,150000,Available
1642_4695_15:00,1642,Vibora Padel & Pickleball Club Kelapa Gading,4695,Court 4,2026-09-22,15:00 - 16:00,150000,Available
1642_4695_16:00,1642,Vibora Padel & Pickleball Club Kelapa Gading,4695,Court 4,2026-09-22,16:00 - 17:00,275000,Available
1642_4696_12:00,1642,Vibora Padel & Pickleball Club Kelapa Gading,4696,Court5 VIP,2026-09-22,12:00 - 13:00,200000,Available
1642_4696_13:00,1642,Vibora Padel & Pickleball Club Kelapa Gading,4696,Court5 VIP,2026-09-22,13:00 - 14:00,200000,Available
1642_4696_14:00,1642,Vibora Padel & Pickleball Club Kelapa Gading,4696,Court5 VIP,2026-09-22,14:00 - 15:00,200000,Available
1642_4696_15:00,1642,Vibora Padel & Pickleball Club Kelapa Gading,4696,Court5 VIP,2026-09-22,15:00 - 16:00,200000,Available
1642_4696_16:00,1642,Vibora Padel & Pickleball Club Kelapa Gading,4696,Court5 VIP,2026-09-22,16:00 - 17:00,325000,Available
1642_4697_12:00,1642,Vibora Padel & Pickleball Club Kelapa Gading,4697,Pickleball Court,2026-09-22,12:00 - 13:00,100000,Available
1642_4697_13:00,1642,Vibora Padel & Pickleball Club Kelapa Gading,4697,Pickleball Court,2026-09-22,13:00 - 14:00,100000,Available
1642_4697_14:00,1642,Vibora Padel & Pickleball Club Kelapa Gading,4697,Pickleball Court,2026-09-22,14:00 - 15:00,100000,Available
1642_4697_15:00,1642,Vibora Padel & Pickleball Club Kelapa Gading,4697,Pickleball Court,2026-09-22,15:00 - 16:00,100000,Available
1642_4697_16:00,1642,Vibora Padel & Pickleball Club Kelapa Gading,4697,Pickleball Court,2026-09-22,16:00 - 17:00,100000,Available
2765_6232_12:00,2765,Fivestar Signature Club,6232,Court 1,2026-09-22,12:00 - 13:00,75000,Available
2765_6232_13:00,2765,Fivestar Signature Club,6232,Court 1,2026-09-22,13:00 - 14:00,75000,Available
2765_6232_14:00,2765,Fivestar Signature Club,6232,Court 1,2026-09-22,14:00 - 15:00,200000,Available
2765_6232_15:00,2765,Fivestar Signature Club,6232,Court 1,2026-09-22,15:00 - 16:00,200000,Booked
2765_6232_16:00,2765,Fivestar Signature Club,6232,Court 1,2026-09-22,16:00 - 17:00,200000,Booked
2765_6289_12:00,2765,Fivestar Signature Club,6289,Court UniversalBPR,2026-09-22,12:00 - 13:00,75000,Booked
2765_6289_13:00,2765,Fivestar Signature Club,6289,Court UniversalBPR,2026-09-22,13:00 - 14:00,75000,Available
2765_6289_14:00,2765,Fivestar Signature Club,6289,Court UniversalBPR,2026-09-22,14:00 - 15:00,200000,Available
2765_6289_15:00,2765,Fivestar Signature Club,6289,Court UniversalBPR,2026-09-22,15:00 - 16:00,200000,Booked
2765_6289_16:00,2765,Fivestar Signature Club,6289,Court UniversalBPR,2026-09-22,16:00 - 17:00,200000,Booked
2765_6290_12:00,2765,Fivestar Signature Club,6290,Court 3,2026-09-22,12:00 - 13:00,75000,Booked
2765_6290_13:00,2765,Fivestar Signature Club,6290,Court 3,2026-09-22,13:00 - 14:00,75000,Available
2765_6290_14:00,2765,Fivestar Signature Club,6290,Court 3,2026-09-22,14:00 - 15:00,200000,Available
2765_6290_15:00,2765,Fivestar Signature Club,6290,Court 3,2026-09-22,15:00 - 16:00,200000,Available
2765_6290_16:00,2765,Fivestar Signature Club,6290,Court 3,2026-09-22,16:00 - 17:00,200000,Available
2765_6291_12:00,2765,Fivestar Signature Club,6291,Court Haier,2026-09-22,12:00 - 13:00,75000,Booked
2765_6291_13:00,2765,Fivestar Signature Club,6291,Court Haier,2026-09-22,13:00 - 14:00,75000,Available
2765_6291_14:00,2765,Fivestar Signature Club,6291,Court Haier,2026-09-22,14:00 - 15:00,200000,Available
2765_6291_15:00,2765,Fivestar Signature Club,6291,Court Haier,2026-09-22,15:00 - 16:00,200000,Available
2765_6291_16:00,2765,Fivestar Signature Club,6291,Court Haier,2026-09-22,16:00 - 17:00,200000,Available
2765_11352_12:00,2765,Fivestar Signature Club,11352,Court VIP,2026-09-22,12:00 - 13:00,500000,Available
2765_11352_13:00,2765,Fivestar Signature Club,11352,Court VIP,2026-09-22,13:00 - 14:00,500000,Available
2765_11352_14:00,2765,Fivestar Signature Club,11352,Court VIP,2026-09-22,14:00 - 15:00,500000,Available
2765_11352_15:00,2765,Fivestar Signature Club,11352,Court VIP,2026-09-22,15:00 - 16:00,500000,Available
2765_11352_16:00,2765,Fivestar Signature Club,11352,Court VIP,2026-09-22,16:00 - 17:00,500000,Available
2765_12385_12:00,2765,Fivestar Signature Club,12385,Mahjong 1,2026-09-22,12:00 - 13:00,100000,Available
2765_12385_13:00,2765,Fivestar Signature Club,12385,Mahjong 1,2026-09-22,13:00 - 14:00,100000,Available
2765_12385_14:00,2765,Fivestar Signature Club,12385,Mahjong 1,2026-09-22,14:00 - 15:00,100000,Available
2765_12385_15:00,2765,Fivestar Signature Club,12385,Mahjong 1,2026-09-22,15:00 - 16:00,100000,Available
2765_12385_16:00,2765,Fivestar Signature Club,12385,Mahjong 1,2026-09-22,16:00 - 17:00,100000,Available
2765_12427_12:00,2765,Fivestar Signature Club,12427,Mahjong 2,2026-09-22,12:00 - 13:00,100000,Available
2765_12427_13:00,2765,Fivestar Signature Club,12427,Mahjong 2,2026-09-22,13:00 - 14:00,100000,Available
2765_12427_14:00,2765,Fivestar Signature Club,12427,Mahjong 2,2026-09-22,14:00 - 15:00,100000,Available
2765_12427_15:00,2765,Fivestar Signature Club,12427,Mahjong 2,2026-09-22,15:00 - 16:00,100000,Available
2765_12427_16:00,2765,Fivestar Signature Club,12427,Mahjong 2,2026-09-22,16:00 - 17:00,100000,Available
2765_12428_12:00,2765,Fivestar Signature Club,12428,Mahjong 3,2026-09-22,12:00 - 13:00,100000,Available
2765_12428_13:00,2765,Fivestar Signature Club,12428,Mahjong 3,2026-09-22,13:00 - 14:00,100000,Available
2765_12428_14:00,2765,Fivestar Signature Club,12428,Mahjong 3,2026-09-22,14:00 - 15:00,100000,Available
2765_12428_15:00,2765,Fivestar Signature Club,12428,Mahjong 3,2026-09-22,15:00 - 16:00,100000,Available
2765_12428_16:00,2765,Fivestar Signature Club,12428,Mahjong 3,2026-09-22,16:00 - 17:00,100000,Available
2765_12429_12:00,2765,Fivestar Signature Club,12429,Mahjong 4,2026-09-22,12:00 - 13:00,100000,Available
2765_12429_13:00,2765,Fivestar Signature Club,12429,Mahjong 4,2026-09-22,13:00 - 14:00,100000,Available
2765_12429_14:00,2765,Fivestar Signature Club,12429,Mahjong 4,2026-09-22,14:00 - 15:00,100000,Available
2765_12429_15:00,2765,Fivestar Signature Club,12429,Mahjong 4,2026-09-22,15:00 - 16:00,100000,Available
2765_12429_16:00,2765,Fivestar Signature Club,12429,Mahjong 4,2026-09-22,16:00 - 17:00,100000,Available
2765_12430_12:00,2765,Fivestar Signature Club,12430,Mahjong 5,2026-09-22,12:00 - 13:00,100000,Available
2765_12430_13:00,2765,Fivestar Signature Club,12430,Mahjong 5,2026-09-22,13:00 - 14:00,100000,Available
2765_12430_14:00,2765,Fivestar Signature Club,12430,Mahjong 5,2026-09-22,14:00 - 15:00,100000,Booked
2765_12430_15:00,2765,Fivestar Signature Club,12430,Mahjong 5,2026-09-22,15:00 - 16:00,100000,Booked
2765_12430_16:00,2765,Fivestar Signature Club,12430,Mahjong 5,2026-09-22,16:00 - 17:00,100000,Available
2765_12431_12:00,2765,Fivestar Signature Club,12431,Mahjong 6,2026-09-22,12:00 - 13:00,100000,Available
2765_12431_13:00,2765,Fivestar Signature Club,12431,Mahjong 6,2026-09-22,13:00 - 14:00,100000,Available
2765_12431_14:00,2765,Fivestar Signature Club,12431,Mahjong 6,2026-09-22,14:00 - 15:00,100000,Available
2765_12431_15:00,2765,Fivestar Signature Club,12431,Mahjong 6,2026-09-22,15:00 - 16:00,100000,Available
2765_12431_16:00,2765,Fivestar Signature Club,12431,Mahjong 6,2026-09-22,16:00 - 17:00,100000,Available
4434_11211_12:00,4434,Let's Go Padel Sunter,11211,Court 1,2026-09-22,12:00 - 13:00,150000,Available
4434_11211_13:00,4434,Let's Go Padel Sunter,11211,Court 1,2026-09-22,13:00 - 15:00,250000,Available
4434_11211_15:00,4434,Let's Go Padel Sunter,11211,Court 1,2026-09-22,15:00 - 16:00,150000,Available
4434_11211_16:00,4434,Let's Go Padel Sunter,11211,Court 1,2026-09-22,16:00 - 17:00,150000,Available
4434_11271_12:00,4434,Let's Go Padel Sunter,11271,Court 2,2026-09-22,12:00 - 13:00,150000,Booked
4434_11271_13:00,4434,Let's Go Padel Sunter,11271,Court 2,2026-09-22,13:00 - 14:00,150000,Available
4434_11271_14:00,4434,Let's Go Padel Sunter,11271,Court 2,2026-09-22,14:00 - 15:00,150000,Available
4434_11271_15:00,4434,Let's Go Padel Sunter,11271,Court 2,2026-09-22,15:00 - 16:00,150000,Booked
4434_11271_16:00,4434,Let's Go Padel Sunter,11271,Court 2,2026-09-22,16:00 - 17:00,150000,Booked
4434_11272_12:00,4434,Let's Go Padel Sunter,11272,Court 3,2026-09-22,12:00 - 13:00,150000,Available
4434_11272_13:00,4434,Let's Go Padel Sunter,11272,Court 3,2026-09-22,13:00 - 15:00,250000,Available
4434_11272_15:00,4434,Let's Go Padel Sunter,11272,Court 3,2026-09-22,15:00 - 16:00,150000,Available
4434_11272_16:00,4434,Let's Go Padel Sunter,11272,Court 3,2026-09-22,16:00 - 17:00,150000,Available
4434_11273_12:00,4434,Let's Go Padel Sunter,11273,Court 4,2026-09-22,12:00 - 13:00,150000,Available
4434_11273_13:00,4434,Let's Go Padel Sunter,11273,Court 4,2026-09-22,13:00 - 14:00,150000,Available
4434_11273_14:00,4434,Let's Go Padel Sunter,11273,Court 4,2026-09-22,14:00 - 15:00,150000,Available
4434_11273_15:00,4434,Let's Go Padel Sunter,11273,Court 4,2026-09-22,15:00 - 16:00,150000,Booked
4434_11273_16:00,4434,Let's Go Padel Sunter,11273,Court 4,2026-09-22,16:00 - 17:00,150000,Booked
4434_11274_12:00,4434,Let's Go Padel Sunter,11274,Court 5,2026-09-22,12:00 - 13:00,150000,Available
4434_11274_13:00,4434,Let's Go Padel Sunter,11274,Court 5,2026-09-22,13:00 - 14:00,150000,Available
4434_11274_14:00,4434,Let's Go Padel Sunter,11274,Court 5,2026-09-22,14:00 - 15:00,150000,Available
4434_11274_15:00,4434,Let's Go Padel Sunter,11274,Court 5,2026-09-22,15:00 - 16:00,150000,Available
4434_11274_16:00,4434,Let's Go Padel Sunter,11274,Court 5,2026-09-22,16:00 - 17:00,150000,Available
4434_11275_12:00,4434,Let's Go Padel Sunter,11275,Court 6,2026-09-22,12:00 - 13:00,150000,Available
4434_11275_13:00,4434,Let's Go Padel Sunter,11275,Court 6,2026-09-22,13:00 - 14:00,150000,Available
4434_11275_14:00,4434,Let's Go Padel Sunter,11275,Court 6,2026-09-22,14:00 - 15:00,150000,Available
4434_11275_15:00,4434,Let's Go Padel Sunter,11275,Court 6,2026-09-22,15:00 - 16:00,150000,Available
4434_11275_16:00,4434,Let's Go Padel Sunter,11275,Court 6,2026-09-22,16:00 - 17:00,150000,Available
2758_6206_12:00,2758,Bandeja Padel Arena,6206,Bandeja Court,2026-09-22,12:00 - 13:00,195000,Available
2758_6206_13:00,2758,Bandeja Padel Arena,6206,Bandeja Court,2026-09-22,13:00 - 14:00,195000,Booked
2758_6206_14:00,2758,Bandeja Padel Arena,6206,Bandeja Court,2026-09-22,14:00 - 15:00,195000,Available
2758_6206_15:00,2758,Bandeja Padel Arena,6206,Bandeja Court,2026-09-22,15:00 - 16:00,195000,Available
2758_6206_16:00,2758,Bandeja Padel Arena,6206,Bandeja Court,2026-09-22,16:00 - 17:00,245000,Available
2758_6207_12:00,2758,Bandeja Padel Arena,6207,Court 2,2026-09-22,12:00 - 13:00,195000,Available
2758_6207_13:00,2758,Bandeja Padel Arena,6207,Court 2,2026-09-22,13:00 - 14:00,195000,Available
2758_6207_14:00,2758,Bandeja Padel Arena,6207,Court 2,2026-09-22,14:00 - 15:00,195000,Available
2758_6207_15:00,2758,Bandeja Padel Arena,6207,Court 2,2026-09-22,15:00 - 16:00,195000,Available
2758_6207_16:00,2758,Bandeja Padel Arena,6207,Court 2,2026-09-22,16:00 - 17:00,245000,Available
2758_6255_12:00,2758,Bandeja Padel Arena,6255,Court 3,2026-09-22,12:00 - 13:00,195000,Booked
2758_6255_13:00,2758,Bandeja Padel Arena,6255,Court 3,2026-09-22,13:00 - 14:00,195000,Available
2758_6255_14:00,2758,Bandeja Padel Arena,6255,Court 3,2026-09-22,14:00 - 15:00,195000,Available
2758_6255_15:00,2758,Bandeja Padel Arena,6255,Court 3,2026-09-22,15:00 - 16:00,195000,Available
2758_6255_16:00,2758,Bandeja Padel Arena,6255,Court 3,2026-09-22,16:00 - 17:00,245000,Booked
2758_6256_12:00,2758,Bandeja Padel Arena,6256,Court 4,2026-09-22,12:00 - 13:00,195000,Available
2758_6256_13:00,2758,Bandeja Padel Arena,6256,Court 4,2026-09-22,13:00 - 14:00,195000,Available
2758_6256_14:00,2758,Bandeja Padel Arena,6256,Court 4,2026-09-22,14:00 - 15:00,195000,Available
2758_6256_15:00,2758,Bandeja Padel Arena,6256,Court 4,2026-09-22,15:00 - 16:00,195000,Booked
2758_6256_16:00,2758,Bandeja Padel Arena,6256,Court 4,2026-09-22,16:00 - 17:00,245000,Booked
2758_6257_12:00,2758,Bandeja Padel Arena,6257,Court 5,2026-09-22,12:00 - 13:00,195000,Available
2758_6257_13:00,2758,Bandeja Padel Arena,6257,Court 5,2026-09-22,13:00 - 14:00,195000,Booked
2758_6257_14:00,2758,Bandeja Padel Arena,6257,Court 5,2026-09-22,14:00 - 15:00,195000,Booked
2758_6257_15:00,2758,Bandeja Padel Arena,6257,Court 5,2026-09-22,15:00 - 16:00,195000,Booked
2758_6257_16:00,2758,Bandeja Padel Arena,6257,Court 5,2026-09-22,16:00 - 17:00,245000,Booked
2758_6258_12:00,2758,Bandeja Padel Arena,6258,Court 6,2026-09-22,12:00 - 13:00,195000,Available
2758_6258_13:00,2758,Bandeja Padel Arena,6258,Court 6,2026-09-22,13:00 - 14:00,195000,Available
2758_6258_14:00,2758,Bandeja Padel Arena,6258,Court 6,2026-09-22,14:00 - 15:00,195000,Available
2758_6258_15:00,2758,Bandeja Padel Arena,6258,Court 6,2026-09-22,15:00 - 16:00,195000,Available
2758_6258_16:00,2758,Bandeja Padel Arena,6258,Court 6,2026-09-22,16:00 - 17:00,245000,Available
1605_3775_12:00,1605,Batavia Sports Club,3775,Court 1,2026-09-22,12:00 - 13:00,150000,Available
1605_3775_13:00,1605,Batavia Sports Club,3775,Court 1,2026-09-22,13:00 - 14:00,150000,Available
1605_3775_14:00,1605,Batavia Sports Club,3775,Court 1,2026-09-22,14:00 - 15:00,150000,Available
1605_3775_15:00,1605,Batavia Sports Club,3775,Court 1,2026-09-22,15:00 - 16:00,150000,Available
1605_3775_16:00,1605,Batavia Sports Club,3775,Court 1,2026-09-22,16:00 - 17:00,230000,Booked
1605_4002_12:00,1605,Batavia Sports Club,4002,Court 2,2026-09-22,12:00 - 13:00,150000,Available
1605_4002_13:00,1605,Batavia Sports Club,4002,Court 2,2026-09-22,13:00 - 14:00,150000,Available
1605_4002_14:00,1605,Batavia Sports Club,4002,Court 2,2026-09-22,14:00 - 15:00,150000,Available
1605_4002_15:00,1605,Batavia Sports Club,4002,Court 2,2026-09-22,15:00 - 16:00,150000,Available
1605_4002_16:00,1605,Batavia Sports Club,4002,Court 2,2026-09-22,16:00 - 17:00,230000,Available
1605_4003_12:00,1605,Batavia Sports Club,4003,Court 3,2026-09-22,12:00 - 13:00,150000,Available
1605_4003_13:00,1605,Batavia Sports Club,4003,Court 3,2026-09-22,13:00 - 14:00,150000,Available
1605_4003_14:00,1605,Batavia Sports Club,4003,Court 3,2026-09-22,14:00 - 15:00,150000,Available
1605_4003_15:00,1605,Batavia Sports Club,4003,Court 3,2026-09-22,15:00 - 16:00,150000,Available
1605_4003_16:00,1605,Batavia Sports Club,4003,Court 3,2026-09-22,16:00 - 17:00,230000,Available
1605_4004_12:00,1605,Batavia Sports Club,4004,Court 4,2026-09-22,12:00 - 13:00,150000,Available
1605_4004_13:00,1605,Batavia Sports Club,4004,Court 4,2026-09-22,13:00 - 14:00,150000,Available
1605_4004_14:00,1605,Batavia Sports Club,4004,Court 4,2026-09-22,14:00 - 15:00,150000,Available
1605_4004_15:00,1605,Batavia Sports Club,4004,Court 4,2026-09-22,15:00 - 16:00,150000,Available
1605_4004_16:00,1605,Batavia Sports Club,4004,Court 4,2026-09-22,16:00 - 17:00,230000,Available
1605_4005_12:00,1605,Batavia Sports Club,4005,Court 5,2026-09-22,12:00 - 13:00,150000,Available
1605_4005_13:00,1605,Batavia Sports Club,4005,Court 5,2026-09-22,13:00 - 14:00,150000,Available
1605_4005_14:00,1605,Batavia Sports Club,4005,Court 5,2026-09-22,14:00 - 15:00,150000,Available
1605_4005_15:00,1605,Batavia Sports Club,4005,Court 5,2026-09-22,15:00 - 16:00,150000,Available
1605_4005_16:00,1605,Batavia Sports Club,4005,Court 5,2026-09-22,16:00 - 17:00,230000,Available
1605_4006_12:00,1605,Batavia Sports Club,4006,Court 6,2026-09-22,12:00 - 13:00,150000,Available
1605_4006_13:00,1605,Batavia Sports Club,4006,Court 6,2026-09-22,13:00 - 14:00,150000,Available
1605_4006_14:00,1605,Batavia Sports Club,4006,Court 6,2026-09-22,14:00 - 15:00,150000,Available
1605_4006_15:00,1605,Batavia Sports Club,4006,Court 6,2026-09-22,15:00 - 16:00,150000,Available
1605_4006_16:00,1605,Batavia Sports Club,4006,Court 6,2026-09-22,16:00 - 17:00,230000,Available
1605_4007_12:00,1605,Batavia Sports Club,4007,Tennis Court 1,2026-09-22,12:00 - 13:00,200000,Available
1605_4007_13:00,1605,Batavia Sports Club,4007,Tennis Court 1,2026-09-22,13:00 - 14:00,200000,Available
1605_4007_14:00,1605,Batavia Sports Club,4007,Tennis Court 1,2026-09-22,14:00 - 15:00,200000,Booked
1605_4007_15:00,1605,Batavia Sports Club,4007,Tennis Court 1,2026-09-22,15:00 - 16:00,200000,Booked
1605_4007_16:00,1605,Batavia Sports Club,4007,Tennis Court 1,2026-09-22,16:00 - 17:00,275000,Booked
1605_4008_12:00,1605,Batavia Sports Club,4008,Tennis Court 2,2026-09-22,12:00 - 13:00,200000,Available
1605_4008_13:00,1605,Batavia Sports Club,4008,Tennis Court 2,2026-09-22,13:00 - 14:00,200000,Booked
1605_4008_14:00,1605,Batavia Sports Club,4008,Tennis Court 2,2026-09-22,14:00 - 15:00,200000,Booked
1605_4008_15:00,1605,Batavia Sports Club,4008,Tennis Court 2,2026-09-22,15:00 - 16:00,200000,Booked
1605_4008_16:00,1605,Batavia Sports Club,4008,Tennis Court 2,2026-09-22,16:00 - 17:00,275000,Booked
2124_4392_12:00,2124,MSC Padel Sunter,4392,Lapangan 1,2026-09-22,12:00 - 13:00,50000,Available
2124_4392_13:00,2124,MSC Padel Sunter,4392,Lapangan 1,2026-09-22,13:00 - 14:00,50000,Booked
2124_4392_14:00,2124,MSC Padel Sunter,4392,Lapangan 1,2026-09-22,14:00 - 15:00,50000,Booked
2124_4392_15:00,2124,MSC Padel Sunter,4392,Lapangan 1,2026-09-22,15:00 - 16:00,50000,Available
2124_4392_16:00,2124,MSC Padel Sunter,4392,Lapangan 1,2026-09-22,16:00 - 17:00,175000,Available
2124_4435_12:00,2124,MSC Padel Sunter,4435,Lapangan 2,2026-09-22,12:00 - 13:00,50000,Available
2124_4435_13:00,2124,MSC Padel Sunter,4435,Lapangan 2,2026-09-22,13:00 - 14:00,50000,Available
2124_4435_14:00,2124,MSC Padel Sunter,4435,Lapangan 2,2026-09-22,14:00 - 15:00,50000,Booked
2124_4435_15:00,2124,MSC Padel Sunter,4435,Lapangan 2,2026-09-22,15:00 - 16:00,50000,Booked
2124_4435_16:00,2124,MSC Padel Sunter,4435,Lapangan 2,2026-09-22,16:00 - 17:00,175000,Booked
1407_2701_12:00,1407,Master Padel - Sunter,2701,Tolak Linu Court,2026-09-22,12:00 - 13:00,175000,Available
1407_2701_13:00,1407,Master Padel - Sunter,2701,Tolak Linu Court,2026-09-22,13:00 - 14:00,175000,Available
1407_2701_14:00,1407,Master Padel - Sunter,2701,Tolak Linu Court,2026-09-22,14:00 - 15:00,275000,Available
1407_2701_15:00,1407,Master Padel - Sunter,2701,Tolak Linu Court,2026-09-22,15:00 - 16:00,275000,Available
1407_2701_16:00,1407,Master Padel - Sunter,2701,Tolak Linu Court,2026-09-22,16:00 - 17:00,275000,Available
1407_3687_12:00,1407,Master Padel - Sunter,3687,Court 2,2026-09-22,12:00 - 13:00,175000,Available
1407_3687_13:00,1407,Master Padel - Sunter,3687,Court 2,2026-09-22,13:00 - 14:00,175000,Available
1407_3687_14:00,1407,Master Padel - Sunter,3687,Court 2,2026-09-22,14:00 - 15:00,275000,Available
1407_3687_15:00,1407,Master Padel - Sunter,3687,Court 2,2026-09-22,15:00 - 16:00,275000,Available
1407_3687_16:00,1407,Master Padel - Sunter,3687,Court 2,2026-09-22,16:00 - 17:00,275000,Available
1407_3688_12:00,1407,Master Padel - Sunter,3688,Court 3,2026-09-22,12:00 - 13:00,175000,Available
1407_3688_13:00,1407,Master Padel - Sunter,3688,Court 3,2026-09-22,13:00 - 14:00,175000,Available
1407_3688_14:00,1407,Master Padel - Sunter,3688,Court 3,2026-09-22,14:00 - 15:00,275000,Available
1407_3688_15:00,1407,Master Padel - Sunter,3688,Court 3,2026-09-22,15:00 - 16:00,275000,Available
1407_3688_16:00,1407,Master Padel - Sunter,3688,Court 3,2026-09-22,16:00 - 17:00,275000,Available
1407_3689_12:00,1407,Master Padel - Sunter,3689,C+ Collagen Court,2026-09-22,12:00 - 13:00,175000,Available
1407_3689_13:00,1407,Master Padel - Sunter,3689,C+ Collagen Court,2026-09-22,13:00 - 14:00,175000,Available
1407_3689_14:00,1407,Master Padel - Sunter,3689,C+ Collagen Court,2026-09-22,14:00 - 15:00,275000,Available
1407_3689_15:00,1407,Master Padel - Sunter,3689,C+ Collagen Court,2026-09-22,15:00 - 16:00,275000,Available
1407_3689_16:00,1407,Master Padel - Sunter,3689,C+ Collagen Court,2026-09-22,16:00 - 17:00,275000,Available
1407_3690_12:00,1407,Master Padel - Sunter,3690,BRImo Court,2026-09-22,12:00 - 13:00,175000,Available
1407_3690_13:00,1407,Master Padel - Sunter,3690,BRImo Court,2026-09-22,13:00 - 14:00,175000,Available
1407_3690_14:00,1407,Master Padel - Sunter,3690,BRImo Court,2026-09-22,14:00 - 15:00,275000,Available
1407_3690_15:00,1407,Master Padel - Sunter,3690,BRImo Court,2026-09-22,15:00 - 16:00,275000,Available
1407_3690_16:00,1407,Master Padel - Sunter,3690,BRImo Court,2026-09-22,16:00 - 17:00,275000,Available
1407_3691_12:00,1407,Master Padel - Sunter,3691,Court 6,2026-09-22,12:00 - 13:00,175000,Available
1407_3691_13:00,1407,Master Padel - Sunter,3691,Court 6,2026-09-22,13:00 - 14:00,175000,Available
1407_3691_14:00,1407,Master Padel - Sunter,3691,Court 6,2026-09-22,14:00 - 15:00,275000,Available
1407_3691_15:00,1407,Master Padel - Sunter,3691,Court 6,2026-09-22,15:00 - 16:00,275000,Available
1407_3691_16:00,1407,Master Padel - Sunter,3691,Court 6,2026-09-22,16:00 - 17:00,275000,Available
1407_3692_12:00,1407,Master Padel - Sunter,3692,My Bca Court,2026-09-22,12:00 - 13:00,175000,Available
1407_3692_13:00,1407,Master Padel - Sunter,3692,My Bca Court,2026-09-22,13:00 - 14:00,175000,Available
1407_3692_14:00,1407,Master Padel - Sunter,3692,My Bca Court,2026-09-22,14:00 - 15:00,275000,Available
1407_3692_15:00,1407,Master Padel - Sunter,3692,My Bca Court,2026-09-22,15:00 - 16:00,275000,Available
1407_3692_16:00,1407,Master Padel - Sunter,3692,My Bca Court,2026-09-22,16:00 - 17:00,275000,Available
1407_3693_12:00,1407,Master Padel - Sunter,3693,Colonel's Court,2026-09-22,12:00 - 13:00,175000,Available
1407_3693_13:00,1407,Master Padel - Sunter,3693,Colonel's Court,2026-09-22,13:00 - 14:00,175000,Available
1407_3693_14:00,1407,Master Padel - Sunter,3693,Colonel's Court,2026-09-22,14:00 - 15:00,275000,Available
1407_3693_15:00,1407,Master Padel - Sunter,3693,Colonel's Court,2026-09-22,15:00 - 16:00,275000,Available
1407_3693_16:00,1407,Master Padel - Sunter,3693,Colonel's Court,2026-09-22,16:00 - 17:00,275000,Available
2228_4641_12:00,2228,Garuda Padel Club,4641,Padel Court A,2026-09-22,12:00 - 13:00,195000,Available
2228_4641_13:00,2228,Garuda Padel Club,4641,Padel Court A,2026-09-22,13:00 - 14:00,195000,Available
2228_4641_14:00,2228,Garuda Padel Club,4641,Padel Court A,2026-09-22,14:00 - 15:00,195000,Available
2228_4641_15:00,2228,Garuda Padel Club,4641,Padel Court A,2026-09-22,15:00 - 16:00,195000,Available
2228_4641_16:00,2228,Garuda Padel Club,4641,Padel Court A,2026-09-22,16:00 - 17:00,345000,Available
2228_5840_12:00,2228,Garuda Padel Club,5840,Padel Court B,2026-09-22,12:00 - 13:00,195000,Available
2228_5840_13:00,2228,Garuda Padel Club,5840,Padel Court B,2026-09-22,13:00 - 14:00,195000,Available
2228_5840_14:00,2228,Garuda Padel Club,5840,Padel Court B,2026-09-22,14:00 - 15:00,195000,Available
2228_5840_15:00,2228,Garuda Padel Club,5840,Padel Court B,2026-09-22,15:00 - 16:00,195000,Available
2228_5840_16:00,2228,Garuda Padel Club,5840,Padel Court B,2026-09-22,16:00 - 17:00,345000,Available
2228_5842_12:00,2228,Garuda Padel Club,5842,Padel Court C,2026-09-22,12:00 - 13:00,195000,Available
2228_5842_13:00,2228,Garuda Padel Club,5842,Padel Court C,2026-09-22,13:00 - 14:00,195000,Available
2228_5842_14:00,2228,Garuda Padel Club,5842,Padel Court C,2026-09-22,14:00 - 15:00,195000,Available
2228_5842_15:00,2228,Garuda Padel Club,5842,Padel Court C,2026-09-22,15:00 - 16:00,195000,Available
2228_5842_16:00,2228,Garuda Padel Club,5842,Padel Court C,2026-09-22,16:00 - 17:00,345000,Available
2228_5843_12:00,2228,Garuda Padel Club,5843,Padel Court D,2026-09-22,12:00 - 13:00,195000,Available
2228_5843_13:00,2228,Garuda Padel Club,5843,Padel Court D,2026-09-22,13:00 - 14:00,195000,Available
2228_5843_14:00,2228,Garuda Padel Club,5843,Padel Court D,2026-09-22,14:00 - 15:00,195000,Available
2228_5843_15:00,2228,Garuda Padel Club,5843,Padel Court D,2026-09-22,15:00 - 16:00,195000,Available
2228_5843_16:00,2228,Garuda Padel Club,5843,Padel Court D,2026-09-22,16:00 - 17:00,345000,Available
2047_4276_12:00,2047,VIP Padel MK,4276,Court 1,2026-09-22,12:00 - 13:00,200000,Available
2047_4276_13:00,2047,VIP Padel MK,4276,Court 1,2026-09-22,13:00 - 14:00,200000,Available
2047_4276_14:00,2047,VIP Padel MK,4276,Court 1,2026-09-22,14:00 - 15:00,200000,Available
2047_4276_15:00,2047,VIP Padel MK,4276,Court 1,2026-09-22,15:00 - 16:00,200000,Available
2047_4276_16:00,2047,VIP Padel MK,4276,Court 1,2026-09-22,16:00 - 17:00,300000,Booked
3109_7319_12:00,3109,The Club House Padel - Pantai Mutiara Pluit,7319,Royal Padel Court,2026-09-22,12:00 - 13:00,188000,Booked
3109_7319_13:00,3109,The Club House Padel - Pantai Mutiara Pluit,7319,Royal Padel Court,2026-09-22,13:00 - 14:00,188000,Booked
3109_7319_14:00,3109,The Club House Padel - Pantai Mutiara Pluit,7319,Royal Padel Court,2026-09-22,14:00 - 15:00,188000,Available
3109_7319_15:00,3109,The Club House Padel - Pantai Mutiara Pluit,7319,Royal Padel Court,2026-09-22,15:00 - 16:00,188000,Available
3109_7319_16:00,3109,The Club House Padel - Pantai Mutiara Pluit,7319,Royal Padel Court,2026-09-22,16:00 - 17:00,288000,Available
3109_7320_12:00,3109,The Club House Padel - Pantai Mutiara Pluit,7320,Club House Court,2026-09-22,12:00 - 13:00,188000,Available
3109_7320_13:00,3109,The Club House Padel - Pantai Mutiara Pluit,7320,Club House Court,2026-09-22,13:00 - 14:00,188000,Available
3109_7320_14:00,3109,The Club House Padel - Pantai Mutiara Pluit,7320,Club House Court,2026-09-22,14:00 - 15:00,188000,Booked
3109_7320_15:00,3109,The Club House Padel - Pantai Mutiara Pluit,7320,Club House Court,2026-09-22,15:00 - 16:00,188000,Booked
3109_7320_16:00,3109,The Club House Padel - Pantai Mutiara Pluit,7320,Club House Court,2026-09-22,16:00 - 17:00,288000,Available
1594_3993_12:00,1594,The 40/0 Club,3993,Court 1,2026-09-22,12:00 - 13:00,200000,Available
1594_3993_13:00,1594,The 40/0 Club,3993,Court 1,2026-09-22,13:00 - 14:00,200000,Available
1594_3993_14:00,1594,The 40/0 Club,3993,Court 1,2026-09-22,14:00 - 15:00,200000,Booked
1594_3993_15:00,1594,The 40/0 Club,3993,Court 1,2026-09-22,15:00 - 16:00,200000,Available
1594_3993_16:00,1594,The 40/0 Club,3993,Court 1,2026-09-22,16:00 - 17:00,200000,Available
1594_3994_12:00,1594,The 40/0 Club,3994,Court 2,2026-09-22,12:00 - 13:00,200000,Available
1594_3994_13:00,1594,The 40/0 Club,3994,Court 2,2026-09-22,13:00 - 14:00,200000,Available
1594_3994_14:00,1594,The 40/0 Club,3994,Court 2,2026-09-22,14:00 - 15:00,200000,Available
1594_3994_15:00,1594,The 40/0 Club,3994,Court 2,2026-09-22,15:00 - 16:00,200000,Available
1594_3994_16:00,1594,The 40/0 Club,3994,Court 2,2026-09-22,16:00 - 17:00,200000,Available
1594_3995_12:00,1594,The 40/0 Club,3995,Court 3,2026-09-22,12:00 - 13:00,200000,Available
1594_3995_13:00,1594,The 40/0 Club,3995,Court 3,2026-09-22,13:00 - 14:00,200000,Available
1594_3995_14:00,1594,The 40/0 Club,3995,Court 3,2026-09-22,14:00 - 15:00,200000,Available
1594_3995_15:00,1594,The 40/0 Club,3995,Court 3,2026-09-22,15:00 - 16:00,200000,Available
1594_3995_16:00,1594,The 40/0 Club,3995,Court 3,2026-09-22,16:00 - 17:00,200000,Available
2690_5974_12:00,2690,Padel Commons,5974,Court 1,2026-09-22,12:00 - 13:00,125000,Available
2690_5974_13:00,2690,Padel Commons,5974,Court 1,2026-09-22,13:00 - 14:00,125000,Available
2690_5974_14:00,2690,Padel Commons,5974,Court 1,2026-09-22,14:00 - 15:00,125000,Available
2690_5974_15:00,2690,Padel Commons,5974,Court 1,2026-09-22,15:00 - 16:00,125000,Available
2690_5974_16:00,2690,Padel Commons,5974,Court 1,2026-09-22,16:00 - 17:00,175000,Available
2690_9705_12:00,2690,Padel Commons,9705,Court 2,2026-09-22,12:00 - 13:00,125000,Available
2690_9705_13:00,2690,Padel Commons,9705,Court 2,2026-09-22,13:00 - 14:00,125000,Available
2690_9705_14:00,2690,Padel Commons,9705,Court 2,2026-09-22,14:00 - 15:00,125000,Available
2690_9705_15:00,2690,Padel Commons,9705,Court 2,2026-09-22,15:00 - 16:00,125000,Available
2690_9705_16:00,2690,Padel Commons,9705,Court 2,2026-09-22,16:00 - 17:00,175000,Available
2690_9706_12:00,2690,Padel Commons,9706,Court 3,2026-09-22,12:00 - 13:00,125000,Available
2690_9706_13:00,2690,Padel Commons,9706,Court 3,2026-09-22,13:00 - 14:00,125000,Available
2690_9706_14:00,2690,Padel Commons,9706,Court 3,2026-09-22,14:00 - 15:00,125000,Available
2690_9706_15:00,2690,Padel Commons,9706,Court 3,2026-09-22,15:00 - 16:00,125000,Available
2690_9706_16:00,2690,Padel Commons,9706,Court 3,2026-09-22,16:00 - 17:00,175000,Available
2690_9707_12:00,2690,Padel Commons,9707,Court 4,2026-09-22,12:00 - 13:00,125000,Available
2690_9707_13:00,2690,Padel Commons,9707,Court 4,2026-09-22,13:00 - 14:00,125000,Available
2690_9707_14:00,2690,Padel Commons,9707,Court 4,2026-09-22,14:00 - 15:00,125000,Available
2690_9707_15:00,2690,Padel Commons,9707,Court 4,2026-09-22,15:00 - 16:00,125000,Available
2690_9707_16:00,2690,Padel Commons,9707,Court 4,2026-09-22,16:00 - 17:00,175000,Available
2927_7353_12:00,2927,Happy Padel Place,7353,Court 1,2026-09-22,12:00 - 13:00,149000,Available
2927_7353_13:00,2927,Happy Padel Place,7353,Court 1,2026-09-22,13:00 - 14:00,149000,Available
2927_7353_14:00,2927,Happy Padel Place,7353,Court 1,2026-09-22,14:00 - 15:00,149000,Available
2927_7353_15:00,2927,Happy Padel Place,7353,Court 1,2026-09-22,15:00 - 16:00,149000,Available
2927_7353_16:00,2927,Happy Padel Place,7353,Court 1,2026-09-22,16:00 - 17:00,285000,Available
2927_9028_12:00,2927,Happy Padel Place,9028,Court 2,2026-09-22,12:00 - 13:00,149000,Available
2927_9028_13:00,2927,Happy Padel Place,9028,Court 2,2026-09-22,13:00 - 14:00,149000,Available
2927_9028_14:00,2927,Happy Padel Place,9028,Court 2,2026-09-22,14:00 - 15:00,149000,Available
2927_9028_15:00,2927,Happy Padel Place,9028,Court 2,2026-09-22,15:00 - 16:00,149000,Available
2927_9028_16:00,2927,Happy Padel Place,9028,Court 2,2026-09-22,16:00 - 17:00,285000,Available
2927_9549_12:00,2927,Happy Padel Place,9549,Court 3,2026-09-22,12:00 - 13:00,149000,Available
2927_9549_13:00,2927,Happy Padel Place,9549,Court 3,2026-09-22,13:00 - 14:00,149000,Available
2927_9549_14:00,2927,Happy Padel Place,9549,Court 3,2026-09-22,14:00 - 15:00,149000,Available
2927_9549_15:00,2927,Happy Padel Place,9549,Court 3,2026-09-22,15:00 - 16:00,149000,Available
2927_9549_16:00,2927,Happy Padel Place,9549,Court 3,2026-09-22,16:00 - 17:00,285000,Available
2927_9550_12:00,2927,Happy Padel Place,9550,Court 4,2026-09-22,12:00 - 13:00,149000,Available
2927_9550_13:00,2927,Happy Padel Place,9550,Court 4,2026-09-22,13:00 - 14:00,149000,Available
2927_9550_14:00,2927,Happy Padel Place,9550,Court 4,2026-09-22,14:00 - 15:00,149000,Available
2927_9550_15:00,2927,Happy Padel Place,9550,Court 4,2026-09-22,15:00 - 16:00,149000,Available
2927_9550_16:00,2927,Happy Padel Place,9550,Court 4,2026-09-22,16:00 - 17:00,285000,Available
2927_9551_12:00,2927,Happy Padel Place,9551,Court 5,2026-09-22,12:00 - 13:00,149000,Available
2927_9551_13:00,2927,Happy Padel Place,9551,Court 5,2026-09-22,13:00 - 14:00,149000,Available
2927_9551_14:00,2927,Happy Padel Place,9551,Court 5,2026-09-22,14:00 - 15:00,149000,Available
2927_9551_15:00,2927,Happy Padel Place,9551,Court 5,2026-09-22,15:00 - 16:00,149000,Available
2927_9551_16:00,2927,Happy Padel Place,9551,Court 5,2026-09-22,16:00 - 17:00,285000,Available
2927_9552_12:00,2927,Happy Padel Place,9552,Court 6,2026-09-22,12:00 - 13:00,149000,Available
2927_9552_13:00,2927,Happy Padel Place,9552,Court 6,2026-09-22,13:00 - 14:00,149000,Available
2927_9552_14:00,2927,Happy Padel Place,9552,Court 6,2026-09-22,14:00 - 15:00,149000,Available
2927_9552_15:00,2927,Happy Padel Place,9552,Court 6,2026-09-22,15:00 - 16:00,149000,Available
2927_9552_16:00,2927,Happy Padel Place,9552,Court 6,2026-09-22,16:00 - 17:00,285000,Available
1672_3540_12:00,1672,Atlantic Padel Indonesia,3540,COURT 1 PINK,2026-09-22,12:00 - 13:00,99000,Available
1672_3540_13:00,1672,Atlantic Padel Indonesia,3540,COURT 1 PINK,2026-09-22,13:00 - 14:00,99000,Available
1672_3540_14:00,1672,Atlantic Padel Indonesia,3540,COURT 1 PINK,2026-09-22,14:00 - 15:00,99000,Available
1672_3540_15:00,1672,Atlantic Padel Indonesia,3540,COURT 1 PINK,2026-09-22,15:00 - 16:00,99000,Available
1672_3540_16:00,1672,Atlantic Padel Indonesia,3540,COURT 1 PINK,2026-09-22,16:00 - 17:00,99000,Available
1672_3541_12:00,1672,Atlantic Padel Indonesia,3541,COURT 2 TERRA,2026-09-22,12:00 - 13:00,99000,Available
1672_3541_13:00,1672,Atlantic Padel Indonesia,3541,COURT 2 TERRA,2026-09-22,13:00 - 14:00,99000,Available
1672_3541_14:00,1672,Atlantic Padel Indonesia,3541,COURT 2 TERRA,2026-09-22,14:00 - 15:00,99000,Available
1672_3541_15:00,1672,Atlantic Padel Indonesia,3541,COURT 2 TERRA,2026-09-22,15:00 - 16:00,99000,Booked
1672_3541_16:00,1672,Atlantic Padel Indonesia,3541,COURT 2 TERRA,2026-09-22,16:00 - 17:00,99000,Available
1672_3542_12:00,1672,Atlantic Padel Indonesia,3542,COURT 3 BLUE,2026-09-22,12:00 - 13:00,99000,Available
1672_3542_13:00,1672,Atlantic Padel Indonesia,3542,COURT 3 BLUE,2026-09-22,13:00 - 14:00,99000,Available
1672_3542_14:00,1672,Atlantic Padel Indonesia,3542,COURT 3 BLUE,2026-09-22,14:00 - 15:00,99000,Available
1672_3542_15:00,1672,Atlantic Padel Indonesia,3542,COURT 3 BLUE,2026-09-22,15:00 - 16:00,99000,Available
1672_3542_16:00,1672,Atlantic Padel Indonesia,3542,COURT 3 BLUE,2026-09-22,16:00 - 17:00,99000,Available
1672_3543_12:00,1672,Atlantic Padel Indonesia,3543,COURT 4 GREEN,2026-09-22,12:00 - 13:00,99000,Available
1672_3543_13:00,1672,Atlantic Padel Indonesia,3543,COURT 4 GREEN,2026-09-22,13:00 - 14:00,99000,Available
1672_3543_14:00,1672,Atlantic Padel Indonesia,3543,COURT 4 GREEN,2026-09-22,14:00 - 15:00,99000,Available
1672_3543_15:00,1672,Atlantic Padel Indonesia,3543,COURT 4 GREEN,2026-09-22,15:00 - 16:00,99000,Available
1672_3543_16:00,1672,Atlantic Padel Indonesia,3543,COURT 4 GREEN,2026-09-22,16:00 - 17:00,99000,Available
2224_4643_12:00,2224,Heliix Padel,4643,Court 1,2026-09-22,12:00 - 13:00,150000,Available
2224_4643_13:00,2224,Heliix Padel,4643,Court 1,2026-09-22,13:00 - 14:00,150000,Available
2224_4643_14:00,2224,Heliix Padel,4643,Court 1,2026-09-22,14:00 - 15:00,150000,Available
2224_4643_15:00,2224,Heliix Padel,4643,Court 1,2026-09-22,15:00 - 16:00,150000,Available
2224_4643_16:00,2224,Heliix Padel,4643,Court 1,2026-09-22,16:00 - 17:00,250000,Available
2224_5676_12:00,2224,Heliix Padel,5676,Court 2,2026-09-22,12:00 - 13:00,150000,Available
2224_5676_13:00,2224,Heliix Padel,5676,Court 2,2026-09-22,13:00 - 14:00,150000,Available
2224_5676_14:00,2224,Heliix Padel,5676,Court 2,2026-09-22,14:00 - 15:00,150000,Available
2224_5676_15:00,2224,Heliix Padel,5676,Court 2,2026-09-22,15:00 - 16:00,150000,Available
2224_5676_16:00,2224,Heliix Padel,5676,Court 2,2026-09-22,16:00 - 17:00,250000,Available
2224_5677_12:00,2224,Heliix Padel,5677,Court 3,2026-09-22,12:00 - 13:00,150000,Available
2224_5677_13:00,2224,Heliix Padel,5677,Court 3,2026-09-22,13:00 - 14:00,150000,Available
2224_5677_14:00,2224,Heliix Padel,5677,Court 3,2026-09-22,14:00 - 15:00,150000,Available
2224_5677_15:00,2224,Heliix Padel,5677,Court 3,2026-09-22,15:00 - 16:00,150000,Available
2224_5677_16:00,2224,Heliix Padel,5677,Court 3,2026-09-22,16:00 - 17:00,250000,Available
2224_5679_12:00,2224,Heliix Padel,5679,Court 4,2026-09-22,12:00 - 13:00,150000,Available
2224_5679_13:00,2224,Heliix Padel,5679,Court 4,2026-09-22,13:00 - 14:00,150000,Available
2224_5679_14:00,2224,Heliix Padel,5679,Court 4,2026-09-22,14:00 - 15:00,150000,Available
2224_5679_15:00,2224,Heliix Padel,5679,Court 4,2026-09-22,15:00 - 16:00,150000,Available
2224_5679_16:00,2224,Heliix Padel,5679,Court 4,2026-09-22,16:00 - 17:00,250000,Available
2224_5680_12:00,2224,Heliix Padel,5680,Court 5,2026-09-22,12:00 - 13:00,150000,Available
2224_5680_13:00,2224,Heliix Padel,5680,Court 5,2026-09-22,13:00 - 14:00,150000,Available
2224_5680_14:00,2224,Heliix Padel,5680,Court 5,2026-09-22,14:00 - 15:00,150000,Available
2224_5680_15:00,2224,Heliix Padel,5680,Court 5,2026-09-22,15:00 - 16:00,150000,Available
2224_5680_16:00,2224,Heliix Padel,5680,Court 5,2026-09-22,16:00 - 17:00,250000,Available
2224_5681_12:00,2224,Heliix Padel,5681,Court 6,2026-09-22,12:00 - 13:00,150000,Available
2224_5681_13:00,2224,Heliix Padel,5681,Court 6,2026-09-22,13:00 - 14:00,150000,Available
2224_5681_14:00,2224,Heliix Padel,5681,Court 6,2026-09-22,14:00 - 15:00,150000,Available
2224_5681_15:00,2224,Heliix Padel,5681,Court 6,2026-09-22,15:00 - 16:00,150000,Available
2224_5681_16:00,2224,Heliix Padel,5681,Court 6,2026-09-22,16:00 - 17:00,250000,Available
4287_10628_12:00,4287,Foreground  Racquet Simulator - Sunter,10628,Laver Court - Padel,2026-09-22,12:00 - 13:00,275000,Available
4287_10628_13:00,4287,Foreground  Racquet Simulator - Sunter,10628,Laver Court - Padel,2026-09-22,13:00 - 14:00,275000,Available
4287_10628_14:00,4287,Foreground  Racquet Simulator - Sunter,10628,Laver Court - Padel,2026-09-22,14:00 - 15:00,275000,Available
4287_10628_15:00,4287,Foreground  Racquet Simulator - Sunter,10628,Laver Court - Padel,2026-09-22,15:00 - 16:00,275000,Available
4287_10628_16:00,4287,Foreground  Racquet Simulator - Sunter,10628,Laver Court - Padel,2026-09-22,16:00 - 17:00,275000,Available
4287_10629_12:00,4287,Foreground  Racquet Simulator - Sunter,10629,Laver Court - Tennis,2026-09-22,12:00 - 13:00,275000,Available
4287_10629_13:00,4287,Foreground  Racquet Simulator - Sunter,10629,Laver Court - Tennis,2026-09-22,13:00 - 14:00,275000,Available
4287_10629_14:00,4287,Foreground  Racquet Simulator - Sunter,10629,Laver Court - Tennis,2026-09-22,14:00 - 15:00,275000,Available
4287_10629_15:00,4287,Foreground  Racquet Simulator - Sunter,10629,Laver Court - Tennis,2026-09-22,15:00 - 16:00,275000,Available
4287_10629_16:00,4287,Foreground  Racquet Simulator - Sunter,10629,Laver Court - Tennis,2026-09-22,16:00 - 17:00,275000,Available
4287_10630_12:00,4287,Foreground  Racquet Simulator - Sunter,10630,Agassi Court - Padel,2026-09-22,12:00 - 13:00,275000,Available
4287_10630_13:00,4287,Foreground  Racquet Simulator - Sunter,10630,Agassi Court - Padel,2026-09-22,13:00 - 14:00,275000,Available
4287_10630_14:00,4287,Foreground  Racquet Simulator - Sunter,10630,Agassi Court - Padel,2026-09-22,14:00 - 15:00,275000,Available
4287_10630_15:00,4287,Foreground  Racquet Simulator - Sunter,10630,Agassi Court - Padel,2026-09-22,15:00 - 16:00,275000,Available
4287_10630_16:00,4287,Foreground  Racquet Simulator - Sunter,10630,Agassi Court - Padel,2026-09-22,16:00 - 17:00,275000,Available
4287_10631_12:00,4287,Foreground  Racquet Simulator - Sunter,10631,Agassi Court - Tennis,2026-09-22,12:00 - 13:00,275000,Available
4287_10631_13:00,4287,Foreground  Racquet Simulator - Sunter,10631,Agassi Court - Tennis,2026-09-22,13:00 - 14:00,275000,Available
4287_10631_14:00,4287,Foreground  Racquet Simulator - Sunter,10631,Agassi Court - Tennis,2026-09-22,14:00 - 15:00,275000,Available
4287_10631_15:00,4287,Foreground  Racquet Simulator - Sunter,10631,Agassi Court - Tennis,2026-09-22,15:00 - 16:00,275000,Available
4287_10631_16:00,4287,Foreground  Racquet Simulator - Sunter,10631,Agassi Court - Tennis,2026-09-22,16:00 - 17:00,275000,Available
4287_10632_12:00,4287,Foreground  Racquet Simulator - Sunter,10632,Djokovic Court - Padel,2026-09-22,12:00 - 13:00,275000,Available
4287_10632_13:00,4287,Foreground  Racquet Simulator - Sunter,10632,Djokovic Court - Padel,2026-09-22,13:00 - 14:00,275000,Available
4287_10632_14:00,4287,Foreground  Racquet Simulator - Sunter,10632,Djokovic Court - Padel,2026-09-22,14:00 - 15:00,275000,Available
4287_10632_15:00,4287,Foreground  Racquet Simulator - Sunter,10632,Djokovic Court - Padel,2026-09-22,15:00 - 16:00,275000,Available
4287_10632_16:00,4287,Foreground  Racquet Simulator - Sunter,10632,Djokovic Court - Padel,2026-09-22,16:00 - 17:00,275000,Available
4287_10633_12:00,4287,Foreground  Racquet Simulator - Sunter,10633,Djokovic Court - Tennis,2026-09-22,12:00 - 13:00,275000,Available
4287_10633_13:00,4287,Foreground  Racquet Simulator - Sunter,10633,Djokovic Court - Tennis,2026-09-22,13:00 - 14:00,275000,Available
4287_10633_14:00,4287,Foreground  Racquet Simulator - Sunter,10633,Djokovic Court - Tennis,2026-09-22,14:00 - 15:00,275000,Available
4287_10633_15:00,4287,Foreground  Racquet Simulator - Sunter,10633,Djokovic Court - Tennis,2026-09-22,15:00 - 16:00,275000,Available
4287_10633_16:00,4287,Foreground  Racquet Simulator - Sunter,10633,Djokovic Court - Tennis,2026-09-22,16:00 - 17:00,275000,Available
4010_9884_12:00,4010,YOLO Sports & Lifestyle Pluit,9884,Court 1,2026-09-22,12:00 - 13:00,275000,Available
4010_9884_13:00,4010,YOLO Sports & Lifestyle Pluit,9884,Court 1,2026-09-22,13:00 - 14:00,275000,Available
4010_9884_14:00,4010,YOLO Sports & Lifestyle Pluit,9884,Court 1,2026-09-22,14:00 - 15:00,275000,Available
4010_9884_15:00,4010,YOLO Sports & Lifestyle Pluit,9884,Court 1,2026-09-22,15:00 - 16:00,275000,Available
4010_9884_16:00,4010,YOLO Sports & Lifestyle Pluit,9884,Court 1,2026-09-22,16:00 - 17:00,450000,Available
4010_9885_12:00,4010,YOLO Sports & Lifestyle Pluit,9885,Court 2,2026-09-22,12:00 - 13:00,275000,Booked
4010_9885_13:00,4010,YOLO Sports & Lifestyle Pluit,9885,Court 2,2026-09-22,13:00 - 14:00,275000,Booked
4010_9885_14:00,4010,YOLO Sports & Lifestyle Pluit,9885,Court 2,2026-09-22,14:00 - 15:00,275000,Booked
4010_9885_15:00,4010,YOLO Sports & Lifestyle Pluit,9885,Court 2,2026-09-22,15:00 - 16:00,275000,Booked
4010_9885_16:00,4010,YOLO Sports & Lifestyle Pluit,9885,Court 2,2026-09-22,16:00 - 17:00,450000,Booked
4010_9886_12:00,4010,YOLO Sports & Lifestyle Pluit,9886,Court 3,2026-09-22,12:00 - 13:00,275000,Available
4010_9886_13:00,4010,YOLO Sports & Lifestyle Pluit,9886,Court 3,2026-09-22,13:00 - 14:00,275000,Available
4010_9886_14:00,4010,YOLO Sports & Lifestyle Pluit,9886,Court 3,2026-09-22,14:00 - 15:00,275000,Available
4010_9886_15:00,4010,YOLO Sports & Lifestyle Pluit,9886,Court 3,2026-09-22,15:00 - 16:00,275000,Available
4010_9886_16:00,4010,YOLO Sports & Lifestyle Pluit,9886,Court 3,2026-09-22,16:00 - 17:00,450000,Available
4010_9887_12:00,4010,YOLO Sports & Lifestyle Pluit,9887,Court 4,2026-09-22,12:00 - 13:00,275000,Booked
4010_9887_13:00,4010,YOLO Sports & Lifestyle Pluit,9887,Court 4,2026-09-22,13:00 - 14:00,275000,Booked
4010_9887_14:00,4010,YOLO Sports & Lifestyle Pluit,9887,Court 4,2026-09-22,14:00 - 15:00,275000,Booked
4010_9887_15:00,4010,YOLO Sports & Lifestyle Pluit,9887,Court 4,2026-09-22,15:00 - 16:00,275000,Booked
4010_9887_16:00,4010,YOLO Sports & Lifestyle Pluit,9887,Court 4,2026-09-22,16:00 - 17:00,450000,Booked
4010_9888_12:00,4010,YOLO Sports & Lifestyle Pluit,9888,Court 5,2026-09-22,12:00 - 13:00,275000,Booked
4010_9888_13:00,4010,YOLO Sports & Lifestyle Pluit,9888,Court 5,2026-09-22,13:00 - 14:00,275000,Booked
4010_9888_14:00,4010,YOLO Sports & Lifestyle Pluit,9888,Court 5,2026-09-22,14:00 - 15:00,275000,Available
4010_9888_15:00,4010,YOLO Sports & Lifestyle Pluit,9888,Court 5,2026-09-22,15:00 - 16:00,275000,Available
4010_9888_16:00,4010,YOLO Sports & Lifestyle Pluit,9888,Court 5,2026-09-22,16:00 - 17:00,450000,Available
4010_9889_12:00,4010,YOLO Sports & Lifestyle Pluit,9889,Court 6,2026-09-22,12:00 - 13:00,275000,Available
4010_9889_13:00,4010,YOLO Sports & Lifestyle Pluit,9889,Court 6,2026-09-22,13:00 - 14:00,275000,Available
4010_9889_14:00,4010,YOLO Sports & Lifestyle Pluit,9889,Court 6,2026-09-22,14:00 - 15:00,275000,Available
4010_9889_15:00,4010,YOLO Sports & Lifestyle Pluit,9889,Court 6,2026-09-22,15:00 - 16:00,275000,Available
4010_9889_16:00,4010,YOLO Sports & Lifestyle Pluit,9889,Court 6,2026-09-22,16:00 - 17:00,450000,Available
4010_10159_12:00,4010,YOLO Sports & Lifestyle Pluit,10159,VIP Court,2026-09-22,12:00 - 13:00,700000,Available
4010_10159_13:00,4010,YOLO Sports & Lifestyle Pluit,10159,VIP Court,2026-09-22,13:00 - 14:00,700000,Available
4010_10159_14:00,4010,YOLO Sports & Lifestyle Pluit,10159,VIP Court,2026-09-22,14:00 - 15:00,700000,Available
4010_10159_15:00,4010,YOLO Sports & Lifestyle Pluit,10159,VIP Court,2026-09-22,15:00 - 16:00,700000,Available
4010_10159_16:00,4010,YOLO Sports & Lifestyle Pluit,10159,VIP Court,2026-09-22,16:00 - 17:00,700000,Available
4010_10160_12:00,4010,YOLO Sports & Lifestyle Pluit,10160,Court 1 - Tennis,2026-09-22,12:00 - 13:00,500000,Booked
4010_10160_13:00,4010,YOLO Sports & Lifestyle Pluit,10160,Court 1 - Tennis,2026-09-22,13:00 - 14:00,500000,Booked
4010_10160_14:00,4010,YOLO Sports & Lifestyle Pluit,10160,Court 1 - Tennis,2026-09-22,14:00 - 15:00,500000,Available
4010_10160_15:00,4010,YOLO Sports & Lifestyle Pluit,10160,Court 1 - Tennis,2026-09-22,15:00 - 16:00,500000,Booked
4010_10160_16:00,4010,YOLO Sports & Lifestyle Pluit,10160,Court 1 - Tennis,2026-09-22,16:00 - 17:00,600000,Booked
4010_10161_12:00,4010,YOLO Sports & Lifestyle Pluit,10161,Court 2 - Tennis,2026-09-22,12:00 - 13:00,500000,Available
4010_10161_13:00,4010,YOLO Sports & Lifestyle Pluit,10161,Court 2 - Tennis,2026-09-22,13:00 - 14:00,500000,Booked
4010_10161_14:00,4010,YOLO Sports & Lifestyle Pluit,10161,Court 2 - Tennis,2026-09-22,14:00 - 15:00,500000,Booked
4010_10161_15:00,4010,YOLO Sports & Lifestyle Pluit,10161,Court 2 - Tennis,2026-09-22,15:00 - 16:00,500000,Available
4010_10161_16:00,4010,YOLO Sports & Lifestyle Pluit,10161,Court 2 - Tennis,2026-09-22,16:00 - 17:00,600000,Booked
4010_11359_12:00,4010,YOLO Sports & Lifestyle Pluit,11359,MAHJONG 1,2026-09-22,12:00 - 13:00,150000,Available
4010_11359_13:00,4010,YOLO Sports & Lifestyle Pluit,11359,MAHJONG 1,2026-09-22,13:00 - 14:00,150000,Available
4010_11359_14:00,4010,YOLO Sports & Lifestyle Pluit,11359,MAHJONG 1,2026-09-22,14:00 - 15:00,150000,Available
4010_11359_15:00,4010,YOLO Sports & Lifestyle Pluit,11359,MAHJONG 1,2026-09-22,15:00 - 16:00,150000,Available
4010_11359_16:00,4010,YOLO Sports & Lifestyle Pluit,11359,MAHJONG 1,2026-09-22,16:00 - 17:00,150000,Available
4010_11360_12:00,4010,YOLO Sports & Lifestyle Pluit,11360,MAHJONG 2,2026-09-22,12:00 - 14:00,250000,Available
4010_11360_14:00,4010,YOLO Sports & Lifestyle Pluit,11360,MAHJONG 2,2026-09-22,14:00 - 16:00,250000,Available
4010_11360_16:00,4010,YOLO Sports & Lifestyle Pluit,11360,MAHJONG 2,2026-09-22,16:00 - 18:00,250000,Available
4010_11361_12:00,4010,YOLO Sports & Lifestyle Pluit,11361,MAHJONG 3,2026-09-22,12:00 - 15:00,400000,Available
4010_11361_15:00,4010,YOLO Sports & Lifestyle Pluit,11361,MAHJONG 3,2026-09-22,15:00 - 18:00,400000,Available
1657_3362_12:00,1657,Mega Padel,3362,Court A,2026-09-22,12:00 - 13:00,150000,Available
1657_3362_13:00,1657,Mega Padel,3362,Court A,2026-09-22,13:00 - 14:00,150000,Available
1657_3362_14:00,1657,Mega Padel,3362,Court A,2026-09-22,14:00 - 15:00,150000,Available
1657_3362_15:00,1657,Mega Padel,3362,Court A,2026-09-22,15:00 - 16:00,150000,Available
1657_3362_16:00,1657,Mega Padel,3362,Court A,2026-09-22,16:00 - 17:00,250000,Available
1657_4759_12:00,1657,Mega Padel,4759,Court B,2026-09-22,12:00 - 13:00,150000,Available
1657_4759_13:00,1657,Mega Padel,4759,Court B,2026-09-22,13:00 - 14:00,150000,Available
1657_4759_14:00,1657,Mega Padel,4759,Court B,2026-09-22,14:00 - 15:00,150000,Available
1657_4759_15:00,1657,Mega Padel,4759,Court B,2026-09-22,15:00 - 16:00,150000,Available
1657_4759_16:00,1657,Mega Padel,4759,Court B,2026-09-22,16:00 - 17:00,250000,Available
1657_4760_12:00,1657,Mega Padel,4760,Court C,2026-09-22,12:00 - 13:00,150000,Available
1657_4760_13:00,1657,Mega Padel,4760,Court C,2026-09-22,13:00 - 14:00,150000,Available
1657_4760_14:00,1657,Mega Padel,4760,Court C,2026-09-22,14:00 - 15:00,150000,Available
1657_4760_15:00,1657,Mega Padel,4760,Court C,2026-09-22,15:00 - 16:00,150000,Available
1657_4760_16:00,1657,Mega Padel,4760,Court C,2026-09-22,16:00 - 17:00,250000,Available
1657_4761_12:00,1657,Mega Padel,4761,Court D,2026-09-22,12:00 - 13:00,150000,Available
1657_4761_13:00,1657,Mega Padel,4761,Court D,2026-09-22,13:00 - 14:00,150000,Available
1657_4761_14:00,1657,Mega Padel,4761,Court D,2026-09-22,14:00 - 15:00,150000,Available
1657_4761_15:00,1657,Mega Padel,4761,Court D,2026-09-22,15:00 - 16:00,150000,Available
1657_4761_16:00,1657,Mega Padel,4761,Court D,2026-09-22,16:00 - 17:00,250000,Available
1657_4762_12:00,1657,Mega Padel,4762,Court E,2026-09-22,12:00 - 13:00,150000,Available
1657_4762_13:00,1657,Mega Padel,4762,Court E,2026-09-22,13:00 - 14:00,150000,Available
1657_4762_14:00,1657,Mega Padel,4762,Court E,2026-09-22,14:00 - 15:00,150000,Available
1657_4762_15:00,1657,Mega Padel,4762,Court E,2026-09-22,15:00 - 16:00,150000,Available
1657_4762_16:00,1657,Mega Padel,4762,Court E,2026-09-22,16:00 - 17:00,250000,Available
3510_9473_12:00,3510,Padel Guru JIS,9473,Court A,2026-09-22,12:00 - 13:00,180000,Available
3510_9473_13:00,3510,Padel Guru JIS,9473,Court A,2026-09-22,13:00 - 14:00,180000,Available
3510_9473_14:00,3510,Padel Guru JIS,9473,Court A,2026-09-22,14:00 - 15:00,180000,Available
3510_9473_15:00,3510,Padel Guru JIS,9473,Court A,2026-09-22,15:00 - 16:00,180000,Available
3510_9473_16:00,3510,Padel Guru JIS,9473,Court A,2026-09-22,16:00 - 17:00,200000,Available
3510_9594_12:00,3510,Padel Guru JIS,9594,Court B,2026-09-22,12:00 - 13:00,180000,Available
3510_9594_13:00,3510,Padel Guru JIS,9594,Court B,2026-09-22,13:00 - 14:00,180000,Available
3510_9594_14:00,3510,Padel Guru JIS,9594,Court B,2026-09-22,14:00 - 15:00,180000,Available
3510_9594_15:00,3510,Padel Guru JIS,9594,Court B,2026-09-22,15:00 - 16:00,180000,Available
3510_9594_16:00,3510,Padel Guru JIS,9594,Court B,2026-09-22,16:00 - 17:00,200000,Available
3510_9595_12:00,3510,Padel Guru JIS,9595,Court C,2026-09-22,12:00 - 13:00,180000,Available
3510_9595_13:00,3510,Padel Guru JIS,9595,Court C,2026-09-22,13:00 - 14:00,180000,Available
3510_9595_14:00,3510,Padel Guru JIS,9595,Court C,2026-09-22,14:00 - 15:00,180000,Available
3510_9595_15:00,3510,Padel Guru JIS,9595,Court C,2026-09-22,15:00 - 16:00,180000,Available
3510_9595_16:00,3510,Padel Guru JIS,9595,Court C,2026-09-22,16:00 - 17:00,200000,Available
3510_9596_12:00,3510,Padel Guru JIS,9596,Court D,2026-09-22,12:00 - 13:00,180000,Available
3510_9596_13:00,3510,Padel Guru JIS,9596,Court D,2026-09-22,13:00 - 14:00,180000,Available
3510_9596_14:00,3510,Padel Guru JIS,9596,Court D,2026-09-22,14:00 - 15:00,180000,Available
3510_9596_15:00,3510,Padel Guru JIS,9596,Court D,2026-09-22,15:00 - 16:00,180000,Available
3510_9596_16:00,3510,Padel Guru JIS,9596,Court D,2026-09-22,16:00 - 17:00,200000,Available
1246_2254_12:00,1246,Gaskan Pendekar Arena,2254,Padel 1,2026-09-22,12:00 - 13:00,150000,Available
1246_2254_13:00,1246,Gaskan Pendekar Arena,2254,Padel 1,2026-09-22,13:00 - 14:00,150000,Available
1246_2254_14:00,1246,Gaskan Pendekar Arena,2254,Padel 1,2026-09-22,14:00 - 15:00,150000,Booked
1246_2254_15:00,1246,Gaskan Pendekar Arena,2254,Padel 1,2026-09-22,15:00 - 16:00,150000,Available
1246_2254_16:00,1246,Gaskan Pendekar Arena,2254,Padel 1,2026-09-22,16:00 - 17:00,150000,Available
1246_2512_12:00,1246,Gaskan Pendekar Arena,2512,Padel 2,2026-09-22,12:00 - 13:00,150000,Available
1246_2512_13:00,1246,Gaskan Pendekar Arena,2512,Padel 2,2026-09-22,13:00 - 14:00,150000,Available
1246_2512_14:00,1246,Gaskan Pendekar Arena,2512,Padel 2,2026-09-22,14:00 - 15:00,150000,Available
1246_2512_15:00,1246,Gaskan Pendekar Arena,2512,Padel 2,2026-09-22,15:00 - 16:00,150000,Available
1246_2512_16:00,1246,Gaskan Pendekar Arena,2512,Padel 2,2026-09-22,16:00 - 17:00,150000,Available
1246_2253_12:00,1246,Gaskan Pendekar Arena,2253,Minisoccer,2026-09-22,12:00 - 13:00,350000,Available
1246_2253_13:00,1246,Gaskan Pendekar Arena,2253,Minisoccer,2026-09-22,13:00 - 14:00,350000,Available
1246_2253_14:00,1246,Gaskan Pendekar Arena,2253,Minisoccer,2026-09-22,14:00 - 15:00,350000,Available
1246_2253_15:00,1246,Gaskan Pendekar Arena,2253,Minisoccer,2026-09-22,15:00 - 16:00,350000,Available
1246_2253_16:00,1246,Gaskan Pendekar Arena,2253,Minisoccer,2026-09-22,16:00 - 18:00,2400000,Available
1246_12290_12:00,1246,Gaskan Pendekar Arena,12290,Mahjong 1,2026-09-22,12:00 - 13:00,100000,Available
1246_12290_13:00,1246,Gaskan Pendekar Arena,12290,Mahjong 1,2026-09-22,13:00 - 14:00,100000,Available
1246_12290_14:00,1246,Gaskan Pendekar Arena,12290,Mahjong 1,2026-09-22,14:00 - 15:00,100000,Available
1246_12290_15:00,1246,Gaskan Pendekar Arena,12290,Mahjong 1,2026-09-22,15:00 - 16:00,100000,Available
1246_12290_16:00,1246,Gaskan Pendekar Arena,12290,Mahjong 1,2026-09-22,16:00 - 17:00,100000,Available
1246_12291_12:00,1246,Gaskan Pendekar Arena,12291,Mahjong 2,2026-09-22,12:00 - 13:00,100000,Available
1246_12291_13:00,1246,Gaskan Pendekar Arena,12291,Mahjong 2,2026-09-22,13:00 - 14:00,100000,Available
1246_12291_14:00,1246,Gaskan Pendekar Arena,12291,Mahjong 2,2026-09-22,14:00 - 15:00,100000,Available
1246_12291_15:00,1246,Gaskan Pendekar Arena,12291,Mahjong 2,2026-09-22,15:00 - 16:00,100000,Available
1246_12291_16:00,1246,Gaskan Pendekar Arena,12291,Mahjong 2,2026-09-22,16:00 - 17:00,100000,Available
3338_8107_12:00,3338,Nord Social Club,8107,Court 1A,2026-09-22,12:00 - 13:00,350000,Available
3338_8107_13:00,3338,Nord Social Club,8107,Court 1A,2026-09-22,13:00 - 14:00,350000,Available
3338_8107_14:00,3338,Nord Social Club,8107,Court 1A,2026-09-22,14:00 - 15:00,350000,Available
3338_8107_15:00,3338,Nord Social Club,8107,Court 1A,2026-09-22,15:00 - 16:00,350000,Available
3338_8107_16:00,3338,Nord Social Club,8107,Court 1A,2026-09-22,16:00 - 17:00,400000,Available
3338_8108_12:00,3338,Nord Social Club,8108,Court 2A,2026-09-22,12:00 - 13:00,350000,Available
3338_8108_13:00,3338,Nord Social Club,8108,Court 2A,2026-09-22,13:00 - 14:00,350000,Available
3338_8108_14:00,3338,Nord Social Club,8108,Court 2A,2026-09-22,14:00 - 15:00,350000,Available
3338_8108_15:00,3338,Nord Social Club,8108,Court 2A,2026-09-22,15:00 - 16:00,350000,Available
3338_8108_16:00,3338,Nord Social Club,8108,Court 2A,2026-09-22,16:00 - 17:00,400000,Available
3338_8109_12:00,3338,Nord Social Club,8109,INDOMOBIL Court 3A,2026-09-22,12:00 - 13:00,350000,Available
3338_8109_13:00,3338,Nord Social Club,8109,INDOMOBIL Court 3A,2026-09-22,13:00 - 14:00,350000,Available
3338_8109_14:00,3338,Nord Social Club,8109,INDOMOBIL Court 3A,2026-09-22,14:00 - 15:00,350000,Available
3338_8109_15:00,3338,Nord Social Club,8109,INDOMOBIL Court 3A,2026-09-22,15:00 - 16:00,350000,Available
3338_8109_16:00,3338,Nord Social Club,8109,INDOMOBIL Court 3A,2026-09-22,16:00 - 17:00,400000,Available
3338_8113_12:00,3338,Nord Social Club,8113,Court Tribune A,2026-09-22,12:00 - 13:00,350000,Available
3338_8113_13:00,3338,Nord Social Club,8113,Court Tribune A,2026-09-22,13:00 - 14:00,350000,Available
3338_8113_14:00,3338,Nord Social Club,8113,Court Tribune A,2026-09-22,14:00 - 15:00,350000,Available
3338_8113_15:00,3338,Nord Social Club,8113,Court Tribune A,2026-09-22,15:00 - 16:00,350000,Available
3338_8113_16:00,3338,Nord Social Club,8113,Court Tribune A,2026-09-22,16:00 - 17:00,400000,Available
3338_8110_12:00,3338,Nord Social Club,8110,Court 1B,2026-09-22,12:00 - 13:00,350000,Available
3338_8110_13:00,3338,Nord Social Club,8110,Court 1B,2026-09-22,13:00 - 14:00,350000,Available
3338_8110_14:00,3338,Nord Social Club,8110,Court 1B,2026-09-22,14:00 - 15:00,350000,Available
3338_8110_15:00,3338,Nord Social Club,8110,Court 1B,2026-09-22,15:00 - 16:00,350000,Available
3338_8110_16:00,3338,Nord Social Club,8110,Court 1B,2026-09-22,16:00 - 17:00,400000,Available
3338_8111_12:00,3338,Nord Social Club,8111,Court 2B,2026-09-22,12:00 - 13:00,350000,Available
3338_8111_13:00,3338,Nord Social Club,8111,Court 2B,2026-09-22,13:00 - 14:00,350000,Available
3338_8111_14:00,3338,Nord Social Club,8111,Court 2B,2026-09-22,14:00 - 15:00,350000,Available
3338_8111_15:00,3338,Nord Social Club,8111,Court 2B,2026-09-22,15:00 - 16:00,350000,Available
3338_8111_16:00,3338,Nord Social Club,8111,Court 2B,2026-09-22,16:00 - 17:00,400000,Available
3338_8112_12:00,3338,Nord Social Club,8112,INDOFOOD Court 3B,2026-09-22,12:00 - 13:00,350000,Available
3338_8112_13:00,3338,Nord Social Club,8112,INDOFOOD Court 3B,2026-09-22,13:00 - 14:00,350000,Available
3338_8112_14:00,3338,Nord Social Club,8112,INDOFOOD Court 3B,2026-09-22,14:00 - 15:00,350000,Available
3338_8112_15:00,3338,Nord Social Club,8112,INDOFOOD Court 3B,2026-09-22,15:00 - 16:00,350000,Available
3338_8112_16:00,3338,Nord Social Club,8112,INDOFOOD Court 3B,2026-09-22,16:00 - 17:00,400000,Available
3338_8114_12:00,3338,Nord Social Club,8114,Court Tribune B,2026-09-22,12:00 - 13:00,350000,Available
3338_8114_13:00,3338,Nord Social Club,8114,Court Tribune B,2026-09-22,13:00 - 14:00,350000,Available
3338_8114_14:00,3338,Nord Social Club,8114,Court Tribune B,2026-09-22,14:00 - 15:00,350000,Available
3338_8114_15:00,3338,Nord Social Club,8114,Court Tribune B,2026-09-22,15:00 - 16:00,350000,Available
3338_8114_16:00,3338,Nord Social Club,8114,Court Tribune B,2026-09-22,16:00 - 17:00,400000,Available
4686_12077_12:00,4686,wePADL at Meridian Sports & Wellness (MSW) PIK,12077,Court 1,2026-09-22,12:00 - 13:00,200000,Available
4686_12077_13:00,4686,wePADL at Meridian Sports & Wellness (MSW) PIK,12077,Court 1,2026-09-22,13:00 - 14:00,200000,Available
4686_12077_14:00,4686,wePADL at Meridian Sports & Wellness (MSW) PIK,12077,Court 1,2026-09-22,14:00 - 15:00,200000,Available
4686_12077_15:00,4686,wePADL at Meridian Sports & Wellness (MSW) PIK,12077,Court 1,2026-09-22,15:00 - 16:00,200000,Available
4686_12077_16:00,4686,wePADL at Meridian Sports & Wellness (MSW) PIK,12077,Court 1,2026-09-22,16:00 - 17:00,200000,Available
4686_12219_12:00,4686,wePADL at Meridian Sports & Wellness (MSW) PIK,12219,Court 2,2026-09-22,12:00 - 13:00,200000,Available
4686_12219_13:00,4686,wePADL at Meridian Sports & Wellness (MSW) PIK,12219,Court 2,2026-09-22,13:00 - 14:00,200000,Booked
4686_12219_14:00,4686,wePADL at Meridian Sports & Wellness (MSW) PIK,12219,Court 2,2026-09-22,14:00 - 15:00,200000,Available
4686_12219_15:00,4686,wePADL at Meridian Sports & Wellness (MSW) PIK,12219,Court 2,2026-09-22,15:00 - 16:00,200000,Available
4686_12219_16:00,4686,wePADL at Meridian Sports & Wellness (MSW) PIK,12219,Court 2,2026-09-22,16:00 - 17:00,200000,Available
4686_12220_12:00,4686,wePADL at Meridian Sports & Wellness (MSW) PIK,12220,Court 3,2026-09-22,12:00 - 13:00,200000,Available
4686_12220_13:00,4686,wePADL at Meridian Sports & Wellness (MSW) PIK,12220,Court 3,2026-09-22,13:00 - 14:00,200000,Available
4686_12220_14:00,4686,wePADL at Meridian Sports & Wellness (MSW) PIK,12220,Court 3,2026-09-22,14:00 - 15:00,200000,Available
4686_12220_15:00,4686,wePADL at Meridian Sports & Wellness (MSW) PIK,12220,Court 3,2026-09-22,15:00 - 16:00,200000,Available
4686_12220_16:00,4686,wePADL at Meridian Sports & Wellness (MSW) PIK,12220,Court 3,2026-09-22,16:00 - 17:00,200000,Available
4686_12221_12:00,4686,wePADL at Meridian Sports & Wellness (MSW) PIK,12221,Court 4,2026-09-22,12:00 - 13:00,200000,Available
4686_12221_13:00,4686,wePADL at Meridian Sports & Wellness (MSW) PIK,12221,Court 4,2026-09-22,13:00 - 14:00,200000,Available
4686_12221_14:00,4686,wePADL at Meridian Sports & Wellness (MSW) PIK,12221,Court 4,2026-09-22,14:00 - 15:00,200000,Available
4686_12221_15:00,4686,wePADL at Meridian Sports & Wellness (MSW) PIK,12221,Court 4,2026-09-22,15:00 - 16:00,200000,Available
4686_12221_16:00,4686,wePADL at Meridian Sports & Wellness (MSW) PIK,12221,Court 4,2026-09-22,16:00 - 17:00,200000,Available
1305_2410_12:00,1305,The Royale Padel,2410,Padel Court,2026-09-22,12:00 - 13:00,99000,Available
1305_2410_13:00,1305,The Royale Padel,2410,Padel Court,2026-09-22,13:00 - 14:00,99000,Available
1305_2410_14:00,1305,The Royale Padel,2410,Padel Court,2026-09-22,14:00 - 15:00,99000,Available
1305_2410_15:00,1305,The Royale Padel,2410,Padel Court,2026-09-22,15:00 - 16:00,99000,Available
1305_2410_16:00,1305,The Royale Padel,2410,Padel Court,2026-09-22,16:00 - 17:00,99000,Available
1305_2411_12:00,1305,The Royale Padel,2411,Pickleball Court,2026-09-22,12:00 - 13:00,69000,Available
1305_2411_13:00,1305,The Royale Padel,2411,Pickleball Court,2026-09-22,13:00 - 14:00,69000,Available
1305_2411_14:00,1305,The Royale Padel,2411,Pickleball Court,2026-09-22,14:00 - 15:00,69000,Available
1305_2411_15:00,1305,The Royale Padel,2411,Pickleball Court,2026-09-22,15:00 - 16:00,69000,Available
1305_2411_16:00,1305,The Royale Padel,2411,Pickleball Court,2026-09-22,16:00 - 17:00,69000,Available
1305_12123_12:00,1305,The Royale Padel,12123,Table 1,2026-09-22,12:00 - 13:00,50000,Available
1305_12123_13:00,1305,The Royale Padel,12123,Table 1,2026-09-22,13:00 - 14:00,50000,Available
1305_12123_14:00,1305,The Royale Padel,12123,Table 1,2026-09-22,14:00 - 15:00,50000,Available
1305_12123_15:00,1305,The Royale Padel,12123,Table 1,2026-09-22,15:00 - 16:00,50000,Available
1305_12123_16:00,1305,The Royale Padel,12123,Table 1,2026-09-22,16:00 - 17:00,50000,Available
1305_12852_12:00,1305,The Royale Padel,12852,Table 2,2026-09-22,12:00 - 13:00,50000,Available
1305_12852_13:00,1305,The Royale Padel,12852,Table 2,2026-09-22,13:00 - 14:00,50000,Available
1305_12852_14:00,1305,The Royale Padel,12852,Table 2,2026-09-22,14:00 - 15:00,50000,Available
1305_12852_15:00,1305,The Royale Padel,12852,Table 2,2026-09-22,15:00 - 16:00,50000,Available
1305_12852_16:00,1305,The Royale Padel,12852,Table 2,2026-09-22,16:00 - 17:00,50000,Available
1305_2412_12:00,1305,The Royale Padel,2412,Recovery Room,2026-09-22,12:00 - 13:00,69000,Available
1305_2412_13:00,1305,The Royale Padel,2412,Recovery Room,2026-09-22,13:00 - 14:00,69000,Available
1305_2412_14:00,1305,The Royale Padel,2412,Recovery Room,2026-09-22,14:00 - 15:00,69000,Available
1305_2412_15:00,1305,The Royale Padel,2412,Recovery Room,2026-09-22,15:00 - 16:00,69000,Available
1305_2412_16:00,1305,The Royale Padel,2412,Recovery Room,2026-09-22,16:00 - 17:00,69000,Available
2625_5746_12:00,2625,Padel Go Blast,5746,Court 1,2026-09-22,12:00 - 13:00,145000,Available
2625_5746_13:00,2625,Padel Go Blast,5746,Court 1,2026-09-22,13:00 - 14:00,145000,Available
2625_5746_14:00,2625,Padel Go Blast,5746,Court 1,2026-09-22,14:00 - 15:00,145000,Available
2625_5746_15:00,2625,Padel Go Blast,5746,Court 1,2026-09-22,15:00 - 16:00,145000,Available
2625_5746_16:00,2625,Padel Go Blast,5746,Court 1,2026-09-22,16:00 - 17:00,200000,Available
2625_7598_12:00,2625,Padel Go Blast,7598,Court 2,2026-09-22,12:00 - 13:00,145000,Available
2625_7598_13:00,2625,Padel Go Blast,7598,Court 2,2026-09-22,13:00 - 14:00,145000,Available
2625_7598_14:00,2625,Padel Go Blast,7598,Court 2,2026-09-22,14:00 - 15:00,145000,Available
2625_7598_15:00,2625,Padel Go Blast,7598,Court 2,2026-09-22,15:00 - 16:00,145000,Available
2625_7598_16:00,2625,Padel Go Blast,7598,Court 2,2026-09-22,16:00 - 17:00,200000,Available
2625_7829_12:00,2625,Padel Go Blast,7829,Court 3,2026-09-22,12:00 - 13:00,145000,Available
2625_7829_13:00,2625,Padel Go Blast,7829,Court 3,2026-09-22,13:00 - 14:00,145000,Available
2625_7829_14:00,2625,Padel Go Blast,7829,Court 3,2026-09-22,14:00 - 15:00,145000,Booked
2625_7829_15:00,2625,Padel Go Blast,7829,Court 3,2026-09-22,15:00 - 16:00,145000,Booked
2625_7829_16:00,2625,Padel Go Blast,7829,Court 3,2026-09-22,16:00 - 17:00,200000,Available
2625_7830_12:00,2625,Padel Go Blast,7830,Court 4,2026-09-22,12:00 - 13:00,145000,Available
2625_7830_13:00,2625,Padel Go Blast,7830,Court 4,2026-09-22,13:00 - 14:00,145000,Available
2625_7830_14:00,2625,Padel Go Blast,7830,Court 4,2026-09-22,14:00 - 15:00,145000,Available
2625_7830_15:00,2625,Padel Go Blast,7830,Court 4,2026-09-22,15:00 - 16:00,145000,Available
2625_7830_16:00,2625,Padel Go Blast,7830,Court 4,2026-09-22,16:00 - 17:00,200000,Available
2625_7831_12:00,2625,Padel Go Blast,7831,Court 5,2026-09-22,12:00 - 13:00,145000,Available
2625_7831_13:00,2625,Padel Go Blast,7831,Court 5,2026-09-22,13:00 - 14:00,145000,Available
2625_7831_14:00,2625,Padel Go Blast,7831,Court 5,2026-09-22,14:00 - 15:00,145000,Available
2625_7831_15:00,2625,Padel Go Blast,7831,Court 5,2026-09-22,15:00 - 16:00,145000,Available
2625_7831_16:00,2625,Padel Go Blast,7831,Court 5,2026-09-22,16:00 - 17:00,200000,Available
4086_10257_12:00,4086,Foreground Racquet Simulator - Pluit,10257,The Lawn,2026-09-22,12:00 - 13:00,205000,Available
4086_10257_13:00,4086,Foreground Racquet Simulator - Pluit,10257,The Lawn,2026-09-22,13:00 - 14:00,205000,Available
4086_10257_14:00,4086,Foreground Racquet Simulator - Pluit,10257,The Lawn,2026-09-22,14:00 - 15:00,205000,Available
4086_10257_15:00,4086,Foreground Racquet Simulator - Pluit,10257,The Lawn,2026-09-22,15:00 - 16:00,205000,Available
4086_10257_16:00,4086,Foreground Racquet Simulator - Pluit,10257,The Lawn,2026-09-22,16:00 - 17:00,225000,Available
4086_10260_12:00,4086,Foreground Racquet Simulator - Pluit,10260,The Lawn,2026-09-22,12:00 - 13:00,205000,Available
4086_10260_13:00,4086,Foreground Racquet Simulator - Pluit,10260,The Lawn,2026-09-22,13:00 - 14:00,205000,Available
4086_10260_14:00,4086,Foreground Racquet Simulator - Pluit,10260,The Lawn,2026-09-22,14:00 - 15:00,205000,Available
4086_10260_15:00,4086,Foreground Racquet Simulator - Pluit,10260,The Lawn,2026-09-22,15:00 - 16:00,205000,Available
4086_10260_16:00,4086,Foreground Racquet Simulator - Pluit,10260,The Lawn,2026-09-22,16:00 - 17:00,225000,Available
4086_10258_12:00,4086,Foreground Racquet Simulator - Pluit,10258,Trophy Court,2026-09-22,12:00 - 13:00,205000,Available
4086_10258_13:00,4086,Foreground Racquet Simulator - Pluit,10258,Trophy Court,2026-09-22,13:00 - 14:00,205000,Available
4086_10258_14:00,4086,Foreground Racquet Simulator - Pluit,10258,Trophy Court,2026-09-22,14:00 - 15:00,205000,Available
4086_10258_15:00,4086,Foreground Racquet Simulator - Pluit,10258,Trophy Court,2026-09-22,15:00 - 16:00,205000,Available
4086_10258_16:00,4086,Foreground Racquet Simulator - Pluit,10258,Trophy Court,2026-09-22,16:00 - 17:00,225000,Available
4086_10261_12:00,4086,Foreground Racquet Simulator - Pluit,10261,Trophy Court,2026-09-22,12:00 - 13:00,205000,Available
4086_10261_13:00,4086,Foreground Racquet Simulator - Pluit,10261,Trophy Court,2026-09-22,13:00 - 14:00,205000,Available
4086_10261_14:00,4086,Foreground Racquet Simulator - Pluit,10261,Trophy Court,2026-09-22,14:00 - 15:00,205000,Available
4086_10261_15:00,4086,Foreground Racquet Simulator - Pluit,10261,Trophy Court,2026-09-22,15:00 - 16:00,205000,Available
4086_10261_16:00,4086,Foreground Racquet Simulator - Pluit,10261,Trophy Court,2026-09-22,16:00 - 17:00,225000,Available
4086_10259_12:00,4086,Foreground Racquet Simulator - Pluit,10259,Oak Room,2026-09-22,12:00 - 13:00,205000,Available
4086_10259_13:00,4086,Foreground Racquet Simulator - Pluit,10259,Oak Room,2026-09-22,13:00 - 14:00,205000,Available
4086_10259_14:00,4086,Foreground Racquet Simulator - Pluit,10259,Oak Room,2026-09-22,14:00 - 15:00,205000,Available
4086_10259_15:00,4086,Foreground Racquet Simulator - Pluit,10259,Oak Room,2026-09-22,15:00 - 16:00,205000,Available
4086_10259_16:00,4086,Foreground Racquet Simulator - Pluit,10259,Oak Room,2026-09-22,16:00 - 17:00,225000,Available
4086_10262_12:00,4086,Foreground Racquet Simulator - Pluit,10262,Oak Room,2026-09-22,12:00 - 13:00,205000,Available
4086_10262_13:00,4086,Foreground Racquet Simulator - Pluit,10262,Oak Room,2026-09-22,13:00 - 14:00,205000,Available
4086_10262_14:00,4086,Foreground Racquet Simulator - Pluit,10262,Oak Room,2026-09-22,14:00 - 15:00,205000,Available
4086_10262_15:00,4086,Foreground Racquet Simulator - Pluit,10262,Oak Room,2026-09-22,15:00 - 16:00,205000,Available
4086_10262_16:00,4086,Foreground Racquet Simulator - Pluit,10262,Oak Room,2026-09-22,16:00 - 17:00,225000,Available
4675_12166_12:00,4675,Padre Padel Kelapa Gading,12166,Court 1 - Green,2026-09-22,12:00 - 13:00,125000,Available
4675_12166_13:00,4675,Padre Padel Kelapa Gading,12166,Court 1 - Green,2026-09-22,13:00 - 14:00,125000,Available
4675_12166_14:00,4675,Padre Padel Kelapa Gading,12166,Court 1 - Green,2026-09-22,14:00 - 15:00,125000,Available
4675_12166_15:00,4675,Padre Padel Kelapa Gading,12166,Court 1 - Green,2026-09-22,15:00 - 16:00,125000,Available
4675_12166_16:00,4675,Padre Padel Kelapa Gading,12166,Court 1 - Green,2026-09-22,16:00 - 17:00,175000,Available
4675_12167_12:00,4675,Padre Padel Kelapa Gading,12167,Court 2 - Terracotta.,2026-09-22,12:00 - 13:00,125000,Available
4675_12167_13:00,4675,Padre Padel Kelapa Gading,12167,Court 2 - Terracotta.,2026-09-22,13:00 - 14:00,125000,Available
4675_12167_14:00,4675,Padre Padel Kelapa Gading,12167,Court 2 - Terracotta.,2026-09-22,14:00 - 15:00,125000,Available
4675_12167_15:00,4675,Padre Padel Kelapa Gading,12167,Court 2 - Terracotta.,2026-09-22,15:00 - 16:00,125000,Available
4675_12167_16:00,4675,Padre Padel Kelapa Gading,12167,Court 2 - Terracotta.,2026-09-22,16:00 - 17:00,175000,Available
4675_12168_12:00,4675,Padre Padel Kelapa Gading,12168,Court 3 - Blue.,2026-09-22,12:00 - 13:00,125000,Available
4675_12168_13:00,4675,Padre Padel Kelapa Gading,12168,Court 3 - Blue.,2026-09-22,13:00 - 14:00,125000,Available
4675_12168_14:00,4675,Padre Padel Kelapa Gading,12168,Court 3 - Blue.,2026-09-22,14:00 - 15:00,125000,Available
4675_12168_15:00,4675,Padre Padel Kelapa Gading,12168,Court 3 - Blue.,2026-09-22,15:00 - 16:00,125000,Available
4675_12168_16:00,4675,Padre Padel Kelapa Gading,12168,Court 3 - Blue.,2026-09-22,16:00 - 17:00,175000,Available
4675_12169_12:00,4675,Padre Padel Kelapa Gading,12169,Court 4 - Pink,2026-09-22,12:00 - 13:00,125000,Available
4675_12169_13:00,4675,Padre Padel Kelapa Gading,12169,Court 4 - Pink,2026-09-22,13:00 - 14:00,125000,Available
4675_12169_14:00,4675,Padre Padel Kelapa Gading,12169,Court 4 - Pink,2026-09-22,14:00 - 15:00,125000,Available
4675_12169_15:00,4675,Padre Padel Kelapa Gading,12169,Court 4 - Pink,2026-09-22,15:00 - 16:00,125000,Available
4675_12169_16:00,4675,Padre Padel Kelapa Gading,12169,Court 4 - Pink,2026-09-22,16:00 - 17:00,175000,Available
4675_12170_12:00,4675,Padre Padel Kelapa Gading,12170,Court 5 - Pink,2026-09-22,12:00 - 13:00,125000,Available
4675_12170_13:00,4675,Padre Padel Kelapa Gading,12170,Court 5 - Pink,2026-09-22,13:00 - 14:00,125000,Available
4675_12170_14:00,4675,Padre Padel Kelapa Gading,12170,Court 5 - Pink,2026-09-22,14:00 - 15:00,125000,Available
4675_12170_15:00,4675,Padre Padel Kelapa Gading,12170,Court 5 - Pink,2026-09-22,15:00 - 16:00,125000,Available
4675_12170_16:00,4675,Padre Padel Kelapa Gading,12170,Court 5 - Pink,2026-09-22,16:00 - 17:00,175000,Available
4675_12171_12:00,4675,Padre Padel Kelapa Gading,12171,Court 6 - Black.,2026-09-22,12:00 - 13:00,125000,Available
4675_12171_13:00,4675,Padre Padel Kelapa Gading,12171,Court 6 - Black.,2026-09-22,13:00 - 14:00,125000,Available
4675_12171_14:00,4675,Padre Padel Kelapa Gading,12171,Court 6 - Black.,2026-09-22,14:00 - 15:00,125000,Available
4675_12171_15:00,4675,Padre Padel Kelapa Gading,12171,Court 6 - Black.,2026-09-22,15:00 - 16:00,125000,Available
4675_12171_16:00,4675,Padre Padel Kelapa Gading,12171,Court 6 - Black.,2026-09-22,16:00 - 17:00,175000,Available
4675_12172_12:00,4675,Padre Padel Kelapa Gading,12172,Court 7 - Black,2026-09-22,12:00 - 13:00,125000,Available
4675_12172_13:00,4675,Padre Padel Kelapa Gading,12172,Court 7 - Black,2026-09-22,13:00 - 14:00,125000,Available
4675_12172_14:00,4675,Padre Padel Kelapa Gading,12172,Court 7 - Black,2026-09-22,14:00 - 15:00,125000,Available
4675_12172_15:00,4675,Padre Padel Kelapa Gading,12172,Court 7 - Black,2026-09-22,15:00 - 16:00,125000,Available
4675_12172_16:00,4675,Padre Padel Kelapa Gading,12172,Court 7 - Black,2026-09-22,16:00 - 17:00,175000,Available
1526_3082_12:00,1526,Kinesis Padel,3082,Lapangan 1,2026-09-22,12:00 - 13:00,150000,Available
1526_3082_13:00,1526,Kinesis Padel,3082,Lapangan 1,2026-09-22,13:00 - 14:00,150000,Available
1526_3082_14:00,1526,Kinesis Padel,3082,Lapangan 1,2026-09-22,14:00 - 15:00,150000,Available
1526_3082_15:00,1526,Kinesis Padel,3082,Lapangan 1,2026-09-22,15:00 - 16:00,150000,Booked
1526_3082_16:00,1526,Kinesis Padel,3082,Lapangan 1,2026-09-22,16:00 - 17:00,150000,Available
1526_5127_12:00,1526,Kinesis Padel,5127,Lapangan 2,2026-09-22,12:00 - 13:00,150000,Available
1526_5127_13:00,1526,Kinesis Padel,5127,Lapangan 2,2026-09-22,13:00 - 14:00,150000,Available
1526_5127_14:00,1526,Kinesis Padel,5127,Lapangan 2,2026-09-22,14:00 - 15:00,150000,Available
1526_5127_15:00,1526,Kinesis Padel,5127,Lapangan 2,2026-09-22,15:00 - 16:00,150000,Available
1526_5127_16:00,1526,Kinesis Padel,5127,Lapangan 2,2026-09-22,16:00 - 17:00,150000,Available
1526_5129_12:00,1526,Kinesis Padel,5129,Lapangan 4,2026-09-22,12:00 - 13:00,150000,Available
1526_5129_13:00,1526,Kinesis Padel,5129,Lapangan 4,2026-09-22,13:00 - 14:00,150000,Available
1526_5129_14:00,1526,Kinesis Padel,5129,Lapangan 4,2026-09-22,14:00 - 15:00,150000,Available
1526_5129_15:00,1526,Kinesis Padel,5129,Lapangan 4,2026-09-22,15:00 - 16:00,150000,Available
1526_5129_16:00,1526,Kinesis Padel,5129,Lapangan 4,2026-09-22,16:00 - 17:00,150000,Available
1637_4425_12:00,1637,The Palm Padel,4425,Court 1,2026-09-22,12:00 - 13:00,200000,Available
1637_4425_13:00,1637,The Palm Padel,4425,Court 1,2026-09-22,13:00 - 14:00,200000,Available
1637_4425_14:00,1637,The Palm Padel,4425,Court 1,2026-09-22,14:00 - 15:00,200000,Available
1637_4425_15:00,1637,The Palm Padel,4425,Court 1,2026-09-22,15:00 - 16:00,300000,Available
1637_4425_16:00,1637,The Palm Padel,4425,Court 1,2026-09-22,16:00 - 17:00,300000,Available
1637_4426_12:00,1637,The Palm Padel,4426,Court 2,2026-09-22,12:00 - 13:00,200000,Available
1637_4426_13:00,1637,The Palm Padel,4426,Court 2,2026-09-22,13:00 - 14:00,200000,Available
1637_4426_14:00,1637,The Palm Padel,4426,Court 2,2026-09-22,14:00 - 15:00,200000,Available
1637_4426_15:00,1637,The Palm Padel,4426,Court 2,2026-09-22,15:00 - 16:00,300000,Available
1637_4426_16:00,1637,The Palm Padel,4426,Court 2,2026-09-22,16:00 - 17:00,300000,Available
1637_3323_12:00,1637,The Palm Padel,3323,Court 3,2026-09-22,12:00 - 13:00,200000,Available
1637_3323_13:00,1637,The Palm Padel,3323,Court 3,2026-09-22,13:00 - 14:00,200000,Available
1637_3323_14:00,1637,The Palm Padel,3323,Court 3,2026-09-22,14:00 - 15:00,200000,Available
1637_3323_15:00,1637,The Palm Padel,3323,Court 3,2026-09-22,15:00 - 16:00,300000,Available
1637_3323_16:00,1637,The Palm Padel,3323,Court 3,2026-09-22,16:00 - 17:00,300000,Available
1637_12003_12:00,1637,The Palm Padel,12003,Mahjong 1,2026-09-22,12:00 - 13:00,75000,Available
1637_12003_13:00,1637,The Palm Padel,12003,Mahjong 1,2026-09-22,13:00 - 14:00,75000,Available
1637_12003_14:00,1637,The Palm Padel,12003,Mahjong 1,2026-09-22,14:00 - 15:00,75000,Available
1637_12003_15:00,1637,The Palm Padel,12003,Mahjong 1,2026-09-22,15:00 - 16:00,75000,Available
1637_12003_16:00,1637,The Palm Padel,12003,Mahjong 1,2026-09-22,16:00 - 17:00,75000,Available
1637_12004_12:00,1637,The Palm Padel,12004,Mahjong 2,2026-09-22,12:00 - 13:00,75000,Available
1637_12004_13:00,1637,The Palm Padel,12004,Mahjong 2,2026-09-22,13:00 - 14:00,75000,Available
1637_12004_14:00,1637,The Palm Padel,12004,Mahjong 2,2026-09-22,14:00 - 15:00,75000,Available
1637_12004_15:00,1637,The Palm Padel,12004,Mahjong 2,2026-09-22,15:00 - 16:00,75000,Available
1637_12004_16:00,1637,The Palm Padel,12004,Mahjong 2,2026-09-22,16:00 - 17:00,75000,Available
1637_12005_12:00,1637,The Palm Padel,12005,Mahjong 3,2026-09-22,12:00 - 13:00,75000,Available
1637_12005_13:00,1637,The Palm Padel,12005,Mahjong 3,2026-09-22,13:00 - 14:00,75000,Available
1637_12005_14:00,1637,The Palm Padel,12005,Mahjong 3,2026-09-22,14:00 - 15:00,75000,Available
1637_12005_15:00,1637,The Palm Padel,12005,Mahjong 3,2026-09-22,15:00 - 16:00,75000,Available
1637_12005_16:00,1637,The Palm Padel,12005,Mahjong 3,2026-09-22,16:00 - 17:00,75000,Available
2369_4986_12:00,2369,Cometa Padel VIP Lounge,4986,Padel,2026-09-22,12:00 - 13:00,160000,Available
2369_4986_13:00,2369,Cometa Padel VIP Lounge,4986,Padel,2026-09-22,13:00 - 14:00,160000,Available
2369_4986_14:00,2369,Cometa Padel VIP Lounge,4986,Padel,2026-09-22,14:00 - 15:00,160000,Available
2369_4986_15:00,2369,Cometa Padel VIP Lounge,4986,Padel,2026-09-22,15:00 - 16:00,160000,Available
2369_4986_16:00,2369,Cometa Padel VIP Lounge,4986,Padel,2026-09-22,16:00 - 17:00,160000,Available
2369_5491_13:00,2369,Cometa Padel VIP Lounge,5491,Basketball,2026-09-22,13:00 - 15:00,500000,Available
2369_5491_15:00,2369,Cometa Padel VIP Lounge,5491,Basketball,2026-09-22,15:00 - 17:00,500000,Available
2369_5492_13:00,2369,Cometa Padel VIP Lounge,5492,Futsal Sintesis,2026-09-22,13:00 - 15:00,400000,Booked
2369_5492_15:00,2369,Cometa Padel VIP Lounge,5492,Futsal Sintesis,2026-09-22,15:00 - 17:00,400000,Booked
2369_5494_13:00,2369,Cometa Padel VIP Lounge,5494,Badminton 1,2026-09-22,13:00 - 15:00,140000,Available
2369_5494_15:00,2369,Cometa Padel VIP Lounge,5494,Badminton 1,2026-09-22,15:00 - 17:00,140000,Available
2369_5495_13:00,2369,Cometa Padel VIP Lounge,5495,Badminton 2,2026-09-22,13:00 - 15:00,140000,Available
2369_5495_15:00,2369,Cometa Padel VIP Lounge,5495,Badminton 2,2026-09-22,15:00 - 17:00,140000,Available
2369_5496_13:00,2369,Cometa Padel VIP Lounge,5496,Badminton 3,2026-09-22,13:00 - 15:00,140000,Available
2369_5496_15:00,2369,Cometa Padel VIP Lounge,5496,Badminton 3,2026-09-22,15:00 - 17:00,140000,Available
2369_5497_13:00,2369,Cometa Padel VIP Lounge,5497,Badminton 4,2026-09-22,13:00 - 15:00,140000,Available
2369_5497_15:00,2369,Cometa Padel VIP Lounge,5497,Badminton 4,2026-09-22,15:00 - 17:00,140000,Available
2369_5498_13:00,2369,Cometa Padel VIP Lounge,5498,Badminton 5,2026-09-22,13:00 - 15:00,140000,Available
2369_5498_15:00,2369,Cometa Padel VIP Lounge,5498,Badminton 5,2026-09-22,15:00 - 17:00,140000,Available
1737_3558_12:00,1737,Vamos! Padel House - Sunter,3558,Court 1,2026-09-22,12:00 - 13:00,275000,Available
1737_3558_13:00,1737,Vamos! Padel House - Sunter,3558,Court 1,2026-09-22,13:00 - 14:00,275000,Available
1737_3558_14:00,1737,Vamos! Padel House - Sunter,3558,Court 1,2026-09-22,14:00 - 15:00,275000,Available
1737_3558_15:00,1737,Vamos! Padel House - Sunter,3558,Court 1,2026-09-22,15:00 - 16:00,275000,Available
1737_3558_16:00,1737,Vamos! Padel House - Sunter,3558,Court 1,2026-09-22,16:00 - 17:00,275000,Available
1737_4645_12:00,1737,Vamos! Padel House - Sunter,4645,Court 2,2026-09-22,12:00 - 13:00,275000,Available
1737_4645_13:00,1737,Vamos! Padel House - Sunter,4645,Court 2,2026-09-22,13:00 - 14:00,275000,Available
1737_4645_14:00,1737,Vamos! Padel House - Sunter,4645,Court 2,2026-09-22,14:00 - 15:00,275000,Available
1737_4645_15:00,1737,Vamos! Padel House - Sunter,4645,Court 2,2026-09-22,15:00 - 16:00,275000,Available
1737_4645_16:00,1737,Vamos! Padel House - Sunter,4645,Court 2,2026-09-22,16:00 - 17:00,275000,Available
1737_4646_12:00,1737,Vamos! Padel House - Sunter,4646,Court 3,2026-09-22,12:00 - 13:00,275000,Available
1737_4646_13:00,1737,Vamos! Padel House - Sunter,4646,Court 3,2026-09-22,13:00 - 14:00,275000,Available
1737_4646_14:00,1737,Vamos! Padel House - Sunter,4646,Court 3,2026-09-22,14:00 - 15:00,275000,Available
1737_4646_15:00,1737,Vamos! Padel House - Sunter,4646,Court 3,2026-09-22,15:00 - 16:00,275000,Available
1737_4646_16:00,1737,Vamos! Padel House - Sunter,4646,Court 3,2026-09-22,16:00 - 17:00,275000,Available
1737_4647_12:00,1737,Vamos! Padel House - Sunter,4647,Court 4,2026-09-22,12:00 - 13:00,275000,Available
1737_4647_13:00,1737,Vamos! Padel House - Sunter,4647,Court 4,2026-09-22,13:00 - 14:00,275000,Available
1737_4647_14:00,1737,Vamos! Padel House - Sunter,4647,Court 4,2026-09-22,14:00 - 15:00,275000,Available
1737_4647_15:00,1737,Vamos! Padel House - Sunter,4647,Court 4,2026-09-22,15:00 - 16:00,275000,Booked
1737_4647_16:00,1737,Vamos! Padel House - Sunter,4647,Court 4,2026-09-22,16:00 - 17:00,275000,Booked
3372_8236_12:00,3372,Genesis Padel Club,8236,Court 1,2026-09-22,12:00 - 13:00,150000,Available
3372_8236_13:00,3372,Genesis Padel Club,8236,Court 1,2026-09-22,13:00 - 14:00,150000,Available
3372_8236_14:00,3372,Genesis Padel Club,8236,Court 1,2026-09-22,14:00 - 15:00,150000,Available
3372_8236_15:00,3372,Genesis Padel Club,8236,Court 1,2026-09-22,15:00 - 16:00,150000,Available
3372_8236_16:00,3372,Genesis Padel Club,8236,Court 1,2026-09-22,16:00 - 17:00,275000,Booked
3372_12806_12:00,3372,Genesis Padel Club,12806,Court 2,2026-09-22,12:00 - 13:00,150000,Available
3372_12806_13:00,3372,Genesis Padel Club,12806,Court 2,2026-09-22,13:00 - 14:00,150000,Available
3372_12806_14:00,3372,Genesis Padel Club,12806,Court 2,2026-09-22,14:00 - 15:00,150000,Available
3372_12806_15:00,3372,Genesis Padel Club,12806,Court 2,2026-09-22,15:00 - 16:00,150000,Available
3372_12806_16:00,3372,Genesis Padel Club,12806,Court 2,2026-09-22,16:00 - 17:00,275000,Booked
3372_12807_12:00,3372,Genesis Padel Club,12807,Court 3,2026-09-22,12:00 - 13:00,150000,Available
3372_12807_13:00,3372,Genesis Padel Club,12807,Court 3,2026-09-22,13:00 - 14:00,150000,Available
3372_12807_14:00,3372,Genesis Padel Club,12807,Court 3,2026-09-22,14:00 - 15:00,150000,Available
3372_12807_15:00,3372,Genesis Padel Club,12807,Court 3,2026-09-22,15:00 - 16:00,150000,Available
3372_12807_16:00,3372,Genesis Padel Club,12807,Court 3,2026-09-22,16:00 - 17:00,275000,Booked
3372_12808_12:00,3372,Genesis Padel Club,12808,Court A,2026-09-22,12:00 - 13:00,150000,Available
3372_12808_13:00,3372,Genesis Padel Club,12808,Court A,2026-09-22,13:00 - 14:00,150000,Available
3372_12808_14:00,3372,Genesis Padel Club,12808,Court A,2026-09-22,14:00 - 15:00,150000,Available
3372_12808_15:00,3372,Genesis Padel Club,12808,Court A,2026-09-22,15:00 - 16:00,150000,Available
3372_12808_16:00,3372,Genesis Padel Club,12808,Court A,2026-09-22,16:00 - 17:00,275000,Available
3372_12809_12:00,3372,Genesis Padel Club,12809,Court B,2026-09-22,12:00 - 13:00,150000,Available
3372_12809_13:00,3372,Genesis Padel Club,12809,Court B,2026-09-22,13:00 - 14:00,150000,Available
3372_12809_14:00,3372,Genesis Padel Club,12809,Court B,2026-09-22,14:00 - 15:00,150000,Available
3372_12809_15:00,3372,Genesis Padel Club,12809,Court B,2026-09-22,15:00 - 16:00,150000,Available
3372_12809_16:00,3372,Genesis Padel Club,12809,Court B,2026-09-22,16:00 - 17:00,275000,Available
4179_10310_17:00,4179,The Raquette Temple Sunter,10310,Tennis Court,2026-09-22,17:00 - 18:00,400000,Booked
4179_10313_17:00,4179,The Raquette Temple Sunter,10313,Padel Court,2026-09-22,17:00 - 18:00,250000,Available
3193_7652_17:00,3193,Staple Social Club,7652,STAPLE SOCIAL CLUB,2026-09-22,17:00 - 18:00,175000,Booked
3013_11045_17:00,3013,X3 Padel,11045,Court A,2026-09-22,17:00 - 18:00,175000,Available
3013_11046_17:00,3013,X3 Padel,11046,Court B,2026-09-22,17:00 - 18:00,175000,Available
3013_11047_17:00,3013,X3 Padel,11047,Court C,2026-09-22,17:00 - 18:00,175000,Available
3013_11048_17:00,3013,X3 Padel,11048,Court D,2026-09-22,17:00 - 18:00,175000,Available
3013_11049_17:00,3013,X3 Padel,11049,Center Court,2026-09-22,17:00 - 18:00,200000,Available
1281_2371_18:00,1281,RacketGo Sunter,2371,Tennis Blue Court,2026-09-22,18:00 - 20:00,560000,Booked
1281_2372_18:00,1281,RacketGo Sunter,2372,Tennis Purple Court,2026-09-22,18:00 - 20:00,560000,Booked
1281_2373_18:00,1281,RacketGo Sunter,2373,Tennis Orange Court,2026-09-22,18:00 - 20:00,560000,Booked
1281_2374_18:00,1281,RacketGo Sunter,2374,Yellow Padel,2026-09-22,18:00 - 19:00,225000,Available
1281_2375_18:00,1281,RacketGo Sunter,2375,Pink Padel,2026-09-22,18:00 - 19:00,225000,Available
1697_3473_17:00,1697,Urban Racquet Club,3473,Padel A,2026-09-22,17:00 - 18:00,300000,Available
1697_3572_17:00,1697,Urban Racquet Club,3572,Padel B,2026-09-22,17:00 - 18:00,300000,Available
1697_3573_17:00,1697,Urban Racquet Club,3573,Padel C,2026-09-22,17:00 - 18:00,300000,Available
1697_3574_17:00,1697,Urban Racquet Club,3574,Padel D,2026-09-22,17:00 - 18:00,300000,Available
1697_3575_17:00,1697,Urban Racquet Club,3575,Padel E,2026-09-22,17:00 - 18:00,300000,Available
1697_3576_17:00,1697,Urban Racquet Club,3576,Padel F,2026-09-22,17:00 - 18:00,300000,Available
1336_2483_17:00,1336,Olympus Prime Sports Center - Bandengan,2483,Tennis Indoor 1 - Tribune,2026-09-22,17:00 - 18:00,275000,Booked
1336_2495_17:00,1336,Olympus Prime Sports Center - Bandengan,2495,Tennis Indoor 2 - Tribune,2026-09-22,17:00 - 18:00,275000,Available
1336_2496_17:00,1336,Olympus Prime Sports Center - Bandengan,2496,Tennis Outdoor 3,2026-09-22,17:00 - 18:00,150000,Booked
1336_2497_17:00,1336,Olympus Prime Sports Center - Bandengan,2497,Tennis Outdoor 4,2026-09-22,17:00 - 18:00,150000,Booked
1336_2498_17:00,1336,Olympus Prime Sports Center - Bandengan,2498,Tennis Outdoor 5,2026-09-22,17:00 - 18:00,150000,Booked
1336_2499_17:00,1336,Olympus Prime Sports Center - Bandengan,2499,Tennis Outdoor 6,2026-09-22,17:00 - 18:00,150000,Booked
1336_2500_17:00,1336,Olympus Prime Sports Center - Bandengan,2500,Padel Indoor White A,2026-09-22,17:00 - 18:00,180000,Available
1336_2501_17:00,1336,Olympus Prime Sports Center - Bandengan,2501,Padel Indoor White B,2026-09-22,17:00 - 18:00,180000,Available
1336_2502_17:00,1336,Olympus Prime Sports Center - Bandengan,2502,Padel Indoor Black C,2026-09-22,17:00 - 18:00,180000,Available
1336_2503_17:00,1336,Olympus Prime Sports Center - Bandengan,2503,Padel Indoor Black D,2026-09-22,17:00 - 18:00,180000,Available
1336_2504_17:00,1336,Olympus Prime Sports Center - Bandengan,2504,Pickleball Semi Indoor Court 1,2026-09-22,17:00 - 18:00,200000,Available
1336_2505_17:00,1336,Olympus Prime Sports Center - Bandengan,2505,Pickleball Semi Indoor Court 2,2026-09-22,17:00 - 18:00,200000,Available
1410_2704_17:00,1410,Anfa Arena Padel,2704,Court A,2026-09-22,17:00 - 18:00,250000,Available
1410_2705_17:00,1410,Anfa Arena Padel,2705,Court B,2026-09-22,17:00 - 18:00,250000,Available
1410_2706_17:00,1410,Anfa Arena Padel,2706,Court C,2026-09-22,17:00 - 18:00,250000,Available
3265_7841_17:00,3265,Pluit Padel Parq (PPP),7841,1 - Teak,2026-09-22,17:00 - 18:00,350000,Available
3265_8722_17:00,3265,Pluit Padel Parq (PPP),8722,2 - Palm,2026-09-22,17:00 - 18:00,350000,Available
3265_8723_17:00,3265,Pluit Padel Parq (PPP),8723,3 - Moss,2026-09-22,17:00 - 18:00,350000,Available
3265_8724_17:00,3265,Pluit Padel Parq (PPP),8724,C - Center,2026-09-22,17:00 - 18:00,350000,Available
3265_8725_17:00,3265,Pluit Padel Parq (PPP),8725,5 - Leaf,2026-09-22,17:00 - 18:00,350000,Available
3265_8726_17:00,3265,Pluit Padel Parq (PPP),8726,6 - Wood,2026-09-22,17:00 - 18:00,350000,Available
3265_8727_17:00,3265,Pluit Padel Parq (PPP),8727,7 - Pine,2026-09-22,17:00 - 18:00,350000,Available
3265_8728_17:00,3265,Pluit Padel Parq (PPP),8728,8 - Fern,2026-09-22,17:00 - 18:00,350000,Booked
3265_9560_17:00,3265,Pluit Padel Parq (PPP),9560,01 - Lawn,2026-09-22,17:00 - 18:00,300000,Booked
3265_9561_17:00,3265,Pluit Padel Parq (PPP),9561,02 - Ground,2026-09-22,17:00 - 18:00,300000,Booked
1782_3630_17:00,1782,DeWarehouse Padel ( DWP ) - Sunter,3630,Court 1,2026-09-22,17:00 - 18:00,299000,Booked
1782_6271_17:00,1782,DeWarehouse Padel ( DWP ) - Sunter,6271,Court 2,2026-09-22,17:00 - 18:00,299000,Booked
1782_6272_17:00,1782,DeWarehouse Padel ( DWP ) - Sunter,6272,Court 3,2026-09-22,17:00 - 18:00,299000,Available
1782_6273_17:00,1782,DeWarehouse Padel ( DWP ) - Sunter,6273,Court 4,2026-09-22,17:00 - 18:00,299000,Booked
1782_6274_17:00,1782,DeWarehouse Padel ( DWP ) - Sunter,6274,Court 5,2026-09-22,17:00 - 18:00,299000,Available
1782_6275_17:00,1782,DeWarehouse Padel ( DWP ) - Sunter,6275,Court 6,2026-09-22,17:00 - 18:00,299000,Available
1782_6276_17:00,1782,DeWarehouse Padel ( DWP ) - Sunter,6276,Panasonic Court,2026-09-22,17:00 - 18:00,299000,Available
2824_6431_17:00,2824,Rivera Padel Pluit,6431,Centre Court,2026-09-22,17:00 - 18:00,288000,Available
2824_6432_17:00,2824,Rivera Padel Pluit,6432,Court 1,2026-09-22,17:00 - 18:00,288000,Booked
2824_6547_17:00,2824,Rivera Padel Pluit,6547,Court 2,2026-09-22,17:00 - 18:00,288000,Booked
2824_6548_17:00,2824,Rivera Padel Pluit,6548,Court 3,2026-09-22,17:00 - 18:00,288000,Available
1450_11979_17:00,1450,MXL Ground,11979,Mahjong Table Complete Set,2026-09-22,17:00 - 18:00,50000,Available
1450_2867_17:00,1450,MXL Ground,2867,Tennis A,2026-09-22,17:00 - 18:00,250000,Booked
1450_2870_17:00,1450,MXL Ground,2870,Tennis B,2026-09-22,17:00 - 18:00,250000,Booked
1450_2869_17:00,1450,MXL Ground,2869,Padel 1,2026-09-22,17:00 - 18:00,236000,Available
1450_2871_17:00,1450,MXL Ground,2871,Padel 2,2026-09-22,17:00 - 18:00,236000,Available
1450_2872_17:00,1450,MXL Ground,2872,Padel 3,2026-09-22,17:00 - 18:00,236000,Available
2073_4298_17:00,2073,My Club House - Padel,4298,Court 1,2026-09-22,17:00 - 18:00,275000,Booked
2073_6511_17:00,2073,My Club House - Padel,6511,Court 2,2026-09-22,17:00 - 18:00,275000,Booked
2073_6512_17:00,2073,My Club House - Padel,6512,Court 3,2026-09-22,17:00 - 18:00,275000,Available
2073_6513_17:00,2073,My Club House - Padel,6513,Court 4,2026-09-22,17:00 - 18:00,275000,Available
2073_6514_17:00,2073,My Club House - Padel,6514,SKY A,2026-09-22,17:00 - 18:00,275000,Available
2073_6515_17:00,2073,My Club House - Padel,6515,SKY B,2026-09-22,17:00 - 18:00,275000,Available
3627_8972_17:00,3627,Gading Mas Racquet Club,8972,Padel 1,2026-09-22,17:00 - 18:00,265000,Available
3627_10359_17:00,3627,Gading Mas Racquet Club,10359,Padel 2,2026-09-22,17:00 - 18:00,265000,Booked
3627_10360_17:00,3627,Gading Mas Racquet Club,10360,Padel 3,2026-09-22,17:00 - 18:00,265000,Booked
3627_10361_17:00,3627,Gading Mas Racquet Club,10361,Pickleball 1,2026-09-22,17:00 - 18:00,200000,Available
3627_10362_17:00,3627,Gading Mas Racquet Club,10362,Pickleball 2,2026-09-22,17:00 - 18:00,200000,Available
3627_11009_17:00,3627,Gading Mas Racquet Club,11009,Tennis Courts 1,2026-09-22,17:00 - 18:00,275000,Booked
3627_11010_17:00,3627,Gading Mas Racquet Club,11010,Tennis Courts 2,2026-09-22,17:00 - 18:00,275000,Booked
1579_3199_17:00,1579,Ultradome Padel Tennis Lounge,3199,T1,2026-09-22,17:00 - 18:00,275000,Booked
1579_3328_17:00,1579,Ultradome Padel Tennis Lounge,3328,T2,2026-09-22,17:00 - 18:00,275000,Booked
1579_3329_17:00,1579,Ultradome Padel Tennis Lounge,3329,T3,2026-09-22,17:00 - 18:00,275000,Booked
1579_3330_17:00,1579,Ultradome Padel Tennis Lounge,3330,T4,2026-09-22,17:00 - 18:00,275000,Booked
1579_3246_17:00,1579,Ultradome Padel Tennis Lounge,3246,P1,2026-09-22,17:00 - 18:00,280000,Booked
1579_3331_17:00,1579,Ultradome Padel Tennis Lounge,3331,P2,2026-09-22,17:00 - 18:00,280000,Booked
1579_3332_17:00,1579,Ultradome Padel Tennis Lounge,3332,P3,2026-09-22,17:00 - 18:00,280000,Booked
1579_3333_17:00,1579,Ultradome Padel Tennis Lounge,3333,P4,2026-09-22,17:00 - 18:00,280000,Available
1579_3334_17:00,1579,Ultradome Padel Tennis Lounge,3334,P5,2026-09-22,17:00 - 18:00,280000,Available
1579_12192_17:00,1579,Ultradome Padel Tennis Lounge,12192,Mahjong Table 1 (automatic),2026-09-22,17:00 - 18:00,100000,Available
1579_12193_17:00,1579,Ultradome Padel Tennis Lounge,12193,Mahjong Table 2 (automatic),2026-09-22,17:00 - 18:00,100000,Available
1579_12191_17:00,1579,Ultradome Padel Tennis Lounge,12191,Mahjong Table (manual),2026-09-22,17:00 - 18:00,50000,Available
1659_3381_17:00,1659,Padel Hive Pluit,3381,Court 1,2026-09-22,17:00 - 18:00,269000,Available
1659_4048_17:00,1659,Padel Hive Pluit,4048,Court 2,2026-09-22,17:00 - 18:00,269000,Available
1659_4049_17:00,1659,Padel Hive Pluit,4049,Court 3,2026-09-22,17:00 - 18:00,269000,Available
548_1125_17:00,548,Bestindo Sport Center,1125,Futsal Outdoor,2026-09-22,17:00 - 18:00,250000,Booked
548_1232_17:00,548,Bestindo Sport Center,1232,Badminton 1,2026-09-22,17:00 - 18:00,80000,Available
548_1257_17:00,548,Bestindo Sport Center,1257,Badminton 2,2026-09-22,17:00 - 18:00,80000,Available
548_1258_17:00,548,Bestindo Sport Center,1258,Badminton 3,2026-09-22,17:00 - 18:00,80000,Booked
548_1259_17:00,548,Bestindo Sport Center,1259,Badminton 4,2026-09-22,17:00 - 18:00,80000,Booked
548_1260_17:00,548,Bestindo Sport Center,1260,Badminton 5,2026-09-22,17:00 - 18:00,80000,Available
548_1446_17:00,548,Bestindo Sport Center,1446,Basket 3x3 A,2026-09-22,17:00 - 18:00,100000,Available
548_1447_17:00,548,Bestindo Sport Center,1447,Basket 3x3 B,2026-09-22,17:00 - 18:00,100000,Available
548_1452_17:00,548,Bestindo Sport Center,1452,Padel Court A,2026-09-22,17:00 - 18:00,250000,Available
548_1453_17:00,548,Bestindo Sport Center,1453,Padel Court B,2026-09-22,17:00 - 18:00,250000,Available
1595_4242_17:00,1595,El Patio Padel - Pluit,4242,Court 1,2026-09-22,17:00 - 18:00,279000,Available
1595_4243_17:00,1595,El Patio Padel - Pluit,4243,Court 2,2026-09-22,17:00 - 18:00,279000,Available
1595_3284_17:00,1595,El Patio Padel - Pluit,3284,Court 3,2026-09-22,17:00 - 18:00,279000,Available
1642_3337_17:00,1642,Vibora Padel & Pickleball Club Kelapa Gading,3337,Court 1,2026-09-22,17:00 - 18:00,275000,Booked
1642_4693_17:00,1642,Vibora Padel & Pickleball Club Kelapa Gading,4693,Filano Court 2,2026-09-22,17:00 - 18:00,275000,Booked
1642_4694_17:00,1642,Vibora Padel & Pickleball Club Kelapa Gading,4694,Court 3,2026-09-22,17:00 - 18:00,275000,Available
1642_4695_17:00,1642,Vibora Padel & Pickleball Club Kelapa Gading,4695,Court 4,2026-09-22,17:00 - 18:00,275000,Available
1642_4696_17:00,1642,Vibora Padel & Pickleball Club Kelapa Gading,4696,Court5 VIP,2026-09-22,17:00 - 18:00,325000,Available
1642_4697_17:00,1642,Vibora Padel & Pickleball Club Kelapa Gading,4697,Pickleball Court,2026-09-22,17:00 - 18:00,100000,Available
2765_6232_17:00,2765,Fivestar Signature Club,6232,Court 1,2026-09-22,17:00 - 18:00,325000,Booked
2765_6289_17:00,2765,Fivestar Signature Club,6289,Court UniversalBPR,2026-09-22,17:00 - 18:00,325000,Booked
2765_6290_17:00,2765,Fivestar Signature Club,6290,Court 3,2026-09-22,17:00 - 18:00,325000,Available
2765_6291_17:00,2765,Fivestar Signature Club,6291,Court Haier,2026-09-22,17:00 - 18:00,325000,Available
2765_11352_17:00,2765,Fivestar Signature Club,11352,Court VIP,2026-09-22,17:00 - 18:00,500000,Available
2765_12385_17:00,2765,Fivestar Signature Club,12385,Mahjong 1,2026-09-22,17:00 - 18:00,100000,Available
2765_12427_17:00,2765,Fivestar Signature Club,12427,Mahjong 2,2026-09-22,17:00 - 18:00,100000,Available
2765_12428_17:00,2765,Fivestar Signature Club,12428,Mahjong 3,2026-09-22,17:00 - 18:00,100000,Available
2765_12429_17:00,2765,Fivestar Signature Club,12429,Mahjong 4,2026-09-22,17:00 - 18:00,100000,Booked
2765_12430_17:00,2765,Fivestar Signature Club,12430,Mahjong 5,2026-09-22,17:00 - 18:00,100000,Available
2765_12431_17:00,2765,Fivestar Signature Club,12431,Mahjong 6,2026-09-22,17:00 - 18:00,100000,Booked
4434_11211_17:00,4434,Let's Go Padel Sunter,11211,Court 1,2026-09-22,17:00 - 18:00,340000,Available
4434_11271_17:00,4434,Let's Go Padel Sunter,11271,Court 2,2026-09-22,17:00 - 18:00,340000,Available
4434_11272_17:00,4434,Let's Go Padel Sunter,11272,Court 3,2026-09-22,17:00 - 18:00,340000,Available
4434_11273_17:00,4434,Let's Go Padel Sunter,11273,Court 4,2026-09-22,17:00 - 18:00,340000,Available
4434_11274_17:00,4434,Let's Go Padel Sunter,11274,Court 5,2026-09-22,17:00 - 18:00,340000,Available
4434_11275_17:00,4434,Let's Go Padel Sunter,11275,Court 6,2026-09-22,17:00 - 18:00,340000,Available
2758_6206_17:00,2758,Bandeja Padel Arena,6206,Bandeja Court,2026-09-22,17:00 - 18:00,245000,Booked
2758_6207_17:00,2758,Bandeja Padel Arena,6207,Court 2,2026-09-22,17:00 - 18:00,245000,Booked
2758_6255_17:00,2758,Bandeja Padel Arena,6255,Court 3,2026-09-22,17:00 - 18:00,245000,Booked
2758_6256_17:00,2758,Bandeja Padel Arena,6256,Court 4,2026-09-22,17:00 - 18:00,245000,Booked
2758_6257_17:00,2758,Bandeja Padel Arena,6257,Court 5,2026-09-22,17:00 - 18:00,245000,Booked
2758_6258_17:00,2758,Bandeja Padel Arena,6258,Court 6,2026-09-22,17:00 - 18:00,245000,Booked
1605_3775_17:00,1605,Batavia Sports Club,3775,Court 1,2026-09-22,17:00 - 18:00,230000,Available
1605_4002_17:00,1605,Batavia Sports Club,4002,Court 2,2026-09-22,17:00 - 18:00,230000,Available
1605_4003_17:00,1605,Batavia Sports Club,4003,Court 3,2026-09-22,17:00 - 18:00,230000,Available
1605_4004_17:00,1605,Batavia Sports Club,4004,Court 4,2026-09-22,17:00 - 18:00,230000,Available
1605_4005_17:00,1605,Batavia Sports Club,4005,Court 5,2026-09-22,17:00 - 18:00,230000,Available
1605_4006_17:00,1605,Batavia Sports Club,4006,Court 6,2026-09-22,17:00 - 18:00,230000,Available
1605_4007_17:00,1605,Batavia Sports Club,4007,Tennis Court 1,2026-09-22,17:00 - 18:00,275000,Booked
1605_4008_17:00,1605,Batavia Sports Club,4008,Tennis Court 2,2026-09-22,17:00 - 18:00,275000,Booked
2124_4392_17:00,2124,MSC Padel Sunter,4392,Lapangan 1,2026-09-22,17:00 - 18:00,175000,Available
2124_4435_17:00,2124,MSC Padel Sunter,4435,Lapangan 2,2026-09-22,17:00 - 18:00,175000,Available
1407_2701_17:00,1407,Master Padel - Sunter,2701,Tolak Linu Court,2026-09-22,17:00 - 18:00,350000,Available
1407_3687_17:00,1407,Master Padel - Sunter,3687,Court 2,2026-09-22,17:00 - 18:00,350000,Available
1407_3688_17:00,1407,Master Padel - Sunter,3688,Court 3,2026-09-22,17:00 - 18:00,350000,Available
1407_3689_17:00,1407,Master Padel - Sunter,3689,C+ Collagen Court,2026-09-22,17:00 - 18:00,350000,Available
1407_3690_17:00,1407,Master Padel - Sunter,3690,BRImo Court,2026-09-22,17:00 - 18:00,350000,Booked
1407_3691_17:00,1407,Master Padel - Sunter,3691,Court 6,2026-09-22,17:00 - 18:00,350000,Available
1407_3692_17:00,1407,Master Padel - Sunter,3692,My Bca Court,2026-09-22,17:00 - 18:00,350000,Booked
1407_3693_17:00,1407,Master Padel - Sunter,3693,Colonel's Court,2026-09-22,17:00 - 18:00,350000,Available
2228_4641_17:00,2228,Garuda Padel Club,4641,Padel Court A,2026-09-22,17:00 - 18:00,345000,Available
2228_5840_17:00,2228,Garuda Padel Club,5840,Padel Court B,2026-09-22,17:00 - 18:00,345000,Available
2228_5842_17:00,2228,Garuda Padel Club,5842,Padel Court C,2026-09-22,17:00 - 18:00,345000,Available
2228_5843_17:00,2228,Garuda Padel Club,5843,Padel Court D,2026-09-22,17:00 - 18:00,345000,Available
2047_4276_17:00,2047,VIP Padel MK,4276,Court 1,2026-09-22,17:00 - 18:00,300000,Available
3109_7319_17:00,3109,The Club House Padel - Pantai Mutiara Pluit,7319,Royal Padel Court,2026-09-22,17:00 - 18:00,288000,Available
3109_7320_17:00,3109,The Club House Padel - Pantai Mutiara Pluit,7320,Club House Court,2026-09-22,17:00 - 18:00,288000,Available
1594_3993_17:00,1594,The 40/0 Club,3993,Court 1,2026-09-22,17:00 - 18:00,200000,Available
1594_3994_17:00,1594,The 40/0 Club,3994,Court 2,2026-09-22,17:00 - 18:00,200000,Available
1594_3995_17:00,1594,The 40/0 Club,3995,Court 3,2026-09-22,17:00 - 18:00,200000,Available
2690_5974_17:00,2690,Padel Commons,5974,Court 1,2026-09-22,17:00 - 18:00,175000,Available
2690_9705_17:00,2690,Padel Commons,9705,Court 2,2026-09-22,17:00 - 18:00,175000,Available
2690_9706_17:00,2690,Padel Commons,9706,Court 3,2026-09-22,17:00 - 18:00,175000,Available
2690_9707_17:00,2690,Padel Commons,9707,Court 4,2026-09-22,17:00 - 18:00,175000,Available
2927_7353_17:00,2927,Happy Padel Place,7353,Court 1,2026-09-22,17:00 - 18:00,285000,Available
2927_9028_17:00,2927,Happy Padel Place,9028,Court 2,2026-09-22,17:00 - 18:00,285000,Available
2927_9549_17:00,2927,Happy Padel Place,9549,Court 3,2026-09-22,17:00 - 18:00,285000,Available
2927_9550_17:00,2927,Happy Padel Place,9550,Court 4,2026-09-22,17:00 - 18:00,285000,Available
2927_9551_17:00,2927,Happy Padel Place,9551,Court 5,2026-09-22,17:00 - 18:00,285000,Available
2927_9552_17:00,2927,Happy Padel Place,9552,Court 6,2026-09-22,17:00 - 18:00,285000,Available
1672_3540_17:00,1672,Atlantic Padel Indonesia,3540,COURT 1 PINK,2026-09-22,17:00 - 18:00,99000,Available
1672_3541_17:00,1672,Atlantic Padel Indonesia,3541,COURT 2 TERRA,2026-09-22,17:00 - 18:00,99000,Available
1672_3542_17:00,1672,Atlantic Padel Indonesia,3542,COURT 3 BLUE,2026-09-22,17:00 - 18:00,99000,Available
1672_3543_17:00,1672,Atlantic Padel Indonesia,3543,COURT 4 GREEN,2026-09-22,17:00 - 18:00,99000,Available
2224_4643_17:00,2224,Heliix Padel,4643,Court 1,2026-09-22,17:00 - 18:00,250000,Available
2224_5676_17:00,2224,Heliix Padel,5676,Court 2,2026-09-22,17:00 - 18:00,250000,Booked
2224_5677_17:00,2224,Heliix Padel,5677,Court 3,2026-09-22,17:00 - 18:00,250000,Available
2224_5679_17:00,2224,Heliix Padel,5679,Court 4,2026-09-22,17:00 - 18:00,250000,Available
2224_5680_17:00,2224,Heliix Padel,5680,Court 5,2026-09-22,17:00 - 18:00,250000,Available
2224_5681_17:00,2224,Heliix Padel,5681,Court 6,2026-09-22,17:00 - 18:00,250000,Available
4287_10628_17:00,4287,Foreground  Racquet Simulator - Sunter,10628,Laver Court - Padel,2026-09-22,17:00 - 18:00,275000,Available
4287_10629_17:00,4287,Foreground  Racquet Simulator - Sunter,10629,Laver Court - Tennis,2026-09-22,17:00 - 18:00,275000,Available
4287_10630_17:00,4287,Foreground  Racquet Simulator - Sunter,10630,Agassi Court - Padel,2026-09-22,17:00 - 18:00,275000,Available
4287_10631_17:00,4287,Foreground  Racquet Simulator - Sunter,10631,Agassi Court - Tennis,2026-09-22,17:00 - 18:00,275000,Available
4287_10632_17:00,4287,Foreground  Racquet Simulator - Sunter,10632,Djokovic Court - Padel,2026-09-22,17:00 - 18:00,275000,Available
4287_10633_17:00,4287,Foreground  Racquet Simulator - Sunter,10633,Djokovic Court - Tennis,2026-09-22,17:00 - 18:00,275000,Available
4010_9884_17:00,4010,YOLO Sports & Lifestyle Pluit,9884,Court 1,2026-09-22,17:00 - 18:00,450000,Available
4010_9885_17:00,4010,YOLO Sports & Lifestyle Pluit,9885,Court 2,2026-09-22,17:00 - 18:00,450000,Booked
4010_9886_17:00,4010,YOLO Sports & Lifestyle Pluit,9886,Court 3,2026-09-22,17:00 - 18:00,450000,Available
4010_9887_17:00,4010,YOLO Sports & Lifestyle Pluit,9887,Court 4,2026-09-22,17:00 - 18:00,450000,Booked
4010_9888_17:00,4010,YOLO Sports & Lifestyle Pluit,9888,Court 5,2026-09-22,17:00 - 18:00,450000,Available
4010_9889_17:00,4010,YOLO Sports & Lifestyle Pluit,9889,Court 6,2026-09-22,17:00 - 18:00,450000,Available
4010_10159_17:00,4010,YOLO Sports & Lifestyle Pluit,10159,VIP Court,2026-09-22,17:00 - 18:00,700000,Available
4010_10160_17:00,4010,YOLO Sports & Lifestyle Pluit,10160,Court 1 - Tennis,2026-09-22,17:00 - 18:00,600000,Booked
4010_10161_17:00,4010,YOLO Sports & Lifestyle Pluit,10161,Court 2 - Tennis,2026-09-22,17:00 - 18:00,600000,Booked
4010_11359_17:00,4010,YOLO Sports & Lifestyle Pluit,11359,MAHJONG 1,2026-09-22,17:00 - 18:00,150000,Available
1657_3362_17:00,1657,Mega Padel,3362,Court A,2026-09-22,17:00 - 18:00,250000,Available
1657_4759_17:00,1657,Mega Padel,4759,Court B,2026-09-22,17:00 - 18:00,250000,Available
1657_4760_17:00,1657,Mega Padel,4760,Court C,2026-09-22,17:00 - 18:00,250000,Available
1657_4761_17:00,1657,Mega Padel,4761,Court D,2026-09-22,17:00 - 18:00,250000,Available
1657_4762_17:00,1657,Mega Padel,4762,Court E,2026-09-22,17:00 - 18:00,250000,Available
3510_9473_17:00,3510,Padel Guru JIS,9473,Court A,2026-09-22,17:00 - 18:00,200000,Booked
3510_9594_17:00,3510,Padel Guru JIS,9594,Court B,2026-09-22,17:00 - 18:00,200000,Available
3510_9595_17:00,3510,Padel Guru JIS,9595,Court C,2026-09-22,17:00 - 18:00,200000,Available
3510_9596_17:00,3510,Padel Guru JIS,9596,Court D,2026-09-22,17:00 - 18:00,200000,Available
1246_2254_17:00,1246,Gaskan Pendekar Arena,2254,Padel 1,2026-09-22,17:00 - 18:00,150000,Available
1246_2512_17:00,1246,Gaskan Pendekar Arena,2512,Padel 2,2026-09-22,17:00 - 18:00,150000,Available
1246_12290_17:00,1246,Gaskan Pendekar Arena,12290,Mahjong 1,2026-09-22,17:00 - 18:00,100000,Available
1246_12291_17:00,1246,Gaskan Pendekar Arena,12291,Mahjong 2,2026-09-22,17:00 - 18:00,100000,Available
3338_8107_17:00,3338,Nord Social Club,8107,Court 1A,2026-09-22,17:00 - 18:00,400000,Available
3338_8108_17:00,3338,Nord Social Club,8108,Court 2A,2026-09-22,17:00 - 18:00,400000,Available
3338_8109_17:00,3338,Nord Social Club,8109,INDOMOBIL Court 3A,2026-09-22,17:00 - 18:00,400000,Available
3338_8113_17:00,3338,Nord Social Club,8113,Court Tribune A,2026-09-22,17:00 - 18:00,400000,Available
3338_8110_17:00,3338,Nord Social Club,8110,Court 1B,2026-09-22,17:00 - 18:00,400000,Available
3338_8111_17:00,3338,Nord Social Club,8111,Court 2B,2026-09-22,17:00 - 18:00,400000,Available
3338_8112_17:00,3338,Nord Social Club,8112,INDOFOOD Court 3B,2026-09-22,17:00 - 18:00,400000,Available
3338_8114_17:00,3338,Nord Social Club,8114,Court Tribune B,2026-09-22,17:00 - 18:00,400000,Available
4686_12077_17:00,4686,wePADL at Meridian Sports & Wellness (MSW) PIK,12077,Court 1,2026-09-22,17:00 - 18:00,200000,Available
4686_12219_17:00,4686,wePADL at Meridian Sports & Wellness (MSW) PIK,12219,Court 2,2026-09-22,17:00 - 18:00,200000,Available
4686_12220_17:00,4686,wePADL at Meridian Sports & Wellness (MSW) PIK,12220,Court 3,2026-09-22,17:00 - 18:00,200000,Available
4686_12221_17:00,4686,wePADL at Meridian Sports & Wellness (MSW) PIK,12221,Court 4,2026-09-22,17:00 - 18:00,200000,Available
1305_2410_17:00,1305,The Royale Padel,2410,Padel Court,2026-09-22,17:00 - 18:00,199000,Booked
1305_2411_17:00,1305,The Royale Padel,2411,Pickleball Court,2026-09-22,17:00 - 18:00,69000,Available
1305_12123_17:00,1305,The Royale Padel,12123,Table 1,2026-09-22,17:00 - 18:00,50000,Available
1305_12852_17:00,1305,The Royale Padel,12852,Table 2,2026-09-22,17:00 - 18:00,50000,Available
1305_2412_17:00,1305,The Royale Padel,2412,Recovery Room,2026-09-22,17:00 - 18:00,69000,Available
2625_5746_17:00,2625,Padel Go Blast,5746,Court 1,2026-09-22,17:00 - 18:00,200000,Available
2625_7598_17:00,2625,Padel Go Blast,7598,Court 2,2026-09-22,17:00 - 18:00,200000,Available
2625_7829_17:00,2625,Padel Go Blast,7829,Court 3,2026-09-22,17:00 - 18:00,200000,Available
2625_7830_17:00,2625,Padel Go Blast,7830,Court 4,2026-09-22,17:00 - 18:00,200000,Available
2625_7831_17:00,2625,Padel Go Blast,7831,Court 5,2026-09-22,17:00 - 18:00,200000,Available
4086_10257_17:00,4086,Foreground Racquet Simulator - Pluit,10257,The Lawn,2026-09-22,17:00 - 18:00,225000,Available
4086_10260_17:00,4086,Foreground Racquet Simulator - Pluit,10260,The Lawn,2026-09-22,17:00 - 18:00,225000,Available
4086_10258_17:00,4086,Foreground Racquet Simulator - Pluit,10258,Trophy Court,2026-09-22,17:00 - 18:00,225000,Available
4086_10261_17:00,4086,Foreground Racquet Simulator - Pluit,10261,Trophy Court,2026-09-22,17:00 - 18:00,225000,Available
4086_10259_17:00,4086,Foreground Racquet Simulator - Pluit,10259,Oak Room,2026-09-22,17:00 - 18:00,225000,Available
4086_10262_17:00,4086,Foreground Racquet Simulator - Pluit,10262,Oak Room,2026-09-22,17:00 - 18:00,225000,Available
4675_12166_17:00,4675,Padre Padel Kelapa Gading,12166,Court 1 - Green,2026-09-22,17:00 - 18:00,175000,Available
4675_12167_17:00,4675,Padre Padel Kelapa Gading,12167,Court 2 - Terracotta.,2026-09-22,17:00 - 18:00,175000,Booked
4675_12168_17:00,4675,Padre Padel Kelapa Gading,12168,Court 3 - Blue.,2026-09-22,17:00 - 18:00,175000,Booked
4675_12169_17:00,4675,Padre Padel Kelapa Gading,12169,Court 4 - Pink,2026-09-22,17:00 - 18:00,175000,Booked
4675_12170_17:00,4675,Padre Padel Kelapa Gading,12170,Court 5 - Pink,2026-09-22,17:00 - 18:00,175000,Available
4675_12171_17:00,4675,Padre Padel Kelapa Gading,12171,Court 6 - Black.,2026-09-22,17:00 - 18:00,175000,Booked
4675_12172_17:00,4675,Padre Padel Kelapa Gading,12172,Court 7 - Black,2026-09-22,17:00 - 18:00,175000,Booked
4675_12173_17:00,4675,Padre Padel Kelapa Gading,12173,Court 8 - Black,2026-09-22,17:00 - 18:00,175000,Available
1526_3082_17:00,1526,Kinesis Padel,3082,Lapangan 1,2026-09-22,17:00 - 18:00,250000,Available
1526_5127_17:00,1526,Kinesis Padel,5127,Lapangan 2,2026-09-22,17:00 - 18:00,250000,Available
1526_5128_17:00,1526,Kinesis Padel,5128,Lapangan 3,2026-09-22,17:00 - 18:00,250000,Available
1526_5129_17:00,1526,Kinesis Padel,5129,Lapangan 4,2026-09-22,17:00 - 18:00,250000,Available
1651_3357_17:00,1651,Northside Padel Court - Sunter,3357,1°,2026-09-22,17:00 - 18:00,200000,Available
1651_4198_17:00,1651,Northside Padel Court - Sunter,4198,2°,2026-09-22,17:00 - 18:00,200000,Available
1651_4199_17:00,1651,Northside Padel Court - Sunter,4199,3°,2026-09-22,17:00 - 18:00,200000,Available
1651_12254_17:00,1651,Northside Padel Court - Sunter,12254,Mahjong VIP,2026-09-22,17:00 - 18:00,168000,Available
1651_12250_17:00,1651,Northside Padel Court - Sunter,12250,Mahjong 0°,2026-09-22,17:00 - 18:00,88000,Available
1651_12251_17:00,1651,Northside Padel Court - Sunter,12251,Mahjong 1°,2026-09-22,17:00 - 18:00,88000,Available
1651_12252_17:00,1651,Northside Padel Court - Sunter,12252,Mahjong 2°,2026-09-22,17:00 - 18:00,88000,Available
1651_12253_17:00,1651,Northside Padel Court - Sunter,12253,Mahjong 3°,2026-09-22,17:00 - 18:00,88000,Available
1637_4425_17:00,1637,The Palm Padel,4425,Court 1,2026-09-22,17:00 - 18:00,300000,Available
1637_4426_17:00,1637,The Palm Padel,4426,Court 2,2026-09-22,17:00 - 18:00,300000,Available
1637_3323_17:00,1637,The Palm Padel,3323,Court 3,2026-09-22,17:00 - 18:00,300000,Available
1637_12003_17:00,1637,The Palm Padel,12003,Mahjong 1,2026-09-22,17:00 - 18:00,75000,Available
1637_12004_17:00,1637,The Palm Padel,12004,Mahjong 2,2026-09-22,17:00 - 18:00,75000,Available
1637_12005_17:00,1637,The Palm Padel,12005,Mahjong 3,2026-09-22,17:00 - 18:00,75000,Available
2369_4986_17:00,2369,Cometa Padel VIP Lounge,4986,Padel,2026-09-22,17:00 - 19:00,480000,Available
2369_5491_17:00,2369,Cometa Padel VIP Lounge,5491,Basketball,2026-09-22,17:00 - 19:00,760000,Booked
2369_5492_17:00,2369,Cometa Padel VIP Lounge,5492,Futsal Sintesis,2026-09-22,17:00 - 19:00,480000,Booked
2369_5494_17:00,2369,Cometa Padel VIP Lounge,5494,Badminton 1,2026-09-22,17:00 - 20:00,330000,Booked
2369_5495_17:00,2369,Cometa Padel VIP Lounge,5495,Badminton 2,2026-09-22,17:00 - 20:00,330000,Booked
2369_5496_17:00,2369,Cometa Padel VIP Lounge,5496,Badminton 3,2026-09-22,17:00 - 19:00,220000,Booked
2369_5497_17:00,2369,Cometa Padel VIP Lounge,5497,Badminton 4,2026-09-22,17:00 - 20:00,330000,Available
2369_5498_17:00,2369,Cometa Padel VIP Lounge,5498,Badminton 5,2026-09-22,17:00 - 20:00,330000,Booked
1737_3558_17:00,1737,Vamos! Padel House - Sunter,3558,Court 1,2026-09-22,17:00 - 18:00,350000,Available
1737_4645_17:00,1737,Vamos! Padel House - Sunter,4645,Court 2,2026-09-22,17:00 - 18:00,350000,Available
1737_4646_17:00,1737,Vamos! Padel House - Sunter,4646,Court 3,2026-09-22,17:00 - 18:00,350000,Available
1737_4647_17:00,1737,Vamos! Padel House - Sunter,4647,Court 4,2026-09-22,17:00 - 18:00,350000,Booked
3372_8236_17:00,3372,Genesis Padel Club,8236,Court 1,2026-09-22,17:00 - 18:00,275000,Booked
3372_12806_17:00,3372,Genesis Padel Club,12806,Court 2,2026-09-22,17:00 - 18:00,275000,Booked
3372_12807_17:00,3372,Genesis Padel Club,12807,Court 3,2026-09-22,17:00 - 18:00,275000,Booked
3372_12808_17:00,3372,Genesis Padel Club,12808,Court A,2026-09-22,17:00 - 18:00,275000,Available
3372_12809_17:00,3372,Genesis Padel Club,12809,Court B,2026-09-22,17:00 - 18:00,275000,Available
4179_10310_18:00,4179,The Raquette Temple Sunter,10310,Tennis Court,2026-09-22,18:00 - 19:00,400000,Booked
4179_10310_19:00,4179,The Raquette Temple Sunter,10310,Tennis Court,2026-09-22,19:00 - 20:00,400000,Booked
4179_10310_20:00,4179,The Raquette Temple Sunter,10310,Tennis Court,2026-09-22,20:00 - 21:00,400000,Booked
4179_10310_21:00,4179,The Raquette Temple Sunter,10310,Tennis Court,2026-09-22,21:00 - 22:00,400000,Available
4179_10310_22:00,4179,The Raquette Temple Sunter,10310,Tennis Court,2026-09-22,22:00 - 23:00,400000,Available
4179_10310_23:00,4179,The Raquette Temple Sunter,10310,Tennis Court,2026-09-22,23:00 - 00:00,400000,Available
4179_10313_18:00,4179,The Raquette Temple Sunter,10313,Padel Court,2026-09-22,18:00 - 19:00,250000,Available
4179_10313_19:00,4179,The Raquette Temple Sunter,10313,Padel Court,2026-09-22,19:00 - 20:00,250000,Booked
4179_10313_20:00,4179,The Raquette Temple Sunter,10313,Padel Court,2026-09-22,20:00 - 21:00,250000,Booked
4179_10313_21:00,4179,The Raquette Temple Sunter,10313,Padel Court,2026-09-22,21:00 - 22:00,250000,Available
4179_10313_22:00,4179,The Raquette Temple Sunter,10313,Padel Court,2026-09-22,22:00 - 23:00,250000,Available
4179_10313_23:00,4179,The Raquette Temple Sunter,10313,Padel Court,2026-09-22,23:00 - 00:00,250000,Available
3193_7652_18:00,3193,Staple Social Club,7652,STAPLE SOCIAL CLUB,2026-09-22,18:00 - 19:00,175000,Booked
3193_7652_19:00,3193,Staple Social Club,7652,STAPLE SOCIAL CLUB,2026-09-22,19:00 - 20:00,175000,Booked
3193_7652_20:00,3193,Staple Social Club,7652,STAPLE SOCIAL CLUB,2026-09-22,20:00 - 21:00,175000,Booked
3013_11045_18:00,3013,X3 Padel,11045,Court A,2026-09-22,18:00 - 19:00,175000,Available
3013_11045_19:00,3013,X3 Padel,11045,Court A,2026-09-22,19:00 - 20:00,175000,Booked
3013_11045_20:00,3013,X3 Padel,11045,Court A,2026-09-22,20:00 - 21:00,175000,Booked
3013_11045_21:00,3013,X3 Padel,11045,Court A,2026-09-22,21:00 - 22:00,175000,Booked
3013_11045_22:00,3013,X3 Padel,11045,Court A,2026-09-22,22:00 - 23:00,125000,Booked
3013_11046_18:00,3013,X3 Padel,11046,Court B,2026-09-22,18:00 - 19:00,175000,Booked
3013_11046_19:00,3013,X3 Padel,11046,Court B,2026-09-22,19:00 - 20:00,175000,Booked
3013_11046_20:00,3013,X3 Padel,11046,Court B,2026-09-22,20:00 - 21:00,175000,Booked
3013_11046_21:00,3013,X3 Padel,11046,Court B,2026-09-22,21:00 - 22:00,175000,Booked
3013_11046_22:00,3013,X3 Padel,11046,Court B,2026-09-22,22:00 - 23:00,125000,Available
3013_11047_18:00,3013,X3 Padel,11047,Court C,2026-09-22,18:00 - 19:00,175000,Booked
3013_11047_19:00,3013,X3 Padel,11047,Court C,2026-09-22,19:00 - 20:00,175000,Booked
3013_11047_20:00,3013,X3 Padel,11047,Court C,2026-09-22,20:00 - 21:00,175000,Booked
3013_11047_21:00,3013,X3 Padel,11047,Court C,2026-09-22,21:00 - 22:00,175000,Booked
3013_11047_22:00,3013,X3 Padel,11047,Court C,2026-09-22,22:00 - 23:00,125000,Booked
3013_11048_18:00,3013,X3 Padel,11048,Court D,2026-09-22,18:00 - 19:00,175000,Booked
3013_11048_19:00,3013,X3 Padel,11048,Court D,2026-09-22,19:00 - 20:00,175000,Booked
3013_11048_20:00,3013,X3 Padel,11048,Court D,2026-09-22,20:00 - 21:00,175000,Booked
3013_11048_21:00,3013,X3 Padel,11048,Court D,2026-09-22,21:00 - 22:00,175000,Booked
3013_11048_22:00,3013,X3 Padel,11048,Court D,2026-09-22,22:00 - 23:00,125000,Booked
3013_11049_18:00,3013,X3 Padel,11049,Center Court,2026-09-22,18:00 - 19:00,200000,Available
3013_11049_19:00,3013,X3 Padel,11049,Center Court,2026-09-22,19:00 - 20:00,200000,Available
3013_11049_20:00,3013,X3 Padel,11049,Center Court,2026-09-22,20:00 - 21:00,200000,Booked
3013_11049_21:00,3013,X3 Padel,11049,Center Court,2026-09-22,21:00 - 22:00,200000,Booked
3013_11049_22:00,3013,X3 Padel,11049,Center Court,2026-09-22,22:00 - 23:00,150000,Booked
1281_2371_20:00,1281,RacketGo Sunter,2371,Tennis Blue Court,2026-09-22,20:00 - 22:00,560000,Booked
1281_2371_22:00,1281,RacketGo Sunter,2371,Tennis Blue Court,2026-09-22,22:00 - 23:00,280000,Available
1281_2372_20:00,1281,RacketGo Sunter,2372,Tennis Purple Court,2026-09-22,20:00 - 22:00,560000,Booked
1281_2372_22:00,1281,RacketGo Sunter,2372,Tennis Purple Court,2026-09-22,22:00 - 23:00,280000,Available
1281_2373_20:00,1281,RacketGo Sunter,2373,Tennis Orange Court,2026-09-22,20:00 - 22:00,560000,Booked
1281_2373_22:00,1281,RacketGo Sunter,2373,Tennis Orange Court,2026-09-22,22:00 - 23:00,280000,Available
1281_2374_19:00,1281,RacketGo Sunter,2374,Yellow Padel,2026-09-22,19:00 - 20:00,225000,Available
1281_2374_20:00,1281,RacketGo Sunter,2374,Yellow Padel,2026-09-22,20:00 - 21:00,225000,Available
1281_2374_21:00,1281,RacketGo Sunter,2374,Yellow Padel,2026-09-22,21:00 - 22:00,225000,Available
1281_2374_22:00,1281,RacketGo Sunter,2374,Yellow Padel,2026-09-22,22:00 - 23:00,350000,Booked
1281_2375_19:00,1281,RacketGo Sunter,2375,Pink Padel,2026-09-22,19:00 - 20:00,225000,Available
1281_2375_20:00,1281,RacketGo Sunter,2375,Pink Padel,2026-09-22,20:00 - 21:00,225000,Available
1281_2375_21:00,1281,RacketGo Sunter,2375,Pink Padel,2026-09-22,21:00 - 22:00,225000,Available
1281_2375_22:00,1281,RacketGo Sunter,2375,Pink Padel,2026-09-22,22:00 - 23:00,350000,Booked
1697_3473_18:00,1697,Urban Racquet Club,3473,Padel A,2026-09-22,18:00 - 19:00,300000,Available
1697_3473_19:00,1697,Urban Racquet Club,3473,Padel A,2026-09-22,19:00 - 20:00,300000,Available
1697_3473_20:00,1697,Urban Racquet Club,3473,Padel A,2026-09-22,20:00 - 21:00,300000,Booked
1697_3473_21:00,1697,Urban Racquet Club,3473,Padel A,2026-09-22,21:00 - 22:00,300000,Booked
1697_3473_22:00,1697,Urban Racquet Club,3473,Padel A,2026-09-22,22:00 - 23:00,200000,Available
1697_3473_23:00,1697,Urban Racquet Club,3473,Padel A,2026-09-22,23:00 - 00:00,200000,Available
1697_3572_18:00,1697,Urban Racquet Club,3572,Padel B,2026-09-22,18:00 - 19:00,300000,Available
1697_3572_19:00,1697,Urban Racquet Club,3572,Padel B,2026-09-22,19:00 - 20:00,300000,Booked
1697_3572_20:00,1697,Urban Racquet Club,3572,Padel B,2026-09-22,20:00 - 21:00,300000,Booked
1697_3572_21:00,1697,Urban Racquet Club,3572,Padel B,2026-09-22,21:00 - 22:00,300000,Available
1697_3572_22:00,1697,Urban Racquet Club,3572,Padel B,2026-09-22,22:00 - 23:00,200000,Available
1697_3572_23:00,1697,Urban Racquet Club,3572,Padel B,2026-09-22,23:00 - 00:00,200000,Available
1697_3573_18:00,1697,Urban Racquet Club,3573,Padel C,2026-09-22,18:00 - 19:00,300000,Booked
1697_3573_19:00,1697,Urban Racquet Club,3573,Padel C,2026-09-22,19:00 - 20:00,300000,Booked
1697_3573_20:00,1697,Urban Racquet Club,3573,Padel C,2026-09-22,20:00 - 21:00,300000,Booked
1697_3573_21:00,1697,Urban Racquet Club,3573,Padel C,2026-09-22,21:00 - 22:00,300000,Booked
1697_3573_22:00,1697,Urban Racquet Club,3573,Padel C,2026-09-22,22:00 - 23:00,200000,Available
1697_3573_23:00,1697,Urban Racquet Club,3573,Padel C,2026-09-22,23:00 - 00:00,200000,Available
1697_3574_18:00,1697,Urban Racquet Club,3574,Padel D,2026-09-22,18:00 - 19:00,300000,Booked
1697_3574_19:00,1697,Urban Racquet Club,3574,Padel D,2026-09-22,19:00 - 20:00,300000,Booked
1697_3574_20:00,1697,Urban Racquet Club,3574,Padel D,2026-09-22,20:00 - 21:00,300000,Available
1697_3574_21:00,1697,Urban Racquet Club,3574,Padel D,2026-09-22,21:00 - 22:00,300000,Available
1697_3574_22:00,1697,Urban Racquet Club,3574,Padel D,2026-09-22,22:00 - 23:00,200000,Available
1697_3574_23:00,1697,Urban Racquet Club,3574,Padel D,2026-09-22,23:00 - 00:00,200000,Available
1697_3575_18:00,1697,Urban Racquet Club,3575,Padel E,2026-09-22,18:00 - 19:00,300000,Booked
1697_3575_19:00,1697,Urban Racquet Club,3575,Padel E,2026-09-22,19:00 - 20:00,300000,Booked
1697_3575_20:00,1697,Urban Racquet Club,3575,Padel E,2026-09-22,20:00 - 21:00,300000,Available
1697_3575_21:00,1697,Urban Racquet Club,3575,Padel E,2026-09-22,21:00 - 22:00,300000,Available
1697_3575_22:00,1697,Urban Racquet Club,3575,Padel E,2026-09-22,22:00 - 23:00,200000,Available
1697_3575_23:00,1697,Urban Racquet Club,3575,Padel E,2026-09-22,23:00 - 00:00,200000,Available
1697_3576_18:00,1697,Urban Racquet Club,3576,Padel F,2026-09-22,18:00 - 19:00,300000,Booked
1697_3576_19:00,1697,Urban Racquet Club,3576,Padel F,2026-09-22,19:00 - 20:00,300000,Booked
1697_3576_20:00,1697,Urban Racquet Club,3576,Padel F,2026-09-22,20:00 - 21:00,300000,Available
1697_3576_21:00,1697,Urban Racquet Club,3576,Padel F,2026-09-22,21:00 - 22:00,300000,Available
1697_3576_22:00,1697,Urban Racquet Club,3576,Padel F,2026-09-22,22:00 - 23:00,200000,Available
1697_3576_23:00,1697,Urban Racquet Club,3576,Padel F,2026-09-22,23:00 - 00:00,200000,Available
1697_3577_18:00,1697,Urban Racquet Club,3577,Tennis 1,2026-09-22,18:00 - 20:00,600000,Booked
1697_3577_20:00,1697,Urban Racquet Club,3577,Tennis 1,2026-09-22,20:00 - 22:00,600000,Booked
1697_3577_22:00,1697,Urban Racquet Club,3577,Tennis 1,2026-09-22,22:00 - 23:00,200000,Booked
1697_3577_23:00,1697,Urban Racquet Club,3577,Tennis 1,2026-09-22,23:00 - 00:00,200000,Booked
1697_3474_18:00,1697,Urban Racquet Club,3474,Tennis 2,2026-09-22,18:00 - 20:00,600000,Booked
1697_3474_20:00,1697,Urban Racquet Club,3474,Tennis 2,2026-09-22,20:00 - 22:00,600000,Booked
1697_3474_22:00,1697,Urban Racquet Club,3474,Tennis 2,2026-09-22,22:00 - 23:00,200000,Available
1697_3474_23:00,1697,Urban Racquet Club,3474,Tennis 2,2026-09-22,23:00 - 00:00,200000,Available
1697_3578_18:00,1697,Urban Racquet Club,3578,Tennis 3,2026-09-22,18:00 - 20:00,600000,Booked
1697_3578_20:00,1697,Urban Racquet Club,3578,Tennis 3,2026-09-22,20:00 - 22:00,600000,Booked
1697_3578_22:00,1697,Urban Racquet Club,3578,Tennis 3,2026-09-22,22:00 - 23:00,200000,Booked
1697_3578_23:00,1697,Urban Racquet Club,3578,Tennis 3,2026-09-22,23:00 - 00:00,200000,Booked
1336_2483_18:00,1336,Olympus Prime Sports Center - Bandengan,2483,Tennis Indoor 1 - Tribune,2026-09-22,18:00 - 19:00,275000,Booked
1336_2483_19:00,1336,Olympus Prime Sports Center - Bandengan,2483,Tennis Indoor 1 - Tribune,2026-09-22,19:00 - 20:00,275000,Booked
1336_2483_20:00,1336,Olympus Prime Sports Center - Bandengan,2483,Tennis Indoor 1 - Tribune,2026-09-22,20:00 - 21:00,275000,Booked
1336_2483_21:00,1336,Olympus Prime Sports Center - Bandengan,2483,Tennis Indoor 1 - Tribune,2026-09-22,21:00 - 22:00,275000,Booked
1336_2483_22:00,1336,Olympus Prime Sports Center - Bandengan,2483,Tennis Indoor 1 - Tribune,2026-09-22,22:00 - 23:00,275000,Available
1336_2483_23:00,1336,Olympus Prime Sports Center - Bandengan,2483,Tennis Indoor 1 - Tribune,2026-09-22,23:00 - 00:00,275000,Available
1336_2495_18:00,1336,Olympus Prime Sports Center - Bandengan,2495,Tennis Indoor 2 - Tribune,2026-09-22,18:00 - 19:00,275000,Booked
1336_2495_19:00,1336,Olympus Prime Sports Center - Bandengan,2495,Tennis Indoor 2 - Tribune,2026-09-22,19:00 - 20:00,275000,Booked
1336_2495_20:00,1336,Olympus Prime Sports Center - Bandengan,2495,Tennis Indoor 2 - Tribune,2026-09-22,20:00 - 21:00,275000,Booked
1336_2495_21:00,1336,Olympus Prime Sports Center - Bandengan,2495,Tennis Indoor 2 - Tribune,2026-09-22,21:00 - 22:00,275000,Booked
1336_2495_22:00,1336,Olympus Prime Sports Center - Bandengan,2495,Tennis Indoor 2 - Tribune,2026-09-22,22:00 - 23:00,275000,Available
1336_2495_23:00,1336,Olympus Prime Sports Center - Bandengan,2495,Tennis Indoor 2 - Tribune,2026-09-22,23:00 - 00:00,275000,Available
1336_2496_18:00,1336,Olympus Prime Sports Center - Bandengan,2496,Tennis Outdoor 3,2026-09-22,18:00 - 19:00,195000,Booked
1336_2496_19:00,1336,Olympus Prime Sports Center - Bandengan,2496,Tennis Outdoor 3,2026-09-22,19:00 - 20:00,195000,Booked
1336_2496_20:00,1336,Olympus Prime Sports Center - Bandengan,2496,Tennis Outdoor 3,2026-09-22,20:00 - 21:00,195000,Booked
1336_2496_21:00,1336,Olympus Prime Sports Center - Bandengan,2496,Tennis Outdoor 3,2026-09-22,21:00 - 22:00,195000,Booked
1336_2496_22:00,1336,Olympus Prime Sports Center - Bandengan,2496,Tennis Outdoor 3,2026-09-22,22:00 - 23:00,195000,Booked
1336_2496_23:00,1336,Olympus Prime Sports Center - Bandengan,2496,Tennis Outdoor 3,2026-09-22,23:00 - 00:00,195000,Available
1336_2497_18:00,1336,Olympus Prime Sports Center - Bandengan,2497,Tennis Outdoor 4,2026-09-22,18:00 - 19:00,195000,Booked
1336_2497_19:00,1336,Olympus Prime Sports Center - Bandengan,2497,Tennis Outdoor 4,2026-09-22,19:00 - 20:00,195000,Booked
1336_2497_20:00,1336,Olympus Prime Sports Center - Bandengan,2497,Tennis Outdoor 4,2026-09-22,20:00 - 21:00,195000,Booked
1336_2497_21:00,1336,Olympus Prime Sports Center - Bandengan,2497,Tennis Outdoor 4,2026-09-22,21:00 - 22:00,195000,Booked
1336_2497_22:00,1336,Olympus Prime Sports Center - Bandengan,2497,Tennis Outdoor 4,2026-09-22,22:00 - 23:00,195000,Booked
1336_2497_23:00,1336,Olympus Prime Sports Center - Bandengan,2497,Tennis Outdoor 4,2026-09-22,23:00 - 00:00,195000,Available
1336_2498_18:00,1336,Olympus Prime Sports Center - Bandengan,2498,Tennis Outdoor 5,2026-09-22,18:00 - 19:00,195000,Booked
1336_2498_19:00,1336,Olympus Prime Sports Center - Bandengan,2498,Tennis Outdoor 5,2026-09-22,19:00 - 20:00,195000,Booked
1336_2498_20:00,1336,Olympus Prime Sports Center - Bandengan,2498,Tennis Outdoor 5,2026-09-22,20:00 - 21:00,195000,Booked
1336_2498_21:00,1336,Olympus Prime Sports Center - Bandengan,2498,Tennis Outdoor 5,2026-09-22,21:00 - 22:00,195000,Booked
1336_2498_22:00,1336,Olympus Prime Sports Center - Bandengan,2498,Tennis Outdoor 5,2026-09-22,22:00 - 23:00,195000,Booked
1336_2498_23:00,1336,Olympus Prime Sports Center - Bandengan,2498,Tennis Outdoor 5,2026-09-22,23:00 - 00:00,195000,Available
1336_2499_18:00,1336,Olympus Prime Sports Center - Bandengan,2499,Tennis Outdoor 6,2026-09-22,18:00 - 19:00,195000,Booked
1336_2499_19:00,1336,Olympus Prime Sports Center - Bandengan,2499,Tennis Outdoor 6,2026-09-22,19:00 - 20:00,195000,Booked
1336_2499_20:00,1336,Olympus Prime Sports Center - Bandengan,2499,Tennis Outdoor 6,2026-09-22,20:00 - 21:00,195000,Booked
1336_2499_21:00,1336,Olympus Prime Sports Center - Bandengan,2499,Tennis Outdoor 6,2026-09-22,21:00 - 22:00,195000,Available
1336_2499_22:00,1336,Olympus Prime Sports Center - Bandengan,2499,Tennis Outdoor 6,2026-09-22,22:00 - 23:00,195000,Booked
1336_2499_23:00,1336,Olympus Prime Sports Center - Bandengan,2499,Tennis Outdoor 6,2026-09-22,23:00 - 00:00,195000,Available
1336_2500_18:00,1336,Olympus Prime Sports Center - Bandengan,2500,Padel Indoor White A,2026-09-22,18:00 - 19:00,250000,Booked
1336_2500_19:00,1336,Olympus Prime Sports Center - Bandengan,2500,Padel Indoor White A,2026-09-22,19:00 - 20:00,250000,Booked
1336_2500_20:00,1336,Olympus Prime Sports Center - Bandengan,2500,Padel Indoor White A,2026-09-22,20:00 - 21:00,250000,Booked
1336_2500_21:00,1336,Olympus Prime Sports Center - Bandengan,2500,Padel Indoor White A,2026-09-22,21:00 - 22:00,250000,Booked
1336_2500_22:00,1336,Olympus Prime Sports Center - Bandengan,2500,Padel Indoor White A,2026-09-22,22:00 - 23:00,180000,Available
1336_2500_23:00,1336,Olympus Prime Sports Center - Bandengan,2500,Padel Indoor White A,2026-09-22,23:00 - 00:00,180000,Available
1336_2501_18:00,1336,Olympus Prime Sports Center - Bandengan,2501,Padel Indoor White B,2026-09-22,18:00 - 19:00,250000,Available
1336_2501_19:00,1336,Olympus Prime Sports Center - Bandengan,2501,Padel Indoor White B,2026-09-22,19:00 - 20:00,250000,Available
1336_2501_20:00,1336,Olympus Prime Sports Center - Bandengan,2501,Padel Indoor White B,2026-09-22,20:00 - 21:00,250000,Booked
1336_2501_21:00,1336,Olympus Prime Sports Center - Bandengan,2501,Padel Indoor White B,2026-09-22,21:00 - 22:00,250000,Booked
1336_2501_22:00,1336,Olympus Prime Sports Center - Bandengan,2501,Padel Indoor White B,2026-09-22,22:00 - 23:00,180000,Available
1336_2501_23:00,1336,Olympus Prime Sports Center - Bandengan,2501,Padel Indoor White B,2026-09-22,23:00 - 00:00,180000,Available
1336_2502_18:00,1336,Olympus Prime Sports Center - Bandengan,2502,Padel Indoor Black C,2026-09-22,18:00 - 19:00,250000,Available
1336_2502_19:00,1336,Olympus Prime Sports Center - Bandengan,2502,Padel Indoor Black C,2026-09-22,19:00 - 20:00,250000,Available
1336_2502_20:00,1336,Olympus Prime Sports Center - Bandengan,2502,Padel Indoor Black C,2026-09-22,20:00 - 21:00,250000,Available
1336_2502_21:00,1336,Olympus Prime Sports Center - Bandengan,2502,Padel Indoor Black C,2026-09-22,21:00 - 22:00,250000,Available
1336_2502_22:00,1336,Olympus Prime Sports Center - Bandengan,2502,Padel Indoor Black C,2026-09-22,22:00 - 23:00,180000,Available
1336_2502_23:00,1336,Olympus Prime Sports Center - Bandengan,2502,Padel Indoor Black C,2026-09-22,23:00 - 00:00,180000,Available
1336_2503_18:00,1336,Olympus Prime Sports Center - Bandengan,2503,Padel Indoor Black D,2026-09-22,18:00 - 19:00,250000,Booked
1336_2503_19:00,1336,Olympus Prime Sports Center - Bandengan,2503,Padel Indoor Black D,2026-09-22,19:00 - 20:00,250000,Available
1336_2503_20:00,1336,Olympus Prime Sports Center - Bandengan,2503,Padel Indoor Black D,2026-09-22,20:00 - 21:00,250000,Available
1336_2503_21:00,1336,Olympus Prime Sports Center - Bandengan,2503,Padel Indoor Black D,2026-09-22,21:00 - 22:00,250000,Available
1336_2503_22:00,1336,Olympus Prime Sports Center - Bandengan,2503,Padel Indoor Black D,2026-09-22,22:00 - 23:00,180000,Available
1336_2503_23:00,1336,Olympus Prime Sports Center - Bandengan,2503,Padel Indoor Black D,2026-09-22,23:00 - 00:00,180000,Available
1336_2504_18:00,1336,Olympus Prime Sports Center - Bandengan,2504,Pickleball Semi Indoor Court 1,2026-09-22,18:00 - 19:00,200000,Available
1336_2504_19:00,1336,Olympus Prime Sports Center - Bandengan,2504,Pickleball Semi Indoor Court 1,2026-09-22,19:00 - 20:00,200000,Booked
1336_2504_20:00,1336,Olympus Prime Sports Center - Bandengan,2504,Pickleball Semi Indoor Court 1,2026-09-22,20:00 - 21:00,200000,Booked
1336_2504_21:00,1336,Olympus Prime Sports Center - Bandengan,2504,Pickleball Semi Indoor Court 1,2026-09-22,21:00 - 22:00,200000,Booked
1336_2504_22:00,1336,Olympus Prime Sports Center - Bandengan,2504,Pickleball Semi Indoor Court 1,2026-09-22,22:00 - 23:00,200000,Available
1336_2504_23:00,1336,Olympus Prime Sports Center - Bandengan,2504,Pickleball Semi Indoor Court 1,2026-09-22,23:00 - 00:00,200000,Available
1336_2505_18:00,1336,Olympus Prime Sports Center - Bandengan,2505,Pickleball Semi Indoor Court 2,2026-09-22,18:00 - 19:00,200000,Available
1336_2505_19:00,1336,Olympus Prime Sports Center - Bandengan,2505,Pickleball Semi Indoor Court 2,2026-09-22,19:00 - 20:00,200000,Booked
1336_2505_20:00,1336,Olympus Prime Sports Center - Bandengan,2505,Pickleball Semi Indoor Court 2,2026-09-22,20:00 - 21:00,200000,Booked
1336_2505_21:00,1336,Olympus Prime Sports Center - Bandengan,2505,Pickleball Semi Indoor Court 2,2026-09-22,21:00 - 22:00,200000,Booked
1336_2505_22:00,1336,Olympus Prime Sports Center - Bandengan,2505,Pickleball Semi Indoor Court 2,2026-09-22,22:00 - 23:00,200000,Available
1336_2505_23:00,1336,Olympus Prime Sports Center - Bandengan,2505,Pickleball Semi Indoor Court 2,2026-09-22,23:00 - 00:00,200000,Available
1410_2704_18:00,1410,Anfa Arena Padel,2704,Court A,2026-09-22,18:00 - 19:00,250000,Booked
1410_2704_19:00,1410,Anfa Arena Padel,2704,Court A,2026-09-22,19:00 - 20:00,250000,Booked
1410_2704_20:00,1410,Anfa Arena Padel,2704,Court A,2026-09-22,20:00 - 21:00,250000,Booked
1410_2704_21:00,1410,Anfa Arena Padel,2704,Court A,2026-09-22,21:00 - 22:00,250000,Available
1410_2704_22:00,1410,Anfa Arena Padel,2704,Court A,2026-09-22,22:00 - 23:00,175000,Available
1410_2704_23:00,1410,Anfa Arena Padel,2704,Court A,2026-09-22,23:00 - 00:00,175000,Available
1410_2705_18:00,1410,Anfa Arena Padel,2705,Court B,2026-09-22,18:00 - 19:00,250000,Available
1410_2705_19:00,1410,Anfa Arena Padel,2705,Court B,2026-09-22,19:00 - 20:00,250000,Available
1410_2705_20:00,1410,Anfa Arena Padel,2705,Court B,2026-09-22,20:00 - 21:00,250000,Booked
1410_2705_21:00,1410,Anfa Arena Padel,2705,Court B,2026-09-22,21:00 - 22:00,250000,Booked
1410_2705_22:00,1410,Anfa Arena Padel,2705,Court B,2026-09-22,22:00 - 23:00,175000,Available
1410_2705_23:00,1410,Anfa Arena Padel,2705,Court B,2026-09-22,23:00 - 00:00,175000,Available
1410_2706_18:00,1410,Anfa Arena Padel,2706,Court C,2026-09-22,18:00 - 19:00,250000,Available
1410_2706_19:00,1410,Anfa Arena Padel,2706,Court C,2026-09-22,19:00 - 20:00,250000,Available
1410_2706_20:00,1410,Anfa Arena Padel,2706,Court C,2026-09-22,20:00 - 21:00,250000,Booked
1410_2706_21:00,1410,Anfa Arena Padel,2706,Court C,2026-09-22,21:00 - 22:00,250000,Booked
1410_2706_22:00,1410,Anfa Arena Padel,2706,Court C,2026-09-22,22:00 - 23:00,175000,Available
1410_2706_23:00,1410,Anfa Arena Padel,2706,Court C,2026-09-22,23:00 - 00:00,175000,Available
3265_7841_18:00,3265,Pluit Padel Parq (PPP),7841,1 - Teak,2026-09-22,18:00 - 19:00,350000,Booked
3265_7841_19:00,3265,Pluit Padel Parq (PPP),7841,1 - Teak,2026-09-22,19:00 - 20:00,350000,Booked
3265_7841_20:00,3265,Pluit Padel Parq (PPP),7841,1 - Teak,2026-09-22,20:00 - 21:00,350000,Booked
3265_7841_21:00,3265,Pluit Padel Parq (PPP),7841,1 - Teak,2026-09-22,21:00 - 22:00,350000,Available
3265_7841_22:00,3265,Pluit Padel Parq (PPP),7841,1 - Teak,2026-09-22,22:00 - 23:00,225000,Available
3265_8722_18:00,3265,Pluit Padel Parq (PPP),8722,2 - Palm,2026-09-22,18:00 - 19:00,350000,Booked
3265_8722_19:00,3265,Pluit Padel Parq (PPP),8722,2 - Palm,2026-09-22,19:00 - 20:00,350000,Booked
3265_8722_20:00,3265,Pluit Padel Parq (PPP),8722,2 - Palm,2026-09-22,20:00 - 21:00,350000,Booked
3265_8722_21:00,3265,Pluit Padel Parq (PPP),8722,2 - Palm,2026-09-22,21:00 - 22:00,350000,Available
3265_8722_22:00,3265,Pluit Padel Parq (PPP),8722,2 - Palm,2026-09-22,22:00 - 23:00,225000,Available
3265_8723_18:00,3265,Pluit Padel Parq (PPP),8723,3 - Moss,2026-09-22,18:00 - 19:00,350000,Booked
3265_8723_19:00,3265,Pluit Padel Parq (PPP),8723,3 - Moss,2026-09-22,19:00 - 20:00,350000,Booked
3265_8723_20:00,3265,Pluit Padel Parq (PPP),8723,3 - Moss,2026-09-22,20:00 - 21:00,350000,Booked
3265_8723_21:00,3265,Pluit Padel Parq (PPP),8723,3 - Moss,2026-09-22,21:00 - 22:00,350000,Available
3265_8723_22:00,3265,Pluit Padel Parq (PPP),8723,3 - Moss,2026-09-22,22:00 - 23:00,225000,Available
3265_8724_18:00,3265,Pluit Padel Parq (PPP),8724,C - Center,2026-09-22,18:00 - 19:00,350000,Booked
3265_8724_19:00,3265,Pluit Padel Parq (PPP),8724,C - Center,2026-09-22,19:00 - 20:00,350000,Booked
3265_8724_20:00,3265,Pluit Padel Parq (PPP),8724,C - Center,2026-09-22,20:00 - 21:00,350000,Booked
3265_8724_21:00,3265,Pluit Padel Parq (PPP),8724,C - Center,2026-09-22,21:00 - 22:00,350000,Available
3265_8724_22:00,3265,Pluit Padel Parq (PPP),8724,C - Center,2026-09-22,22:00 - 23:00,225000,Available
3265_8725_18:00,3265,Pluit Padel Parq (PPP),8725,5 - Leaf,2026-09-22,18:00 - 19:00,350000,Booked
3265_8725_19:00,3265,Pluit Padel Parq (PPP),8725,5 - Leaf,2026-09-22,19:00 - 20:00,350000,Booked
3265_8725_20:00,3265,Pluit Padel Parq (PPP),8725,5 - Leaf,2026-09-22,20:00 - 21:00,350000,Booked
3265_8725_21:00,3265,Pluit Padel Parq (PPP),8725,5 - Leaf,2026-09-22,21:00 - 22:00,350000,Booked
3265_8725_22:00,3265,Pluit Padel Parq (PPP),8725,5 - Leaf,2026-09-22,22:00 - 23:00,260000,Available
3265_8726_18:00,3265,Pluit Padel Parq (PPP),8726,6 - Wood,2026-09-22,18:00 - 19:00,350000,Booked
3265_8726_19:00,3265,Pluit Padel Parq (PPP),8726,6 - Wood,2026-09-22,19:00 - 20:00,350000,Booked
3265_8726_20:00,3265,Pluit Padel Parq (PPP),8726,6 - Wood,2026-09-22,20:00 - 21:00,350000,Booked
3265_8726_21:00,3265,Pluit Padel Parq (PPP),8726,6 - Wood,2026-09-22,21:00 - 22:00,350000,Booked
3265_8726_22:00,3265,Pluit Padel Parq (PPP),8726,6 - Wood,2026-09-22,22:00 - 23:00,260000,Available
3265_8727_18:00,3265,Pluit Padel Parq (PPP),8727,7 - Pine,2026-09-22,18:00 - 19:00,350000,Booked
3265_8727_19:00,3265,Pluit Padel Parq (PPP),8727,7 - Pine,2026-09-22,19:00 - 20:00,350000,Booked
3265_8727_20:00,3265,Pluit Padel Parq (PPP),8727,7 - Pine,2026-09-22,20:00 - 21:00,350000,Booked
3265_8727_21:00,3265,Pluit Padel Parq (PPP),8727,7 - Pine,2026-09-22,21:00 - 22:00,350000,Booked
3265_8727_22:00,3265,Pluit Padel Parq (PPP),8727,7 - Pine,2026-09-22,22:00 - 23:00,225000,Available
3265_8728_18:00,3265,Pluit Padel Parq (PPP),8728,8 - Fern,2026-09-22,18:00 - 19:00,350000,Booked
3265_8728_19:00,3265,Pluit Padel Parq (PPP),8728,8 - Fern,2026-09-22,19:00 - 20:00,350000,Booked
3265_8728_20:00,3265,Pluit Padel Parq (PPP),8728,8 - Fern,2026-09-22,20:00 - 21:00,350000,Available
3265_8728_21:00,3265,Pluit Padel Parq (PPP),8728,8 - Fern,2026-09-22,21:00 - 22:00,350000,Available
3265_8728_22:00,3265,Pluit Padel Parq (PPP),8728,8 - Fern,2026-09-22,22:00 - 23:00,225000,Available
3265_9560_18:00,3265,Pluit Padel Parq (PPP),9560,01 - Lawn,2026-09-22,18:00 - 19:00,300000,Booked
3265_9560_19:00,3265,Pluit Padel Parq (PPP),9560,01 - Lawn,2026-09-22,19:00 - 20:00,300000,Booked
3265_9560_20:00,3265,Pluit Padel Parq (PPP),9560,01 - Lawn,2026-09-22,20:00 - 21:00,300000,Booked
3265_9560_21:00,3265,Pluit Padel Parq (PPP),9560,01 - Lawn,2026-09-22,21:00 - 22:00,300000,Booked
3265_9560_22:00,3265,Pluit Padel Parq (PPP),9560,01 - Lawn,2026-09-22,22:00 - 23:00,200000,Available
3265_9561_18:00,3265,Pluit Padel Parq (PPP),9561,02 - Ground,2026-09-22,18:00 - 19:00,300000,Booked
3265_9561_19:00,3265,Pluit Padel Parq (PPP),9561,02 - Ground,2026-09-22,19:00 - 20:00,300000,Booked
3265_9561_20:00,3265,Pluit Padel Parq (PPP),9561,02 - Ground,2026-09-22,20:00 - 21:00,300000,Booked
3265_9561_21:00,3265,Pluit Padel Parq (PPP),9561,02 - Ground,2026-09-22,21:00 - 22:00,300000,Booked
3265_9561_22:00,3265,Pluit Padel Parq (PPP),9561,02 - Ground,2026-09-22,22:00 - 23:00,200000,Available
1782_3630_18:00,1782,DeWarehouse Padel ( DWP ) - Sunter,3630,Court 1,2026-09-22,18:00 - 19:00,299000,Available
1782_3630_19:00,1782,DeWarehouse Padel ( DWP ) - Sunter,3630,Court 1,2026-09-22,19:00 - 20:00,299000,Booked
1782_3630_20:00,1782,DeWarehouse Padel ( DWP ) - Sunter,3630,Court 1,2026-09-22,20:00 - 21:00,299000,Booked
1782_3630_21:00,1782,DeWarehouse Padel ( DWP ) - Sunter,3630,Court 1,2026-09-22,21:00 - 22:00,299000,Available
1782_3630_22:00,1782,DeWarehouse Padel ( DWP ) - Sunter,3630,Court 1,2026-09-22,22:00 - 00:00,200000,Available
1782_6271_18:00,1782,DeWarehouse Padel ( DWP ) - Sunter,6271,Court 2,2026-09-22,18:00 - 19:00,299000,Available
1782_6271_19:00,1782,DeWarehouse Padel ( DWP ) - Sunter,6271,Court 2,2026-09-22,19:00 - 20:00,299000,Booked
1782_6271_20:00,1782,DeWarehouse Padel ( DWP ) - Sunter,6271,Court 2,2026-09-22,20:00 - 21:00,299000,Booked
1782_6271_21:00,1782,DeWarehouse Padel ( DWP ) - Sunter,6271,Court 2,2026-09-22,21:00 - 22:00,299000,Available
1782_6271_22:00,1782,DeWarehouse Padel ( DWP ) - Sunter,6271,Court 2,2026-09-22,22:00 - 00:00,200000,Available
1782_6272_18:00,1782,DeWarehouse Padel ( DWP ) - Sunter,6272,Court 3,2026-09-22,18:00 - 19:00,299000,Available
1782_6272_19:00,1782,DeWarehouse Padel ( DWP ) - Sunter,6272,Court 3,2026-09-22,19:00 - 20:00,299000,Booked
1782_6272_20:00,1782,DeWarehouse Padel ( DWP ) - Sunter,6272,Court 3,2026-09-22,20:00 - 21:00,299000,Booked
1782_6272_21:00,1782,DeWarehouse Padel ( DWP ) - Sunter,6272,Court 3,2026-09-22,21:00 - 22:00,299000,Available
1782_6272_22:00,1782,DeWarehouse Padel ( DWP ) - Sunter,6272,Court 3,2026-09-22,22:00 - 00:00,200000,Available
1782_6273_18:00,1782,DeWarehouse Padel ( DWP ) - Sunter,6273,Court 4,2026-09-22,18:00 - 19:00,299000,Available
1782_6273_19:00,1782,DeWarehouse Padel ( DWP ) - Sunter,6273,Court 4,2026-09-22,19:00 - 20:00,299000,Booked
1782_6273_20:00,1782,DeWarehouse Padel ( DWP ) - Sunter,6273,Court 4,2026-09-22,20:00 - 21:00,299000,Booked
1782_6273_21:00,1782,DeWarehouse Padel ( DWP ) - Sunter,6273,Court 4,2026-09-22,21:00 - 22:00,299000,Available
1782_6273_22:00,1782,DeWarehouse Padel ( DWP ) - Sunter,6273,Court 4,2026-09-22,22:00 - 00:00,200000,Available
1782_6274_18:00,1782,DeWarehouse Padel ( DWP ) - Sunter,6274,Court 5,2026-09-22,18:00 - 19:00,299000,Available
1782_6274_19:00,1782,DeWarehouse Padel ( DWP ) - Sunter,6274,Court 5,2026-09-22,19:00 - 20:00,299000,Booked
1782_6274_20:00,1782,DeWarehouse Padel ( DWP ) - Sunter,6274,Court 5,2026-09-22,20:00 - 21:00,299000,Booked
1782_6274_21:00,1782,DeWarehouse Padel ( DWP ) - Sunter,6274,Court 5,2026-09-22,21:00 - 22:00,299000,Available
1782_6274_22:00,1782,DeWarehouse Padel ( DWP ) - Sunter,6274,Court 5,2026-09-22,22:00 - 00:00,200000,Available
1782_6275_18:00,1782,DeWarehouse Padel ( DWP ) - Sunter,6275,Court 6,2026-09-22,18:00 - 19:00,299000,Available
1782_6275_19:00,1782,DeWarehouse Padel ( DWP ) - Sunter,6275,Court 6,2026-09-22,19:00 - 20:00,299000,Booked
1782_6275_20:00,1782,DeWarehouse Padel ( DWP ) - Sunter,6275,Court 6,2026-09-22,20:00 - 21:00,299000,Booked
1782_6275_21:00,1782,DeWarehouse Padel ( DWP ) - Sunter,6275,Court 6,2026-09-22,21:00 - 22:00,299000,Available
1782_6275_22:00,1782,DeWarehouse Padel ( DWP ) - Sunter,6275,Court 6,2026-09-22,22:00 - 00:00,200000,Available
1782_6276_18:00,1782,DeWarehouse Padel ( DWP ) - Sunter,6276,Panasonic Court,2026-09-22,18:00 - 19:00,299000,Available
1782_6276_19:00,1782,DeWarehouse Padel ( DWP ) - Sunter,6276,Panasonic Court,2026-09-22,19:00 - 20:00,299000,Booked
1782_6276_20:00,1782,DeWarehouse Padel ( DWP ) - Sunter,6276,Panasonic Court,2026-09-22,20:00 - 21:00,299000,Booked
1782_6276_21:00,1782,DeWarehouse Padel ( DWP ) - Sunter,6276,Panasonic Court,2026-09-22,21:00 - 22:00,299000,Available
1782_6276_22:00,1782,DeWarehouse Padel ( DWP ) - Sunter,6276,Panasonic Court,2026-09-22,22:00 - 00:00,200000,Available
2824_6431_18:00,2824,Rivera Padel Pluit,6431,Centre Court,2026-09-22,18:00 - 19:00,288000,Booked
2824_6431_19:00,2824,Rivera Padel Pluit,6431,Centre Court,2026-09-22,19:00 - 20:00,288000,Booked
2824_6431_20:00,2824,Rivera Padel Pluit,6431,Centre Court,2026-09-22,20:00 - 21:00,288000,Booked
2824_6431_21:00,2824,Rivera Padel Pluit,6431,Centre Court,2026-09-22,21:00 - 22:00,288000,Booked
2824_6431_22:00,2824,Rivera Padel Pluit,6431,Centre Court,2026-09-22,22:00 - 23:00,188000,Available
2824_6431_23:00,2824,Rivera Padel Pluit,6431,Centre Court,2026-09-22,23:00 - 00:00,188000,Available
2824_6432_18:00,2824,Rivera Padel Pluit,6432,Court 1,2026-09-22,18:00 - 19:00,288000,Booked
2824_6432_19:00,2824,Rivera Padel Pluit,6432,Court 1,2026-09-22,19:00 - 20:00,288000,Booked
2824_6432_20:00,2824,Rivera Padel Pluit,6432,Court 1,2026-09-22,20:00 - 21:00,288000,Available
2824_6432_21:00,2824,Rivera Padel Pluit,6432,Court 1,2026-09-22,21:00 - 22:00,288000,Available
2824_6432_22:00,2824,Rivera Padel Pluit,6432,Court 1,2026-09-22,22:00 - 23:00,188000,Available
2824_6432_23:00,2824,Rivera Padel Pluit,6432,Court 1,2026-09-22,23:00 - 00:00,188000,Available
2824_6547_18:00,2824,Rivera Padel Pluit,6547,Court 2,2026-09-22,18:00 - 19:00,288000,Available
2824_6547_19:00,2824,Rivera Padel Pluit,6547,Court 2,2026-09-22,19:00 - 20:00,288000,Booked
2824_6547_20:00,2824,Rivera Padel Pluit,6547,Court 2,2026-09-22,20:00 - 21:00,288000,Available
2824_6547_21:00,2824,Rivera Padel Pluit,6547,Court 2,2026-09-22,21:00 - 22:00,288000,Available
2824_6547_22:00,2824,Rivera Padel Pluit,6547,Court 2,2026-09-22,22:00 - 23:00,188000,Available
2824_6547_23:00,2824,Rivera Padel Pluit,6547,Court 2,2026-09-22,23:00 - 00:00,188000,Available
2824_6548_18:00,2824,Rivera Padel Pluit,6548,Court 3,2026-09-22,18:00 - 19:00,288000,Booked
2824_6548_19:00,2824,Rivera Padel Pluit,6548,Court 3,2026-09-22,19:00 - 20:00,288000,Booked
2824_6548_20:00,2824,Rivera Padel Pluit,6548,Court 3,2026-09-22,20:00 - 21:00,288000,Booked
2824_6548_21:00,2824,Rivera Padel Pluit,6548,Court 3,2026-09-22,21:00 - 22:00,288000,Available
2824_6548_22:00,2824,Rivera Padel Pluit,6548,Court 3,2026-09-22,22:00 - 23:00,188000,Available
2824_6548_23:00,2824,Rivera Padel Pluit,6548,Court 3,2026-09-22,23:00 - 00:00,188000,Available
1450_11979_18:00,1450,MXL Ground,11979,Mahjong Table Complete Set,2026-09-22,18:00 - 19:00,50000,Available
1450_11979_19:00,1450,MXL Ground,11979,Mahjong Table Complete Set,2026-09-22,19:00 - 20:00,50000,Available
1450_11979_20:00,1450,MXL Ground,11979,Mahjong Table Complete Set,2026-09-22,20:00 - 21:00,50000,Available
1450_11979_21:00,1450,MXL Ground,11979,Mahjong Table Complete Set,2026-09-22,21:00 - 22:00,50000,Available
1450_11979_22:00,1450,MXL Ground,11979,Mahjong Table Complete Set,2026-09-22,22:00 - 23:00,50000,Available
1450_2867_18:00,1450,MXL Ground,2867,Tennis A,2026-09-22,18:00 - 19:00,250000,Booked
1450_2867_19:00,1450,MXL Ground,2867,Tennis A,2026-09-22,19:00 - 20:00,250000,Booked
1450_2867_20:00,1450,MXL Ground,2867,Tennis A,2026-09-22,20:00 - 21:00,250000,Booked
1450_2867_21:00,1450,MXL Ground,2867,Tennis A,2026-09-22,21:00 - 22:00,250000,Booked
1450_2867_22:00,1450,MXL Ground,2867,Tennis A,2026-09-22,22:00 - 23:00,250000,Available
1450_2870_18:00,1450,MXL Ground,2870,Tennis B,2026-09-22,18:00 - 19:00,250000,Booked
1450_2870_19:00,1450,MXL Ground,2870,Tennis B,2026-09-22,19:00 - 20:00,250000,Booked
1450_2870_20:00,1450,MXL Ground,2870,Tennis B,2026-09-22,20:00 - 21:00,250000,Booked
1450_2870_21:00,1450,MXL Ground,2870,Tennis B,2026-09-22,21:00 - 22:00,250000,Available
1450_2870_22:00,1450,MXL Ground,2870,Tennis B,2026-09-22,22:00 - 23:00,250000,Available
1450_2869_18:00,1450,MXL Ground,2869,Padel 1,2026-09-22,18:00 - 19:00,236000,Booked
1450_2869_19:00,1450,MXL Ground,2869,Padel 1,2026-09-22,19:00 - 20:00,236000,Booked
1450_2869_20:00,1450,MXL Ground,2869,Padel 1,2026-09-22,20:00 - 21:00,236000,Booked
1450_2869_21:00,1450,MXL Ground,2869,Padel 1,2026-09-22,21:00 - 22:00,236000,Booked
1450_2869_22:00,1450,MXL Ground,2869,Padel 1,2026-09-22,22:00 - 23:00,199000,Available
1450_2871_18:00,1450,MXL Ground,2871,Padel 2,2026-09-22,18:00 - 19:00,236000,Available
1450_2871_19:00,1450,MXL Ground,2871,Padel 2,2026-09-22,19:00 - 20:00,236000,Available
1450_2871_20:00,1450,MXL Ground,2871,Padel 2,2026-09-22,20:00 - 21:00,236000,Available
1450_2871_21:00,1450,MXL Ground,2871,Padel 2,2026-09-22,21:00 - 22:00,236000,Available
1450_2871_22:00,1450,MXL Ground,2871,Padel 2,2026-09-22,22:00 - 23:00,199000,Available
1450_2872_18:00,1450,MXL Ground,2872,Padel 3,2026-09-22,18:00 - 19:00,236000,Available
1450_2872_19:00,1450,MXL Ground,2872,Padel 3,2026-09-22,19:00 - 20:00,236000,Available
1450_2872_20:00,1450,MXL Ground,2872,Padel 3,2026-09-22,20:00 - 21:00,236000,Available
1450_2872_21:00,1450,MXL Ground,2872,Padel 3,2026-09-22,21:00 - 22:00,236000,Available
1450_2872_22:00,1450,MXL Ground,2872,Padel 3,2026-09-22,22:00 - 23:00,199000,Available
2073_4298_18:00,2073,My Club House - Padel,4298,Court 1,2026-09-22,18:00 - 19:00,275000,Booked
2073_4298_19:00,2073,My Club House - Padel,4298,Court 1,2026-09-22,19:00 - 20:00,275000,Booked
2073_4298_20:00,2073,My Club House - Padel,4298,Court 1,2026-09-22,20:00 - 21:00,275000,Booked
2073_4298_21:00,2073,My Club House - Padel,4298,Court 1,2026-09-22,21:00 - 22:00,275000,Booked
2073_4298_22:00,2073,My Club House - Padel,4298,Court 1,2026-09-22,22:00 - 23:00,199000,Booked
2073_4298_23:00,2073,My Club House - Padel,4298,Court 1,2026-09-22,23:00 - 00:00,199000,Available
2073_6511_18:00,2073,My Club House - Padel,6511,Court 2,2026-09-22,18:00 - 19:00,275000,Booked
2073_6511_19:00,2073,My Club House - Padel,6511,Court 2,2026-09-22,19:00 - 20:00,275000,Available
2073_6511_20:00,2073,My Club House - Padel,6511,Court 2,2026-09-22,20:00 - 21:00,275000,Available
2073_6511_21:00,2073,My Club House - Padel,6511,Court 2,2026-09-22,21:00 - 22:00,275000,Booked
2073_6511_22:00,2073,My Club House - Padel,6511,Court 2,2026-09-22,22:00 - 23:00,199000,Booked
2073_6511_23:00,2073,My Club House - Padel,6511,Court 2,2026-09-22,23:00 - 00:00,199000,Available
2073_6512_18:00,2073,My Club House - Padel,6512,Court 3,2026-09-22,18:00 - 19:00,275000,Booked
2073_6512_19:00,2073,My Club House - Padel,6512,Court 3,2026-09-22,19:00 - 20:00,275000,Booked
2073_6512_20:00,2073,My Club House - Padel,6512,Court 3,2026-09-22,20:00 - 21:00,275000,Available
2073_6512_21:00,2073,My Club House - Padel,6512,Court 3,2026-09-22,21:00 - 22:00,275000,Available
2073_6512_22:00,2073,My Club House - Padel,6512,Court 3,2026-09-22,22:00 - 23:00,199000,Available
2073_6512_23:00,2073,My Club House - Padel,6512,Court 3,2026-09-22,23:00 - 00:00,199000,Available
2073_6513_18:00,2073,My Club House - Padel,6513,Court 4,2026-09-22,18:00 - 19:00,275000,Booked
2073_6513_19:00,2073,My Club House - Padel,6513,Court 4,2026-09-22,19:00 - 20:00,275000,Booked
2073_6513_20:00,2073,My Club House - Padel,6513,Court 4,2026-09-22,20:00 - 21:00,275000,Available
2073_6513_21:00,2073,My Club House - Padel,6513,Court 4,2026-09-22,21:00 - 22:00,275000,Available
2073_6513_22:00,2073,My Club House - Padel,6513,Court 4,2026-09-22,22:00 - 23:00,199000,Available
2073_6513_23:00,2073,My Club House - Padel,6513,Court 4,2026-09-22,23:00 - 00:00,199000,Available
2073_6514_18:00,2073,My Club House - Padel,6514,SKY A,2026-09-22,18:00 - 19:00,275000,Booked
2073_6514_19:00,2073,My Club House - Padel,6514,SKY A,2026-09-22,19:00 - 20:00,275000,Booked
2073_6514_20:00,2073,My Club House - Padel,6514,SKY A,2026-09-22,20:00 - 21:00,275000,Available
2073_6514_21:00,2073,My Club House - Padel,6514,SKY A,2026-09-22,21:00 - 22:00,275000,Available
2073_6514_22:00,2073,My Club House - Padel,6514,SKY A,2026-09-22,22:00 - 23:00,199000,Available
2073_6514_23:00,2073,My Club House - Padel,6514,SKY A,2026-09-22,23:00 - 00:00,199000,Available
2073_6515_18:00,2073,My Club House - Padel,6515,SKY B,2026-09-22,18:00 - 19:00,275000,Available
2073_6515_19:00,2073,My Club House - Padel,6515,SKY B,2026-09-22,19:00 - 20:00,275000,Available
2073_6515_20:00,2073,My Club House - Padel,6515,SKY B,2026-09-22,20:00 - 21:00,275000,Available
2073_6515_21:00,2073,My Club House - Padel,6515,SKY B,2026-09-22,21:00 - 22:00,275000,Available
2073_6515_22:00,2073,My Club House - Padel,6515,SKY B,2026-09-22,22:00 - 23:00,199000,Available
2073_6515_23:00,2073,My Club House - Padel,6515,SKY B,2026-09-22,23:00 - 00:00,199000,Available
3627_8972_18:00,3627,Gading Mas Racquet Club,8972,Padel 1,2026-09-22,18:00 - 19:00,265000,Booked
3627_8972_19:00,3627,Gading Mas Racquet Club,8972,Padel 1,2026-09-22,19:00 - 20:00,265000,Booked
3627_8972_20:00,3627,Gading Mas Racquet Club,8972,Padel 1,2026-09-22,20:00 - 21:00,265000,Booked
3627_8972_21:00,3627,Gading Mas Racquet Club,8972,Padel 1,2026-09-22,21:00 - 22:00,265000,Available
3627_8972_22:00,3627,Gading Mas Racquet Club,8972,Padel 1,2026-09-22,22:00 - 23:00,265000,Available
3627_10359_18:00,3627,Gading Mas Racquet Club,10359,Padel 2,2026-09-22,18:00 - 19:00,265000,Booked
3627_10359_19:00,3627,Gading Mas Racquet Club,10359,Padel 2,2026-09-22,19:00 - 20:00,265000,Booked
3627_10359_20:00,3627,Gading Mas Racquet Club,10359,Padel 2,2026-09-22,20:00 - 21:00,265000,Booked
3627_10359_21:00,3627,Gading Mas Racquet Club,10359,Padel 2,2026-09-22,21:00 - 22:00,265000,Available
3627_10359_22:00,3627,Gading Mas Racquet Club,10359,Padel 2,2026-09-22,22:00 - 23:00,265000,Available
3627_10360_18:00,3627,Gading Mas Racquet Club,10360,Padel 3,2026-09-22,18:00 - 19:00,265000,Booked
3627_10360_19:00,3627,Gading Mas Racquet Club,10360,Padel 3,2026-09-22,19:00 - 20:00,265000,Booked
3627_10360_20:00,3627,Gading Mas Racquet Club,10360,Padel 3,2026-09-22,20:00 - 21:00,265000,Booked
3627_10360_21:00,3627,Gading Mas Racquet Club,10360,Padel 3,2026-09-22,21:00 - 22:00,265000,Available
3627_10360_22:00,3627,Gading Mas Racquet Club,10360,Padel 3,2026-09-22,22:00 - 23:00,265000,Available
3627_10361_18:00,3627,Gading Mas Racquet Club,10361,Pickleball 1,2026-09-22,18:00 - 19:00,200000,Available
3627_10361_19:00,3627,Gading Mas Racquet Club,10361,Pickleball 1,2026-09-22,19:00 - 20:00,200000,Available
3627_10361_20:00,3627,Gading Mas Racquet Club,10361,Pickleball 1,2026-09-22,20:00 - 21:00,200000,Available
3627_10361_21:00,3627,Gading Mas Racquet Club,10361,Pickleball 1,2026-09-22,21:00 - 22:00,200000,Available
3627_10361_22:00,3627,Gading Mas Racquet Club,10361,Pickleball 1,2026-09-22,22:00 - 23:00,200000,Available
3627_10362_18:00,3627,Gading Mas Racquet Club,10362,Pickleball 2,2026-09-22,18:00 - 19:00,200000,Available
3627_10362_19:00,3627,Gading Mas Racquet Club,10362,Pickleball 2,2026-09-22,19:00 - 20:00,200000,Available
3627_10362_20:00,3627,Gading Mas Racquet Club,10362,Pickleball 2,2026-09-22,20:00 - 21:00,200000,Available
3627_10362_21:00,3627,Gading Mas Racquet Club,10362,Pickleball 2,2026-09-22,21:00 - 22:00,200000,Available
3627_10362_22:00,3627,Gading Mas Racquet Club,10362,Pickleball 2,2026-09-22,22:00 - 23:00,200000,Available
3627_11009_18:00,3627,Gading Mas Racquet Club,11009,Tennis Courts 1,2026-09-22,18:00 - 19:00,275000,Booked
3627_11009_19:00,3627,Gading Mas Racquet Club,11009,Tennis Courts 1,2026-09-22,19:00 - 20:00,275000,Booked
3627_11009_20:00,3627,Gading Mas Racquet Club,11009,Tennis Courts 1,2026-09-22,20:00 - 21:00,275000,Booked
3627_11009_21:00,3627,Gading Mas Racquet Club,11009,Tennis Courts 1,2026-09-22,21:00 - 22:00,275000,Booked
3627_11009_22:00,3627,Gading Mas Racquet Club,11009,Tennis Courts 1,2026-09-22,22:00 - 23:00,275000,Booked
3627_11010_18:00,3627,Gading Mas Racquet Club,11010,Tennis Courts 2,2026-09-22,18:00 - 19:00,275000,Booked
3627_11010_19:00,3627,Gading Mas Racquet Club,11010,Tennis Courts 2,2026-09-22,19:00 - 20:00,275000,Booked
3627_11010_20:00,3627,Gading Mas Racquet Club,11010,Tennis Courts 2,2026-09-22,20:00 - 21:00,275000,Booked
3627_11010_21:00,3627,Gading Mas Racquet Club,11010,Tennis Courts 2,2026-09-22,21:00 - 22:00,275000,Available
3627_11010_22:00,3627,Gading Mas Racquet Club,11010,Tennis Courts 2,2026-09-22,22:00 - 23:00,275000,Available
1579_3199_18:00,1579,Ultradome Padel Tennis Lounge,3199,T1,2026-09-22,18:00 - 19:00,275000,Booked
1579_3199_19:00,1579,Ultradome Padel Tennis Lounge,3199,T1,2026-09-22,19:00 - 20:00,275000,Booked
1579_3199_20:00,1579,Ultradome Padel Tennis Lounge,3199,T1,2026-09-22,20:00 - 21:00,275000,Booked
1579_3199_21:00,1579,Ultradome Padel Tennis Lounge,3199,T1,2026-09-22,21:00 - 22:00,275000,Available
1579_3199_22:00,1579,Ultradome Padel Tennis Lounge,3199,T1,2026-09-22,22:00 - 23:00,236500,Available
1579_3199_23:00,1579,Ultradome Padel Tennis Lounge,3199,T1,2026-09-22,23:00 - 00:00,236500,Available
1579_3328_18:00,1579,Ultradome Padel Tennis Lounge,3328,T2,2026-09-22,18:00 - 19:00,275000,Booked
1579_3328_19:00,1579,Ultradome Padel Tennis Lounge,3328,T2,2026-09-22,19:00 - 20:00,275000,Booked
1579_3328_20:00,1579,Ultradome Padel Tennis Lounge,3328,T2,2026-09-22,20:00 - 21:00,275000,Booked
1579_3328_21:00,1579,Ultradome Padel Tennis Lounge,3328,T2,2026-09-22,21:00 - 22:00,275000,Booked
1579_3328_22:00,1579,Ultradome Padel Tennis Lounge,3328,T2,2026-09-22,22:00 - 23:00,236500,Available
1579_3328_23:00,1579,Ultradome Padel Tennis Lounge,3328,T2,2026-09-22,23:00 - 00:00,236500,Available
1579_3329_18:00,1579,Ultradome Padel Tennis Lounge,3329,T3,2026-09-22,18:00 - 19:00,275000,Booked
1579_3329_19:00,1579,Ultradome Padel Tennis Lounge,3329,T3,2026-09-22,19:00 - 20:00,275000,Booked
1579_3329_20:00,1579,Ultradome Padel Tennis Lounge,3329,T3,2026-09-22,20:00 - 21:00,275000,Booked
1579_3329_21:00,1579,Ultradome Padel Tennis Lounge,3329,T3,2026-09-22,21:00 - 22:00,275000,Available
1579_3329_22:00,1579,Ultradome Padel Tennis Lounge,3329,T3,2026-09-22,22:00 - 23:00,236500,Available
1579_3329_23:00,1579,Ultradome Padel Tennis Lounge,3329,T3,2026-09-22,23:00 - 00:00,236500,Available
1579_3330_18:00,1579,Ultradome Padel Tennis Lounge,3330,T4,2026-09-22,18:00 - 19:00,275000,Booked
1579_3330_19:00,1579,Ultradome Padel Tennis Lounge,3330,T4,2026-09-22,19:00 - 20:00,275000,Booked
1579_3330_20:00,1579,Ultradome Padel Tennis Lounge,3330,T4,2026-09-22,20:00 - 21:00,275000,Booked
1579_3330_21:00,1579,Ultradome Padel Tennis Lounge,3330,T4,2026-09-22,21:00 - 22:00,275000,Available
1579_3330_22:00,1579,Ultradome Padel Tennis Lounge,3330,T4,2026-09-22,22:00 - 23:00,236500,Available
1579_3330_23:00,1579,Ultradome Padel Tennis Lounge,3330,T4,2026-09-22,23:00 - 00:00,236500,Available
1579_3246_18:00,1579,Ultradome Padel Tennis Lounge,3246,P1,2026-09-22,18:00 - 19:00,280000,Booked
1579_3246_19:00,1579,Ultradome Padel Tennis Lounge,3246,P1,2026-09-22,19:00 - 20:00,280000,Booked
1579_3246_20:00,1579,Ultradome Padel Tennis Lounge,3246,P1,2026-09-22,20:00 - 21:00,280000,Booked
1579_3246_21:00,1579,Ultradome Padel Tennis Lounge,3246,P1,2026-09-22,21:00 - 22:00,280000,Available
1579_3246_22:00,1579,Ultradome Padel Tennis Lounge,3246,P1,2026-09-22,22:00 - 23:00,170000,Available
1579_3246_23:00,1579,Ultradome Padel Tennis Lounge,3246,P1,2026-09-22,23:00 - 00:00,170000,Available
1579_3331_18:00,1579,Ultradome Padel Tennis Lounge,3331,P2,2026-09-22,18:00 - 19:00,280000,Booked
1579_3331_19:00,1579,Ultradome Padel Tennis Lounge,3331,P2,2026-09-22,19:00 - 20:00,280000,Booked
1579_3331_20:00,1579,Ultradome Padel Tennis Lounge,3331,P2,2026-09-22,20:00 - 21:00,280000,Booked
1579_3331_21:00,1579,Ultradome Padel Tennis Lounge,3331,P2,2026-09-22,21:00 - 22:00,280000,Available
1579_3331_22:00,1579,Ultradome Padel Tennis Lounge,3331,P2,2026-09-22,22:00 - 23:00,170000,Available
1579_3331_23:00,1579,Ultradome Padel Tennis Lounge,3331,P2,2026-09-22,23:00 - 00:00,170000,Available
1579_3332_18:00,1579,Ultradome Padel Tennis Lounge,3332,P3,2026-09-22,18:00 - 19:00,280000,Booked
1579_3332_19:00,1579,Ultradome Padel Tennis Lounge,3332,P3,2026-09-22,19:00 - 20:00,280000,Booked
1579_3332_20:00,1579,Ultradome Padel Tennis Lounge,3332,P3,2026-09-22,20:00 - 21:00,280000,Booked
1579_3332_21:00,1579,Ultradome Padel Tennis Lounge,3332,P3,2026-09-22,21:00 - 22:00,280000,Available
1579_3332_22:00,1579,Ultradome Padel Tennis Lounge,3332,P3,2026-09-22,22:00 - 23:00,170000,Available
1579_3332_23:00,1579,Ultradome Padel Tennis Lounge,3332,P3,2026-09-22,23:00 - 00:00,170000,Available
1579_3333_18:00,1579,Ultradome Padel Tennis Lounge,3333,P4,2026-09-22,18:00 - 19:00,280000,Booked
1579_3333_19:00,1579,Ultradome Padel Tennis Lounge,3333,P4,2026-09-22,19:00 - 20:00,280000,Booked
1579_3333_20:00,1579,Ultradome Padel Tennis Lounge,3333,P4,2026-09-22,20:00 - 21:00,280000,Booked
1579_3333_21:00,1579,Ultradome Padel Tennis Lounge,3333,P4,2026-09-22,21:00 - 22:00,280000,Booked
1579_3333_22:00,1579,Ultradome Padel Tennis Lounge,3333,P4,2026-09-22,22:00 - 23:00,170000,Available
1579_3333_23:00,1579,Ultradome Padel Tennis Lounge,3333,P4,2026-09-22,23:00 - 00:00,170000,Available
1579_3334_18:00,1579,Ultradome Padel Tennis Lounge,3334,P5,2026-09-22,18:00 - 19:00,280000,Booked
1579_3334_19:00,1579,Ultradome Padel Tennis Lounge,3334,P5,2026-09-22,19:00 - 20:00,280000,Booked
1579_3334_20:00,1579,Ultradome Padel Tennis Lounge,3334,P5,2026-09-22,20:00 - 21:00,280000,Booked
1579_3334_21:00,1579,Ultradome Padel Tennis Lounge,3334,P5,2026-09-22,21:00 - 22:00,280000,Booked
1579_3334_22:00,1579,Ultradome Padel Tennis Lounge,3334,P5,2026-09-22,22:00 - 23:00,170000,Available
1579_3334_23:00,1579,Ultradome Padel Tennis Lounge,3334,P5,2026-09-22,23:00 - 00:00,170000,Available
1579_12192_18:00,1579,Ultradome Padel Tennis Lounge,12192,Mahjong Table 1 (automatic),2026-09-22,18:00 - 19:00,100000,Available
1579_12192_19:00,1579,Ultradome Padel Tennis Lounge,12192,Mahjong Table 1 (automatic),2026-09-22,19:00 - 20:00,100000,Available
1579_12192_20:00,1579,Ultradome Padel Tennis Lounge,12192,Mahjong Table 1 (automatic),2026-09-22,20:00 - 21:00,100000,Available
1579_12192_21:00,1579,Ultradome Padel Tennis Lounge,12192,Mahjong Table 1 (automatic),2026-09-22,21:00 - 22:00,100000,Available
1579_12192_22:00,1579,Ultradome Padel Tennis Lounge,12192,Mahjong Table 1 (automatic),2026-09-22,22:00 - 23:00,100000,Available
1579_12192_23:00,1579,Ultradome Padel Tennis Lounge,12192,Mahjong Table 1 (automatic),2026-09-22,23:00 - 00:00,100000,Available
1579_12193_18:00,1579,Ultradome Padel Tennis Lounge,12193,Mahjong Table 2 (automatic),2026-09-22,18:00 - 19:00,100000,Available
1579_12193_19:00,1579,Ultradome Padel Tennis Lounge,12193,Mahjong Table 2 (automatic),2026-09-22,19:00 - 20:00,100000,Available
1579_12193_20:00,1579,Ultradome Padel Tennis Lounge,12193,Mahjong Table 2 (automatic),2026-09-22,20:00 - 21:00,100000,Available
1579_12193_21:00,1579,Ultradome Padel Tennis Lounge,12193,Mahjong Table 2 (automatic),2026-09-22,21:00 - 22:00,100000,Available
1579_12193_22:00,1579,Ultradome Padel Tennis Lounge,12193,Mahjong Table 2 (automatic),2026-09-22,22:00 - 23:00,100000,Available
1579_12193_23:00,1579,Ultradome Padel Tennis Lounge,12193,Mahjong Table 2 (automatic),2026-09-22,23:00 - 00:00,100000,Available
1579_12191_18:00,1579,Ultradome Padel Tennis Lounge,12191,Mahjong Table (manual),2026-09-22,18:00 - 19:00,50000,Available
1579_12191_19:00,1579,Ultradome Padel Tennis Lounge,12191,Mahjong Table (manual),2026-09-22,19:00 - 20:00,50000,Available
1579_12191_20:00,1579,Ultradome Padel Tennis Lounge,12191,Mahjong Table (manual),2026-09-22,20:00 - 21:00,50000,Available
1579_12191_21:00,1579,Ultradome Padel Tennis Lounge,12191,Mahjong Table (manual),2026-09-22,21:00 - 22:00,50000,Available
1579_12191_22:00,1579,Ultradome Padel Tennis Lounge,12191,Mahjong Table (manual),2026-09-22,22:00 - 23:00,50000,Available
1579_12191_23:00,1579,Ultradome Padel Tennis Lounge,12191,Mahjong Table (manual),2026-09-22,23:00 - 00:00,50000,Available
1659_3381_18:00,1659,Padel Hive Pluit,3381,Court 1,2026-09-22,18:00 - 20:00,538000,Available
1659_3381_20:00,1659,Padel Hive Pluit,3381,Court 1,2026-09-22,20:00 - 22:00,538000,Booked
1659_4048_18:00,1659,Padel Hive Pluit,4048,Court 2,2026-09-22,18:00 - 20:00,538000,Available
1659_4048_20:00,1659,Padel Hive Pluit,4048,Court 2,2026-09-22,20:00 - 22:00,538000,Booked
1659_4049_18:00,1659,Padel Hive Pluit,4049,Court 3,2026-09-22,18:00 - 20:00,538000,Available
1659_4049_20:00,1659,Padel Hive Pluit,4049,Court 3,2026-09-22,20:00 - 22:00,538000,Booked
548_1123_18:00,548,Bestindo Sport Center,1123,Mini Soccer A,2026-09-22,18:00 - 20:00,1500000,Booked
548_1123_20:00,548,Bestindo Sport Center,1123,Mini Soccer A,2026-09-22,20:00 - 22:00,1500000,Booked
548_1123_22:00,548,Bestindo Sport Center,1123,Mini Soccer A,2026-09-22,22:00 - 23:00,700000,Available
548_1123_23:00,548,Bestindo Sport Center,1123,Mini Soccer A,2026-09-22,23:00 - 00:00,700000,Available
548_1124_18:00,548,Bestindo Sport Center,1124,Mini Soccer B,2026-09-22,18:00 - 20:00,1500000,Booked
548_1124_20:00,548,Bestindo Sport Center,1124,Mini Soccer B,2026-09-22,20:00 - 22:00,1500000,Booked
548_1124_22:00,548,Bestindo Sport Center,1124,Mini Soccer B,2026-09-22,22:00 - 23:00,700000,Available
548_1124_23:00,548,Bestindo Sport Center,1124,Mini Soccer B,2026-09-22,23:00 - 00:00,700000,Available
548_1125_18:00,548,Bestindo Sport Center,1125,Futsal Outdoor,2026-09-22,18:00 - 19:00,250000,Booked
548_1125_19:00,548,Bestindo Sport Center,1125,Futsal Outdoor,2026-09-22,19:00 - 20:00,250000,Booked
548_1125_20:00,548,Bestindo Sport Center,1125,Futsal Outdoor,2026-09-22,20:00 - 21:00,250000,Booked
548_1125_21:00,548,Bestindo Sport Center,1125,Futsal Outdoor,2026-09-22,21:00 - 22:00,250000,Available
548_1125_22:00,548,Bestindo Sport Center,1125,Futsal Outdoor,2026-09-22,22:00 - 23:00,200000,Booked
548_1125_23:00,548,Bestindo Sport Center,1125,Futsal Outdoor,2026-09-22,23:00 - 00:00,200000,Available
548_1232_18:00,548,Bestindo Sport Center,1232,Badminton 1,2026-09-22,18:00 - 19:00,80000,Booked
548_1232_19:00,548,Bestindo Sport Center,1232,Badminton 1,2026-09-22,19:00 - 20:00,80000,Booked
548_1232_20:00,548,Bestindo Sport Center,1232,Badminton 1,2026-09-22,20:00 - 21:00,80000,Booked
548_1232_21:00,548,Bestindo Sport Center,1232,Badminton 1,2026-09-22,21:00 - 22:00,80000,Booked
548_1232_22:00,548,Bestindo Sport Center,1232,Badminton 1,2026-09-22,22:00 - 23:00,80000,Available
548_1232_23:00,548,Bestindo Sport Center,1232,Badminton 1,2026-09-22,23:00 - 00:00,80000,Available
548_1257_18:00,548,Bestindo Sport Center,1257,Badminton 2,2026-09-22,18:00 - 19:00,80000,Booked
548_1257_19:00,548,Bestindo Sport Center,1257,Badminton 2,2026-09-22,19:00 - 20:00,80000,Booked
548_1257_20:00,548,Bestindo Sport Center,1257,Badminton 2,2026-09-22,20:00 - 21:00,80000,Available
548_1257_21:00,548,Bestindo Sport Center,1257,Badminton 2,2026-09-22,21:00 - 22:00,80000,Available
548_1257_22:00,548,Bestindo Sport Center,1257,Badminton 2,2026-09-22,22:00 - 23:00,80000,Available
548_1257_23:00,548,Bestindo Sport Center,1257,Badminton 2,2026-09-22,23:00 - 00:00,80000,Available
548_1258_18:00,548,Bestindo Sport Center,1258,Badminton 3,2026-09-22,18:00 - 19:00,80000,Booked
548_1258_19:00,548,Bestindo Sport Center,1258,Badminton 3,2026-09-22,19:00 - 20:00,80000,Booked
548_1258_20:00,548,Bestindo Sport Center,1258,Badminton 3,2026-09-22,20:00 - 21:00,80000,Booked
548_1258_21:00,548,Bestindo Sport Center,1258,Badminton 3,2026-09-22,21:00 - 22:00,80000,Booked
548_1258_22:00,548,Bestindo Sport Center,1258,Badminton 3,2026-09-22,22:00 - 23:00,80000,Available
548_1258_23:00,548,Bestindo Sport Center,1258,Badminton 3,2026-09-22,23:00 - 00:00,80000,Available
548_1259_18:00,548,Bestindo Sport Center,1259,Badminton 4,2026-09-22,18:00 - 19:00,80000,Booked
548_1259_19:00,548,Bestindo Sport Center,1259,Badminton 4,2026-09-22,19:00 - 20:00,80000,Booked
548_1259_20:00,548,Bestindo Sport Center,1259,Badminton 4,2026-09-22,20:00 - 21:00,80000,Booked
548_1259_21:00,548,Bestindo Sport Center,1259,Badminton 4,2026-09-22,21:00 - 22:00,80000,Available
548_1259_22:00,548,Bestindo Sport Center,1259,Badminton 4,2026-09-22,22:00 - 23:00,80000,Available
548_1259_23:00,548,Bestindo Sport Center,1259,Badminton 4,2026-09-22,23:00 - 00:00,80000,Available
548_1260_18:00,548,Bestindo Sport Center,1260,Badminton 5,2026-09-22,18:00 - 19:00,80000,Available
548_1260_19:00,548,Bestindo Sport Center,1260,Badminton 5,2026-09-22,19:00 - 20:00,80000,Booked
548_1260_20:00,548,Bestindo Sport Center,1260,Badminton 5,2026-09-22,20:00 - 21:00,80000,Booked
548_1260_21:00,548,Bestindo Sport Center,1260,Badminton 5,2026-09-22,21:00 - 22:00,80000,Booked
548_1260_22:00,548,Bestindo Sport Center,1260,Badminton 5,2026-09-22,22:00 - 23:00,80000,Available
548_1260_23:00,548,Bestindo Sport Center,1260,Badminton 5,2026-09-22,23:00 - 00:00,80000,Available
548_1446_18:00,548,Bestindo Sport Center,1446,Basket 3x3 A,2026-09-22,18:00 - 19:00,100000,Available
548_1446_19:00,548,Bestindo Sport Center,1446,Basket 3x3 A,2026-09-22,19:00 - 20:00,100000,Available
548_1446_20:00,548,Bestindo Sport Center,1446,Basket 3x3 A,2026-09-22,20:00 - 21:00,100000,Available
548_1446_21:00,548,Bestindo Sport Center,1446,Basket 3x3 A,2026-09-22,21:00 - 22:00,100000,Available
548_1446_22:00,548,Bestindo Sport Center,1446,Basket 3x3 A,2026-09-22,22:00 - 23:00,100000,Available
548_1446_23:00,548,Bestindo Sport Center,1446,Basket 3x3 A,2026-09-22,23:00 - 00:00,100000,Available
548_1447_18:00,548,Bestindo Sport Center,1447,Basket 3x3 B,2026-09-22,18:00 - 19:00,100000,Booked
548_1447_19:00,548,Bestindo Sport Center,1447,Basket 3x3 B,2026-09-22,19:00 - 20:00,100000,Available
548_1447_20:00,548,Bestindo Sport Center,1447,Basket 3x3 B,2026-09-22,20:00 - 21:00,100000,Available
548_1447_21:00,548,Bestindo Sport Center,1447,Basket 3x3 B,2026-09-22,21:00 - 22:00,100000,Available
548_1447_22:00,548,Bestindo Sport Center,1447,Basket 3x3 B,2026-09-22,22:00 - 23:00,100000,Available
548_1447_23:00,548,Bestindo Sport Center,1447,Basket 3x3 B,2026-09-22,23:00 - 00:00,100000,Available
548_1452_18:00,548,Bestindo Sport Center,1452,Padel Court A,2026-09-22,18:00 - 19:00,250000,Available
548_1452_19:00,548,Bestindo Sport Center,1452,Padel Court A,2026-09-22,19:00 - 20:00,250000,Available
548_1452_20:00,548,Bestindo Sport Center,1452,Padel Court A,2026-09-22,20:00 - 21:00,250000,Available
548_1452_21:00,548,Bestindo Sport Center,1452,Padel Court A,2026-09-22,21:00 - 22:00,250000,Available
548_1452_22:00,548,Bestindo Sport Center,1452,Padel Court A,2026-09-22,22:00 - 23:00,250000,Available
548_1452_23:00,548,Bestindo Sport Center,1452,Padel Court A,2026-09-22,23:00 - 00:00,250000,Available
548_1453_18:00,548,Bestindo Sport Center,1453,Padel Court B,2026-09-22,18:00 - 19:00,250000,Available
548_1453_19:00,548,Bestindo Sport Center,1453,Padel Court B,2026-09-22,19:00 - 20:00,250000,Available
548_1453_20:00,548,Bestindo Sport Center,1453,Padel Court B,2026-09-22,20:00 - 21:00,250000,Available
548_1453_21:00,548,Bestindo Sport Center,1453,Padel Court B,2026-09-22,21:00 - 22:00,250000,Available
548_1453_22:00,548,Bestindo Sport Center,1453,Padel Court B,2026-09-22,22:00 - 23:00,250000,Available
548_1453_23:00,548,Bestindo Sport Center,1453,Padel Court B,2026-09-22,23:00 - 00:00,250000,Available
1595_4242_18:00,1595,El Patio Padel - Pluit,4242,Court 1,2026-09-22,18:00 - 20:00,558000,Booked
1595_4242_20:00,1595,El Patio Padel - Pluit,4242,Court 1,2026-09-22,20:00 - 22:00,558000,Booked
1595_4243_18:00,1595,El Patio Padel - Pluit,4243,Court 2,2026-09-22,18:00 - 20:00,558000,Booked
1595_4243_20:00,1595,El Patio Padel - Pluit,4243,Court 2,2026-09-22,20:00 - 22:00,558000,Booked
1595_3284_18:00,1595,El Patio Padel - Pluit,3284,Court 3,2026-09-22,18:00 - 20:00,558000,Booked
1595_3284_20:00,1595,El Patio Padel - Pluit,3284,Court 3,2026-09-22,20:00 - 22:00,558000,Booked
1642_3337_18:00,1642,Vibora Padel & Pickleball Club Kelapa Gading,3337,Court 1,2026-09-22,18:00 - 19:00,275000,Booked
1642_3337_19:00,1642,Vibora Padel & Pickleball Club Kelapa Gading,3337,Court 1,2026-09-22,19:00 - 20:00,275000,Booked
1642_3337_20:00,1642,Vibora Padel & Pickleball Club Kelapa Gading,3337,Court 1,2026-09-22,20:00 - 21:00,275000,Booked
1642_3337_21:00,1642,Vibora Padel & Pickleball Club Kelapa Gading,3337,Court 1,2026-09-22,21:00 - 22:00,275000,Available
1642_3337_22:00,1642,Vibora Padel & Pickleball Club Kelapa Gading,3337,Court 1,2026-09-22,22:00 - 23:00,150000,Available
1642_3337_23:00,1642,Vibora Padel & Pickleball Club Kelapa Gading,3337,Court 1,2026-09-22,23:00 - 00:00,150000,Available
1642_4693_18:00,1642,Vibora Padel & Pickleball Club Kelapa Gading,4693,Filano Court 2,2026-09-22,18:00 - 19:00,275000,Available
1642_4693_19:00,1642,Vibora Padel & Pickleball Club Kelapa Gading,4693,Filano Court 2,2026-09-22,19:00 - 20:00,275000,Booked
1642_4693_20:00,1642,Vibora Padel & Pickleball Club Kelapa Gading,4693,Filano Court 2,2026-09-22,20:00 - 21:00,275000,Booked
1642_4693_21:00,1642,Vibora Padel & Pickleball Club Kelapa Gading,4693,Filano Court 2,2026-09-22,21:00 - 22:00,275000,Available
1642_4693_22:00,1642,Vibora Padel & Pickleball Club Kelapa Gading,4693,Filano Court 2,2026-09-22,22:00 - 23:00,150000,Available
1642_4693_23:00,1642,Vibora Padel & Pickleball Club Kelapa Gading,4693,Filano Court 2,2026-09-22,23:00 - 00:00,150000,Available
1642_4694_18:00,1642,Vibora Padel & Pickleball Club Kelapa Gading,4694,Court 3,2026-09-22,18:00 - 19:00,275000,Available
1642_4694_19:00,1642,Vibora Padel & Pickleball Club Kelapa Gading,4694,Court 3,2026-09-22,19:00 - 20:00,275000,Booked
1642_4694_20:00,1642,Vibora Padel & Pickleball Club Kelapa Gading,4694,Court 3,2026-09-22,20:00 - 21:00,275000,Booked
1642_4694_21:00,1642,Vibora Padel & Pickleball Club Kelapa Gading,4694,Court 3,2026-09-22,21:00 - 22:00,275000,Available
1642_4694_22:00,1642,Vibora Padel & Pickleball Club Kelapa Gading,4694,Court 3,2026-09-22,22:00 - 23:00,150000,Available
1642_4694_23:00,1642,Vibora Padel & Pickleball Club Kelapa Gading,4694,Court 3,2026-09-22,23:00 - 00:00,150000,Available
1642_4695_18:00,1642,Vibora Padel & Pickleball Club Kelapa Gading,4695,Court 4,2026-09-22,18:00 - 19:00,275000,Available
1642_4695_19:00,1642,Vibora Padel & Pickleball Club Kelapa Gading,4695,Court 4,2026-09-22,19:00 - 20:00,275000,Booked
1642_4695_20:00,1642,Vibora Padel & Pickleball Club Kelapa Gading,4695,Court 4,2026-09-22,20:00 - 21:00,275000,Booked
1642_4695_21:00,1642,Vibora Padel & Pickleball Club Kelapa Gading,4695,Court 4,2026-09-22,21:00 - 22:00,275000,Available
1642_4695_22:00,1642,Vibora Padel & Pickleball Club Kelapa Gading,4695,Court 4,2026-09-22,22:00 - 23:00,150000,Available
1642_4695_23:00,1642,Vibora Padel & Pickleball Club Kelapa Gading,4695,Court 4,2026-09-22,23:00 - 00:00,150000,Available
1642_4696_18:00,1642,Vibora Padel & Pickleball Club Kelapa Gading,4696,Court5 VIP,2026-09-22,18:00 - 19:00,325000,Available
1642_4696_19:00,1642,Vibora Padel & Pickleball Club Kelapa Gading,4696,Court5 VIP,2026-09-22,19:00 - 20:00,325000,Booked
1642_4696_20:00,1642,Vibora Padel & Pickleball Club Kelapa Gading,4696,Court5 VIP,2026-09-22,20:00 - 21:00,325000,Booked
1642_4696_21:00,1642,Vibora Padel & Pickleball Club Kelapa Gading,4696,Court5 VIP,2026-09-22,21:00 - 22:00,325000,Available
1642_4696_22:00,1642,Vibora Padel & Pickleball Club Kelapa Gading,4696,Court5 VIP,2026-09-22,22:00 - 23:00,200000,Available
1642_4696_23:00,1642,Vibora Padel & Pickleball Club Kelapa Gading,4696,Court5 VIP,2026-09-22,23:00 - 00:00,200000,Available
1642_4697_18:00,1642,Vibora Padel & Pickleball Club Kelapa Gading,4697,Pickleball Court,2026-09-22,18:00 - 19:00,100000,Available
1642_4697_19:00,1642,Vibora Padel & Pickleball Club Kelapa Gading,4697,Pickleball Court,2026-09-22,19:00 - 20:00,100000,Booked
1642_4697_20:00,1642,Vibora Padel & Pickleball Club Kelapa Gading,4697,Pickleball Court,2026-09-22,20:00 - 21:00,100000,Booked
1642_4697_21:00,1642,Vibora Padel & Pickleball Club Kelapa Gading,4697,Pickleball Court,2026-09-22,21:00 - 22:00,100000,Available
1642_4697_22:00,1642,Vibora Padel & Pickleball Club Kelapa Gading,4697,Pickleball Court,2026-09-22,22:00 - 23:00,100000,Available
1642_4697_23:00,1642,Vibora Padel & Pickleball Club Kelapa Gading,4697,Pickleball Court,2026-09-22,23:00 - 00:00,100000,Available
2765_6232_18:00,2765,Fivestar Signature Club,6232,Court 1,2026-09-22,18:00 - 19:00,325000,Booked
2765_6232_19:00,2765,Fivestar Signature Club,6232,Court 1,2026-09-22,19:00 - 20:00,350000,Booked
2765_6232_20:00,2765,Fivestar Signature Club,6232,Court 1,2026-09-22,20:00 - 21:00,350000,Booked
2765_6232_21:00,2765,Fivestar Signature Club,6232,Court 1,2026-09-22,21:00 - 22:00,350000,Booked
2765_6232_22:00,2765,Fivestar Signature Club,6232,Court 1,2026-09-22,22:00 - 23:00,200000,Available
2765_6232_23:00,2765,Fivestar Signature Club,6232,Court 1,2026-09-22,23:00 - 00:00,200000,Available
2765_6289_18:00,2765,Fivestar Signature Club,6289,Court UniversalBPR,2026-09-22,18:00 - 19:00,325000,Booked
2765_6289_19:00,2765,Fivestar Signature Club,6289,Court UniversalBPR,2026-09-22,19:00 - 20:00,350000,Booked
2765_6289_20:00,2765,Fivestar Signature Club,6289,Court UniversalBPR,2026-09-22,20:00 - 21:00,350000,Booked
2765_6289_21:00,2765,Fivestar Signature Club,6289,Court UniversalBPR,2026-09-22,21:00 - 22:00,350000,Booked
2765_6289_22:00,2765,Fivestar Signature Club,6289,Court UniversalBPR,2026-09-22,22:00 - 23:00,200000,Available
2765_6289_23:00,2765,Fivestar Signature Club,6289,Court UniversalBPR,2026-09-22,23:00 - 00:00,200000,Available
2765_6290_18:00,2765,Fivestar Signature Club,6290,Court 3,2026-09-22,18:00 - 19:00,325000,Booked
2765_6290_19:00,2765,Fivestar Signature Club,6290,Court 3,2026-09-22,19:00 - 20:00,350000,Booked
2765_6290_20:00,2765,Fivestar Signature Club,6290,Court 3,2026-09-22,20:00 - 21:00,350000,Booked
2765_6290_21:00,2765,Fivestar Signature Club,6290,Court 3,2026-09-22,21:00 - 22:00,350000,Booked
2765_6290_22:00,2765,Fivestar Signature Club,6290,Court 3,2026-09-22,22:00 - 23:00,200000,Available
2765_6290_23:00,2765,Fivestar Signature Club,6290,Court 3,2026-09-22,23:00 - 00:00,200000,Available
2765_6291_18:00,2765,Fivestar Signature Club,6291,Court Haier,2026-09-22,18:00 - 19:00,325000,Booked
2765_6291_19:00,2765,Fivestar Signature Club,6291,Court Haier,2026-09-22,19:00 - 20:00,350000,Booked
2765_6291_20:00,2765,Fivestar Signature Club,6291,Court Haier,2026-09-22,20:00 - 21:00,350000,Booked
2765_6291_21:00,2765,Fivestar Signature Club,6291,Court Haier,2026-09-22,21:00 - 22:00,350000,Booked
2765_6291_22:00,2765,Fivestar Signature Club,6291,Court Haier,2026-09-22,22:00 - 23:00,200000,Available
2765_6291_23:00,2765,Fivestar Signature Club,6291,Court Haier,2026-09-22,23:00 - 00:00,200000,Available
2765_11352_18:00,2765,Fivestar Signature Club,11352,Court VIP,2026-09-22,18:00 - 19:00,500000,Available
2765_11352_19:00,2765,Fivestar Signature Club,11352,Court VIP,2026-09-22,19:00 - 20:00,500000,Available
2765_11352_20:00,2765,Fivestar Signature Club,11352,Court VIP,2026-09-22,20:00 - 21:00,500000,Available
2765_11352_21:00,2765,Fivestar Signature Club,11352,Court VIP,2026-09-22,21:00 - 22:00,500000,Available
2765_11352_22:00,2765,Fivestar Signature Club,11352,Court VIP,2026-09-22,22:00 - 23:00,500000,Available
2765_11352_23:00,2765,Fivestar Signature Club,11352,Court VIP,2026-09-22,23:00 - 00:00,500000,Available
2765_12385_18:00,2765,Fivestar Signature Club,12385,Mahjong 1,2026-09-22,18:00 - 19:00,100000,Available
2765_12385_19:00,2765,Fivestar Signature Club,12385,Mahjong 1,2026-09-22,19:00 - 20:00,100000,Available
2765_12385_20:00,2765,Fivestar Signature Club,12385,Mahjong 1,2026-09-22,20:00 - 21:00,100000,Available
2765_12385_21:00,2765,Fivestar Signature Club,12385,Mahjong 1,2026-09-22,21:00 - 22:00,100000,Booked
2765_12385_22:00,2765,Fivestar Signature Club,12385,Mahjong 1,2026-09-22,22:00 - 23:00,100000,Booked
2765_12385_23:00,2765,Fivestar Signature Club,12385,Mahjong 1,2026-09-22,23:00 - 00:00,100000,Available
2765_12427_18:00,2765,Fivestar Signature Club,12427,Mahjong 2,2026-09-22,18:00 - 19:00,100000,Available
2765_12427_19:00,2765,Fivestar Signature Club,12427,Mahjong 2,2026-09-22,19:00 - 20:00,100000,Available
2765_12427_20:00,2765,Fivestar Signature Club,12427,Mahjong 2,2026-09-22,20:00 - 21:00,100000,Available
2765_12427_21:00,2765,Fivestar Signature Club,12427,Mahjong 2,2026-09-22,21:00 - 22:00,100000,Available
2765_12427_22:00,2765,Fivestar Signature Club,12427,Mahjong 2,2026-09-22,22:00 - 23:00,100000,Available
2765_12427_23:00,2765,Fivestar Signature Club,12427,Mahjong 2,2026-09-22,23:00 - 00:00,100000,Available
2765_12428_18:00,2765,Fivestar Signature Club,12428,Mahjong 3,2026-09-22,18:00 - 19:00,100000,Booked
2765_12428_19:00,2765,Fivestar Signature Club,12428,Mahjong 3,2026-09-22,19:00 - 20:00,100000,Available
2765_12428_20:00,2765,Fivestar Signature Club,12428,Mahjong 3,2026-09-22,20:00 - 21:00,100000,Available
2765_12428_21:00,2765,Fivestar Signature Club,12428,Mahjong 3,2026-09-22,21:00 - 22:00,100000,Available
2765_12428_22:00,2765,Fivestar Signature Club,12428,Mahjong 3,2026-09-22,22:00 - 23:00,100000,Booked
2765_12428_23:00,2765,Fivestar Signature Club,12428,Mahjong 3,2026-09-22,23:00 - 00:00,100000,Booked
2765_12429_18:00,2765,Fivestar Signature Club,12429,Mahjong 4,2026-09-22,18:00 - 19:00,100000,Booked
2765_12429_19:00,2765,Fivestar Signature Club,12429,Mahjong 4,2026-09-22,19:00 - 20:00,100000,Booked
2765_12429_20:00,2765,Fivestar Signature Club,12429,Mahjong 4,2026-09-22,20:00 - 21:00,100000,Booked
2765_12429_21:00,2765,Fivestar Signature Club,12429,Mahjong 4,2026-09-22,21:00 - 22:00,100000,Available
2765_12429_22:00,2765,Fivestar Signature Club,12429,Mahjong 4,2026-09-22,22:00 - 23:00,100000,Available
2765_12429_23:00,2765,Fivestar Signature Club,12429,Mahjong 4,2026-09-22,23:00 - 00:00,100000,Available
2765_12430_18:00,2765,Fivestar Signature Club,12430,Mahjong 5,2026-09-22,18:00 - 19:00,100000,Available
2765_12430_19:00,2765,Fivestar Signature Club,12430,Mahjong 5,2026-09-22,19:00 - 20:00,100000,Available
2765_12430_20:00,2765,Fivestar Signature Club,12430,Mahjong 5,2026-09-22,20:00 - 21:00,100000,Available
2765_12430_21:00,2765,Fivestar Signature Club,12430,Mahjong 5,2026-09-22,21:00 - 22:00,100000,Available
2765_12430_22:00,2765,Fivestar Signature Club,12430,Mahjong 5,2026-09-22,22:00 - 23:00,100000,Available
2765_12430_23:00,2765,Fivestar Signature Club,12430,Mahjong 5,2026-09-22,23:00 - 00:00,100000,Available
2765_12431_18:00,2765,Fivestar Signature Club,12431,Mahjong 6,2026-09-22,18:00 - 19:00,100000,Booked
2765_12431_19:00,2765,Fivestar Signature Club,12431,Mahjong 6,2026-09-22,19:00 - 20:00,100000,Available
2765_12431_20:00,2765,Fivestar Signature Club,12431,Mahjong 6,2026-09-22,20:00 - 21:00,100000,Available
2765_12431_21:00,2765,Fivestar Signature Club,12431,Mahjong 6,2026-09-22,21:00 - 22:00,100000,Available
2765_12431_22:00,2765,Fivestar Signature Club,12431,Mahjong 6,2026-09-22,22:00 - 23:00,100000,Available
2765_12431_23:00,2765,Fivestar Signature Club,12431,Mahjong 6,2026-09-22,23:00 - 00:00,100000,Available
4434_11211_18:00,4434,Let's Go Padel Sunter,11211,Court 1,2026-09-22,18:00 - 19:00,340000,Booked
4434_11211_19:00,4434,Let's Go Padel Sunter,11211,Court 1,2026-09-22,19:00 - 20:00,340000,Booked
4434_11211_20:00,4434,Let's Go Padel Sunter,11211,Court 1,2026-09-22,20:00 - 21:00,340000,Available
4434_11211_21:00,4434,Let's Go Padel Sunter,11211,Court 1,2026-09-22,21:00 - 23:00,350000,Available
4434_11271_18:00,4434,Let's Go Padel Sunter,11271,Court 2,2026-09-22,18:00 - 19:00,340000,Available
4434_11271_19:00,4434,Let's Go Padel Sunter,11271,Court 2,2026-09-22,19:00 - 20:00,340000,Booked
4434_11271_20:00,4434,Let's Go Padel Sunter,11271,Court 2,2026-09-22,20:00 - 21:00,340000,Booked
4434_11271_21:00,4434,Let's Go Padel Sunter,11271,Court 2,2026-09-22,21:00 - 22:00,340000,Available
4434_11271_22:00,4434,Let's Go Padel Sunter,11271,Court 2,2026-09-22,22:00 - 23:00,150000,Available
4434_11272_18:00,4434,Let's Go Padel Sunter,11272,Court 3,2026-09-22,18:00 - 19:00,340000,Booked
4434_11272_19:00,4434,Let's Go Padel Sunter,11272,Court 3,2026-09-22,19:00 - 20:00,340000,Booked
4434_11272_20:00,4434,Let's Go Padel Sunter,11272,Court 3,2026-09-22,20:00 - 21:00,340000,Available
4434_11272_21:00,4434,Let's Go Padel Sunter,11272,Court 3,2026-09-22,21:00 - 23:00,350000,Available
4434_11273_18:00,4434,Let's Go Padel Sunter,11273,Court 4,2026-09-22,18:00 - 19:00,340000,Available
4434_11273_19:00,4434,Let's Go Padel Sunter,11273,Court 4,2026-09-22,19:00 - 20:00,340000,Available
4434_11273_20:00,4434,Let's Go Padel Sunter,11273,Court 4,2026-09-22,20:00 - 21:00,340000,Available
4434_11273_21:00,4434,Let's Go Padel Sunter,11273,Court 4,2026-09-22,21:00 - 22:00,340000,Available
4434_11273_22:00,4434,Let's Go Padel Sunter,11273,Court 4,2026-09-22,22:00 - 23:00,150000,Available
4434_11274_18:00,4434,Let's Go Padel Sunter,11274,Court 5,2026-09-22,18:00 - 19:00,340000,Available
4434_11274_19:00,4434,Let's Go Padel Sunter,11274,Court 5,2026-09-22,19:00 - 20:00,340000,Available
4434_11274_20:00,4434,Let's Go Padel Sunter,11274,Court 5,2026-09-22,20:00 - 21:00,340000,Available
4434_11274_21:00,4434,Let's Go Padel Sunter,11274,Court 5,2026-09-22,21:00 - 22:00,340000,Available
4434_11274_22:00,4434,Let's Go Padel Sunter,11274,Court 5,2026-09-22,22:00 - 23:00,150000,Available
4434_11275_18:00,4434,Let's Go Padel Sunter,11275,Court 6,2026-09-22,18:00 - 19:00,340000,Available
4434_11275_19:00,4434,Let's Go Padel Sunter,11275,Court 6,2026-09-22,19:00 - 20:00,340000,Available
4434_11275_20:00,4434,Let's Go Padel Sunter,11275,Court 6,2026-09-22,20:00 - 21:00,340000,Available
4434_11275_21:00,4434,Let's Go Padel Sunter,11275,Court 6,2026-09-22,21:00 - 22:00,340000,Available
4434_11275_22:00,4434,Let's Go Padel Sunter,11275,Court 6,2026-09-22,22:00 - 23:00,150000,Available
2758_6206_18:00,2758,Bandeja Padel Arena,6206,Bandeja Court,2026-09-22,18:00 - 19:00,245000,Booked
2758_6206_19:00,2758,Bandeja Padel Arena,6206,Bandeja Court,2026-09-22,19:00 - 20:00,245000,Booked
2758_6206_20:00,2758,Bandeja Padel Arena,6206,Bandeja Court,2026-09-22,20:00 - 21:00,245000,Booked
2758_6206_21:00,2758,Bandeja Padel Arena,6206,Bandeja Court,2026-09-22,21:00 - 22:00,245000,Booked
2758_6206_22:00,2758,Bandeja Padel Arena,6206,Bandeja Court,2026-09-22,22:00 - 23:00,195000,Available
2758_6206_23:00,2758,Bandeja Padel Arena,6206,Bandeja Court,2026-09-22,23:00 - 00:00,195000,Available
2758_6207_18:00,2758,Bandeja Padel Arena,6207,Court 2,2026-09-22,18:00 - 19:00,245000,Booked
2758_6207_19:00,2758,Bandeja Padel Arena,6207,Court 2,2026-09-22,19:00 - 20:00,245000,Booked
2758_6207_20:00,2758,Bandeja Padel Arena,6207,Court 2,2026-09-22,20:00 - 21:00,245000,Booked
2758_6207_21:00,2758,Bandeja Padel Arena,6207,Court 2,2026-09-22,21:00 - 22:00,245000,Booked
2758_6207_22:00,2758,Bandeja Padel Arena,6207,Court 2,2026-09-22,22:00 - 23:00,195000,Available
2758_6207_23:00,2758,Bandeja Padel Arena,6207,Court 2,2026-09-22,23:00 - 00:00,195000,Available
2758_6255_18:00,2758,Bandeja Padel Arena,6255,Court 3,2026-09-22,18:00 - 19:00,245000,Booked
2758_6255_19:00,2758,Bandeja Padel Arena,6255,Court 3,2026-09-22,19:00 - 20:00,245000,Booked
2758_6255_20:00,2758,Bandeja Padel Arena,6255,Court 3,2026-09-22,20:00 - 21:00,245000,Available
2758_6255_21:00,2758,Bandeja Padel Arena,6255,Court 3,2026-09-22,21:00 - 22:00,245000,Available
2758_6255_22:00,2758,Bandeja Padel Arena,6255,Court 3,2026-09-22,22:00 - 23:00,195000,Available
2758_6255_23:00,2758,Bandeja Padel Arena,6255,Court 3,2026-09-22,23:00 - 00:00,195000,Available
2758_6256_18:00,2758,Bandeja Padel Arena,6256,Court 4,2026-09-22,18:00 - 19:00,245000,Booked
2758_6256_19:00,2758,Bandeja Padel Arena,6256,Court 4,2026-09-22,19:00 - 20:00,245000,Available
2758_6256_20:00,2758,Bandeja Padel Arena,6256,Court 4,2026-09-22,20:00 - 21:00,245000,Available
2758_6256_21:00,2758,Bandeja Padel Arena,6256,Court 4,2026-09-22,21:00 - 22:00,245000,Available
2758_6256_22:00,2758,Bandeja Padel Arena,6256,Court 4,2026-09-22,22:00 - 23:00,195000,Available
2758_6256_23:00,2758,Bandeja Padel Arena,6256,Court 4,2026-09-22,23:00 - 00:00,195000,Available
2758_6257_18:00,2758,Bandeja Padel Arena,6257,Court 5,2026-09-22,18:00 - 19:00,245000,Booked
2758_6257_19:00,2758,Bandeja Padel Arena,6257,Court 5,2026-09-22,19:00 - 20:00,245000,Booked
2758_6257_20:00,2758,Bandeja Padel Arena,6257,Court 5,2026-09-22,20:00 - 21:00,245000,Booked
2758_6257_21:00,2758,Bandeja Padel Arena,6257,Court 5,2026-09-22,21:00 - 22:00,245000,Booked
2758_6257_22:00,2758,Bandeja Padel Arena,6257,Court 5,2026-09-22,22:00 - 23:00,195000,Available
2758_6257_23:00,2758,Bandeja Padel Arena,6257,Court 5,2026-09-22,23:00 - 00:00,195000,Available
2758_6258_18:00,2758,Bandeja Padel Arena,6258,Court 6,2026-09-22,18:00 - 19:00,245000,Booked
2758_6258_19:00,2758,Bandeja Padel Arena,6258,Court 6,2026-09-22,19:00 - 20:00,245000,Booked
2758_6258_20:00,2758,Bandeja Padel Arena,6258,Court 6,2026-09-22,20:00 - 21:00,245000,Booked
2758_6258_21:00,2758,Bandeja Padel Arena,6258,Court 6,2026-09-22,21:00 - 22:00,245000,Booked
2758_6258_22:00,2758,Bandeja Padel Arena,6258,Court 6,2026-09-22,22:00 - 23:00,195000,Available
2758_6258_23:00,2758,Bandeja Padel Arena,6258,Court 6,2026-09-22,23:00 - 00:00,195000,Available
1605_3775_18:00,1605,Batavia Sports Club,3775,Court 1,2026-09-22,18:00 - 19:00,230000,Available
1605_3775_19:00,1605,Batavia Sports Club,3775,Court 1,2026-09-22,19:00 - 20:00,230000,Available
1605_3775_20:00,1605,Batavia Sports Club,3775,Court 1,2026-09-22,20:00 - 21:00,230000,Booked
1605_3775_21:00,1605,Batavia Sports Club,3775,Court 1,2026-09-22,21:00 - 22:00,230000,Booked
1605_3775_22:00,1605,Batavia Sports Club,3775,Court 1,2026-09-22,22:00 - 23:00,230000,Available
1605_3775_23:00,1605,Batavia Sports Club,3775,Court 1,2026-09-22,23:00 - 00:00,230000,Available
1605_4002_18:00,1605,Batavia Sports Club,4002,Court 2,2026-09-22,18:00 - 19:00,230000,Available
1605_4002_19:00,1605,Batavia Sports Club,4002,Court 2,2026-09-22,19:00 - 20:00,230000,Available
1605_4002_20:00,1605,Batavia Sports Club,4002,Court 2,2026-09-22,20:00 - 21:00,230000,Booked
1605_4002_21:00,1605,Batavia Sports Club,4002,Court 2,2026-09-22,21:00 - 22:00,230000,Booked
1605_4002_22:00,1605,Batavia Sports Club,4002,Court 2,2026-09-22,22:00 - 23:00,230000,Available
1605_4002_23:00,1605,Batavia Sports Club,4002,Court 2,2026-09-22,23:00 - 00:00,230000,Available
1605_4003_18:00,1605,Batavia Sports Club,4003,Court 3,2026-09-22,18:00 - 19:00,230000,Available
1605_4003_19:00,1605,Batavia Sports Club,4003,Court 3,2026-09-22,19:00 - 20:00,230000,Available
1605_4003_20:00,1605,Batavia Sports Club,4003,Court 3,2026-09-22,20:00 - 21:00,230000,Booked
1605_4003_21:00,1605,Batavia Sports Club,4003,Court 3,2026-09-22,21:00 - 22:00,230000,Booked
1605_4003_22:00,1605,Batavia Sports Club,4003,Court 3,2026-09-22,22:00 - 23:00,230000,Available
1605_4003_23:00,1605,Batavia Sports Club,4003,Court 3,2026-09-22,23:00 - 00:00,230000,Available
1605_4004_18:00,1605,Batavia Sports Club,4004,Court 4,2026-09-22,18:00 - 19:00,230000,Available
1605_4004_19:00,1605,Batavia Sports Club,4004,Court 4,2026-09-22,19:00 - 20:00,230000,Available
1605_4004_20:00,1605,Batavia Sports Club,4004,Court 4,2026-09-22,20:00 - 21:00,230000,Booked
1605_4004_21:00,1605,Batavia Sports Club,4004,Court 4,2026-09-22,21:00 - 22:00,230000,Booked
1605_4004_22:00,1605,Batavia Sports Club,4004,Court 4,2026-09-22,22:00 - 23:00,230000,Available
1605_4004_23:00,1605,Batavia Sports Club,4004,Court 4,2026-09-22,23:00 - 00:00,230000,Available
1605_4005_18:00,1605,Batavia Sports Club,4005,Court 5,2026-09-22,18:00 - 19:00,230000,Available
1605_4005_19:00,1605,Batavia Sports Club,4005,Court 5,2026-09-22,19:00 - 20:00,230000,Available
1605_4005_20:00,1605,Batavia Sports Club,4005,Court 5,2026-09-22,20:00 - 21:00,230000,Booked
1605_4005_21:00,1605,Batavia Sports Club,4005,Court 5,2026-09-22,21:00 - 22:00,230000,Booked
1605_4005_22:00,1605,Batavia Sports Club,4005,Court 5,2026-09-22,22:00 - 23:00,230000,Available
1605_4005_23:00,1605,Batavia Sports Club,4005,Court 5,2026-09-22,23:00 - 00:00,230000,Available
1605_4006_18:00,1605,Batavia Sports Club,4006,Court 6,2026-09-22,18:00 - 19:00,230000,Available
1605_4006_19:00,1605,Batavia Sports Club,4006,Court 6,2026-09-22,19:00 - 20:00,230000,Available
1605_4006_20:00,1605,Batavia Sports Club,4006,Court 6,2026-09-22,20:00 - 21:00,230000,Available
1605_4006_21:00,1605,Batavia Sports Club,4006,Court 6,2026-09-22,21:00 - 22:00,230000,Available
1605_4006_22:00,1605,Batavia Sports Club,4006,Court 6,2026-09-22,22:00 - 23:00,230000,Available
1605_4006_23:00,1605,Batavia Sports Club,4006,Court 6,2026-09-22,23:00 - 00:00,230000,Available
1605_4007_18:00,1605,Batavia Sports Club,4007,Tennis Court 1,2026-09-22,18:00 - 19:00,275000,Available
1605_4007_19:00,1605,Batavia Sports Club,4007,Tennis Court 1,2026-09-22,19:00 - 20:00,275000,Available
1605_4007_20:00,1605,Batavia Sports Club,4007,Tennis Court 1,2026-09-22,20:00 - 21:00,275000,Booked
1605_4007_21:00,1605,Batavia Sports Club,4007,Tennis Court 1,2026-09-22,21:00 - 22:00,275000,Booked
1605_4007_22:00,1605,Batavia Sports Club,4007,Tennis Court 1,2026-09-22,22:00 - 23:00,275000,Available
1605_4007_23:00,1605,Batavia Sports Club,4007,Tennis Court 1,2026-09-22,23:00 - 00:00,275000,Available
1605_4008_18:00,1605,Batavia Sports Club,4008,Tennis Court 2,2026-09-22,18:00 - 19:00,275000,Booked
1605_4008_19:00,1605,Batavia Sports Club,4008,Tennis Court 2,2026-09-22,19:00 - 20:00,275000,Booked
1605_4008_20:00,1605,Batavia Sports Club,4008,Tennis Court 2,2026-09-22,20:00 - 21:00,275000,Booked
1605_4008_21:00,1605,Batavia Sports Club,4008,Tennis Court 2,2026-09-22,21:00 - 22:00,275000,Available
1605_4008_22:00,1605,Batavia Sports Club,4008,Tennis Court 2,2026-09-22,22:00 - 23:00,275000,Available
1605_4008_23:00,1605,Batavia Sports Club,4008,Tennis Court 2,2026-09-22,23:00 - 00:00,275000,Available
2124_4392_18:00,2124,MSC Padel Sunter,4392,Lapangan 1,2026-09-22,18:00 - 19:00,175000,Available
2124_4392_19:00,2124,MSC Padel Sunter,4392,Lapangan 1,2026-09-22,19:00 - 20:00,175000,Available
2124_4392_20:00,2124,MSC Padel Sunter,4392,Lapangan 1,2026-09-22,20:00 - 21:00,175000,Available
2124_4392_21:00,2124,MSC Padel Sunter,4392,Lapangan 1,2026-09-22,21:00 - 22:00,175000,Available
2124_4392_22:00,2124,MSC Padel Sunter,4392,Lapangan 1,2026-09-22,22:00 - 23:00,175000,Available
2124_4392_23:00,2124,MSC Padel Sunter,4392,Lapangan 1,2026-09-22,23:00 - 00:00,175000,Available
2124_4435_18:00,2124,MSC Padel Sunter,4435,Lapangan 2,2026-09-22,18:00 - 19:00,175000,Available
2124_4435_19:00,2124,MSC Padel Sunter,4435,Lapangan 2,2026-09-22,19:00 - 20:00,175000,Available
2124_4435_20:00,2124,MSC Padel Sunter,4435,Lapangan 2,2026-09-22,20:00 - 21:00,175000,Available
2124_4435_21:00,2124,MSC Padel Sunter,4435,Lapangan 2,2026-09-22,21:00 - 22:00,175000,Available
2124_4435_22:00,2124,MSC Padel Sunter,4435,Lapangan 2,2026-09-22,22:00 - 23:00,175000,Available
2124_4435_23:00,2124,MSC Padel Sunter,4435,Lapangan 2,2026-09-22,23:00 - 00:00,175000,Available
1407_2701_18:00,1407,Master Padel - Sunter,2701,Tolak Linu Court,2026-09-22,18:00 - 19:00,350000,Booked
1407_2701_19:00,1407,Master Padel - Sunter,2701,Tolak Linu Court,2026-09-22,19:00 - 20:00,350000,Booked
1407_2701_20:00,1407,Master Padel - Sunter,2701,Tolak Linu Court,2026-09-22,20:00 - 21:00,350000,Booked
1407_2701_21:00,1407,Master Padel - Sunter,2701,Tolak Linu Court,2026-09-22,21:00 - 22:00,350000,Available
1407_2701_22:00,1407,Master Padel - Sunter,2701,Tolak Linu Court,2026-09-22,22:00 - 23:00,175000,Available
1407_2701_23:00,1407,Master Padel - Sunter,2701,Tolak Linu Court,2026-09-22,23:00 - 00:00,175000,Available
1407_3687_18:00,1407,Master Padel - Sunter,3687,Court 2,2026-09-22,18:00 - 19:00,350000,Booked
1407_3687_19:00,1407,Master Padel - Sunter,3687,Court 2,2026-09-22,19:00 - 20:00,350000,Booked
1407_3687_20:00,1407,Master Padel - Sunter,3687,Court 2,2026-09-22,20:00 - 21:00,350000,Booked
1407_3687_21:00,1407,Master Padel - Sunter,3687,Court 2,2026-09-22,21:00 - 22:00,350000,Available
1407_3687_22:00,1407,Master Padel - Sunter,3687,Court 2,2026-09-22,22:00 - 23:00,175000,Available
1407_3687_23:00,1407,Master Padel - Sunter,3687,Court 2,2026-09-22,23:00 - 00:00,175000,Available
1407_3688_18:00,1407,Master Padel - Sunter,3688,Court 3,2026-09-22,18:00 - 19:00,350000,Available
1407_3688_19:00,1407,Master Padel - Sunter,3688,Court 3,2026-09-22,19:00 - 20:00,350000,Available
1407_3688_20:00,1407,Master Padel - Sunter,3688,Court 3,2026-09-22,20:00 - 21:00,350000,Available
1407_3688_21:00,1407,Master Padel - Sunter,3688,Court 3,2026-09-22,21:00 - 22:00,350000,Available
1407_3688_22:00,1407,Master Padel - Sunter,3688,Court 3,2026-09-22,22:00 - 23:00,175000,Available
1407_3688_23:00,1407,Master Padel - Sunter,3688,Court 3,2026-09-22,23:00 - 00:00,175000,Available
1407_3689_18:00,1407,Master Padel - Sunter,3689,C+ Collagen Court,2026-09-22,18:00 - 19:00,350000,Available
1407_3689_19:00,1407,Master Padel - Sunter,3689,C+ Collagen Court,2026-09-22,19:00 - 20:00,350000,Available
1407_3689_20:00,1407,Master Padel - Sunter,3689,C+ Collagen Court,2026-09-22,20:00 - 21:00,350000,Available
1407_3689_21:00,1407,Master Padel - Sunter,3689,C+ Collagen Court,2026-09-22,21:00 - 22:00,350000,Available
1407_3689_22:00,1407,Master Padel - Sunter,3689,C+ Collagen Court,2026-09-22,22:00 - 23:00,175000,Available
1407_3689_23:00,1407,Master Padel - Sunter,3689,C+ Collagen Court,2026-09-22,23:00 - 00:00,175000,Available
1407_3690_18:00,1407,Master Padel - Sunter,3690,BRImo Court,2026-09-22,18:00 - 19:00,350000,Booked
1407_3690_19:00,1407,Master Padel - Sunter,3690,BRImo Court,2026-09-22,19:00 - 20:00,350000,Booked
1407_3690_20:00,1407,Master Padel - Sunter,3690,BRImo Court,2026-09-22,20:00 - 21:00,350000,Booked
1407_3690_21:00,1407,Master Padel - Sunter,3690,BRImo Court,2026-09-22,21:00 - 22:00,350000,Available
1407_3690_22:00,1407,Master Padel - Sunter,3690,BRImo Court,2026-09-22,22:00 - 23:00,175000,Available
1407_3690_23:00,1407,Master Padel - Sunter,3690,BRImo Court,2026-09-22,23:00 - 00:00,175000,Available
1407_3691_18:00,1407,Master Padel - Sunter,3691,Court 6,2026-09-22,18:00 - 19:00,350000,Available
1407_3691_19:00,1407,Master Padel - Sunter,3691,Court 6,2026-09-22,19:00 - 20:00,350000,Booked
1407_3691_20:00,1407,Master Padel - Sunter,3691,Court 6,2026-09-22,20:00 - 21:00,350000,Booked
1407_3691_21:00,1407,Master Padel - Sunter,3691,Court 6,2026-09-22,21:00 - 22:00,350000,Available
1407_3691_22:00,1407,Master Padel - Sunter,3691,Court 6,2026-09-22,22:00 - 23:00,175000,Available
1407_3691_23:00,1407,Master Padel - Sunter,3691,Court 6,2026-09-22,23:00 - 00:00,175000,Available
1407_3692_18:00,1407,Master Padel - Sunter,3692,My Bca Court,2026-09-22,18:00 - 19:00,350000,Booked
1407_3692_19:00,1407,Master Padel - Sunter,3692,My Bca Court,2026-09-22,19:00 - 20:00,350000,Booked
1407_3692_20:00,1407,Master Padel - Sunter,3692,My Bca Court,2026-09-22,20:00 - 21:00,350000,Booked
1407_3692_21:00,1407,Master Padel - Sunter,3692,My Bca Court,2026-09-22,21:00 - 22:00,350000,Booked
1407_3692_22:00,1407,Master Padel - Sunter,3692,My Bca Court,2026-09-22,22:00 - 23:00,175000,Available
1407_3692_23:00,1407,Master Padel - Sunter,3692,My Bca Court,2026-09-22,23:00 - 00:00,175000,Available
1407_3693_18:00,1407,Master Padel - Sunter,3693,Colonel's Court,2026-09-22,18:00 - 19:00,350000,Booked
1407_3693_19:00,1407,Master Padel - Sunter,3693,Colonel's Court,2026-09-22,19:00 - 20:00,350000,Booked
1407_3693_20:00,1407,Master Padel - Sunter,3693,Colonel's Court,2026-09-22,20:00 - 21:00,350000,Booked
1407_3693_21:00,1407,Master Padel - Sunter,3693,Colonel's Court,2026-09-22,21:00 - 22:00,350000,Booked
1407_3693_22:00,1407,Master Padel - Sunter,3693,Colonel's Court,2026-09-22,22:00 - 23:00,175000,Available
1407_3693_23:00,1407,Master Padel - Sunter,3693,Colonel's Court,2026-09-22,23:00 - 00:00,175000,Available
2228_4641_18:00,2228,Garuda Padel Club,4641,Padel Court A,2026-09-22,18:00 - 19:00,345000,Available
2228_4641_19:00,2228,Garuda Padel Club,4641,Padel Court A,2026-09-22,19:00 - 20:00,345000,Booked
2228_4641_20:00,2228,Garuda Padel Club,4641,Padel Court A,2026-09-22,20:00 - 21:00,345000,Booked
2228_4641_21:00,2228,Garuda Padel Club,4641,Padel Court A,2026-09-22,21:00 - 22:00,345000,Booked
2228_4641_22:00,2228,Garuda Padel Club,4641,Padel Court A,2026-09-22,22:00 - 23:00,195000,Available
2228_5840_18:00,2228,Garuda Padel Club,5840,Padel Court B,2026-09-22,18:00 - 19:00,345000,Available
2228_5840_19:00,2228,Garuda Padel Club,5840,Padel Court B,2026-09-22,19:00 - 20:00,345000,Booked
2228_5840_20:00,2228,Garuda Padel Club,5840,Padel Court B,2026-09-22,20:00 - 21:00,345000,Booked
2228_5840_21:00,2228,Garuda Padel Club,5840,Padel Court B,2026-09-22,21:00 - 22:00,345000,Booked
2228_5840_22:00,2228,Garuda Padel Club,5840,Padel Court B,2026-09-22,22:00 - 23:00,195000,Available
2228_5842_18:00,2228,Garuda Padel Club,5842,Padel Court C,2026-09-22,18:00 - 19:00,345000,Available
2228_5842_19:00,2228,Garuda Padel Club,5842,Padel Court C,2026-09-22,19:00 - 20:00,345000,Booked
2228_5842_20:00,2228,Garuda Padel Club,5842,Padel Court C,2026-09-22,20:00 - 21:00,345000,Booked
2228_5842_21:00,2228,Garuda Padel Club,5842,Padel Court C,2026-09-22,21:00 - 22:00,345000,Booked
2228_5842_22:00,2228,Garuda Padel Club,5842,Padel Court C,2026-09-22,22:00 - 23:00,195000,Available
2228_5843_18:00,2228,Garuda Padel Club,5843,Padel Court D,2026-09-22,18:00 - 19:00,345000,Available
2228_5843_19:00,2228,Garuda Padel Club,5843,Padel Court D,2026-09-22,19:00 - 20:00,345000,Available
2228_5843_20:00,2228,Garuda Padel Club,5843,Padel Court D,2026-09-22,20:00 - 21:00,345000,Available
2228_5843_21:00,2228,Garuda Padel Club,5843,Padel Court D,2026-09-22,21:00 - 22:00,345000,Available
2228_5843_22:00,2228,Garuda Padel Club,5843,Padel Court D,2026-09-22,22:00 - 23:00,195000,Available
2047_4276_18:00,2047,VIP Padel MK,4276,Court 1,2026-09-22,18:00 - 19:00,300000,Available
2047_4276_19:00,2047,VIP Padel MK,4276,Court 1,2026-09-22,19:00 - 20:00,300000,Available
2047_4276_20:00,2047,VIP Padel MK,4276,Court 1,2026-09-22,20:00 - 21:00,300000,Available
2047_4276_21:00,2047,VIP Padel MK,4276,Court 1,2026-09-22,21:00 - 22:00,300000,Available
3109_7319_18:00,3109,The Club House Padel - Pantai Mutiara Pluit,7319,Royal Padel Court,2026-09-22,18:00 - 19:00,288000,Available
3109_7319_19:00,3109,The Club House Padel - Pantai Mutiara Pluit,7319,Royal Padel Court,2026-09-22,19:00 - 20:00,288000,Available
3109_7319_20:00,3109,The Club House Padel - Pantai Mutiara Pluit,7319,Royal Padel Court,2026-09-22,20:00 - 21:00,288000,Available
3109_7319_21:00,3109,The Club House Padel - Pantai Mutiara Pluit,7319,Royal Padel Court,2026-09-22,21:00 - 22:00,288000,Available
3109_7319_22:00,3109,The Club House Padel - Pantai Mutiara Pluit,7319,Royal Padel Court,2026-09-22,22:00 - 23:00,288000,Available
3109_7320_18:00,3109,The Club House Padel - Pantai Mutiara Pluit,7320,Club House Court,2026-09-22,18:00 - 19:00,288000,Available
3109_7320_19:00,3109,The Club House Padel - Pantai Mutiara Pluit,7320,Club House Court,2026-09-22,19:00 - 20:00,288000,Available
3109_7320_20:00,3109,The Club House Padel - Pantai Mutiara Pluit,7320,Club House Court,2026-09-22,20:00 - 21:00,288000,Available
3109_7320_21:00,3109,The Club House Padel - Pantai Mutiara Pluit,7320,Club House Court,2026-09-22,21:00 - 22:00,288000,Available
3109_7320_22:00,3109,The Club House Padel - Pantai Mutiara Pluit,7320,Club House Court,2026-09-22,22:00 - 23:00,288000,Available
1594_3993_18:00,1594,The 40/0 Club,3993,Court 1,2026-09-22,18:00 - 19:00,200000,Available
1594_3993_19:00,1594,The 40/0 Club,3993,Court 1,2026-09-22,19:00 - 20:00,200000,Available
1594_3993_20:00,1594,The 40/0 Club,3993,Court 1,2026-09-22,20:00 - 21:00,200000,Booked
1594_3993_21:00,1594,The 40/0 Club,3993,Court 1,2026-09-22,21:00 - 22:00,200000,Booked
1594_3993_22:00,1594,The 40/0 Club,3993,Court 1,2026-09-22,22:00 - 23:00,200000,Available
1594_3993_23:00,1594,The 40/0 Club,3993,Court 1,2026-09-22,23:00 - 00:00,200000,Available
1594_3994_18:00,1594,The 40/0 Club,3994,Court 2,2026-09-22,18:00 - 19:00,200000,Booked
1594_3994_19:00,1594,The 40/0 Club,3994,Court 2,2026-09-22,19:00 - 20:00,200000,Booked
1594_3994_20:00,1594,The 40/0 Club,3994,Court 2,2026-09-22,20:00 - 21:00,200000,Booked
1594_3994_21:00,1594,The 40/0 Club,3994,Court 2,2026-09-22,21:00 - 22:00,200000,Booked
1594_3994_22:00,1594,The 40/0 Club,3994,Court 2,2026-09-22,22:00 - 23:00,200000,Available
1594_3994_23:00,1594,The 40/0 Club,3994,Court 2,2026-09-22,23:00 - 00:00,200000,Available
1594_3995_18:00,1594,The 40/0 Club,3995,Court 3,2026-09-22,18:00 - 19:00,200000,Booked
1594_3995_19:00,1594,The 40/0 Club,3995,Court 3,2026-09-22,19:00 - 20:00,200000,Booked
1594_3995_20:00,1594,The 40/0 Club,3995,Court 3,2026-09-22,20:00 - 21:00,200000,Booked
1594_3995_21:00,1594,The 40/0 Club,3995,Court 3,2026-09-22,21:00 - 22:00,200000,Booked
1594_3995_22:00,1594,The 40/0 Club,3995,Court 3,2026-09-22,22:00 - 23:00,200000,Available
1594_3995_23:00,1594,The 40/0 Club,3995,Court 3,2026-09-22,23:00 - 00:00,200000,Available
2690_5974_18:00,2690,Padel Commons,5974,Court 1,2026-09-22,18:00 - 19:00,285000,Available
2690_5974_19:00,2690,Padel Commons,5974,Court 1,2026-09-22,19:00 - 20:00,285000,Available
2690_5974_20:00,2690,Padel Commons,5974,Court 1,2026-09-22,20:00 - 21:00,285000,Available
2690_5974_21:00,2690,Padel Commons,5974,Court 1,2026-09-22,21:00 - 22:00,285000,Available
2690_5974_22:00,2690,Padel Commons,5974,Court 1,2026-09-22,22:00 - 23:00,125000,Available
2690_5974_23:00,2690,Padel Commons,5974,Court 1,2026-09-22,23:00 - 00:00,125000,Available
2690_9705_18:00,2690,Padel Commons,9705,Court 2,2026-09-22,18:00 - 19:00,285000,Available
2690_9705_19:00,2690,Padel Commons,9705,Court 2,2026-09-22,19:00 - 20:00,285000,Available
2690_9705_20:00,2690,Padel Commons,9705,Court 2,2026-09-22,20:00 - 21:00,285000,Available
2690_9705_21:00,2690,Padel Commons,9705,Court 2,2026-09-22,21:00 - 22:00,285000,Available
2690_9705_22:00,2690,Padel Commons,9705,Court 2,2026-09-22,22:00 - 23:00,125000,Available
2690_9705_23:00,2690,Padel Commons,9705,Court 2,2026-09-22,23:00 - 00:00,125000,Available
2690_9706_18:00,2690,Padel Commons,9706,Court 3,2026-09-22,18:00 - 19:00,285000,Available
2690_9706_19:00,2690,Padel Commons,9706,Court 3,2026-09-22,19:00 - 20:00,285000,Booked
2690_9706_20:00,2690,Padel Commons,9706,Court 3,2026-09-22,20:00 - 21:00,285000,Booked
2690_9706_21:00,2690,Padel Commons,9706,Court 3,2026-09-22,21:00 - 22:00,285000,Available
2690_9706_22:00,2690,Padel Commons,9706,Court 3,2026-09-22,22:00 - 23:00,125000,Available
2690_9706_23:00,2690,Padel Commons,9706,Court 3,2026-09-22,23:00 - 00:00,125000,Available
2690_9707_18:00,2690,Padel Commons,9707,Court 4,2026-09-22,18:00 - 19:00,285000,Available
2690_9707_19:00,2690,Padel Commons,9707,Court 4,2026-09-22,19:00 - 20:00,285000,Booked
2690_9707_20:00,2690,Padel Commons,9707,Court 4,2026-09-22,20:00 - 21:00,285000,Booked
2690_9707_21:00,2690,Padel Commons,9707,Court 4,2026-09-22,21:00 - 22:00,285000,Available
2690_9707_22:00,2690,Padel Commons,9707,Court 4,2026-09-22,22:00 - 23:00,125000,Available
2690_9707_23:00,2690,Padel Commons,9707,Court 4,2026-09-22,23:00 - 00:00,125000,Available
2927_7353_18:00,2927,Happy Padel Place,7353,Court 1,2026-09-22,18:00 - 19:00,285000,Available
2927_7353_19:00,2927,Happy Padel Place,7353,Court 1,2026-09-22,19:00 - 20:00,285000,Available
2927_7353_20:00,2927,Happy Padel Place,7353,Court 1,2026-09-22,20:00 - 21:00,285000,Available
2927_7353_21:00,2927,Happy Padel Place,7353,Court 1,2026-09-22,21:00 - 22:00,285000,Available
2927_7353_22:00,2927,Happy Padel Place,7353,Court 1,2026-09-22,22:00 - 00:00,199000,Available
2927_9028_18:00,2927,Happy Padel Place,9028,Court 2,2026-09-22,18:00 - 19:00,285000,Available
2927_9028_19:00,2927,Happy Padel Place,9028,Court 2,2026-09-22,19:00 - 20:00,285000,Available
2927_9028_20:00,2927,Happy Padel Place,9028,Court 2,2026-09-22,20:00 - 21:00,285000,Available
2927_9028_21:00,2927,Happy Padel Place,9028,Court 2,2026-09-22,21:00 - 22:00,285000,Available
2927_9028_22:00,2927,Happy Padel Place,9028,Court 2,2026-09-22,22:00 - 00:00,199000,Available
2927_9549_18:00,2927,Happy Padel Place,9549,Court 3,2026-09-22,18:00 - 19:00,285000,Available
2927_9549_19:00,2927,Happy Padel Place,9549,Court 3,2026-09-22,19:00 - 20:00,285000,Available
2927_9549_20:00,2927,Happy Padel Place,9549,Court 3,2026-09-22,20:00 - 21:00,285000,Booked
2927_9549_21:00,2927,Happy Padel Place,9549,Court 3,2026-09-22,21:00 - 22:00,285000,Booked
2927_9549_22:00,2927,Happy Padel Place,9549,Court 3,2026-09-22,22:00 - 00:00,199000,Available
2927_9550_18:00,2927,Happy Padel Place,9550,Court 4,2026-09-22,18:00 - 19:00,285000,Available
2927_9550_19:00,2927,Happy Padel Place,9550,Court 4,2026-09-22,19:00 - 20:00,285000,Available
2927_9550_20:00,2927,Happy Padel Place,9550,Court 4,2026-09-22,20:00 - 21:00,285000,Booked
2927_9550_21:00,2927,Happy Padel Place,9550,Court 4,2026-09-22,21:00 - 22:00,285000,Booked
2927_9550_22:00,2927,Happy Padel Place,9550,Court 4,2026-09-22,22:00 - 00:00,199000,Available
2927_9551_18:00,2927,Happy Padel Place,9551,Court 5,2026-09-22,18:00 - 19:00,285000,Available
2927_9551_19:00,2927,Happy Padel Place,9551,Court 5,2026-09-22,19:00 - 20:00,285000,Available
2927_9551_20:00,2927,Happy Padel Place,9551,Court 5,2026-09-22,20:00 - 21:00,285000,Booked
2927_9551_21:00,2927,Happy Padel Place,9551,Court 5,2026-09-22,21:00 - 22:00,285000,Booked
2927_9551_22:00,2927,Happy Padel Place,9551,Court 5,2026-09-22,22:00 - 00:00,199000,Available
2927_9552_18:00,2927,Happy Padel Place,9552,Court 6,2026-09-22,18:00 - 19:00,285000,Available
2927_9552_19:00,2927,Happy Padel Place,9552,Court 6,2026-09-22,19:00 - 20:00,285000,Available
2927_9552_20:00,2927,Happy Padel Place,9552,Court 6,2026-09-22,20:00 - 21:00,285000,Available
2927_9552_21:00,2927,Happy Padel Place,9552,Court 6,2026-09-22,21:00 - 22:00,285000,Available
2927_9552_22:00,2927,Happy Padel Place,9552,Court 6,2026-09-22,22:00 - 00:00,199000,Available
1672_3540_18:00,1672,Atlantic Padel Indonesia,3540,COURT 1 PINK,2026-09-22,18:00 - 19:00,99000,Booked
1672_3540_19:00,1672,Atlantic Padel Indonesia,3540,COURT 1 PINK,2026-09-22,19:00 - 20:00,99000,Available
1672_3541_18:00,1672,Atlantic Padel Indonesia,3541,COURT 2 TERRA,2026-09-22,18:00 - 19:00,99000,Available
1672_3541_19:00,1672,Atlantic Padel Indonesia,3541,COURT 2 TERRA,2026-09-22,19:00 - 20:00,99000,Available
1672_3542_18:00,1672,Atlantic Padel Indonesia,3542,COURT 3 BLUE,2026-09-22,18:00 - 19:00,99000,Booked
1672_3542_19:00,1672,Atlantic Padel Indonesia,3542,COURT 3 BLUE,2026-09-22,19:00 - 20:00,99000,Booked
1672_3543_18:00,1672,Atlantic Padel Indonesia,3543,COURT 4 GREEN,2026-09-22,18:00 - 19:00,99000,Booked
1672_3543_19:00,1672,Atlantic Padel Indonesia,3543,COURT 4 GREEN,2026-09-22,19:00 - 20:00,99000,Booked
2224_4643_18:00,2224,Heliix Padel,4643,Court 1,2026-09-22,18:00 - 19:00,250000,Available
2224_4643_19:00,2224,Heliix Padel,4643,Court 1,2026-09-22,19:00 - 20:00,250000,Booked
2224_4643_20:00,2224,Heliix Padel,4643,Court 1,2026-09-22,20:00 - 21:00,250000,Booked
2224_4643_21:00,2224,Heliix Padel,4643,Court 1,2026-09-22,21:00 - 22:00,250000,Available
2224_4643_22:00,2224,Heliix Padel,4643,Court 1,2026-09-22,22:00 - 00:00,250000,Available
2224_5676_18:00,2224,Heliix Padel,5676,Court 2,2026-09-22,18:00 - 19:00,250000,Available
2224_5676_19:00,2224,Heliix Padel,5676,Court 2,2026-09-22,19:00 - 20:00,250000,Booked
2224_5676_20:00,2224,Heliix Padel,5676,Court 2,2026-09-22,20:00 - 21:00,250000,Booked
2224_5676_21:00,2224,Heliix Padel,5676,Court 2,2026-09-22,21:00 - 22:00,250000,Available
2224_5676_22:00,2224,Heliix Padel,5676,Court 2,2026-09-22,22:00 - 00:00,250000,Available
2224_5677_18:00,2224,Heliix Padel,5677,Court 3,2026-09-22,18:00 - 19:00,250000,Booked
2224_5677_19:00,2224,Heliix Padel,5677,Court 3,2026-09-22,19:00 - 20:00,250000,Booked
2224_5677_20:00,2224,Heliix Padel,5677,Court 3,2026-09-22,20:00 - 21:00,250000,Booked
2224_5677_21:00,2224,Heliix Padel,5677,Court 3,2026-09-22,21:00 - 22:00,250000,Available
2224_5677_22:00,2224,Heliix Padel,5677,Court 3,2026-09-22,22:00 - 00:00,250000,Available
2224_5679_18:00,2224,Heliix Padel,5679,Court 4,2026-09-22,18:00 - 19:00,250000,Available
2224_5679_19:00,2224,Heliix Padel,5679,Court 4,2026-09-22,19:00 - 20:00,250000,Booked
2224_5679_20:00,2224,Heliix Padel,5679,Court 4,2026-09-22,20:00 - 21:00,250000,Booked
2224_5679_21:00,2224,Heliix Padel,5679,Court 4,2026-09-22,21:00 - 22:00,250000,Available
2224_5679_22:00,2224,Heliix Padel,5679,Court 4,2026-09-22,22:00 - 00:00,250000,Available
2224_5680_18:00,2224,Heliix Padel,5680,Court 5,2026-09-22,18:00 - 19:00,250000,Available
2224_5680_19:00,2224,Heliix Padel,5680,Court 5,2026-09-22,19:00 - 20:00,250000,Booked
2224_5680_20:00,2224,Heliix Padel,5680,Court 5,2026-09-22,20:00 - 21:00,250000,Booked
2224_5680_21:00,2224,Heliix Padel,5680,Court 5,2026-09-22,21:00 - 22:00,250000,Available
2224_5680_22:00,2224,Heliix Padel,5680,Court 5,2026-09-22,22:00 - 00:00,250000,Available
2224_5681_18:00,2224,Heliix Padel,5681,Court 6,2026-09-22,18:00 - 19:00,250000,Available
2224_5681_19:00,2224,Heliix Padel,5681,Court 6,2026-09-22,19:00 - 20:00,250000,Booked
2224_5681_20:00,2224,Heliix Padel,5681,Court 6,2026-09-22,20:00 - 21:00,250000,Booked
2224_5681_21:00,2224,Heliix Padel,5681,Court 6,2026-09-22,21:00 - 22:00,250000,Available
2224_5681_22:00,2224,Heliix Padel,5681,Court 6,2026-09-22,22:00 - 00:00,250000,Available
4287_10628_18:00,4287,Foreground  Racquet Simulator - Sunter,10628,Laver Court - Padel,2026-09-22,18:00 - 19:00,275000,Available
4287_10628_19:00,4287,Foreground  Racquet Simulator - Sunter,10628,Laver Court - Padel,2026-09-22,19:00 - 20:00,275000,Available
4287_10628_20:00,4287,Foreground  Racquet Simulator - Sunter,10628,Laver Court - Padel,2026-09-22,20:00 - 21:00,275000,Available
4287_10628_21:00,4287,Foreground  Racquet Simulator - Sunter,10628,Laver Court - Padel,2026-09-22,21:00 - 22:00,275000,Available
4287_10628_22:00,4287,Foreground  Racquet Simulator - Sunter,10628,Laver Court - Padel,2026-09-22,22:00 - 23:00,275000,Available
4287_10628_23:00,4287,Foreground  Racquet Simulator - Sunter,10628,Laver Court - Padel,2026-09-22,23:00 - 00:00,275000,Available
4287_10629_18:00,4287,Foreground  Racquet Simulator - Sunter,10629,Laver Court - Tennis,2026-09-22,18:00 - 19:00,275000,Available
4287_10629_19:00,4287,Foreground  Racquet Simulator - Sunter,10629,Laver Court - Tennis,2026-09-22,19:00 - 20:00,275000,Available
4287_10629_20:00,4287,Foreground  Racquet Simulator - Sunter,10629,Laver Court - Tennis,2026-09-22,20:00 - 21:00,275000,Available
4287_10629_21:00,4287,Foreground  Racquet Simulator - Sunter,10629,Laver Court - Tennis,2026-09-22,21:00 - 22:00,275000,Available
4287_10629_22:00,4287,Foreground  Racquet Simulator - Sunter,10629,Laver Court - Tennis,2026-09-22,22:00 - 23:00,275000,Available
4287_10629_23:00,4287,Foreground  Racquet Simulator - Sunter,10629,Laver Court - Tennis,2026-09-22,23:00 - 00:00,275000,Available
4287_10630_18:00,4287,Foreground  Racquet Simulator - Sunter,10630,Agassi Court - Padel,2026-09-22,18:00 - 19:00,275000,Booked
4287_10630_19:00,4287,Foreground  Racquet Simulator - Sunter,10630,Agassi Court - Padel,2026-09-22,19:00 - 20:00,275000,Booked
4287_10630_20:00,4287,Foreground  Racquet Simulator - Sunter,10630,Agassi Court - Padel,2026-09-22,20:00 - 21:00,275000,Available
4287_10630_21:00,4287,Foreground  Racquet Simulator - Sunter,10630,Agassi Court - Padel,2026-09-22,21:00 - 22:00,275000,Available
4287_10630_22:00,4287,Foreground  Racquet Simulator - Sunter,10630,Agassi Court - Padel,2026-09-22,22:00 - 23:00,275000,Available
4287_10630_23:00,4287,Foreground  Racquet Simulator - Sunter,10630,Agassi Court - Padel,2026-09-22,23:00 - 00:00,275000,Available
4287_10631_18:00,4287,Foreground  Racquet Simulator - Sunter,10631,Agassi Court - Tennis,2026-09-22,18:00 - 19:00,275000,Booked
4287_10631_19:00,4287,Foreground  Racquet Simulator - Sunter,10631,Agassi Court - Tennis,2026-09-22,19:00 - 20:00,275000,Booked
4287_10631_20:00,4287,Foreground  Racquet Simulator - Sunter,10631,Agassi Court - Tennis,2026-09-22,20:00 - 21:00,275000,Available
4287_10631_21:00,4287,Foreground  Racquet Simulator - Sunter,10631,Agassi Court - Tennis,2026-09-22,21:00 - 22:00,275000,Available
4287_10631_22:00,4287,Foreground  Racquet Simulator - Sunter,10631,Agassi Court - Tennis,2026-09-22,22:00 - 23:00,275000,Available
4287_10631_23:00,4287,Foreground  Racquet Simulator - Sunter,10631,Agassi Court - Tennis,2026-09-22,23:00 - 00:00,275000,Available
4287_10632_18:00,4287,Foreground  Racquet Simulator - Sunter,10632,Djokovic Court - Padel,2026-09-22,18:00 - 19:00,275000,Available
4287_10632_19:00,4287,Foreground  Racquet Simulator - Sunter,10632,Djokovic Court - Padel,2026-09-22,19:00 - 20:00,275000,Available
4287_10632_20:00,4287,Foreground  Racquet Simulator - Sunter,10632,Djokovic Court - Padel,2026-09-22,20:00 - 21:00,275000,Booked
4287_10632_21:00,4287,Foreground  Racquet Simulator - Sunter,10632,Djokovic Court - Padel,2026-09-22,21:00 - 22:00,275000,Available
4287_10632_22:00,4287,Foreground  Racquet Simulator - Sunter,10632,Djokovic Court - Padel,2026-09-22,22:00 - 23:00,275000,Available
4287_10632_23:00,4287,Foreground  Racquet Simulator - Sunter,10632,Djokovic Court - Padel,2026-09-22,23:00 - 00:00,275000,Available
4287_10633_18:00,4287,Foreground  Racquet Simulator - Sunter,10633,Djokovic Court - Tennis,2026-09-22,18:00 - 19:00,275000,Available
4287_10633_19:00,4287,Foreground  Racquet Simulator - Sunter,10633,Djokovic Court - Tennis,2026-09-22,19:00 - 20:00,275000,Available
4287_10633_20:00,4287,Foreground  Racquet Simulator - Sunter,10633,Djokovic Court - Tennis,2026-09-22,20:00 - 21:00,275000,Booked
4287_10633_21:00,4287,Foreground  Racquet Simulator - Sunter,10633,Djokovic Court - Tennis,2026-09-22,21:00 - 22:00,275000,Available
4287_10633_22:00,4287,Foreground  Racquet Simulator - Sunter,10633,Djokovic Court - Tennis,2026-09-22,22:00 - 23:00,275000,Available
4287_10633_23:00,4287,Foreground  Racquet Simulator - Sunter,10633,Djokovic Court - Tennis,2026-09-22,23:00 - 00:00,275000,Available
4010_9884_18:00,4010,YOLO Sports & Lifestyle Pluit,9884,Court 1,2026-09-22,18:00 - 19:00,450000,Booked
4010_9884_19:00,4010,YOLO Sports & Lifestyle Pluit,9884,Court 1,2026-09-22,19:00 - 20:00,450000,Booked
4010_9884_20:00,4010,YOLO Sports & Lifestyle Pluit,9884,Court 1,2026-09-22,20:00 - 21:00,450000,Booked
4010_9884_21:00,4010,YOLO Sports & Lifestyle Pluit,9884,Court 1,2026-09-22,21:00 - 22:00,450000,Available
4010_9885_18:00,4010,YOLO Sports & Lifestyle Pluit,9885,Court 2,2026-09-22,18:00 - 19:00,450000,Booked
4010_9885_19:00,4010,YOLO Sports & Lifestyle Pluit,9885,Court 2,2026-09-22,19:00 - 20:00,450000,Booked
4010_9885_20:00,4010,YOLO Sports & Lifestyle Pluit,9885,Court 2,2026-09-22,20:00 - 21:00,450000,Booked
4010_9885_21:00,4010,YOLO Sports & Lifestyle Pluit,9885,Court 2,2026-09-22,21:00 - 22:00,450000,Booked
4010_9886_18:00,4010,YOLO Sports & Lifestyle Pluit,9886,Court 3,2026-09-22,18:00 - 19:00,450000,Booked
4010_9886_19:00,4010,YOLO Sports & Lifestyle Pluit,9886,Court 3,2026-09-22,19:00 - 20:00,450000,Booked
4010_9886_20:00,4010,YOLO Sports & Lifestyle Pluit,9886,Court 3,2026-09-22,20:00 - 21:00,450000,Booked
4010_9886_21:00,4010,YOLO Sports & Lifestyle Pluit,9886,Court 3,2026-09-22,21:00 - 22:00,450000,Available
4010_9887_18:00,4010,YOLO Sports & Lifestyle Pluit,9887,Court 4,2026-09-22,18:00 - 19:00,450000,Booked
4010_9887_19:00,4010,YOLO Sports & Lifestyle Pluit,9887,Court 4,2026-09-22,19:00 - 20:00,450000,Booked
4010_9887_20:00,4010,YOLO Sports & Lifestyle Pluit,9887,Court 4,2026-09-22,20:00 - 21:00,450000,Booked
4010_9887_21:00,4010,YOLO Sports & Lifestyle Pluit,9887,Court 4,2026-09-22,21:00 - 22:00,450000,Booked
4010_9888_18:00,4010,YOLO Sports & Lifestyle Pluit,9888,Court 5,2026-09-22,18:00 - 19:00,450000,Booked
4010_9888_19:00,4010,YOLO Sports & Lifestyle Pluit,9888,Court 5,2026-09-22,19:00 - 20:00,450000,Booked
4010_9888_20:00,4010,YOLO Sports & Lifestyle Pluit,9888,Court 5,2026-09-22,20:00 - 21:00,450000,Available
4010_9888_21:00,4010,YOLO Sports & Lifestyle Pluit,9888,Court 5,2026-09-22,21:00 - 22:00,450000,Available
4010_9889_18:00,4010,YOLO Sports & Lifestyle Pluit,9889,Court 6,2026-09-22,18:00 - 19:00,450000,Booked
4010_9889_19:00,4010,YOLO Sports & Lifestyle Pluit,9889,Court 6,2026-09-22,19:00 - 20:00,450000,Booked
4010_9889_20:00,4010,YOLO Sports & Lifestyle Pluit,9889,Court 6,2026-09-22,20:00 - 21:00,450000,Available
4010_9889_21:00,4010,YOLO Sports & Lifestyle Pluit,9889,Court 6,2026-09-22,21:00 - 22:00,450000,Available
4010_10159_18:00,4010,YOLO Sports & Lifestyle Pluit,10159,VIP Court,2026-09-22,18:00 - 19:00,700000,Available
4010_10159_19:00,4010,YOLO Sports & Lifestyle Pluit,10159,VIP Court,2026-09-22,19:00 - 20:00,700000,Available
4010_10159_20:00,4010,YOLO Sports & Lifestyle Pluit,10159,VIP Court,2026-09-22,20:00 - 21:00,700000,Available
4010_10159_21:00,4010,YOLO Sports & Lifestyle Pluit,10159,VIP Court,2026-09-22,21:00 - 22:00,700000,Available
4010_10160_18:00,4010,YOLO Sports & Lifestyle Pluit,10160,Court 1 - Tennis,2026-09-22,18:00 - 19:00,600000,Booked
4010_10160_19:00,4010,YOLO Sports & Lifestyle Pluit,10160,Court 1 - Tennis,2026-09-22,19:00 - 20:00,600000,Booked
4010_10160_20:00,4010,YOLO Sports & Lifestyle Pluit,10160,Court 1 - Tennis,2026-09-22,20:00 - 21:00,600000,Booked
4010_10160_21:00,4010,YOLO Sports & Lifestyle Pluit,10160,Court 1 - Tennis,2026-09-22,21:00 - 22:00,600000,Booked
4010_10161_18:00,4010,YOLO Sports & Lifestyle Pluit,10161,Court 2 - Tennis,2026-09-22,18:00 - 19:00,600000,Available
4010_10161_19:00,4010,YOLO Sports & Lifestyle Pluit,10161,Court 2 - Tennis,2026-09-22,19:00 - 20:00,600000,Booked
4010_10161_20:00,4010,YOLO Sports & Lifestyle Pluit,10161,Court 2 - Tennis,2026-09-22,20:00 - 21:00,600000,Booked
4010_10161_21:00,4010,YOLO Sports & Lifestyle Pluit,10161,Court 2 - Tennis,2026-09-22,21:00 - 22:00,600000,Booked
4010_11359_18:00,4010,YOLO Sports & Lifestyle Pluit,11359,MAHJONG 1,2026-09-22,18:00 - 19:00,150000,Available
4010_11359_19:00,4010,YOLO Sports & Lifestyle Pluit,11359,MAHJONG 1,2026-09-22,19:00 - 20:00,150000,Available
4010_11359_20:00,4010,YOLO Sports & Lifestyle Pluit,11359,MAHJONG 1,2026-09-22,20:00 - 21:00,150000,Available
4010_11359_21:00,4010,YOLO Sports & Lifestyle Pluit,11359,MAHJONG 1,2026-09-22,21:00 - 22:00,150000,Available
4010_11360_18:00,4010,YOLO Sports & Lifestyle Pluit,11360,MAHJONG 2,2026-09-22,18:00 - 20:00,250000,Available
4010_11360_20:00,4010,YOLO Sports & Lifestyle Pluit,11360,MAHJONG 2,2026-09-22,20:00 - 22:00,250000,Available
4010_11361_18:00,4010,YOLO Sports & Lifestyle Pluit,11361,MAHJONG 3,2026-09-22,18:00 - 21:00,400000,Available
4010_11361_21:00,4010,YOLO Sports & Lifestyle Pluit,11361,MAHJONG 3,2026-09-22,21:00 - 22:00,150000,Available
1657_3362_18:00,1657,Mega Padel,3362,Court A,2026-09-22,18:00 - 19:00,250000,Available
1657_3362_19:00,1657,Mega Padel,3362,Court A,2026-09-22,19:00 - 20:00,250000,Available
1657_3362_20:00,1657,Mega Padel,3362,Court A,2026-09-22,20:00 - 21:00,250000,Booked
1657_3362_21:00,1657,Mega Padel,3362,Court A,2026-09-22,21:00 - 22:00,250000,Booked
1657_3362_22:00,1657,Mega Padel,3362,Court A,2026-09-22,22:00 - 23:00,250000,Available
1657_3362_23:00,1657,Mega Padel,3362,Court A,2026-09-22,23:00 - 00:00,250000,Available
1657_4759_18:00,1657,Mega Padel,4759,Court B,2026-09-22,18:00 - 19:00,250000,Available
1657_4759_19:00,1657,Mega Padel,4759,Court B,2026-09-22,19:00 - 20:00,250000,Available
1657_4759_20:00,1657,Mega Padel,4759,Court B,2026-09-22,20:00 - 21:00,250000,Booked
1657_4759_21:00,1657,Mega Padel,4759,Court B,2026-09-22,21:00 - 22:00,250000,Booked
1657_4759_22:00,1657,Mega Padel,4759,Court B,2026-09-22,22:00 - 23:00,250000,Available
1657_4759_23:00,1657,Mega Padel,4759,Court B,2026-09-22,23:00 - 00:00,250000,Available
1657_4760_18:00,1657,Mega Padel,4760,Court C,2026-09-22,18:00 - 19:00,250000,Available
1657_4760_19:00,1657,Mega Padel,4760,Court C,2026-09-22,19:00 - 20:00,250000,Available
1657_4760_20:00,1657,Mega Padel,4760,Court C,2026-09-22,20:00 - 21:00,250000,Booked
1657_4760_21:00,1657,Mega Padel,4760,Court C,2026-09-22,21:00 - 22:00,250000,Booked
1657_4760_22:00,1657,Mega Padel,4760,Court C,2026-09-22,22:00 - 23:00,250000,Available
1657_4760_23:00,1657,Mega Padel,4760,Court C,2026-09-22,23:00 - 00:00,250000,Available
1657_4761_18:00,1657,Mega Padel,4761,Court D,2026-09-22,18:00 - 19:00,250000,Available
1657_4761_19:00,1657,Mega Padel,4761,Court D,2026-09-22,19:00 - 20:00,250000,Booked
1657_4761_20:00,1657,Mega Padel,4761,Court D,2026-09-22,20:00 - 21:00,250000,Booked
1657_4761_21:00,1657,Mega Padel,4761,Court D,2026-09-22,21:00 - 22:00,250000,Available
1657_4761_22:00,1657,Mega Padel,4761,Court D,2026-09-22,22:00 - 23:00,250000,Available
1657_4761_23:00,1657,Mega Padel,4761,Court D,2026-09-22,23:00 - 00:00,250000,Available
1657_4762_18:00,1657,Mega Padel,4762,Court E,2026-09-22,18:00 - 19:00,250000,Available
1657_4762_19:00,1657,Mega Padel,4762,Court E,2026-09-22,19:00 - 20:00,250000,Booked
1657_4762_20:00,1657,Mega Padel,4762,Court E,2026-09-22,20:00 - 21:00,250000,Booked
1657_4762_21:00,1657,Mega Padel,4762,Court E,2026-09-22,21:00 - 22:00,250000,Available
1657_4762_22:00,1657,Mega Padel,4762,Court E,2026-09-22,22:00 - 23:00,250000,Available
1657_4762_23:00,1657,Mega Padel,4762,Court E,2026-09-22,23:00 - 00:00,250000,Available
3510_9473_18:00,3510,Padel Guru JIS,9473,Court A,2026-09-22,18:00 - 19:00,200000,Booked
3510_9473_19:00,3510,Padel Guru JIS,9473,Court A,2026-09-22,19:00 - 20:00,200000,Booked
3510_9473_20:00,3510,Padel Guru JIS,9473,Court A,2026-09-22,20:00 - 21:00,200000,Booked
3510_9473_21:00,3510,Padel Guru JIS,9473,Court A,2026-09-22,21:00 - 22:00,200000,Available
3510_9594_18:00,3510,Padel Guru JIS,9594,Court B,2026-09-22,18:00 - 19:00,200000,Available
3510_9594_19:00,3510,Padel Guru JIS,9594,Court B,2026-09-22,19:00 - 20:00,200000,Booked
3510_9594_20:00,3510,Padel Guru JIS,9594,Court B,2026-09-22,20:00 - 21:00,200000,Booked
3510_9594_21:00,3510,Padel Guru JIS,9594,Court B,2026-09-22,21:00 - 22:00,200000,Available
3510_9595_18:00,3510,Padel Guru JIS,9595,Court C,2026-09-22,18:00 - 19:00,200000,Available
3510_9595_19:00,3510,Padel Guru JIS,9595,Court C,2026-09-22,19:00 - 20:00,200000,Booked
3510_9595_20:00,3510,Padel Guru JIS,9595,Court C,2026-09-22,20:00 - 21:00,200000,Booked
3510_9595_21:00,3510,Padel Guru JIS,9595,Court C,2026-09-22,21:00 - 22:00,200000,Available
3510_9596_18:00,3510,Padel Guru JIS,9596,Court D,2026-09-22,18:00 - 19:00,200000,Available
3510_9596_19:00,3510,Padel Guru JIS,9596,Court D,2026-09-22,19:00 - 20:00,200000,Booked
3510_9596_20:00,3510,Padel Guru JIS,9596,Court D,2026-09-22,20:00 - 21:00,200000,Booked
3510_9596_21:00,3510,Padel Guru JIS,9596,Court D,2026-09-22,21:00 - 22:00,200000,Available
1246_2254_18:00,1246,Gaskan Pendekar Arena,2254,Padel 1,2026-09-22,18:00 - 19:00,250000,Booked
1246_2254_19:00,1246,Gaskan Pendekar Arena,2254,Padel 1,2026-09-22,19:00 - 20:00,250000,Booked
1246_2254_20:00,1246,Gaskan Pendekar Arena,2254,Padel 1,2026-09-22,20:00 - 21:00,250000,Available
1246_2254_21:00,1246,Gaskan Pendekar Arena,2254,Padel 1,2026-09-22,21:00 - 22:00,250000,Available
1246_2254_22:00,1246,Gaskan Pendekar Arena,2254,Padel 1,2026-09-22,22:00 - 23:00,250000,Available
1246_2254_23:00,1246,Gaskan Pendekar Arena,2254,Padel 1,2026-09-22,23:00 - 00:00,250000,Available
1246_2512_18:00,1246,Gaskan Pendekar Arena,2512,Padel 2,2026-09-22,18:00 - 19:00,250000,Available
1246_2512_19:00,1246,Gaskan Pendekar Arena,2512,Padel 2,2026-09-22,19:00 - 20:00,250000,Booked
1246_2512_20:00,1246,Gaskan Pendekar Arena,2512,Padel 2,2026-09-22,20:00 - 21:00,250000,Booked
1246_2512_21:00,1246,Gaskan Pendekar Arena,2512,Padel 2,2026-09-22,21:00 - 22:00,250000,Booked
1246_2512_22:00,1246,Gaskan Pendekar Arena,2512,Padel 2,2026-09-22,22:00 - 23:00,250000,Booked
1246_2512_23:00,1246,Gaskan Pendekar Arena,2512,Padel 2,2026-09-22,23:00 - 00:00,250000,Available
1246_2253_18:00,1246,Gaskan Pendekar Arena,2253,Minisoccer,2026-09-22,18:00 - 20:00,2400000,Available
1246_2253_20:00,1246,Gaskan Pendekar Arena,2253,Minisoccer,2026-09-22,20:00 - 22:00,2400000,Booked
1246_2253_22:00,1246,Gaskan Pendekar Arena,2253,Minisoccer,2026-09-22,22:00 - 00:00,1700000,Available
1246_12290_18:00,1246,Gaskan Pendekar Arena,12290,Mahjong 1,2026-09-22,18:00 - 19:00,120000,Available
1246_12290_19:00,1246,Gaskan Pendekar Arena,12290,Mahjong 1,2026-09-22,19:00 - 20:00,120000,Available
1246_12290_20:00,1246,Gaskan Pendekar Arena,12290,Mahjong 1,2026-09-22,20:00 - 21:00,120000,Available
1246_12290_21:00,1246,Gaskan Pendekar Arena,12290,Mahjong 1,2026-09-22,21:00 - 22:00,120000,Available
1246_12290_22:00,1246,Gaskan Pendekar Arena,12290,Mahjong 1,2026-09-22,22:00 - 23:00,120000,Available
1246_12290_23:00,1246,Gaskan Pendekar Arena,12290,Mahjong 1,2026-09-22,23:00 - 00:00,120000,Available
1246_12291_18:00,1246,Gaskan Pendekar Arena,12291,Mahjong 2,2026-09-22,18:00 - 19:00,120000,Available
1246_12291_19:00,1246,Gaskan Pendekar Arena,12291,Mahjong 2,2026-09-22,19:00 - 20:00,120000,Available
1246_12291_20:00,1246,Gaskan Pendekar Arena,12291,Mahjong 2,2026-09-22,20:00 - 21:00,120000,Available
1246_12291_21:00,1246,Gaskan Pendekar Arena,12291,Mahjong 2,2026-09-22,21:00 - 22:00,120000,Available
1246_12291_22:00,1246,Gaskan Pendekar Arena,12291,Mahjong 2,2026-09-22,22:00 - 23:00,120000,Available
1246_12291_23:00,1246,Gaskan Pendekar Arena,12291,Mahjong 2,2026-09-22,23:00 - 00:00,120000,Available
3338_8107_18:00,3338,Nord Social Club,8107,Court 1A,2026-09-22,18:00 - 19:00,400000,Booked
3338_8107_19:00,3338,Nord Social Club,8107,Court 1A,2026-09-22,19:00 - 20:00,400000,Booked
3338_8107_20:00,3338,Nord Social Club,8107,Court 1A,2026-09-22,20:00 - 21:00,400000,Booked
3338_8107_21:00,3338,Nord Social Club,8107,Court 1A,2026-09-22,21:00 - 22:00,400000,Available
3338_8107_22:00,3338,Nord Social Club,8107,Court 1A,2026-09-22,22:00 - 23:00,400000,Available
3338_8108_18:00,3338,Nord Social Club,8108,Court 2A,2026-09-22,18:00 - 19:00,400000,Booked
3338_8108_19:00,3338,Nord Social Club,8108,Court 2A,2026-09-22,19:00 - 20:00,400000,Booked
3338_8108_20:00,3338,Nord Social Club,8108,Court 2A,2026-09-22,20:00 - 21:00,400000,Booked
3338_8108_21:00,3338,Nord Social Club,8108,Court 2A,2026-09-22,21:00 - 22:00,400000,Available
3338_8108_22:00,3338,Nord Social Club,8108,Court 2A,2026-09-22,22:00 - 23:00,400000,Available
3338_8109_18:00,3338,Nord Social Club,8109,INDOMOBIL Court 3A,2026-09-22,18:00 - 19:00,400000,Available
3338_8109_19:00,3338,Nord Social Club,8109,INDOMOBIL Court 3A,2026-09-22,19:00 - 20:00,400000,Booked
3338_8109_20:00,3338,Nord Social Club,8109,INDOMOBIL Court 3A,2026-09-22,20:00 - 21:00,400000,Booked
3338_8109_21:00,3338,Nord Social Club,8109,INDOMOBIL Court 3A,2026-09-22,21:00 - 22:00,400000,Available
3338_8109_22:00,3338,Nord Social Club,8109,INDOMOBIL Court 3A,2026-09-22,22:00 - 23:00,400000,Available
3338_8113_18:00,3338,Nord Social Club,8113,Court Tribune A,2026-09-22,18:00 - 19:00,400000,Available
3338_8113_19:00,3338,Nord Social Club,8113,Court Tribune A,2026-09-22,19:00 - 20:00,400000,Available
3338_8113_20:00,3338,Nord Social Club,8113,Court Tribune A,2026-09-22,20:00 - 21:00,400000,Available
3338_8113_21:00,3338,Nord Social Club,8113,Court Tribune A,2026-09-22,21:00 - 22:00,400000,Available
3338_8113_22:00,3338,Nord Social Club,8113,Court Tribune A,2026-09-22,22:00 - 23:00,400000,Available
3338_8110_18:00,3338,Nord Social Club,8110,Court 1B,2026-09-22,18:00 - 19:00,400000,Available
3338_8110_19:00,3338,Nord Social Club,8110,Court 1B,2026-09-22,19:00 - 20:00,400000,Booked
3338_8110_20:00,3338,Nord Social Club,8110,Court 1B,2026-09-22,20:00 - 21:00,400000,Available
3338_8110_21:00,3338,Nord Social Club,8110,Court 1B,2026-09-22,21:00 - 22:00,400000,Available
3338_8110_22:00,3338,Nord Social Club,8110,Court 1B,2026-09-22,22:00 - 23:00,400000,Available
3338_8111_18:00,3338,Nord Social Club,8111,Court 2B,2026-09-22,18:00 - 19:00,400000,Available
3338_8111_19:00,3338,Nord Social Club,8111,Court 2B,2026-09-22,19:00 - 20:00,400000,Available
3338_8111_20:00,3338,Nord Social Club,8111,Court 2B,2026-09-22,20:00 - 21:00,400000,Available
3338_8111_21:00,3338,Nord Social Club,8111,Court 2B,2026-09-22,21:00 - 22:00,400000,Available
3338_8111_22:00,3338,Nord Social Club,8111,Court 2B,2026-09-22,22:00 - 23:00,400000,Available
3338_8112_18:00,3338,Nord Social Club,8112,INDOFOOD Court 3B,2026-09-22,18:00 - 19:00,400000,Available
3338_8112_19:00,3338,Nord Social Club,8112,INDOFOOD Court 3B,2026-09-22,19:00 - 20:00,400000,Available
3338_8112_20:00,3338,Nord Social Club,8112,INDOFOOD Court 3B,2026-09-22,20:00 - 21:00,400000,Available
3338_8112_21:00,3338,Nord Social Club,8112,INDOFOOD Court 3B,2026-09-22,21:00 - 22:00,400000,Available
3338_8112_22:00,3338,Nord Social Club,8112,INDOFOOD Court 3B,2026-09-22,22:00 - 23:00,400000,Available
3338_8114_18:00,3338,Nord Social Club,8114,Court Tribune B,2026-09-22,18:00 - 19:00,400000,Available
3338_8114_19:00,3338,Nord Social Club,8114,Court Tribune B,2026-09-22,19:00 - 20:00,400000,Available
3338_8114_20:00,3338,Nord Social Club,8114,Court Tribune B,2026-09-22,20:00 - 21:00,400000,Available
3338_8114_21:00,3338,Nord Social Club,8114,Court Tribune B,2026-09-22,21:00 - 22:00,400000,Available
3338_8114_22:00,3338,Nord Social Club,8114,Court Tribune B,2026-09-22,22:00 - 23:00,400000,Available
4686_12077_18:00,4686,wePADL at Meridian Sports & Wellness (MSW) PIK,12077,Court 1,2026-09-22,18:00 - 19:00,300000,Available
4686_12077_19:00,4686,wePADL at Meridian Sports & Wellness (MSW) PIK,12077,Court 1,2026-09-22,19:00 - 20:00,300000,Available
4686_12077_20:00,4686,wePADL at Meridian Sports & Wellness (MSW) PIK,12077,Court 1,2026-09-22,20:00 - 21:00,300000,Booked
4686_12077_21:00,4686,wePADL at Meridian Sports & Wellness (MSW) PIK,12077,Court 1,2026-09-22,21:00 - 22:00,300000,Booked
4686_12219_18:00,4686,wePADL at Meridian Sports & Wellness (MSW) PIK,12219,Court 2,2026-09-22,18:00 - 19:00,300000,Available
4686_12219_19:00,4686,wePADL at Meridian Sports & Wellness (MSW) PIK,12219,Court 2,2026-09-22,19:00 - 20:00,300000,Available
4686_12219_20:00,4686,wePADL at Meridian Sports & Wellness (MSW) PIK,12219,Court 2,2026-09-22,20:00 - 21:00,300000,Booked
4686_12219_21:00,4686,wePADL at Meridian Sports & Wellness (MSW) PIK,12219,Court 2,2026-09-22,21:00 - 22:00,300000,Booked
4686_12220_18:00,4686,wePADL at Meridian Sports & Wellness (MSW) PIK,12220,Court 3,2026-09-22,18:00 - 19:00,300000,Available
4686_12220_19:00,4686,wePADL at Meridian Sports & Wellness (MSW) PIK,12220,Court 3,2026-09-22,19:00 - 20:00,300000,Booked
4686_12220_20:00,4686,wePADL at Meridian Sports & Wellness (MSW) PIK,12220,Court 3,2026-09-22,20:00 - 21:00,300000,Booked
4686_12220_21:00,4686,wePADL at Meridian Sports & Wellness (MSW) PIK,12220,Court 3,2026-09-22,21:00 - 22:00,300000,Available
4686_12221_18:00,4686,wePADL at Meridian Sports & Wellness (MSW) PIK,12221,Court 4,2026-09-22,18:00 - 19:00,300000,Available
4686_12221_19:00,4686,wePADL at Meridian Sports & Wellness (MSW) PIK,12221,Court 4,2026-09-22,19:00 - 20:00,300000,Booked
4686_12221_20:00,4686,wePADL at Meridian Sports & Wellness (MSW) PIK,12221,Court 4,2026-09-22,20:00 - 21:00,300000,Booked
4686_12221_21:00,4686,wePADL at Meridian Sports & Wellness (MSW) PIK,12221,Court 4,2026-09-22,21:00 - 22:00,300000,Available
1305_2410_18:00,1305,The Royale Padel,2410,Padel Court,2026-09-22,18:00 - 19:00,199000,Booked
1305_2410_19:00,1305,The Royale Padel,2410,Padel Court,2026-09-22,19:00 - 20:00,199000,Booked
1305_2410_20:00,1305,The Royale Padel,2410,Padel Court,2026-09-22,20:00 - 21:00,199000,Available
1305_2410_21:00,1305,The Royale Padel,2410,Padel Court,2026-09-22,21:00 - 22:00,199000,Available
1305_2410_22:00,1305,The Royale Padel,2410,Padel Court,2026-09-22,22:00 - 23:00,99000,Available
1305_2410_23:00,1305,The Royale Padel,2410,Padel Court,2026-09-22,23:00 - 00:00,99000,Available
1305_2411_18:00,1305,The Royale Padel,2411,Pickleball Court,2026-09-22,18:00 - 19:00,69000,Available
1305_2411_19:00,1305,The Royale Padel,2411,Pickleball Court,2026-09-22,19:00 - 20:00,69000,Available
1305_2411_20:00,1305,The Royale Padel,2411,Pickleball Court,2026-09-22,20:00 - 21:00,69000,Booked
1305_2411_21:00,1305,The Royale Padel,2411,Pickleball Court,2026-09-22,21:00 - 22:00,69000,Booked
1305_2411_22:00,1305,The Royale Padel,2411,Pickleball Court,2026-09-22,22:00 - 23:00,69000,Available
1305_2411_23:00,1305,The Royale Padel,2411,Pickleball Court,2026-09-22,23:00 - 00:00,69000,Available
1305_12123_18:00,1305,The Royale Padel,12123,Table 1,2026-09-22,18:00 - 19:00,50000,Available
1305_12123_19:00,1305,The Royale Padel,12123,Table 1,2026-09-22,19:00 - 20:00,50000,Available
1305_12123_20:00,1305,The Royale Padel,12123,Table 1,2026-09-22,20:00 - 21:00,50000,Available
1305_12123_21:00,1305,The Royale Padel,12123,Table 1,2026-09-22,21:00 - 22:00,50000,Available
1305_12123_22:00,1305,The Royale Padel,12123,Table 1,2026-09-22,22:00 - 23:00,50000,Available
1305_12123_23:00,1305,The Royale Padel,12123,Table 1,2026-09-22,23:00 - 00:00,50000,Available
1305_12852_18:00,1305,The Royale Padel,12852,Table 2,2026-09-22,18:00 - 19:00,50000,Available
1305_12852_19:00,1305,The Royale Padel,12852,Table 2,2026-09-22,19:00 - 20:00,50000,Available
1305_12852_20:00,1305,The Royale Padel,12852,Table 2,2026-09-22,20:00 - 21:00,50000,Available
1305_12852_21:00,1305,The Royale Padel,12852,Table 2,2026-09-22,21:00 - 22:00,50000,Available
1305_12852_22:00,1305,The Royale Padel,12852,Table 2,2026-09-22,22:00 - 23:00,50000,Available
1305_12852_23:00,1305,The Royale Padel,12852,Table 2,2026-09-22,23:00 - 00:00,50000,Available
1305_2412_18:00,1305,The Royale Padel,2412,Recovery Room,2026-09-22,18:00 - 19:00,69000,Available
1305_2412_19:00,1305,The Royale Padel,2412,Recovery Room,2026-09-22,19:00 - 20:00,69000,Available
1305_2412_20:00,1305,The Royale Padel,2412,Recovery Room,2026-09-22,20:00 - 21:00,69000,Available
1305_2412_21:00,1305,The Royale Padel,2412,Recovery Room,2026-09-22,21:00 - 22:00,69000,Available
1305_2412_22:00,1305,The Royale Padel,2412,Recovery Room,2026-09-22,22:00 - 23:00,69000,Available
1305_2412_23:00,1305,The Royale Padel,2412,Recovery Room,2026-09-22,23:00 - 00:00,69000,Available
2625_5746_18:00,2625,Padel Go Blast,5746,Court 1,2026-09-22,18:00 - 19:00,275000,Available
2625_5746_19:00,2625,Padel Go Blast,5746,Court 1,2026-09-22,19:00 - 20:00,275000,Available
2625_5746_20:00,2625,Padel Go Blast,5746,Court 1,2026-09-22,20:00 - 21:00,275000,Booked
2625_5746_21:00,2625,Padel Go Blast,5746,Court 1,2026-09-22,21:00 - 22:00,275000,Booked
2625_5746_22:00,2625,Padel Go Blast,5746,Court 1,2026-09-22,22:00 - 23:00,175000,Available
2625_7598_18:00,2625,Padel Go Blast,7598,Court 2,2026-09-22,18:00 - 19:00,275000,Available
2625_7598_19:00,2625,Padel Go Blast,7598,Court 2,2026-09-22,19:00 - 20:00,275000,Available
2625_7598_20:00,2625,Padel Go Blast,7598,Court 2,2026-09-22,20:00 - 21:00,275000,Booked
2625_7598_21:00,2625,Padel Go Blast,7598,Court 2,2026-09-22,21:00 - 22:00,275000,Booked
2625_7598_22:00,2625,Padel Go Blast,7598,Court 2,2026-09-22,22:00 - 23:00,175000,Available
2625_7829_18:00,2625,Padel Go Blast,7829,Court 3,2026-09-22,18:00 - 19:00,275000,Available
2625_7829_19:00,2625,Padel Go Blast,7829,Court 3,2026-09-22,19:00 - 20:00,275000,Available
2625_7829_20:00,2625,Padel Go Blast,7829,Court 3,2026-09-22,20:00 - 21:00,275000,Booked
2625_7829_21:00,2625,Padel Go Blast,7829,Court 3,2026-09-22,21:00 - 22:00,275000,Booked
2625_7829_22:00,2625,Padel Go Blast,7829,Court 3,2026-09-22,22:00 - 23:00,175000,Available
2625_7830_18:00,2625,Padel Go Blast,7830,Court 4,2026-09-22,18:00 - 19:00,275000,Available
2625_7830_19:00,2625,Padel Go Blast,7830,Court 4,2026-09-22,19:00 - 20:00,275000,Available
2625_7830_20:00,2625,Padel Go Blast,7830,Court 4,2026-09-22,20:00 - 21:00,275000,Booked
2625_7830_21:00,2625,Padel Go Blast,7830,Court 4,2026-09-22,21:00 - 22:00,275000,Booked
2625_7830_22:00,2625,Padel Go Blast,7830,Court 4,2026-09-22,22:00 - 23:00,175000,Available
2625_7831_18:00,2625,Padel Go Blast,7831,Court 5,2026-09-22,18:00 - 19:00,275000,Available
2625_7831_19:00,2625,Padel Go Blast,7831,Court 5,2026-09-22,19:00 - 20:00,275000,Booked
2625_7831_20:00,2625,Padel Go Blast,7831,Court 5,2026-09-22,20:00 - 21:00,275000,Booked
2625_7831_21:00,2625,Padel Go Blast,7831,Court 5,2026-09-22,21:00 - 22:00,275000,Available
2625_7831_22:00,2625,Padel Go Blast,7831,Court 5,2026-09-22,22:00 - 23:00,175000,Available
4086_10257_18:00,4086,Foreground Racquet Simulator - Pluit,10257,The Lawn,2026-09-22,18:00 - 19:00,225000,Available
4086_10257_19:00,4086,Foreground Racquet Simulator - Pluit,10257,The Lawn,2026-09-22,19:00 - 20:00,225000,Available
4086_10257_20:00,4086,Foreground Racquet Simulator - Pluit,10257,The Lawn,2026-09-22,20:00 - 21:00,225000,Available
4086_10257_21:00,4086,Foreground Racquet Simulator - Pluit,10257,The Lawn,2026-09-22,21:00 - 22:00,225000,Available
4086_10257_22:00,4086,Foreground Racquet Simulator - Pluit,10257,The Lawn,2026-09-22,22:00 - 23:00,225000,Available
4086_10260_18:00,4086,Foreground Racquet Simulator - Pluit,10260,The Lawn,2026-09-22,18:00 - 19:00,225000,Available
4086_10260_19:00,4086,Foreground Racquet Simulator - Pluit,10260,The Lawn,2026-09-22,19:00 - 20:00,225000,Available
4086_10260_20:00,4086,Foreground Racquet Simulator - Pluit,10260,The Lawn,2026-09-22,20:00 - 21:00,225000,Available
4086_10260_21:00,4086,Foreground Racquet Simulator - Pluit,10260,The Lawn,2026-09-22,21:00 - 22:00,225000,Available
4086_10260_22:00,4086,Foreground Racquet Simulator - Pluit,10260,The Lawn,2026-09-22,22:00 - 23:00,225000,Available
4086_10258_18:00,4086,Foreground Racquet Simulator - Pluit,10258,Trophy Court,2026-09-22,18:00 - 19:00,225000,Available
4086_10258_19:00,4086,Foreground Racquet Simulator - Pluit,10258,Trophy Court,2026-09-22,19:00 - 20:00,225000,Available
4086_10258_20:00,4086,Foreground Racquet Simulator - Pluit,10258,Trophy Court,2026-09-22,20:00 - 21:00,225000,Available
4086_10258_21:00,4086,Foreground Racquet Simulator - Pluit,10258,Trophy Court,2026-09-22,21:00 - 22:00,225000,Available
4086_10258_22:00,4086,Foreground Racquet Simulator - Pluit,10258,Trophy Court,2026-09-22,22:00 - 23:00,225000,Available
4086_10261_18:00,4086,Foreground Racquet Simulator - Pluit,10261,Trophy Court,2026-09-22,18:00 - 19:00,225000,Available
4086_10261_19:00,4086,Foreground Racquet Simulator - Pluit,10261,Trophy Court,2026-09-22,19:00 - 20:00,225000,Available
4086_10261_20:00,4086,Foreground Racquet Simulator - Pluit,10261,Trophy Court,2026-09-22,20:00 - 21:00,225000,Available
4086_10261_21:00,4086,Foreground Racquet Simulator - Pluit,10261,Trophy Court,2026-09-22,21:00 - 22:00,225000,Available
4086_10261_22:00,4086,Foreground Racquet Simulator - Pluit,10261,Trophy Court,2026-09-22,22:00 - 23:00,225000,Available
4086_10259_18:00,4086,Foreground Racquet Simulator - Pluit,10259,Oak Room,2026-09-22,18:00 - 19:00,225000,Available
4086_10259_19:00,4086,Foreground Racquet Simulator - Pluit,10259,Oak Room,2026-09-22,19:00 - 20:00,225000,Booked
4086_10259_20:00,4086,Foreground Racquet Simulator - Pluit,10259,Oak Room,2026-09-22,20:00 - 21:00,225000,Available
4086_10259_21:00,4086,Foreground Racquet Simulator - Pluit,10259,Oak Room,2026-09-22,21:00 - 22:00,225000,Available
4086_10259_22:00,4086,Foreground Racquet Simulator - Pluit,10259,Oak Room,2026-09-22,22:00 - 23:00,225000,Available
4086_10262_18:00,4086,Foreground Racquet Simulator - Pluit,10262,Oak Room,2026-09-22,18:00 - 19:00,225000,Available
4086_10262_19:00,4086,Foreground Racquet Simulator - Pluit,10262,Oak Room,2026-09-22,19:00 - 20:00,225000,Booked
4086_10262_20:00,4086,Foreground Racquet Simulator - Pluit,10262,Oak Room,2026-09-22,20:00 - 21:00,225000,Available
4086_10262_21:00,4086,Foreground Racquet Simulator - Pluit,10262,Oak Room,2026-09-22,21:00 - 22:00,225000,Available
4086_10262_22:00,4086,Foreground Racquet Simulator - Pluit,10262,Oak Room,2026-09-22,22:00 - 23:00,225000,Available
4675_12166_18:00,4675,Padre Padel Kelapa Gading,12166,Court 1 - Green,2026-09-22,18:00 - 19:00,175000,Booked
4675_12166_19:00,4675,Padre Padel Kelapa Gading,12166,Court 1 - Green,2026-09-22,19:00 - 20:00,175000,Booked
4675_12166_20:00,4675,Padre Padel Kelapa Gading,12166,Court 1 - Green,2026-09-22,20:00 - 21:00,175000,Booked
4675_12166_21:00,4675,Padre Padel Kelapa Gading,12166,Court 1 - Green,2026-09-22,21:00 - 22:00,175000,Booked
4675_12166_22:00,4675,Padre Padel Kelapa Gading,12166,Court 1 - Green,2026-09-22,22:00 - 23:00,175000,Available
4675_12166_23:00,4675,Padre Padel Kelapa Gading,12166,Court 1 - Green,2026-09-22,23:00 - 00:00,175000,Available
4675_12167_18:00,4675,Padre Padel Kelapa Gading,12167,Court 2 - Terracotta.,2026-09-22,18:00 - 19:00,175000,Booked
4675_12167_19:00,4675,Padre Padel Kelapa Gading,12167,Court 2 - Terracotta.,2026-09-22,19:00 - 20:00,175000,Booked
4675_12167_20:00,4675,Padre Padel Kelapa Gading,12167,Court 2 - Terracotta.,2026-09-22,20:00 - 21:00,175000,Booked
4675_12167_21:00,4675,Padre Padel Kelapa Gading,12167,Court 2 - Terracotta.,2026-09-22,21:00 - 22:00,175000,Available
4675_12167_22:00,4675,Padre Padel Kelapa Gading,12167,Court 2 - Terracotta.,2026-09-22,22:00 - 23:00,175000,Available
4675_12167_23:00,4675,Padre Padel Kelapa Gading,12167,Court 2 - Terracotta.,2026-09-22,23:00 - 00:00,175000,Available
4675_12168_18:00,4675,Padre Padel Kelapa Gading,12168,Court 3 - Blue.,2026-09-22,18:00 - 19:00,175000,Booked
4675_12168_19:00,4675,Padre Padel Kelapa Gading,12168,Court 3 - Blue.,2026-09-22,19:00 - 20:00,175000,Booked
4675_12168_20:00,4675,Padre Padel Kelapa Gading,12168,Court 3 - Blue.,2026-09-22,20:00 - 21:00,175000,Booked
4675_12168_21:00,4675,Padre Padel Kelapa Gading,12168,Court 3 - Blue.,2026-09-22,21:00 - 22:00,175000,Available
4675_12168_22:00,4675,Padre Padel Kelapa Gading,12168,Court 3 - Blue.,2026-09-22,22:00 - 23:00,175000,Available
4675_12168_23:00,4675,Padre Padel Kelapa Gading,12168,Court 3 - Blue.,2026-09-22,23:00 - 00:00,175000,Available
4675_12169_18:00,4675,Padre Padel Kelapa Gading,12169,Court 4 - Pink,2026-09-22,18:00 - 19:00,175000,Booked
4675_12169_19:00,4675,Padre Padel Kelapa Gading,12169,Court 4 - Pink,2026-09-22,19:00 - 20:00,175000,Booked
4675_12169_20:00,4675,Padre Padel Kelapa Gading,12169,Court 4 - Pink,2026-09-22,20:00 - 21:00,175000,Booked
4675_12169_21:00,4675,Padre Padel Kelapa Gading,12169,Court 4 - Pink,2026-09-22,21:00 - 22:00,175000,Booked
4675_12169_22:00,4675,Padre Padel Kelapa Gading,12169,Court 4 - Pink,2026-09-22,22:00 - 23:00,175000,Available
4675_12169_23:00,4675,Padre Padel Kelapa Gading,12169,Court 4 - Pink,2026-09-22,23:00 - 00:00,175000,Available
4675_12170_18:00,4675,Padre Padel Kelapa Gading,12170,Court 5 - Pink,2026-09-22,18:00 - 19:00,175000,Booked
4675_12170_19:00,4675,Padre Padel Kelapa Gading,12170,Court 5 - Pink,2026-09-22,19:00 - 20:00,175000,Booked
4675_12170_20:00,4675,Padre Padel Kelapa Gading,12170,Court 5 - Pink,2026-09-22,20:00 - 21:00,175000,Booked
4675_12170_21:00,4675,Padre Padel Kelapa Gading,12170,Court 5 - Pink,2026-09-22,21:00 - 22:00,175000,Booked
4675_12170_22:00,4675,Padre Padel Kelapa Gading,12170,Court 5 - Pink,2026-09-22,22:00 - 23:00,175000,Available
4675_12170_23:00,4675,Padre Padel Kelapa Gading,12170,Court 5 - Pink,2026-09-22,23:00 - 00:00,175000,Available
4675_12171_18:00,4675,Padre Padel Kelapa Gading,12171,Court 6 - Black.,2026-09-22,18:00 - 19:00,175000,Booked
4675_12171_19:00,4675,Padre Padel Kelapa Gading,12171,Court 6 - Black.,2026-09-22,19:00 - 20:00,175000,Booked
4675_12171_20:00,4675,Padre Padel Kelapa Gading,12171,Court 6 - Black.,2026-09-22,20:00 - 21:00,175000,Booked
4675_12171_21:00,4675,Padre Padel Kelapa Gading,12171,Court 6 - Black.,2026-09-22,21:00 - 22:00,175000,Available
4675_12171_22:00,4675,Padre Padel Kelapa Gading,12171,Court 6 - Black.,2026-09-22,22:00 - 23:00,175000,Available
4675_12171_23:00,4675,Padre Padel Kelapa Gading,12171,Court 6 - Black.,2026-09-22,23:00 - 00:00,175000,Available
4675_12172_18:00,4675,Padre Padel Kelapa Gading,12172,Court 7 - Black,2026-09-22,18:00 - 19:00,175000,Booked
4675_12172_19:00,4675,Padre Padel Kelapa Gading,12172,Court 7 - Black,2026-09-22,19:00 - 20:00,175000,Booked
4675_12172_20:00,4675,Padre Padel Kelapa Gading,12172,Court 7 - Black,2026-09-22,20:00 - 21:00,175000,Booked
4675_12172_21:00,4675,Padre Padel Kelapa Gading,12172,Court 7 - Black,2026-09-22,21:00 - 22:00,175000,Booked
4675_12172_22:00,4675,Padre Padel Kelapa Gading,12172,Court 7 - Black,2026-09-22,22:00 - 23:00,175000,Available
4675_12172_23:00,4675,Padre Padel Kelapa Gading,12172,Court 7 - Black,2026-09-22,23:00 - 00:00,175000,Available
4675_12173_18:00,4675,Padre Padel Kelapa Gading,12173,Court 8 - Black,2026-09-22,18:00 - 19:00,175000,Booked
4675_12173_19:00,4675,Padre Padel Kelapa Gading,12173,Court 8 - Black,2026-09-22,19:00 - 20:00,175000,Booked
4675_12173_20:00,4675,Padre Padel Kelapa Gading,12173,Court 8 - Black,2026-09-22,20:00 - 21:00,175000,Booked
4675_12173_21:00,4675,Padre Padel Kelapa Gading,12173,Court 8 - Black,2026-09-22,21:00 - 22:00,175000,Available
4675_12173_22:00,4675,Padre Padel Kelapa Gading,12173,Court 8 - Black,2026-09-22,22:00 - 23:00,175000,Available
4675_12173_23:00,4675,Padre Padel Kelapa Gading,12173,Court 8 - Black,2026-09-22,23:00 - 00:00,175000,Available
1526_3082_18:00,1526,Kinesis Padel,3082,Lapangan 1,2026-09-22,18:00 - 19:00,250000,Available
1526_3082_19:00,1526,Kinesis Padel,3082,Lapangan 1,2026-09-22,19:00 - 20:00,250000,Available
1526_3082_20:00,1526,Kinesis Padel,3082,Lapangan 1,2026-09-22,20:00 - 21:00,250000,Available
1526_3082_21:00,1526,Kinesis Padel,3082,Lapangan 1,2026-09-22,21:00 - 22:00,250000,Available
1526_3082_22:00,1526,Kinesis Padel,3082,Lapangan 1,2026-09-22,22:00 - 23:00,250000,Available
1526_5127_18:00,1526,Kinesis Padel,5127,Lapangan 2,2026-09-22,18:00 - 19:00,250000,Available
1526_5127_19:00,1526,Kinesis Padel,5127,Lapangan 2,2026-09-22,19:00 - 20:00,250000,Booked
1526_5127_20:00,1526,Kinesis Padel,5127,Lapangan 2,2026-09-22,20:00 - 21:00,250000,Booked
1526_5127_21:00,1526,Kinesis Padel,5127,Lapangan 2,2026-09-22,21:00 - 22:00,250000,Available
1526_5127_22:00,1526,Kinesis Padel,5127,Lapangan 2,2026-09-22,22:00 - 23:00,250000,Available
1526_5128_18:00,1526,Kinesis Padel,5128,Lapangan 3,2026-09-22,18:00 - 19:00,250000,Available
1526_5128_19:00,1526,Kinesis Padel,5128,Lapangan 3,2026-09-22,19:00 - 20:00,250000,Available
1526_5128_20:00,1526,Kinesis Padel,5128,Lapangan 3,2026-09-22,20:00 - 21:00,250000,Available
1526_5128_21:00,1526,Kinesis Padel,5128,Lapangan 3,2026-09-22,21:00 - 22:00,250000,Available
1526_5128_22:00,1526,Kinesis Padel,5128,Lapangan 3,2026-09-22,22:00 - 23:00,250000,Available
1526_5129_18:00,1526,Kinesis Padel,5129,Lapangan 4,2026-09-22,18:00 - 19:00,250000,Available
1526_5129_19:00,1526,Kinesis Padel,5129,Lapangan 4,2026-09-22,19:00 - 20:00,250000,Available
1526_5129_20:00,1526,Kinesis Padel,5129,Lapangan 4,2026-09-22,20:00 - 21:00,250000,Available
1526_5129_21:00,1526,Kinesis Padel,5129,Lapangan 4,2026-09-22,21:00 - 22:00,250000,Available
1526_5129_22:00,1526,Kinesis Padel,5129,Lapangan 4,2026-09-22,22:00 - 23:00,250000,Available
1651_3357_18:00,1651,Northside Padel Court - Sunter,3357,1°,2026-09-22,18:00 - 19:00,325000,Booked
1651_3357_19:00,1651,Northside Padel Court - Sunter,3357,1°,2026-09-22,19:00 - 20:00,325000,Booked
1651_3357_20:00,1651,Northside Padel Court - Sunter,3357,1°,2026-09-22,20:00 - 21:00,325000,Booked
1651_3357_21:00,1651,Northside Padel Court - Sunter,3357,1°,2026-09-22,21:00 - 22:00,325000,Booked
1651_3357_22:00,1651,Northside Padel Court - Sunter,3357,1°,2026-09-22,22:00 - 23:00,200000,Available
1651_3357_23:00,1651,Northside Padel Court - Sunter,3357,1°,2026-09-22,23:00 - 00:00,200000,Available
1651_4198_18:00,1651,Northside Padel Court - Sunter,4198,2°,2026-09-22,18:00 - 19:00,325000,Booked
1651_4198_19:00,1651,Northside Padel Court - Sunter,4198,2°,2026-09-22,19:00 - 20:00,325000,Booked
1651_4198_20:00,1651,Northside Padel Court - Sunter,4198,2°,2026-09-22,20:00 - 21:00,325000,Booked
1651_4198_21:00,1651,Northside Padel Court - Sunter,4198,2°,2026-09-22,21:00 - 22:00,325000,Booked
1651_4198_22:00,1651,Northside Padel Court - Sunter,4198,2°,2026-09-22,22:00 - 23:00,200000,Booked
1651_4198_23:00,1651,Northside Padel Court - Sunter,4198,2°,2026-09-22,23:00 - 00:00,200000,Available
1651_4199_18:00,1651,Northside Padel Court - Sunter,4199,3°,2026-09-22,18:00 - 19:00,325000,Available
1651_4199_19:00,1651,Northside Padel Court - Sunter,4199,3°,2026-09-22,19:00 - 20:00,325000,Available
1651_4199_20:00,1651,Northside Padel Court - Sunter,4199,3°,2026-09-22,20:00 - 21:00,325000,Booked
1651_4199_21:00,1651,Northside Padel Court - Sunter,4199,3°,2026-09-22,21:00 - 22:00,325000,Booked
1651_4199_22:00,1651,Northside Padel Court - Sunter,4199,3°,2026-09-22,22:00 - 23:00,200000,Available
1651_4199_23:00,1651,Northside Padel Court - Sunter,4199,3°,2026-09-22,23:00 - 00:00,200000,Available
1651_12254_18:00,1651,Northside Padel Court - Sunter,12254,Mahjong VIP,2026-09-22,18:00 - 19:00,168000,Available
1651_12254_19:00,1651,Northside Padel Court - Sunter,12254,Mahjong VIP,2026-09-22,19:00 - 20:00,168000,Available
1651_12254_20:00,1651,Northside Padel Court - Sunter,12254,Mahjong VIP,2026-09-22,20:00 - 21:00,168000,Available
1651_12254_21:00,1651,Northside Padel Court - Sunter,12254,Mahjong VIP,2026-09-22,21:00 - 22:00,168000,Available
1651_12254_22:00,1651,Northside Padel Court - Sunter,12254,Mahjong VIP,2026-09-22,22:00 - 23:00,168000,Available
1651_12254_23:00,1651,Northside Padel Court - Sunter,12254,Mahjong VIP,2026-09-22,23:00 - 00:00,168000,Available
1651_12250_18:00,1651,Northside Padel Court - Sunter,12250,Mahjong 0°,2026-09-22,18:00 - 19:00,88000,Available
1651_12250_19:00,1651,Northside Padel Court - Sunter,12250,Mahjong 0°,2026-09-22,19:00 - 20:00,88000,Available
1651_12250_20:00,1651,Northside Padel Court - Sunter,12250,Mahjong 0°,2026-09-22,20:00 - 21:00,88000,Available
1651_12250_21:00,1651,Northside Padel Court - Sunter,12250,Mahjong 0°,2026-09-22,21:00 - 22:00,88000,Available
1651_12250_22:00,1651,Northside Padel Court - Sunter,12250,Mahjong 0°,2026-09-22,22:00 - 23:00,88000,Available
1651_12250_23:00,1651,Northside Padel Court - Sunter,12250,Mahjong 0°,2026-09-22,23:00 - 00:00,88000,Available
1651_12251_18:00,1651,Northside Padel Court - Sunter,12251,Mahjong 1°,2026-09-22,18:00 - 19:00,88000,Available
1651_12251_19:00,1651,Northside Padel Court - Sunter,12251,Mahjong 1°,2026-09-22,19:00 - 20:00,88000,Available
1651_12251_20:00,1651,Northside Padel Court - Sunter,12251,Mahjong 1°,2026-09-22,20:00 - 21:00,88000,Available
1651_12251_21:00,1651,Northside Padel Court - Sunter,12251,Mahjong 1°,2026-09-22,21:00 - 22:00,88000,Available
1651_12251_22:00,1651,Northside Padel Court - Sunter,12251,Mahjong 1°,2026-09-22,22:00 - 23:00,88000,Available
1651_12251_23:00,1651,Northside Padel Court - Sunter,12251,Mahjong 1°,2026-09-22,23:00 - 00:00,88000,Available
1651_12252_18:00,1651,Northside Padel Court - Sunter,12252,Mahjong 2°,2026-09-22,18:00 - 19:00,88000,Available
1651_12252_19:00,1651,Northside Padel Court - Sunter,12252,Mahjong 2°,2026-09-22,19:00 - 20:00,88000,Available
1651_12252_20:00,1651,Northside Padel Court - Sunter,12252,Mahjong 2°,2026-09-22,20:00 - 21:00,88000,Available
1651_12252_21:00,1651,Northside Padel Court - Sunter,12252,Mahjong 2°,2026-09-22,21:00 - 22:00,88000,Available
1651_12252_22:00,1651,Northside Padel Court - Sunter,12252,Mahjong 2°,2026-09-22,22:00 - 23:00,88000,Available
1651_12252_23:00,1651,Northside Padel Court - Sunter,12252,Mahjong 2°,2026-09-22,23:00 - 00:00,88000,Available
1651_12253_18:00,1651,Northside Padel Court - Sunter,12253,Mahjong 3°,2026-09-22,18:00 - 19:00,88000,Available
1651_12253_19:00,1651,Northside Padel Court - Sunter,12253,Mahjong 3°,2026-09-22,19:00 - 20:00,88000,Available
1651_12253_20:00,1651,Northside Padel Court - Sunter,12253,Mahjong 3°,2026-09-22,20:00 - 21:00,88000,Available
1651_12253_21:00,1651,Northside Padel Court - Sunter,12253,Mahjong 3°,2026-09-22,21:00 - 22:00,88000,Available
1651_12253_22:00,1651,Northside Padel Court - Sunter,12253,Mahjong 3°,2026-09-22,22:00 - 23:00,88000,Available
1651_12253_23:00,1651,Northside Padel Court - Sunter,12253,Mahjong 3°,2026-09-22,23:00 - 00:00,88000,Available
1637_4425_18:00,1637,The Palm Padel,4425,Court 1,2026-09-22,18:00 - 19:00,300000,Available
1637_4425_19:00,1637,The Palm Padel,4425,Court 1,2026-09-22,19:00 - 20:00,300000,Available
1637_4425_20:00,1637,The Palm Padel,4425,Court 1,2026-09-22,20:00 - 21:00,300000,Booked
1637_4425_21:00,1637,The Palm Padel,4425,Court 1,2026-09-22,21:00 - 22:00,300000,Booked
1637_4425_22:00,1637,The Palm Padel,4425,Court 1,2026-09-22,22:00 - 23:00,250000,Available
1637_4426_18:00,1637,The Palm Padel,4426,Court 2,2026-09-22,18:00 - 19:00,300000,Available
1637_4426_19:00,1637,The Palm Padel,4426,Court 2,2026-09-22,19:00 - 20:00,300000,Available
1637_4426_20:00,1637,The Palm Padel,4426,Court 2,2026-09-22,20:00 - 21:00,300000,Booked
1637_4426_21:00,1637,The Palm Padel,4426,Court 2,2026-09-22,21:00 - 22:00,300000,Booked
1637_4426_22:00,1637,The Palm Padel,4426,Court 2,2026-09-22,22:00 - 23:00,250000,Available
1637_3323_18:00,1637,The Palm Padel,3323,Court 3,2026-09-22,18:00 - 19:00,300000,Available
1637_3323_19:00,1637,The Palm Padel,3323,Court 3,2026-09-22,19:00 - 20:00,300000,Available
1637_3323_20:00,1637,The Palm Padel,3323,Court 3,2026-09-22,20:00 - 21:00,300000,Available
1637_3323_21:00,1637,The Palm Padel,3323,Court 3,2026-09-22,21:00 - 22:00,300000,Available
1637_3323_22:00,1637,The Palm Padel,3323,Court 3,2026-09-22,22:00 - 23:00,250000,Available
1637_12003_18:00,1637,The Palm Padel,12003,Mahjong 1,2026-09-22,18:00 - 19:00,75000,Available
1637_12003_19:00,1637,The Palm Padel,12003,Mahjong 1,2026-09-22,19:00 - 20:00,75000,Available
1637_12003_20:00,1637,The Palm Padel,12003,Mahjong 1,2026-09-22,20:00 - 21:00,75000,Available
1637_12003_21:00,1637,The Palm Padel,12003,Mahjong 1,2026-09-22,21:00 - 22:00,75000,Available
1637_12003_22:00,1637,The Palm Padel,12003,Mahjong 1,2026-09-22,22:00 - 23:00,75000,Available
1637_12004_18:00,1637,The Palm Padel,12004,Mahjong 2,2026-09-22,18:00 - 19:00,75000,Available
1637_12004_19:00,1637,The Palm Padel,12004,Mahjong 2,2026-09-22,19:00 - 20:00,75000,Available
1637_12004_20:00,1637,The Palm Padel,12004,Mahjong 2,2026-09-22,20:00 - 21:00,75000,Available
1637_12004_21:00,1637,The Palm Padel,12004,Mahjong 2,2026-09-22,21:00 - 22:00,75000,Available
1637_12004_22:00,1637,The Palm Padel,12004,Mahjong 2,2026-09-22,22:00 - 23:00,75000,Available
1637_12005_18:00,1637,The Palm Padel,12005,Mahjong 3,2026-09-22,18:00 - 19:00,75000,Available
1637_12005_19:00,1637,The Palm Padel,12005,Mahjong 3,2026-09-22,19:00 - 20:00,75000,Available
1637_12005_20:00,1637,The Palm Padel,12005,Mahjong 3,2026-09-22,20:00 - 21:00,75000,Available
1637_12005_21:00,1637,The Palm Padel,12005,Mahjong 3,2026-09-22,21:00 - 22:00,75000,Available
1637_12005_22:00,1637,The Palm Padel,12005,Mahjong 3,2026-09-22,22:00 - 23:00,75000,Available
2369_4986_19:00,2369,Cometa Padel VIP Lounge,4986,Padel,2026-09-22,19:00 - 21:00,480000,Available
2369_4986_21:00,2369,Cometa Padel VIP Lounge,4986,Padel,2026-09-22,21:00 - 23:00,480000,Available
2369_5491_19:00,2369,Cometa Padel VIP Lounge,5491,Basketball,2026-09-22,19:00 - 21:00,860000,Booked
2369_5491_21:00,2369,Cometa Padel VIP Lounge,5491,Basketball,2026-09-22,21:00 - 23:00,700000,Available
2369_5492_19:00,2369,Cometa Padel VIP Lounge,5492,Futsal Sintesis,2026-09-22,19:00 - 21:00,560000,Booked
2369_5492_21:00,2369,Cometa Padel VIP Lounge,5492,Futsal Sintesis,2026-09-22,21:00 - 23:00,560000,Booked
2369_5494_20:00,2369,Cometa Padel VIP Lounge,5494,Badminton 1,2026-09-22,20:00 - 23:00,220000,Booked
2369_5495_20:00,2369,Cometa Padel VIP Lounge,5495,Badminton 2,2026-09-22,20:00 - 23:00,220000,Available
2369_5496_19:00,2369,Cometa Padel VIP Lounge,5496,Badminton 3,2026-09-22,19:00 - 21:00,220000,Available
2369_5496_21:00,2369,Cometa Padel VIP Lounge,5496,Badminton 3,2026-09-22,21:00 - 23:00,220000,Available
2369_5497_20:00,2369,Cometa Padel VIP Lounge,5497,Badminton 4,2026-09-22,20:00 - 23:00,220000,Booked
2369_5498_20:00,2369,Cometa Padel VIP Lounge,5498,Badminton 5,2026-09-22,20:00 - 23:00,220000,Booked
1737_3558_18:00,1737,Vamos! Padel House - Sunter,3558,Court 1,2026-09-22,18:00 - 19:00,350000,Available
1737_3558_19:00,1737,Vamos! Padel House - Sunter,3558,Court 1,2026-09-22,19:00 - 20:00,350000,Booked
1737_3558_20:00,1737,Vamos! Padel House - Sunter,3558,Court 1,2026-09-22,20:00 - 21:00,350000,Booked
1737_3558_21:00,1737,Vamos! Padel House - Sunter,3558,Court 1,2026-09-22,21:00 - 22:00,350000,Booked
1737_3558_22:00,1737,Vamos! Padel House - Sunter,3558,Court 1,2026-09-22,22:00 - 23:00,350000,Available
1737_3558_23:00,1737,Vamos! Padel House - Sunter,3558,Court 1,2026-09-22,23:00 - 00:00,200000,Booked
1737_4645_18:00,1737,Vamos! Padel House - Sunter,4645,Court 2,2026-09-22,18:00 - 19:00,350000,Available
1737_4645_19:00,1737,Vamos! Padel House - Sunter,4645,Court 2,2026-09-22,19:00 - 20:00,350000,Booked
1737_4645_20:00,1737,Vamos! Padel House - Sunter,4645,Court 2,2026-09-22,20:00 - 21:00,350000,Booked
1737_4645_21:00,1737,Vamos! Padel House - Sunter,4645,Court 2,2026-09-22,21:00 - 22:00,350000,Booked
1737_4645_22:00,1737,Vamos! Padel House - Sunter,4645,Court 2,2026-09-22,22:00 - 23:00,350000,Available
1737_4645_23:00,1737,Vamos! Padel House - Sunter,4645,Court 2,2026-09-22,23:00 - 00:00,200000,Booked
1737_4646_18:00,1737,Vamos! Padel House - Sunter,4646,Court 3,2026-09-22,18:00 - 19:00,350000,Available
1737_4646_19:00,1737,Vamos! Padel House - Sunter,4646,Court 3,2026-09-22,19:00 - 20:00,350000,Booked
1737_4646_20:00,1737,Vamos! Padel House - Sunter,4646,Court 3,2026-09-22,20:00 - 21:00,350000,Booked
1737_4646_21:00,1737,Vamos! Padel House - Sunter,4646,Court 3,2026-09-22,21:00 - 22:00,350000,Booked
1737_4646_22:00,1737,Vamos! Padel House - Sunter,4646,Court 3,2026-09-22,22:00 - 23:00,350000,Available
1737_4646_23:00,1737,Vamos! Padel House - Sunter,4646,Court 3,2026-09-22,23:00 - 00:00,200000,Booked
1737_4647_18:00,1737,Vamos! Padel House - Sunter,4647,Court 4,2026-09-22,18:00 - 19:00,350000,Booked
1737_4647_19:00,1737,Vamos! Padel House - Sunter,4647,Court 4,2026-09-22,19:00 - 20:00,350000,Booked
1737_4647_20:00,1737,Vamos! Padel House - Sunter,4647,Court 4,2026-09-22,20:00 - 21:00,350000,Booked
1737_4647_21:00,1737,Vamos! Padel House - Sunter,4647,Court 4,2026-09-22,21:00 - 22:00,350000,Booked
1737_4647_22:00,1737,Vamos! Padel House - Sunter,4647,Court 4,2026-09-22,22:00 - 23:00,350000,Available
1737_4647_23:00,1737,Vamos! Padel House - Sunter,4647,Court 4,2026-09-22,23:00 - 00:00,200000,Booked
3372_8236_18:00,3372,Genesis Padel Club,8236,Court 1,2026-09-22,18:00 - 19:00,275000,Available
3372_8236_19:00,3372,Genesis Padel Club,8236,Court 1,2026-09-22,19:00 - 20:00,275000,Booked
3372_8236_20:00,3372,Genesis Padel Club,8236,Court 1,2026-09-22,20:00 - 21:00,275000,Booked
3372_8236_21:00,3372,Genesis Padel Club,8236,Court 1,2026-09-22,21:00 - 22:00,275000,Booked
3372_8236_22:00,3372,Genesis Padel Club,8236,Court 1,2026-09-22,22:00 - 23:00,275000,Booked
3372_12806_18:00,3372,Genesis Padel Club,12806,Court 2,2026-09-22,18:00 - 19:00,275000,Available
3372_12806_19:00,3372,Genesis Padel Club,12806,Court 2,2026-09-22,19:00 - 20:00,275000,Booked
3372_12806_20:00,3372,Genesis Padel Club,12806,Court 2,2026-09-22,20:00 - 21:00,275000,Booked
3372_12806_21:00,3372,Genesis Padel Club,12806,Court 2,2026-09-22,21:00 - 22:00,275000,Booked
3372_12806_22:00,3372,Genesis Padel Club,12806,Court 2,2026-09-22,22:00 - 23:00,275000,Booked
3372_12807_18:00,3372,Genesis Padel Club,12807,Court 3,2026-09-22,18:00 - 19:00,275000,Available
3372_12807_19:00,3372,Genesis Padel Club,12807,Court 3,2026-09-22,19:00 - 20:00,275000,Booked
3372_12807_20:00,3372,Genesis Padel Club,12807,Court 3,2026-09-22,20:00 - 21:00,275000,Booked
3372_12807_21:00,3372,Genesis Padel Club,12807,Court 3,2026-09-22,21:00 - 22:00,275000,Booked
3372_12807_22:00,3372,Genesis Padel Club,12807,Court 3,2026-09-22,22:00 - 23:00,275000,Booked
3372_12808_18:00,3372,Genesis Padel Club,12808,Court A,2026-09-22,18:00 - 19:00,275000,Available
3372_12808_19:00,3372,Genesis Padel Club,12808,Court A,2026-09-22,19:00 - 20:00,275000,Booked
3372_12808_20:00,3372,Genesis Padel Club,12808,Court A,2026-09-22,20:00 - 21:00,275000,Booked
3372_12808_21:00,3372,Genesis Padel Club,12808,Court A,2026-09-22,21:00 - 22:00,275000,Available
3372_12808_22:00,3372,Genesis Padel Club,12808,Court A,2026-09-22,22:00 - 23:00,275000,Available
3372_12809_18:00,3372,Genesis Padel Club,12809,Court B,2026-09-22,18:00 - 19:00,275000,Available
3372_12809_19:00,3372,Genesis Padel Club,12809,Court B,2026-09-22,19:00 - 20:00,275000,Booked
3372_12809_20:00,3372,Genesis Padel Club,12809,Court B,2026-09-22,20:00 - 21:00,275000,Booked
3372_12809_21:00,3372,Genesis Padel Club,12809,Court B,2026-09-22,21:00 - 22:00,275000,Available
3372_12809_22:00,3372,Genesis Padel Club,12809,Court B,2026-09-22,22:00 - 23:00,275000,Available
