slot_key,venue_id,venue_name,field_id,field_name,date,time_slot,price,status
2079_4306_06:00,2079,I On Padel Cempaka Putih,4306,Court 1,2026-09-26,06:00 - 07:00,200000,Available
2079_4306_07:00,2079,I On Padel Cempaka Putih,4306,Court 1,2026-09-26,07:00 - 08:00,200000,Available
2079_5740_06:00,2079,I On Padel Cempaka Putih,5740,Court 2,2026-09-26,06:00 - 07:00,200000,Available
2079_5740_07:00,2079,I On Padel Cempaka Putih,5740,Court 2,2026-09-26,07:00 - 08:00,200000,Booked
2079_5741_06:00,2079,I On Padel Cempaka Putih,5741,Court 3,2026-09-26,06:00 - 07:00,200000,Available
2079_5741_07:00,2079,I On Padel Cempaka Putih,5741,Court 3,2026-09-26,07:00 - 08:00,200000,Available
2978_6890_06:00,2978,The Space Padel,6890,The Court,2026-09-26,06:00 - 07:00,180000,Available
2978_6890_07:00,2978,The Space Padel,6890,The Court,2026-09-26,07:00 - 08:00,180000,Booked
1401_2699_06:00,1401,Ocean Padel,2699,Lapangan Padel 1,2026-09-26,06:00 - 07:00,160000,Available
1401_2699_07:00,1401,Ocean Padel,2699,Lapangan Padel 1,2026-09-26,07:00 - 08:00,160000,Available
1670_3405_07:00,1670,Amalfi Court By VY,3405,Positano,2026-09-26,07:00 - 08:00,150000,Available
1670_3407_07:00,1670,Amalfi Court By VY,3407,Napoli,2026-09-26,07:00 - 08:00,150000,Available
3256_7813_06:00,3256,AbsoluteFit Padel,7813,Blue Court,2026-09-26,06:00 - 07:00,150000,Available
3256_7813_07:00,3256,AbsoluteFit Padel,7813,Blue Court,2026-09-26,07:00 - 08:00,150000,Available
3256_9058_06:00,3256,AbsoluteFit Padel,9058,Pink Court,2026-09-26,06:00 - 07:00,150000,Available
3256_9058_07:00,3256,AbsoluteFit Padel,9058,Pink Court,2026-09-26,07:00 - 08:00,150000,Available
2712_6126_06:00,2712,Royal Padel,6126,Avalon by AMIDIS,2026-09-26,06:00 - 07:00,335000,Available
2712_6126_07:00,2712,Royal Padel,6126,Avalon by AMIDIS,2026-09-26,07:00 - 08:00,335000,Available
2712_6629_06:00,2712,Royal Padel,6629,Balmoral Court,2026-09-26,06:00 - 07:00,335000,Available
2712_6629_07:00,2712,Royal Padel,6629,Balmoral Court,2026-09-26,07:00 - 08:00,335000,Available
2712_6630_06:00,2712,Royal Padel,6630,Clifford Court,2026-09-26,06:00 - 07:00,335000,Available
2712_6630_07:00,2712,Royal Padel,6630,Clifford Court,2026-09-26,07:00 - 08:00,335000,Available
2712_6631_06:00,2712,Royal Padel,6631,Dover by DURAKING,2026-09-26,06:00 - 07:00,335000,Available
2712_6631_07:00,2712,Royal Padel,6631,Dover by DURAKING,2026-09-26,07:00 - 08:00,335000,Available
2026_4300_07:00,2026,Royal Sport Hall,4300,Padel Court,2026-09-26,07:00 - 08:00,200000,Available
2026_4300_08:00,2026,Royal Sport Hall,4300,Padel Court,2026-09-26,08:00 - 09:00,200000,Available
2026_4410_07:00,2026,Royal Sport Hall,4410,Lapangan 1,2026-09-26,07:00 - 08:00,80000,Available
2026_4410_08:00,2026,Royal Sport Hall,4410,Lapangan 1,2026-09-26,08:00 - 09:00,80000,Booked
2026_4411_07:00,2026,Royal Sport Hall,4411,Lapangan 2,2026-09-26,07:00 - 08:00,80000,Available
2026_4411_08:00,2026,Royal Sport Hall,4411,Lapangan 2,2026-09-26,08:00 - 09:00,80000,Booked
2026_4412_07:00,2026,Royal Sport Hall,4412,Lapangan 3,2026-09-26,07:00 - 08:00,80000,Available
2026_4412_08:00,2026,Royal Sport Hall,4412,Lapangan 3,2026-09-26,08:00 - 09:00,80000,Booked
2619_5734_06:00,2619,Bara Padel Court,5734,Court 1,2026-09-26,06:00 - 07:00,119000,Available
2619_5734_07:00,2619,Bara Padel Court,5734,Court 1,2026-09-26,07:00 - 08:00,119000,Available
2619_7790_06:00,2619,Bara Padel Court,7790,Court 2,2026-09-26,06:00 - 07:00,119000,Booked
2619_7790_07:00,2619,Bara Padel Court,7790,Court 2,2026-09-26,07:00 - 08:00,119000,Booked
3077_7192_06:00,3077,Padelyuk,7192,Bandeja Court,2026-09-26,06:00 - 07:00,190000,Available
3077_7192_07:00,3077,Padelyuk,7192,Bandeja Court,2026-09-26,07:00 - 08:00,190000,Booked
3077_7208_06:00,3077,Padelyuk,7208,Vibora Court,2026-09-26,06:00 - 07:00,190000,Available
3077_7208_07:00,3077,Padelyuk,7208,Vibora Court,2026-09-26,07:00 - 08:00,190000,Booked
3077_7209_06:00,3077,Padelyuk,7209,Bajada Court,2026-09-26,06:00 - 07:00,190000,Available
3077_7209_07:00,3077,Padelyuk,7209,Bajada Court,2026-09-26,07:00 - 08:00,190000,Available
1725_3487_06:00,1725,Elite Padel Club - Arandra Residence,3487,Court 1 (Black Turf),2026-09-26,06:00 - 07:00,250000,Available
1725_3487_07:00,1725,Elite Padel Club - Arandra Residence,3487,Court 1 (Black Turf),2026-09-26,07:00 - 08:00,250000,Booked
1725_4804_06:00,1725,Elite Padel Club - Arandra Residence,4804,Court 2 (Black Turf),2026-09-26,06:00 - 07:00,250000,Available
1725_4804_07:00,1725,Elite Padel Club - Arandra Residence,4804,Court 2 (Black Turf),2026-09-26,07:00 - 08:00,250000,Available
1725_4805_06:00,1725,Elite Padel Club - Arandra Residence,4805,Court 3 (Teal Turf),2026-09-26,06:00 - 07:00,250000,Available
1725_4805_07:00,1725,Elite Padel Club - Arandra Residence,4805,Court 3 (Teal Turf),2026-09-26,07:00 - 08:00,250000,Available
1725_4806_06:00,1725,Elite Padel Club - Arandra Residence,4806,Court 4 (Teal Turf),2026-09-26,06:00 - 07:00,250000,Available
1725_4806_07:00,1725,Elite Padel Club - Arandra Residence,4806,Court 4 (Teal Turf),2026-09-26,07:00 - 08:00,250000,Available
1725_4807_06:00,1725,Elite Padel Club - Arandra Residence,4807,Court 5 (Teal Turf),2026-09-26,06:00 - 07:00,250000,Available
1725_4807_07:00,1725,Elite Padel Club - Arandra Residence,4807,Court 5 (Teal Turf),2026-09-26,07:00 - 08:00,250000,Booked
1725_4808_06:00,1725,Elite Padel Club - Arandra Residence,4808,Court 6 (Teal Turf),2026-09-26,06:00 - 07:00,250000,Available
1725_4808_07:00,1725,Elite Padel Club - Arandra Residence,4808,Court 6 (Teal Turf),2026-09-26,07:00 - 08:00,250000,Available
2389_5026_06:00,2389,Sweat and Social Padel (Arcici Sport Center),5026,BLIBLI COURT (Purple Court 1),2026-09-26,06:00 - 07:00,225000,Available
2389_5026_07:00,2389,Sweat and Social Padel (Arcici Sport Center),5026,BLIBLI COURT (Purple Court 1),2026-09-26,07:00 - 08:00,225000,Available
2389_5042_06:00,2389,Sweat and Social Padel (Arcici Sport Center),5042,Court 2 (blue),2026-09-26,06:00 - 07:00,225000,Available
2389_5042_07:00,2389,Sweat and Social Padel (Arcici Sport Center),5042,Court 2 (blue),2026-09-26,07:00 - 08:00,225000,Available
2389_5043_06:00,2389,Sweat and Social Padel (Arcici Sport Center),5043,Court 3 (purple),2026-09-26,06:00 - 07:00,225000,Available
2389_5043_07:00,2389,Sweat and Social Padel (Arcici Sport Center),5043,Court 3 (purple),2026-09-26,07:00 - 08:00,225000,Available
2389_5044_06:00,2389,Sweat and Social Padel (Arcici Sport Center),5044,Court 4 (blue),2026-09-26,06:00 - 07:00,225000,Available
2389_5044_07:00,2389,Sweat and Social Padel (Arcici Sport Center),5044,Court 4 (blue),2026-09-26,07:00 - 08:00,225000,Available
1733_3491_06:00,1733,ZSC Padel,3491,Court Z ( Purple ),2026-09-26,06:00 - 07:00,200000,Available
1733_3491_07:00,1733,ZSC Padel,3491,Court Z ( Purple ),2026-09-26,07:00 - 08:00,200000,Available
1733_3811_06:00,1733,ZSC Padel,3811,Court C ( Blue ),2026-09-26,06:00 - 07:00,200000,Available
1733_3811_07:00,1733,ZSC Padel,3811,Court C ( Blue ),2026-09-26,07:00 - 08:00,200000,Available
1467_2920_06:00,1467,Nine Padel Monas,2920,Court 1 (Green),2026-09-26,06:00 - 06:30,192500,Available
1467_2920_06:30,1467,Nine Padel Monas,2920,Court 1 (Green),2026-09-26,06:30 - 07:00,192500,Available
1467_2920_07:00,1467,Nine Padel Monas,2920,Court 1 (Green),2026-09-26,07:00 - 07:30,192500,Available
1467_2920_07:30,1467,Nine Padel Monas,2920,Court 1 (Green),2026-09-26,07:30 - 08:00,192500,Available
1467_8945_06:00,1467,Nine Padel Monas,8945,Court 2 (Green),2026-09-26,06:00 - 06:30,192500,Available
1467_8945_06:30,1467,Nine Padel Monas,8945,Court 2 (Green),2026-09-26,06:30 - 07:00,192500,Available
1467_8945_07:00,1467,Nine Padel Monas,8945,Court 2 (Green),2026-09-26,07:00 - 07:30,192500,Available
1467_8945_07:30,1467,Nine Padel Monas,8945,Court 2 (Green),2026-09-26,07:30 - 08:00,192500,Available
1467_8946_06:00,1467,Nine Padel Monas,8946,Court 3 (Green),2026-09-26,06:00 - 06:30,192500,Available
1467_8946_06:30,1467,Nine Padel Monas,8946,Court 3 (Green),2026-09-26,06:30 - 07:00,192500,Available
1467_8946_07:00,1467,Nine Padel Monas,8946,Court 3 (Green),2026-09-26,07:00 - 07:30,192500,Available
1467_8946_07:30,1467,Nine Padel Monas,8946,Court 3 (Green),2026-09-26,07:30 - 08:00,192500,Available
1467_8947_06:00,1467,Nine Padel Monas,8947,Court 4 (Green),2026-09-26,06:00 - 06:30,192500,Available
1467_8947_06:30,1467,Nine Padel Monas,8947,Court 4 (Green),2026-09-26,06:30 - 07:00,192500,Available
1467_8947_07:00,1467,Nine Padel Monas,8947,Court 4 (Green),2026-09-26,07:00 - 07:30,192500,Available
1467_8947_07:30,1467,Nine Padel Monas,8947,Court 4 (Green),2026-09-26,07:30 - 08:00,192500,Available
1467_8949_06:00,1467,Nine Padel Monas,8949,Court 5 (Black),2026-09-26,06:00 - 06:30,192500,Available
1467_8949_06:30,1467,Nine Padel Monas,8949,Court 5 (Black),2026-09-26,06:30 - 07:00,192500,Available
1467_8949_07:00,1467,Nine Padel Monas,8949,Court 5 (Black),2026-09-26,07:00 - 07:30,192500,Available
1467_8949_07:30,1467,Nine Padel Monas,8949,Court 5 (Black),2026-09-26,07:30 - 08:00,192500,Available
1467_8950_06:00,1467,Nine Padel Monas,8950,Court 6 (Blue),2026-09-26,06:00 - 06:30,192500,Available
1467_8950_06:30,1467,Nine Padel Monas,8950,Court 6 (Blue),2026-09-26,06:30 - 07:00,192500,Available
1467_8950_07:00,1467,Nine Padel Monas,8950,Court 6 (Blue),2026-09-26,07:00 - 07:30,192500,Available
1467_8950_07:30,1467,Nine Padel Monas,8950,Court 6 (Blue),2026-09-26,07:30 - 08:00,192500,Available
1467_8951_06:00,1467,Nine Padel Monas,8951,Court 7 (Blue),2026-09-26,06:00 - 06:30,192500,Available
1467_8951_06:30,1467,Nine Padel Monas,8951,Court 7 (Blue),2026-09-26,06:30 - 07:00,192500,Available
1467_8951_07:00,1467,Nine Padel Monas,8951,Court 7 (Blue),2026-09-26,07:00 - 07:30,192500,Available
1467_8951_07:30,1467,Nine Padel Monas,8951,Court 7 (Blue),2026-09-26,07:30 - 08:00,192500,Available
1467_8952_06:00,1467,Nine Padel Monas,8952,Court 8 (Blue),2026-09-26,06:00 - 06:30,192500,Available
1467_8952_06:30,1467,Nine Padel Monas,8952,Court 8 (Blue),2026-09-26,06:30 - 07:00,192500,Available
1467_8952_07:00,1467,Nine Padel Monas,8952,Court 8 (Blue),2026-09-26,07:00 - 07:30,192500,Available
1467_8952_07:30,1467,Nine Padel Monas,8952,Court 8 (Blue),2026-09-26,07:30 - 08:00,192500,Available
1467_8953_06:00,1467,Nine Padel Monas,8953,Court 9 (Blue),2026-09-26,06:00 - 06:30,192500,Available
1467_8953_06:30,1467,Nine Padel Monas,8953,Court 9 (Blue),2026-09-26,06:30 - 07:00,192500,Available
1467_8953_07:00,1467,Nine Padel Monas,8953,Court 9 (Blue),2026-09-26,07:00 - 07:30,192500,Available
1467_8953_07:30,1467,Nine Padel Monas,8953,Court 9 (Blue),2026-09-26,07:30 - 08:00,192500,Available
2059_12800_06:00,2059,Athletiqs Airdome,12800,MAHJONG (MANUAL),2026-09-26,06:00 - 07:00,150000,Available
2059_12800_07:00,2059,Athletiqs Airdome,12800,MAHJONG (MANUAL),2026-09-26,07:00 - 08:00,150000,Available
2059_12810_06:00,2059,Athletiqs Airdome,12810,MAHJONG (AUTOMATIC),2026-09-26,06:00 - 07:00,200000,Available
2059_12810_07:00,2059,Athletiqs Airdome,12810,MAHJONG (AUTOMATIC),2026-09-26,07:00 - 08:00,200000,Available
2059_8800_06:00,2059,Athletiqs Airdome,8800,VIP A,2026-09-26,06:00 - 07:00,800000,Available
2059_8800_07:00,2059,Athletiqs Airdome,8800,VIP A,2026-09-26,07:00 - 08:00,800000,Available
2059_8802_06:00,2059,Athletiqs Airdome,8802,VIP B,2026-09-26,06:00 - 07:00,800000,Available
2059_8802_07:00,2059,Athletiqs Airdome,8802,VIP B,2026-09-26,07:00 - 08:00,800000,Available
2059_8803_06:00,2059,Athletiqs Airdome,8803,Center Court,2026-09-26,06:00 - 07:00,700000,Available
2059_8803_07:00,2059,Athletiqs Airdome,8803,Center Court,2026-09-26,07:00 - 08:00,700000,Available
2059_4277_06:00,2059,Athletiqs Airdome,4277,Court 1,2026-09-26,06:00 - 07:00,400000,Available
2059_4277_07:00,2059,Athletiqs Airdome,4277,Court 1,2026-09-26,07:00 - 08:00,400000,Available
2059_4278_06:00,2059,Athletiqs Airdome,4278,Court 2,2026-09-26,06:00 - 07:00,400000,Available
2059_4278_07:00,2059,Athletiqs Airdome,4278,Court 2,2026-09-26,07:00 - 08:00,400000,Available
2059_4279_06:00,2059,Athletiqs Airdome,4279,Court 3,2026-09-26,06:00 - 07:00,400000,Available
2059_4279_07:00,2059,Athletiqs Airdome,4279,Court 3,2026-09-26,07:00 - 08:00,400000,Available
2059_4280_06:00,2059,Athletiqs Airdome,4280,Court 4,2026-09-26,06:00 - 07:00,400000,Available
2059_4280_07:00,2059,Athletiqs Airdome,4280,Court 4,2026-09-26,07:00 - 08:00,400000,Available
2059_4281_06:00,2059,Athletiqs Airdome,4281,Court 5,2026-09-26,06:00 - 07:00,400000,Available
2059_4281_07:00,2059,Athletiqs Airdome,4281,Court 5,2026-09-26,07:00 - 08:00,400000,Available
2059_4282_06:00,2059,Athletiqs Airdome,4282,Court 6,2026-09-26,06:00 - 07:00,400000,Available
2059_4282_07:00,2059,Athletiqs Airdome,4282,Court 6,2026-09-26,07:00 - 08:00,400000,Available
2059_4283_06:00,2059,Athletiqs Airdome,4283,Court 7,2026-09-26,06:00 - 07:00,400000,Available
2059_4283_07:00,2059,Athletiqs Airdome,4283,Court 7,2026-09-26,07:00 - 08:00,400000,Booked
2059_4284_06:00,2059,Athletiqs Airdome,4284,Court 8,2026-09-26,06:00 - 07:00,400000,Available
2059_4284_07:00,2059,Athletiqs Airdome,4284,Court 8,2026-09-26,07:00 - 08:00,400000,Booked
2059_8791_06:00,2059,Athletiqs Airdome,8791,P - Court 1,2026-09-26,06:00 - 07:00,250000,Available
2059_8791_07:00,2059,Athletiqs Airdome,8791,P - Court 1,2026-09-26,07:00 - 08:00,250000,Available
2059_8792_06:00,2059,Athletiqs Airdome,8792,P - Court 2,2026-09-26,06:00 - 07:00,250000,Available
2059_8792_07:00,2059,Athletiqs Airdome,8792,P - Court 2,2026-09-26,07:00 - 08:00,250000,Available
2059_8793_06:00,2059,Athletiqs Airdome,8793,P - Court 3,2026-09-26,06:00 - 07:00,250000,Available
2059_8793_07:00,2059,Athletiqs Airdome,8793,P - Court 3,2026-09-26,07:00 - 08:00,250000,Available
3155_7438_06:00,3155,KOTA COURTS by PADELGRID Mangga Besar,7438,KC 1,2026-09-26,06:00 - 07:00,150000,Available
3155_7438_07:00,3155,KOTA COURTS by PADELGRID Mangga Besar,7438,KC 1,2026-09-26,07:00 - 08:00,150000,Available
3155_8605_06:00,3155,KOTA COURTS by PADELGRID Mangga Besar,8605,KC 2,2026-09-26,06:00 - 07:00,150000,Available
3155_8605_07:00,3155,KOTA COURTS by PADELGRID Mangga Besar,8605,KC 2,2026-09-26,07:00 - 08:00,150000,Available
3155_8606_06:00,3155,KOTA COURTS by PADELGRID Mangga Besar,8606,KC 3,2026-09-26,06:00 - 07:00,150000,Available
3155_8606_07:00,3155,KOTA COURTS by PADELGRID Mangga Besar,8606,KC 3,2026-09-26,07:00 - 08:00,150000,Available
3485_8583_07:00,3485,BBS PADEL,8583,Court 1,2026-09-26,07:00 - 08:00,125000,Available
3485_8584_07:00,3485,BBS PADEL,8584,Court 2,2026-09-26,07:00 - 08:00,125000,Available
3485_8588_07:00,3485,BBS PADEL,8588,Court 3 lantai 3,2026-09-26,07:00 - 08:00,125000,Available
3880_9490_07:00,3880,Gru Padel House,9490,Padel Court,2026-09-26,07:00 - 08:00,188000,Available
3196_7550_06:00,3196,Padel Wise Club,7550,Court 1,2026-09-26,06:00 - 07:00,350000,Available
3196_7550_07:00,3196,Padel Wise Club,7550,Court 1,2026-09-26,07:00 - 08:00,350000,Available
3196_7569_06:00,3196,Padel Wise Club,7569,Court 2,2026-09-26,06:00 - 07:00,350000,Available
3196_7569_07:00,3196,Padel Wise Club,7569,Court 2,2026-09-26,07:00 - 08:00,350000,Booked
3196_7585_06:00,3196,Padel Wise Club,7585,Court 3,2026-09-26,06:00 - 07:00,350000,Available
3196_7585_07:00,3196,Padel Wise Club,7585,Court 3,2026-09-26,07:00 - 08:00,350000,Available
3196_8317_06:00,3196,Padel Wise Club,8317,Sauna & Cold Plunge,2026-09-26,06:00 - 07:00,85000,Available
3196_8317_07:00,3196,Padel Wise Club,8317,Sauna & Cold Plunge,2026-09-26,07:00 - 08:00,85000,Available
3196_12705_06:00,3196,Padel Wise Club,12705,Mahjong Table A,2026-09-26,06:00 - 07:00,120000,Available
3196_12705_07:00,3196,Padel Wise Club,12705,Mahjong Table A,2026-09-26,07:00 - 08:00,120000,Available
3196_12912_06:00,3196,Padel Wise Club,12912,Mahjong Table B,2026-09-26,06:00 - 07:00,120000,Available
3196_12912_07:00,3196,Padel Wise Club,12912,Mahjong Table B,2026-09-26,07:00 - 08:00,120000,Available
4643_11996_07:00,4643,JW COURT PADEL,11996,VIP Court,2026-09-26,07:00 - 08:00,1045000,Available
4643_12051_07:00,4643,JW COURT PADEL,12051,Court 2 - Green,2026-09-26,07:00 - 08:00,400000,Available
4643_12052_07:00,4643,JW COURT PADEL,12052,Court 3 - Blue,2026-09-26,07:00 - 08:00,400000,Available
4643_12053_07:00,4643,JW COURT PADEL,12053,Court 4 - Black,2026-09-26,07:00 - 08:00,400000,Available
2079_4306_08:00,2079,I On Padel Cempaka Putih,4306,Court 1,2026-09-26,08:00 - 09:00,200000,Booked
2079_4306_09:00,2079,I On Padel Cempaka Putih,4306,Court 1,2026-09-26,09:00 - 10:00,200000,Booked
2079_4306_10:00,2079,I On Padel Cempaka Putih,4306,Court 1,2026-09-26,10:00 - 11:00,250000,Booked
2079_4306_11:00,2079,I On Padel Cempaka Putih,4306,Court 1,2026-09-26,11:00 - 12:00,250000,Available
2079_4306_12:00,2079,I On Padel Cempaka Putih,4306,Court 1,2026-09-26,12:00 - 13:00,250000,Available
2079_4306_13:00,2079,I On Padel Cempaka Putih,4306,Court 1,2026-09-26,13:00 - 14:00,250000,Available
2079_4306_14:00,2079,I On Padel Cempaka Putih,4306,Court 1,2026-09-26,14:00 - 15:00,250000,Available
2079_4306_15:00,2079,I On Padel Cempaka Putih,4306,Court 1,2026-09-26,15:00 - 16:00,250000,Available
2079_4306_16:00,2079,I On Padel Cempaka Putih,4306,Court 1,2026-09-26,16:00 - 17:00,250000,Available
2079_4306_17:00,2079,I On Padel Cempaka Putih,4306,Court 1,2026-09-26,17:00 - 18:00,250000,Available
2079_4306_18:00,2079,I On Padel Cempaka Putih,4306,Court 1,2026-09-26,18:00 - 19:00,250000,Available
2079_4306_19:00,2079,I On Padel Cempaka Putih,4306,Court 1,2026-09-26,19:00 - 20:00,250000,Booked
2079_4306_20:00,2079,I On Padel Cempaka Putih,4306,Court 1,2026-09-26,20:00 - 21:00,250000,Available
2079_4306_21:00,2079,I On Padel Cempaka Putih,4306,Court 1,2026-09-26,21:00 - 22:00,250000,Available
2079_4306_22:00,2079,I On Padel Cempaka Putih,4306,Court 1,2026-09-26,22:00 - 23:00,200000,Available
2079_4306_23:00,2079,I On Padel Cempaka Putih,4306,Court 1,2026-09-26,23:00 - 00:00,200000,Available
2079_5740_08:00,2079,I On Padel Cempaka Putih,5740,Court 2,2026-09-26,08:00 - 09:00,200000,Booked
2079_5740_09:00,2079,I On Padel Cempaka Putih,5740,Court 2,2026-09-26,09:00 - 10:00,200000,Booked
2079_5740_10:00,2079,I On Padel Cempaka Putih,5740,Court 2,2026-09-26,10:00 - 11:00,250000,Booked
2079_5740_11:00,2079,I On Padel Cempaka Putih,5740,Court 2,2026-09-26,11:00 - 12:00,250000,Booked
2079_5740_12:00,2079,I On Padel Cempaka Putih,5740,Court 2,2026-09-26,12:00 - 13:00,250000,Booked
2079_5740_13:00,2079,I On Padel Cempaka Putih,5740,Court 2,2026-09-26,13:00 - 14:00,250000,Available
2079_5740_14:00,2079,I On Padel Cempaka Putih,5740,Court 2,2026-09-26,14:00 - 15:00,250000,Available
2079_5740_15:00,2079,I On Padel Cempaka Putih,5740,Court 2,2026-09-26,15:00 - 16:00,250000,Available
2079_5740_16:00,2079,I On Padel Cempaka Putih,5740,Court 2,2026-09-26,16:00 - 17:00,250000,Available
2079_5740_17:00,2079,I On Padel Cempaka Putih,5740,Court 2,2026-09-26,17:00 - 18:00,250000,Available
2079_5740_18:00,2079,I On Padel Cempaka Putih,5740,Court 2,2026-09-26,18:00 - 19:00,250000,Available
2079_5740_19:00,2079,I On Padel Cempaka Putih,5740,Court 2,2026-09-26,19:00 - 20:00,250000,Booked
2079_5740_20:00,2079,I On Padel Cempaka Putih,5740,Court 2,2026-09-26,20:00 - 21:00,250000,Booked
2079_5740_21:00,2079,I On Padel Cempaka Putih,5740,Court 2,2026-09-26,21:00 - 22:00,250000,Available
2079_5740_22:00,2079,I On Padel Cempaka Putih,5740,Court 2,2026-09-26,22:00 - 23:00,200000,Available
2079_5740_23:00,2079,I On Padel Cempaka Putih,5740,Court 2,2026-09-26,23:00 - 00:00,200000,Available
2079_5741_08:00,2079,I On Padel Cempaka Putih,5741,Court 3,2026-09-26,08:00 - 09:00,200000,Booked
2079_5741_09:00,2079,I On Padel Cempaka Putih,5741,Court 3,2026-09-26,09:00 - 10:00,200000,Booked
2079_5741_10:00,2079,I On Padel Cempaka Putih,5741,Court 3,2026-09-26,10:00 - 11:00,250000,Booked
2079_5741_11:00,2079,I On Padel Cempaka Putih,5741,Court 3,2026-09-26,11:00 - 12:00,250000,Available
2079_5741_12:00,2079,I On Padel Cempaka Putih,5741,Court 3,2026-09-26,12:00 - 13:00,250000,Available
2079_5741_13:00,2079,I On Padel Cempaka Putih,5741,Court 3,2026-09-26,13:00 - 14:00,250000,Available
2079_5741_14:00,2079,I On Padel Cempaka Putih,5741,Court 3,2026-09-26,14:00 - 15:00,250000,Available
2079_5741_15:00,2079,I On Padel Cempaka Putih,5741,Court 3,2026-09-26,15:00 - 16:00,250000,Available
2079_5741_16:00,2079,I On Padel Cempaka Putih,5741,Court 3,2026-09-26,16:00 - 17:00,250000,Available
2079_5741_17:00,2079,I On Padel Cempaka Putih,5741,Court 3,2026-09-26,17:00 - 18:00,250000,Available
2079_5741_18:00,2079,I On Padel Cempaka Putih,5741,Court 3,2026-09-26,18:00 - 19:00,250000,Available
2079_5741_19:00,2079,I On Padel Cempaka Putih,5741,Court 3,2026-09-26,19:00 - 20:00,250000,Available
2079_5741_20:00,2079,I On Padel Cempaka Putih,5741,Court 3,2026-09-26,20:00 - 21:00,250000,Available
2079_5741_21:00,2079,I On Padel Cempaka Putih,5741,Court 3,2026-09-26,21:00 - 22:00,250000,Available
2079_5741_22:00,2079,I On Padel Cempaka Putih,5741,Court 3,2026-09-26,22:00 - 23:00,200000,Available
2079_5741_23:00,2079,I On Padel Cempaka Putih,5741,Court 3,2026-09-26,23:00 - 00:00,200000,Available
2978_6890_08:00,2978,The Space Padel,6890,The Court,2026-09-26,08:00 - 09:00,180000,Booked
2978_6890_09:00,2978,The Space Padel,6890,The Court,2026-09-26,09:00 - 10:00,180000,Booked
2978_6890_10:00,2978,The Space Padel,6890,The Court,2026-09-26,10:00 - 11:00,180000,Booked
2978_6890_11:00,2978,The Space Padel,6890,The Court,2026-09-26,11:00 - 12:00,180000,Available
2978_6890_12:00,2978,The Space Padel,6890,The Court,2026-09-26,12:00 - 13:00,180000,Booked
2978_6890_13:00,2978,The Space Padel,6890,The Court,2026-09-26,13:00 - 14:00,180000,Booked
2978_6890_14:00,2978,The Space Padel,6890,The Court,2026-09-26,14:00 - 15:00,180000,Booked
2978_6890_15:00,2978,The Space Padel,6890,The Court,2026-09-26,15:00 - 16:00,180000,Booked
2978_6890_16:00,2978,The Space Padel,6890,The Court,2026-09-26,16:00 - 17:00,180000,Booked
2978_6890_17:00,2978,The Space Padel,6890,The Court,2026-09-26,17:00 - 18:00,180000,Booked
2978_6890_18:00,2978,The Space Padel,6890,The Court,2026-09-26,18:00 - 19:00,180000,Available
2978_6890_19:00,2978,The Space Padel,6890,The Court,2026-09-26,19:00 - 20:00,180000,Available
2978_6890_20:00,2978,The Space Padel,6890,The Court,2026-09-26,20:00 - 21:00,180000,Available
2978_6890_21:00,2978,The Space Padel,6890,The Court,2026-09-26,21:00 - 22:00,180000,Booked
1401_2699_08:00,1401,Ocean Padel,2699,Lapangan Padel 1,2026-09-26,08:00 - 09:00,160000,Booked
1401_2699_09:00,1401,Ocean Padel,2699,Lapangan Padel 1,2026-09-26,09:00 - 10:00,160000,Available
1401_2699_10:00,1401,Ocean Padel,2699,Lapangan Padel 1,2026-09-26,10:00 - 11:00,160000,Booked
1401_2699_11:00,1401,Ocean Padel,2699,Lapangan Padel 1,2026-09-26,11:00 - 12:00,160000,Booked
1401_2699_12:00,1401,Ocean Padel,2699,Lapangan Padel 1,2026-09-26,12:00 - 13:00,160000,Available
1401_2699_13:00,1401,Ocean Padel,2699,Lapangan Padel 1,2026-09-26,13:00 - 14:00,160000,Available
1401_2699_14:00,1401,Ocean Padel,2699,Lapangan Padel 1,2026-09-26,14:00 - 15:00,160000,Available
1401_2699_15:00,1401,Ocean Padel,2699,Lapangan Padel 1,2026-09-26,15:00 - 16:00,160000,Booked
1401_2699_16:00,1401,Ocean Padel,2699,Lapangan Padel 1,2026-09-26,16:00 - 17:00,160000,Booked
1401_2699_17:00,1401,Ocean Padel,2699,Lapangan Padel 1,2026-09-26,17:00 - 18:00,160000,Available
1401_2699_18:00,1401,Ocean Padel,2699,Lapangan Padel 1,2026-09-26,18:00 - 19:00,160000,Available
1401_2699_19:00,1401,Ocean Padel,2699,Lapangan Padel 1,2026-09-26,19:00 - 20:00,160000,Available
1401_2699_20:00,1401,Ocean Padel,2699,Lapangan Padel 1,2026-09-26,20:00 - 21:00,160000,Available
1401_2699_21:00,1401,Ocean Padel,2699,Lapangan Padel 1,2026-09-26,21:00 - 22:00,160000,Available
1401_2699_22:00,1401,Ocean Padel,2699,Lapangan Padel 1,2026-09-26,22:00 - 23:00,160000,Available
1401_2699_23:00,1401,Ocean Padel,2699,Lapangan Padel 1,2026-09-26,23:00 - 00:00,160000,Available
1670_3405_08:00,1670,Amalfi Court By VY,3405,Positano,2026-09-26,08:00 - 09:00,150000,Booked
1670_3405_09:00,1670,Amalfi Court By VY,3405,Positano,2026-09-26,09:00 - 10:00,150000,Booked
1670_3405_10:00,1670,Amalfi Court By VY,3405,Positano,2026-09-26,10:00 - 11:00,150000,Available
1670_3405_11:00,1670,Amalfi Court By VY,3405,Positano,2026-09-26,11:00 - 12:00,150000,Available
1670_3405_12:00,1670,Amalfi Court By VY,3405,Positano,2026-09-26,12:00 - 13:00,150000,Available
1670_3405_13:00,1670,Amalfi Court By VY,3405,Positano,2026-09-26,13:00 - 14:00,150000,Available
1670_3405_14:00,1670,Amalfi Court By VY,3405,Positano,2026-09-26,14:00 - 15:00,150000,Booked
1670_3405_15:00,1670,Amalfi Court By VY,3405,Positano,2026-09-26,15:00 - 16:00,150000,Available
1670_3405_16:00,1670,Amalfi Court By VY,3405,Positano,2026-09-26,16:00 - 17:00,150000,Available
1670_3405_17:00,1670,Amalfi Court By VY,3405,Positano,2026-09-26,17:00 - 18:00,150000,Available
1670_3405_18:00,1670,Amalfi Court By VY,3405,Positano,2026-09-26,18:00 - 19:00,150000,Available
1670_3405_19:00,1670,Amalfi Court By VY,3405,Positano,2026-09-26,19:00 - 20:00,150000,Available
1670_3405_20:00,1670,Amalfi Court By VY,3405,Positano,2026-09-26,20:00 - 21:00,150000,Available
1670_3405_21:00,1670,Amalfi Court By VY,3405,Positano,2026-09-26,21:00 - 22:00,150000,Available
1670_3407_08:00,1670,Amalfi Court By VY,3407,Napoli,2026-09-26,08:00 - 09:00,150000,Available
1670_3407_09:00,1670,Amalfi Court By VY,3407,Napoli,2026-09-26,09:00 - 10:00,150000,Booked
1670_3407_10:00,1670,Amalfi Court By VY,3407,Napoli,2026-09-26,10:00 - 11:00,150000,Booked
1670_3407_11:00,1670,Amalfi Court By VY,3407,Napoli,2026-09-26,11:00 - 12:00,150000,Available
1670_3407_12:00,1670,Amalfi Court By VY,3407,Napoli,2026-09-26,12:00 - 13:00,150000,Available
1670_3407_13:00,1670,Amalfi Court By VY,3407,Napoli,2026-09-26,13:00 - 14:00,150000,Available
1670_3407_14:00,1670,Amalfi Court By VY,3407,Napoli,2026-09-26,14:00 - 15:00,150000,Available
1670_3407_15:00,1670,Amalfi Court By VY,3407,Napoli,2026-09-26,15:00 - 16:00,150000,Available
1670_3407_16:00,1670,Amalfi Court By VY,3407,Napoli,2026-09-26,16:00 - 17:00,150000,Booked
1670_3407_17:00,1670,Amalfi Court By VY,3407,Napoli,2026-09-26,17:00 - 18:00,150000,Booked
1670_3407_18:00,1670,Amalfi Court By VY,3407,Napoli,2026-09-26,18:00 - 19:00,150000,Available
1670_3407_19:00,1670,Amalfi Court By VY,3407,Napoli,2026-09-26,19:00 - 20:00,150000,Available
1670_3407_20:00,1670,Amalfi Court By VY,3407,Napoli,2026-09-26,20:00 - 21:00,150000,Booked
1670_3407_21:00,1670,Amalfi Court By VY,3407,Napoli,2026-09-26,21:00 - 22:00,150000,Booked
3256_7813_08:00,3256,AbsoluteFit Padel,7813,Blue Court,2026-09-26,08:00 - 09:00,150000,Available
3256_7813_09:00,3256,AbsoluteFit Padel,7813,Blue Court,2026-09-26,09:00 - 10:00,150000,Available
3256_7813_10:00,3256,AbsoluteFit Padel,7813,Blue Court,2026-09-26,10:00 - 11:00,150000,Booked
3256_7813_11:00,3256,AbsoluteFit Padel,7813,Blue Court,2026-09-26,11:00 - 12:00,150000,Booked
3256_7813_12:00,3256,AbsoluteFit Padel,7813,Blue Court,2026-09-26,12:00 - 13:00,150000,Available
3256_7813_13:00,3256,AbsoluteFit Padel,7813,Blue Court,2026-09-26,13:00 - 14:00,150000,Booked
3256_7813_14:00,3256,AbsoluteFit Padel,7813,Blue Court,2026-09-26,14:00 - 15:00,150000,Booked
3256_7813_15:00,3256,AbsoluteFit Padel,7813,Blue Court,2026-09-26,15:00 - 16:00,150000,Booked
3256_7813_16:00,3256,AbsoluteFit Padel,7813,Blue Court,2026-09-26,16:00 - 17:00,200000,Booked
3256_7813_17:00,3256,AbsoluteFit Padel,7813,Blue Court,2026-09-26,17:00 - 18:00,200000,Available
3256_7813_18:00,3256,AbsoluteFit Padel,7813,Blue Court,2026-09-26,18:00 - 19:00,200000,Available
3256_7813_19:00,3256,AbsoluteFit Padel,7813,Blue Court,2026-09-26,19:00 - 20:00,200000,Available
3256_7813_20:00,3256,AbsoluteFit Padel,7813,Blue Court,2026-09-26,20:00 - 21:00,200000,Available
3256_7813_21:00,3256,AbsoluteFit Padel,7813,Blue Court,2026-09-26,21:00 - 22:00,200000,Available
3256_7813_22:00,3256,AbsoluteFit Padel,7813,Blue Court,2026-09-26,22:00 - 23:00,200000,Available
3256_9058_08:00,3256,AbsoluteFit Padel,9058,Pink Court,2026-09-26,08:00 - 09:00,150000,Booked
3256_9058_09:00,3256,AbsoluteFit Padel,9058,Pink Court,2026-09-26,09:00 - 10:00,150000,Booked
3256_9058_10:00,3256,AbsoluteFit Padel,9058,Pink Court,2026-09-26,10:00 - 11:00,150000,Booked
3256_9058_11:00,3256,AbsoluteFit Padel,9058,Pink Court,2026-09-26,11:00 - 12:00,150000,Booked
3256_9058_12:00,3256,AbsoluteFit Padel,9058,Pink Court,2026-09-26,12:00 - 13:00,150000,Booked
3256_9058_13:00,3256,AbsoluteFit Padel,9058,Pink Court,2026-09-26,13:00 - 14:00,150000,Booked
3256_9058_14:00,3256,AbsoluteFit Padel,9058,Pink Court,2026-09-26,14:00 - 15:00,150000,Booked
3256_9058_15:00,3256,AbsoluteFit Padel,9058,Pink Court,2026-09-26,15:00 - 16:00,150000,Booked
3256_9058_16:00,3256,AbsoluteFit Padel,9058,Pink Court,2026-09-26,16:00 - 17:00,200000,Booked
3256_9058_17:00,3256,AbsoluteFit Padel,9058,Pink Court,2026-09-26,17:00 - 18:00,200000,Available
3256_9058_18:00,3256,AbsoluteFit Padel,9058,Pink Court,2026-09-26,18:00 - 19:00,200000,Available
3256_9058_19:00,3256,AbsoluteFit Padel,9058,Pink Court,2026-09-26,19:00 - 20:00,200000,Available
3256_9058_20:00,3256,AbsoluteFit Padel,9058,Pink Court,2026-09-26,20:00 - 21:00,200000,Available
3256_9058_21:00,3256,AbsoluteFit Padel,9058,Pink Court,2026-09-26,21:00 - 22:00,200000,Available
3256_9058_22:00,3256,AbsoluteFit Padel,9058,Pink Court,2026-09-26,22:00 - 23:00,200000,Available
2712_6126_08:00,2712,Royal Padel,6126,Avalon by AMIDIS,2026-09-26,08:00 - 09:00,335000,Booked
2712_6126_09:00,2712,Royal Padel,6126,Avalon by AMIDIS,2026-09-26,09:00 - 10:00,335000,Booked
2712_6126_10:00,2712,Royal Padel,6126,Avalon by AMIDIS,2026-09-26,10:00 - 11:00,335000,Available
2712_6126_11:00,2712,Royal Padel,6126,Avalon by AMIDIS,2026-09-26,11:00 - 12:00,335000,Available
2712_6126_12:00,2712,Royal Padel,6126,Avalon by AMIDIS,2026-09-26,12:00 - 13:00,335000,Available
2712_6126_13:00,2712,Royal Padel,6126,Avalon by AMIDIS,2026-09-26,13:00 - 14:00,335000,Available
2712_6126_14:00,2712,Royal Padel,6126,Avalon by AMIDIS,2026-09-26,14:00 - 15:00,335000,Available
2712_6126_15:00,2712,Royal Padel,6126,Avalon by AMIDIS,2026-09-26,15:00 - 16:00,335000,Available
2712_6126_16:00,2712,Royal Padel,6126,Avalon by AMIDIS,2026-09-26,16:00 - 17:00,335000,Available
2712_6126_17:00,2712,Royal Padel,6126,Avalon by AMIDIS,2026-09-26,17:00 - 18:00,335000,Available
2712_6126_18:00,2712,Royal Padel,6126,Avalon by AMIDIS,2026-09-26,18:00 - 19:00,335000,Available
2712_6126_19:00,2712,Royal Padel,6126,Avalon by AMIDIS,2026-09-26,19:00 - 20:00,335000,Available
2712_6126_20:00,2712,Royal Padel,6126,Avalon by AMIDIS,2026-09-26,20:00 - 21:00,335000,Available
2712_6126_21:00,2712,Royal Padel,6126,Avalon by AMIDIS,2026-09-26,21:00 - 22:00,335000,Available
2712_6126_22:00,2712,Royal Padel,6126,Avalon by AMIDIS,2026-09-26,22:00 - 23:00,335000,Available
2712_6629_08:00,2712,Royal Padel,6629,Balmoral Court,2026-09-26,08:00 - 09:00,335000,Available
2712_6629_09:00,2712,Royal Padel,6629,Balmoral Court,2026-09-26,09:00 - 10:00,335000,Available
2712_6629_10:00,2712,Royal Padel,6629,Balmoral Court,2026-09-26,10:00 - 11:00,335000,Available
2712_6629_11:00,2712,Royal Padel,6629,Balmoral Court,2026-09-26,11:00 - 12:00,335000,Available
2712_6629_12:00,2712,Royal Padel,6629,Balmoral Court,2026-09-26,12:00 - 13:00,335000,Available
2712_6629_13:00,2712,Royal Padel,6629,Balmoral Court,2026-09-26,13:00 - 14:00,335000,Available
2712_6629_14:00,2712,Royal Padel,6629,Balmoral Court,2026-09-26,14:00 - 15:00,335000,Available
2712_6629_15:00,2712,Royal Padel,6629,Balmoral Court,2026-09-26,15:00 - 16:00,335000,Available
2712_6629_16:00,2712,Royal Padel,6629,Balmoral Court,2026-09-26,16:00 - 17:00,335000,Available
2712_6629_17:00,2712,Royal Padel,6629,Balmoral Court,2026-09-26,17:00 - 18:00,335000,Available
2712_6629_18:00,2712,Royal Padel,6629,Balmoral Court,2026-09-26,18:00 - 19:00,335000,Available
2712_6629_19:00,2712,Royal Padel,6629,Balmoral Court,2026-09-26,19:00 - 20:00,335000,Available
2712_6629_20:00,2712,Royal Padel,6629,Balmoral Court,2026-09-26,20:00 - 21:00,335000,Available
2712_6629_21:00,2712,Royal Padel,6629,Balmoral Court,2026-09-26,21:00 - 22:00,335000,Available
2712_6629_22:00,2712,Royal Padel,6629,Balmoral Court,2026-09-26,22:00 - 23:00,335000,Available
2712_6630_08:00,2712,Royal Padel,6630,Clifford Court,2026-09-26,08:00 - 09:00,335000,Available
2712_6630_09:00,2712,Royal Padel,6630,Clifford Court,2026-09-26,09:00 - 10:00,335000,Available
2712_6630_10:00,2712,Royal Padel,6630,Clifford Court,2026-09-26,10:00 - 11:00,335000,Available
2712_6630_11:00,2712,Royal Padel,6630,Clifford Court,2026-09-26,11:00 - 12:00,335000,Booked
2712_6630_12:00,2712,Royal Padel,6630,Clifford Court,2026-09-26,12:00 - 13:00,335000,Booked
2712_6630_13:00,2712,Royal Padel,6630,Clifford Court,2026-09-26,13:00 - 14:00,335000,Available
2712_6630_14:00,2712,Royal Padel,6630,Clifford Court,2026-09-26,14:00 - 15:00,335000,Available
2712_6630_15:00,2712,Royal Padel,6630,Clifford Court,2026-09-26,15:00 - 16:00,335000,Available
2712_6630_16:00,2712,Royal Padel,6630,Clifford Court,2026-09-26,16:00 - 17:00,335000,Available
2712_6630_17:00,2712,Royal Padel,6630,Clifford Court,2026-09-26,17:00 - 18:00,335000,Available
2712_6630_18:00,2712,Royal Padel,6630,Clifford Court,2026-09-26,18:00 - 19:00,335000,Available
2712_6630_19:00,2712,Royal Padel,6630,Clifford Court,2026-09-26,19:00 - 20:00,335000,Available
2712_6630_20:00,2712,Royal Padel,6630,Clifford Court,2026-09-26,20:00 - 21:00,335000,Available
2712_6630_21:00,2712,Royal Padel,6630,Clifford Court,2026-09-26,21:00 - 22:00,335000,Available
2712_6630_22:00,2712,Royal Padel,6630,Clifford Court,2026-09-26,22:00 - 23:00,335000,Available
2712_6631_08:00,2712,Royal Padel,6631,Dover by DURAKING,2026-09-26,08:00 - 09:00,335000,Booked
2712_6631_09:00,2712,Royal Padel,6631,Dover by DURAKING,2026-09-26,09:00 - 10:00,335000,Booked
2712_6631_10:00,2712,Royal Padel,6631,Dover by DURAKING,2026-09-26,10:00 - 11:00,335000,Available
2712_6631_11:00,2712,Royal Padel,6631,Dover by DURAKING,2026-09-26,11:00 - 12:00,335000,Booked
2712_6631_12:00,2712,Royal Padel,6631,Dover by DURAKING,2026-09-26,12:00 - 13:00,335000,Booked
2712_6631_13:00,2712,Royal Padel,6631,Dover by DURAKING,2026-09-26,13:00 - 14:00,335000,Available
2712_6631_14:00,2712,Royal Padel,6631,Dover by DURAKING,2026-09-26,14:00 - 15:00,335000,Available
2712_6631_15:00,2712,Royal Padel,6631,Dover by DURAKING,2026-09-26,15:00 - 16:00,335000,Available
2712_6631_16:00,2712,Royal Padel,6631,Dover by DURAKING,2026-09-26,16:00 - 17:00,335000,Available
2712_6631_17:00,2712,Royal Padel,6631,Dover by DURAKING,2026-09-26,17:00 - 18:00,335000,Available
2712_6631_18:00,2712,Royal Padel,6631,Dover by DURAKING,2026-09-26,18:00 - 19:00,335000,Available
2712_6631_19:00,2712,Royal Padel,6631,Dover by DURAKING,2026-09-26,19:00 - 20:00,335000,Available
2712_6631_20:00,2712,Royal Padel,6631,Dover by DURAKING,2026-09-26,20:00 - 21:00,335000,Available
2712_6631_21:00,2712,Royal Padel,6631,Dover by DURAKING,2026-09-26,21:00 - 22:00,335000,Available
2712_6631_22:00,2712,Royal Padel,6631,Dover by DURAKING,2026-09-26,22:00 - 23:00,335000,Available
2026_4300_09:00,2026,Royal Sport Hall,4300,Padel Court,2026-09-26,09:00 - 10:00,200000,Available
2026_4300_10:00,2026,Royal Sport Hall,4300,Padel Court,2026-09-26,10:00 - 11:00,200000,Available
2026_4300_11:00,2026,Royal Sport Hall,4300,Padel Court,2026-09-26,11:00 - 12:00,200000,Available
2026_4300_12:00,2026,Royal Sport Hall,4300,Padel Court,2026-09-26,12:00 - 13:00,200000,Available
2026_4300_13:00,2026,Royal Sport Hall,4300,Padel Court,2026-09-26,13:00 - 14:00,200000,Available
2026_4300_14:00,2026,Royal Sport Hall,4300,Padel Court,2026-09-26,14:00 - 15:00,200000,Available
2026_4300_15:00,2026,Royal Sport Hall,4300,Padel Court,2026-09-26,15:00 - 16:00,200000,Available
2026_4300_16:00,2026,Royal Sport Hall,4300,Padel Court,2026-09-26,16:00 - 17:00,200000,Available
2026_4300_17:00,2026,Royal Sport Hall,4300,Padel Court,2026-09-26,17:00 - 18:00,200000,Available
2026_4300_18:00,2026,Royal Sport Hall,4300,Padel Court,2026-09-26,18:00 - 19:00,200000,Available
2026_4300_19:00,2026,Royal Sport Hall,4300,Padel Court,2026-09-26,19:00 - 20:00,200000,Available
2026_4300_20:00,2026,Royal Sport Hall,4300,Padel Court,2026-09-26,20:00 - 21:00,200000,Available
2026_4300_21:00,2026,Royal Sport Hall,4300,Padel Court,2026-09-26,21:00 - 22:00,200000,Available
2026_4300_22:00,2026,Royal Sport Hall,4300,Padel Court,2026-09-26,22:00 - 23:00,200000,Available
2026_4300_23:00,2026,Royal Sport Hall,4300,Padel Court,2026-09-26,23:00 - 00:00,200000,Available
2026_4410_09:00,2026,Royal Sport Hall,4410,Lapangan 1,2026-09-26,09:00 - 10:00,80000,Booked
2026_4410_10:00,2026,Royal Sport Hall,4410,Lapangan 1,2026-09-26,10:00 - 11:00,80000,Booked
2026_4410_11:00,2026,Royal Sport Hall,4410,Lapangan 1,2026-09-26,11:00 - 12:00,80000,Booked
2026_4410_12:00,2026,Royal Sport Hall,4410,Lapangan 1,2026-09-26,12:00 - 13:00,80000,Booked
2026_4410_13:00,2026,Royal Sport Hall,4410,Lapangan 1,2026-09-26,13:00 - 14:00,80000,Booked
2026_4410_14:00,2026,Royal Sport Hall,4410,Lapangan 1,2026-09-26,14:00 - 15:00,80000,Available
2026_4410_15:00,2026,Royal Sport Hall,4410,Lapangan 1,2026-09-26,15:00 - 16:00,80000,Available
2026_4410_16:00,2026,Royal Sport Hall,4410,Lapangan 1,2026-09-26,16:00 - 17:00,80000,Booked
2026_4410_17:00,2026,Royal Sport Hall,4410,Lapangan 1,2026-09-26,17:00 - 18:00,80000,Booked
2026_4410_18:00,2026,Royal Sport Hall,4410,Lapangan 1,2026-09-26,18:00 - 19:00,80000,Available
2026_4410_19:00,2026,Royal Sport Hall,4410,Lapangan 1,2026-09-26,19:00 - 20:00,80000,Booked
2026_4410_20:00,2026,Royal Sport Hall,4410,Lapangan 1,2026-09-26,20:00 - 21:00,80000,Booked
2026_4410_21:00,2026,Royal Sport Hall,4410,Lapangan 1,2026-09-26,21:00 - 22:00,80000,Booked
2026_4410_22:00,2026,Royal Sport Hall,4410,Lapangan 1,2026-09-26,22:00 - 23:00,80000,Available
2026_4410_23:00,2026,Royal Sport Hall,4410,Lapangan 1,2026-09-26,23:00 - 00:00,80000,Available
2026_4411_09:00,2026,Royal Sport Hall,4411,Lapangan 2,2026-09-26,09:00 - 10:00,80000,Booked
2026_4411_10:00,2026,Royal Sport Hall,4411,Lapangan 2,2026-09-26,10:00 - 11:00,80000,Booked
2026_4411_11:00,2026,Royal Sport Hall,4411,Lapangan 2,2026-09-26,11:00 - 12:00,80000,Booked
2026_4411_12:00,2026,Royal Sport Hall,4411,Lapangan 2,2026-09-26,12:00 - 13:00,80000,Booked
2026_4411_13:00,2026,Royal Sport Hall,4411,Lapangan 2,2026-09-26,13:00 - 14:00,80000,Available
2026_4411_14:00,2026,Royal Sport Hall,4411,Lapangan 2,2026-09-26,14:00 - 15:00,80000,Available
2026_4411_15:00,2026,Royal Sport Hall,4411,Lapangan 2,2026-09-26,15:00 - 16:00,80000,Available
2026_4411_16:00,2026,Royal Sport Hall,4411,Lapangan 2,2026-09-26,16:00 - 17:00,80000,Booked
2026_4411_17:00,2026,Royal Sport Hall,4411,Lapangan 2,2026-09-26,17:00 - 18:00,80000,Booked
2026_4411_18:00,2026,Royal Sport Hall,4411,Lapangan 2,2026-09-26,18:00 - 19:00,80000,Available
2026_4411_19:00,2026,Royal Sport Hall,4411,Lapangan 2,2026-09-26,19:00 - 20:00,80000,Booked
2026_4411_20:00,2026,Royal Sport Hall,4411,Lapangan 2,2026-09-26,20:00 - 21:00,80000,Booked
2026_4411_21:00,2026,Royal Sport Hall,4411,Lapangan 2,2026-09-26,21:00 - 22:00,80000,Available
2026_4411_22:00,2026,Royal Sport Hall,4411,Lapangan 2,2026-09-26,22:00 - 23:00,80000,Available
2026_4411_23:00,2026,Royal Sport Hall,4411,Lapangan 2,2026-09-26,23:00 - 00:00,80000,Available
2026_4412_09:00,2026,Royal Sport Hall,4412,Lapangan 3,2026-09-26,09:00 - 10:00,80000,Booked
2026_4412_10:00,2026,Royal Sport Hall,4412,Lapangan 3,2026-09-26,10:00 - 11:00,80000,Booked
2026_4412_11:00,2026,Royal Sport Hall,4412,Lapangan 3,2026-09-26,11:00 - 12:00,80000,Available
2026_4412_12:00,2026,Royal Sport Hall,4412,Lapangan 3,2026-09-26,12:00 - 13:00,80000,Available
2026_4412_13:00,2026,Royal Sport Hall,4412,Lapangan 3,2026-09-26,13:00 - 14:00,80000,Available
2026_4412_14:00,2026,Royal Sport Hall,4412,Lapangan 3,2026-09-26,14:00 - 15:00,80000,Available
2026_4412_15:00,2026,Royal Sport Hall,4412,Lapangan 3,2026-09-26,15:00 - 16:00,80000,Available
2026_4412_16:00,2026,Royal Sport Hall,4412,Lapangan 3,2026-09-26,16:00 - 17:00,80000,Available
2026_4412_17:00,2026,Royal Sport Hall,4412,Lapangan 3,2026-09-26,17:00 - 18:00,80000,Available
2026_4412_18:00,2026,Royal Sport Hall,4412,Lapangan 3,2026-09-26,18:00 - 19:00,80000,Available
2026_4412_19:00,2026,Royal Sport Hall,4412,Lapangan 3,2026-09-26,19:00 - 20:00,80000,Booked
2026_4412_20:00,2026,Royal Sport Hall,4412,Lapangan 3,2026-09-26,20:00 - 21:00,80000,Booked
2026_4412_21:00,2026,Royal Sport Hall,4412,Lapangan 3,2026-09-26,21:00 - 22:00,80000,Booked
2026_4412_22:00,2026,Royal Sport Hall,4412,Lapangan 3,2026-09-26,22:00 - 23:00,80000,Available
2026_4412_23:00,2026,Royal Sport Hall,4412,Lapangan 3,2026-09-26,23:00 - 00:00,80000,Available
2619_5734_08:00,2619,Bara Padel Court,5734,Court 1,2026-09-26,08:00 - 09:00,199000,Available
2619_5734_09:00,2619,Bara Padel Court,5734,Court 1,2026-09-26,09:00 - 10:00,199000,Available
2619_5734_10:00,2619,Bara Padel Court,5734,Court 1,2026-09-26,10:00 - 11:00,199000,Available
2619_5734_11:00,2619,Bara Padel Court,5734,Court 1,2026-09-26,11:00 - 12:00,199000,Available
2619_5734_12:00,2619,Bara Padel Court,5734,Court 1,2026-09-26,12:00 - 13:00,199000,Available
2619_5734_13:00,2619,Bara Padel Court,5734,Court 1,2026-09-26,13:00 - 14:00,199000,Available
2619_5734_14:00,2619,Bara Padel Court,5734,Court 1,2026-09-26,14:00 - 15:00,199000,Available
2619_5734_15:00,2619,Bara Padel Court,5734,Court 1,2026-09-26,15:00 - 16:00,199000,Available
2619_5734_16:00,2619,Bara Padel Court,5734,Court 1,2026-09-26,16:00 - 17:00,199000,Booked
2619_5734_17:00,2619,Bara Padel Court,5734,Court 1,2026-09-26,17:00 - 18:00,199000,Available
2619_5734_18:00,2619,Bara Padel Court,5734,Court 1,2026-09-26,18:00 - 19:00,199000,Available
2619_5734_19:00,2619,Bara Padel Court,5734,Court 1,2026-09-26,19:00 - 20:00,199000,Available
2619_5734_20:00,2619,Bara Padel Court,5734,Court 1,2026-09-26,20:00 - 21:00,199000,Available
2619_5734_21:00,2619,Bara Padel Court,5734,Court 1,2026-09-26,21:00 - 22:00,199000,Booked
2619_5734_22:00,2619,Bara Padel Court,5734,Court 1,2026-09-26,22:00 - 23:00,119000,Booked
2619_5734_23:00,2619,Bara Padel Court,5734,Court 1,2026-09-26,23:00 - 00:00,119000,Available
2619_7790_08:00,2619,Bara Padel Court,7790,Court 2,2026-09-26,08:00 - 09:00,199000,Booked
2619_7790_09:00,2619,Bara Padel Court,7790,Court 2,2026-09-26,09:00 - 10:00,199000,Booked
2619_7790_10:00,2619,Bara Padel Court,7790,Court 2,2026-09-26,10:00 - 11:00,199000,Available
2619_7790_11:00,2619,Bara Padel Court,7790,Court 2,2026-09-26,11:00 - 12:00,199000,Available
2619_7790_12:00,2619,Bara Padel Court,7790,Court 2,2026-09-26,12:00 - 13:00,199000,Available
2619_7790_13:00,2619,Bara Padel Court,7790,Court 2,2026-09-26,13:00 - 14:00,199000,Available
2619_7790_14:00,2619,Bara Padel Court,7790,Court 2,2026-09-26,14:00 - 15:00,199000,Available
2619_7790_15:00,2619,Bara Padel Court,7790,Court 2,2026-09-26,15:00 - 16:00,199000,Available
2619_7790_16:00,2619,Bara Padel Court,7790,Court 2,2026-09-26,16:00 - 17:00,199000,Booked
2619_7790_17:00,2619,Bara Padel Court,7790,Court 2,2026-09-26,17:00 - 18:00,199000,Booked
2619_7790_18:00,2619,Bara Padel Court,7790,Court 2,2026-09-26,18:00 - 19:00,199000,Available
2619_7790_19:00,2619,Bara Padel Court,7790,Court 2,2026-09-26,19:00 - 20:00,199000,Available
2619_7790_20:00,2619,Bara Padel Court,7790,Court 2,2026-09-26,20:00 - 21:00,199000,Available
2619_7790_21:00,2619,Bara Padel Court,7790,Court 2,2026-09-26,21:00 - 22:00,199000,Booked
2619_7790_22:00,2619,Bara Padel Court,7790,Court 2,2026-09-26,22:00 - 23:00,119000,Booked
2619_7790_23:00,2619,Bara Padel Court,7790,Court 2,2026-09-26,23:00 - 00:00,119000,Available
3077_7192_08:00,3077,Padelyuk,7192,Bandeja Court,2026-09-26,08:00 - 09:00,190000,Booked
3077_7192_09:00,3077,Padelyuk,7192,Bandeja Court,2026-09-26,09:00 - 10:00,190000,Booked
3077_7192_10:00,3077,Padelyuk,7192,Bandeja Court,2026-09-26,10:00 - 11:00,190000,Booked
3077_7192_11:00,3077,Padelyuk,7192,Bandeja Court,2026-09-26,11:00 - 12:00,190000,Available
3077_7192_12:00,3077,Padelyuk,7192,Bandeja Court,2026-09-26,12:00 - 13:00,190000,Booked
3077_7192_13:00,3077,Padelyuk,7192,Bandeja Court,2026-09-26,13:00 - 14:00,190000,Available
3077_7192_14:00,3077,Padelyuk,7192,Bandeja Court,2026-09-26,14:00 - 15:00,190000,Available
3077_7192_15:00,3077,Padelyuk,7192,Bandeja Court,2026-09-26,15:00 - 16:00,190000,Booked
3077_7192_16:00,3077,Padelyuk,7192,Bandeja Court,2026-09-26,16:00 - 17:00,190000,Booked
3077_7192_17:00,3077,Padelyuk,7192,Bandeja Court,2026-09-26,17:00 - 18:00,250000,Available
3077_7192_18:00,3077,Padelyuk,7192,Bandeja Court,2026-09-26,18:00 - 19:00,250000,Available
3077_7192_19:00,3077,Padelyuk,7192,Bandeja Court,2026-09-26,19:00 - 20:00,250000,Available
3077_7192_20:00,3077,Padelyuk,7192,Bandeja Court,2026-09-26,20:00 - 21:00,250000,Available
3077_7192_21:00,3077,Padelyuk,7192,Bandeja Court,2026-09-26,21:00 - 22:00,190000,Available
3077_7192_22:00,3077,Padelyuk,7192,Bandeja Court,2026-09-26,22:00 - 23:00,190000,Available
3077_7208_08:00,3077,Padelyuk,7208,Vibora Court,2026-09-26,08:00 - 09:00,190000,Booked
3077_7208_09:00,3077,Padelyuk,7208,Vibora Court,2026-09-26,09:00 - 10:00,190000,Booked
3077_7208_10:00,3077,Padelyuk,7208,Vibora Court,2026-09-26,10:00 - 11:00,190000,Booked
3077_7208_11:00,3077,Padelyuk,7208,Vibora Court,2026-09-26,11:00 - 12:00,190000,Available
3077_7208_12:00,3077,Padelyuk,7208,Vibora Court,2026-09-26,12:00 - 13:00,190000,Available
3077_7208_13:00,3077,Padelyuk,7208,Vibora Court,2026-09-26,13:00 - 14:00,190000,Available
3077_7208_14:00,3077,Padelyuk,7208,Vibora Court,2026-09-26,14:00 - 15:00,190000,Available
3077_7208_15:00,3077,Padelyuk,7208,Vibora Court,2026-09-26,15:00 - 16:00,190000,Booked
3077_7208_16:00,3077,Padelyuk,7208,Vibora Court,2026-09-26,16:00 - 17:00,190000,Booked
3077_7208_17:00,3077,Padelyuk,7208,Vibora Court,2026-09-26,17:00 - 18:00,250000,Available
3077_7208_18:00,3077,Padelyuk,7208,Vibora Court,2026-09-26,18:00 - 19:00,250000,Available
3077_7208_19:00,3077,Padelyuk,7208,Vibora Court,2026-09-26,19:00 - 20:00,250000,Available
3077_7208_20:00,3077,Padelyuk,7208,Vibora Court,2026-09-26,20:00 - 21:00,250000,Available
3077_7208_21:00,3077,Padelyuk,7208,Vibora Court,2026-09-26,21:00 - 22:00,190000,Available
3077_7208_22:00,3077,Padelyuk,7208,Vibora Court,2026-09-26,22:00 - 23:00,190000,Available
3077_7209_08:00,3077,Padelyuk,7209,Bajada Court,2026-09-26,08:00 - 09:00,190000,Booked
3077_7209_09:00,3077,Padelyuk,7209,Bajada Court,2026-09-26,09:00 - 10:00,190000,Booked
3077_7209_10:00,3077,Padelyuk,7209,Bajada Court,2026-09-26,10:00 - 11:00,190000,Available
3077_7209_11:00,3077,Padelyuk,7209,Bajada Court,2026-09-26,11:00 - 12:00,190000,Available
3077_7209_12:00,3077,Padelyuk,7209,Bajada Court,2026-09-26,12:00 - 13:00,190000,Available
3077_7209_13:00,3077,Padelyuk,7209,Bajada Court,2026-09-26,13:00 - 14:00,190000,Available
3077_7209_14:00,3077,Padelyuk,7209,Bajada Court,2026-09-26,14:00 - 15:00,190000,Available
3077_7209_15:00,3077,Padelyuk,7209,Bajada Court,2026-09-26,15:00 - 16:00,190000,Available
3077_7209_16:00,3077,Padelyuk,7209,Bajada Court,2026-09-26,16:00 - 17:00,190000,Booked
3077_7209_17:00,3077,Padelyuk,7209,Bajada Court,2026-09-26,17:00 - 18:00,250000,Booked
3077_7209_18:00,3077,Padelyuk,7209,Bajada Court,2026-09-26,18:00 - 19:00,250000,Available
3077_7209_19:00,3077,Padelyuk,7209,Bajada Court,2026-09-26,19:00 - 20:00,250000,Available
3077_7209_20:00,3077,Padelyuk,7209,Bajada Court,2026-09-26,20:00 - 21:00,250000,Available
3077_7209_21:00,3077,Padelyuk,7209,Bajada Court,2026-09-26,21:00 - 22:00,190000,Available
3077_7209_22:00,3077,Padelyuk,7209,Bajada Court,2026-09-26,22:00 - 23:00,190000,Available
1725_3487_08:00,1725,Elite Padel Club - Arandra Residence,3487,Court 1 (Black Turf),2026-09-26,08:00 - 09:00,250000,Available
1725_3487_09:00,1725,Elite Padel Club - Arandra Residence,3487,Court 1 (Black Turf),2026-09-26,09:00 - 10:00,250000,Booked
1725_3487_10:00,1725,Elite Padel Club - Arandra Residence,3487,Court 1 (Black Turf),2026-09-26,10:00 - 11:00,250000,Booked
1725_3487_11:00,1725,Elite Padel Club - Arandra Residence,3487,Court 1 (Black Turf),2026-09-26,11:00 - 12:00,250000,Booked
1725_3487_12:00,1725,Elite Padel Club - Arandra Residence,3487,Court 1 (Black Turf),2026-09-26,12:00 - 13:00,250000,Available
1725_3487_13:00,1725,Elite Padel Club - Arandra Residence,3487,Court 1 (Black Turf),2026-09-26,13:00 - 14:00,250000,Available
1725_3487_14:00,1725,Elite Padel Club - Arandra Residence,3487,Court 1 (Black Turf),2026-09-26,14:00 - 15:00,250000,Booked
1725_3487_15:00,1725,Elite Padel Club - Arandra Residence,3487,Court 1 (Black Turf),2026-09-26,15:00 - 16:00,250000,Booked
1725_3487_16:00,1725,Elite Padel Club - Arandra Residence,3487,Court 1 (Black Turf),2026-09-26,16:00 - 17:00,300000,Booked
1725_3487_17:00,1725,Elite Padel Club - Arandra Residence,3487,Court 1 (Black Turf),2026-09-26,17:00 - 18:00,300000,Booked
1725_3487_18:00,1725,Elite Padel Club - Arandra Residence,3487,Court 1 (Black Turf),2026-09-26,18:00 - 19:00,300000,Booked
1725_3487_19:00,1725,Elite Padel Club - Arandra Residence,3487,Court 1 (Black Turf),2026-09-26,19:00 - 20:00,300000,Available
1725_3487_20:00,1725,Elite Padel Club - Arandra Residence,3487,Court 1 (Black Turf),2026-09-26,20:00 - 21:00,300000,Available
1725_3487_21:00,1725,Elite Padel Club - Arandra Residence,3487,Court 1 (Black Turf),2026-09-26,21:00 - 22:00,300000,Available
1725_3487_22:00,1725,Elite Padel Club - Arandra Residence,3487,Court 1 (Black Turf),2026-09-26,22:00 - 23:00,250000,Available
1725_4804_08:00,1725,Elite Padel Club - Arandra Residence,4804,Court 2 (Black Turf),2026-09-26,08:00 - 09:00,250000,Available
1725_4804_09:00,1725,Elite Padel Club - Arandra Residence,4804,Court 2 (Black Turf),2026-09-26,09:00 - 10:00,250000,Booked
1725_4804_10:00,1725,Elite Padel Club - Arandra Residence,4804,Court 2 (Black Turf),2026-09-26,10:00 - 11:00,250000,Booked
1725_4804_11:00,1725,Elite Padel Club - Arandra Residence,4804,Court 2 (Black Turf),2026-09-26,11:00 - 12:00,250000,Booked
1725_4804_12:00,1725,Elite Padel Club - Arandra Residence,4804,Court 2 (Black Turf),2026-09-26,12:00 - 13:00,250000,Booked
1725_4804_13:00,1725,Elite Padel Club - Arandra Residence,4804,Court 2 (Black Turf),2026-09-26,13:00 - 14:00,250000,Available
1725_4804_14:00,1725,Elite Padel Club - Arandra Residence,4804,Court 2 (Black Turf),2026-09-26,14:00 - 15:00,250000,Booked
1725_4804_15:00,1725,Elite Padel Club - Arandra Residence,4804,Court 2 (Black Turf),2026-09-26,15:00 - 16:00,250000,Booked
1725_4804_16:00,1725,Elite Padel Club - Arandra Residence,4804,Court 2 (Black Turf),2026-09-26,16:00 - 17:00,300000,Booked
1725_4804_17:00,1725,Elite Padel Club - Arandra Residence,4804,Court 2 (Black Turf),2026-09-26,17:00 - 18:00,300000,Booked
1725_4804_18:00,1725,Elite Padel Club - Arandra Residence,4804,Court 2 (Black Turf),2026-09-26,18:00 - 19:00,300000,Booked
1725_4804_19:00,1725,Elite Padel Club - Arandra Residence,4804,Court 2 (Black Turf),2026-09-26,19:00 - 20:00,300000,Booked
1725_4804_20:00,1725,Elite Padel Club - Arandra Residence,4804,Court 2 (Black Turf),2026-09-26,20:00 - 21:00,300000,Available
1725_4804_21:00,1725,Elite Padel Club - Arandra Residence,4804,Court 2 (Black Turf),2026-09-26,21:00 - 22:00,300000,Available
1725_4804_22:00,1725,Elite Padel Club - Arandra Residence,4804,Court 2 (Black Turf),2026-09-26,22:00 - 23:00,250000,Available
1725_4805_08:00,1725,Elite Padel Club - Arandra Residence,4805,Court 3 (Teal Turf),2026-09-26,08:00 - 09:00,250000,Booked
1725_4805_09:00,1725,Elite Padel Club - Arandra Residence,4805,Court 3 (Teal Turf),2026-09-26,09:00 - 10:00,250000,Available
1725_4805_10:00,1725,Elite Padel Club - Arandra Residence,4805,Court 3 (Teal Turf),2026-09-26,10:00 - 11:00,250000,Booked
1725_4805_11:00,1725,Elite Padel Club - Arandra Residence,4805,Court 3 (Teal Turf),2026-09-26,11:00 - 12:00,250000,Booked
1725_4805_12:00,1725,Elite Padel Club - Arandra Residence,4805,Court 3 (Teal Turf),2026-09-26,12:00 - 13:00,250000,Available
1725_4805_13:00,1725,Elite Padel Club - Arandra Residence,4805,Court 3 (Teal Turf),2026-09-26,13:00 - 14:00,250000,Available
1725_4805_14:00,1725,Elite Padel Club - Arandra Residence,4805,Court 3 (Teal Turf),2026-09-26,14:00 - 15:00,250000,Booked
1725_4805_15:00,1725,Elite Padel Club - Arandra Residence,4805,Court 3 (Teal Turf),2026-09-26,15:00 - 16:00,250000,Booked
1725_4805_16:00,1725,Elite Padel Club - Arandra Residence,4805,Court 3 (Teal Turf),2026-09-26,16:00 - 17:00,300000,Booked
1725_4805_17:00,1725,Elite Padel Club - Arandra Residence,4805,Court 3 (Teal Turf),2026-09-26,17:00 - 18:00,300000,Booked
1725_4805_18:00,1725,Elite Padel Club - Arandra Residence,4805,Court 3 (Teal Turf),2026-09-26,18:00 - 19:00,300000,Available
1725_4805_19:00,1725,Elite Padel Club - Arandra Residence,4805,Court 3 (Teal Turf),2026-09-26,19:00 - 20:00,300000,Available
1725_4805_20:00,1725,Elite Padel Club - Arandra Residence,4805,Court 3 (Teal Turf),2026-09-26,20:00 - 21:00,300000,Available
1725_4805_21:00,1725,Elite Padel Club - Arandra Residence,4805,Court 3 (Teal Turf),2026-09-26,21:00 - 22:00,300000,Available
1725_4805_22:00,1725,Elite Padel Club - Arandra Residence,4805,Court 3 (Teal Turf),2026-09-26,22:00 - 23:00,250000,Available
1725_4806_08:00,1725,Elite Padel Club - Arandra Residence,4806,Court 4 (Teal Turf),2026-09-26,08:00 - 09:00,250000,Available
1725_4806_09:00,1725,Elite Padel Club - Arandra Residence,4806,Court 4 (Teal Turf),2026-09-26,09:00 - 10:00,250000,Booked
1725_4806_10:00,1725,Elite Padel Club - Arandra Residence,4806,Court 4 (Teal Turf),2026-09-26,10:00 - 11:00,250000,Booked
1725_4806_11:00,1725,Elite Padel Club - Arandra Residence,4806,Court 4 (Teal Turf),2026-09-26,11:00 - 12:00,250000,Booked
1725_4806_12:00,1725,Elite Padel Club - Arandra Residence,4806,Court 4 (Teal Turf),2026-09-26,12:00 - 13:00,250000,Booked
1725_4806_13:00,1725,Elite Padel Club - Arandra Residence,4806,Court 4 (Teal Turf),2026-09-26,13:00 - 14:00,250000,Booked
1725_4806_14:00,1725,Elite Padel Club - Arandra Residence,4806,Court 4 (Teal Turf),2026-09-26,14:00 - 15:00,250000,Booked
1725_4806_15:00,1725,Elite Padel Club - Arandra Residence,4806,Court 4 (Teal Turf),2026-09-26,15:00 - 16:00,250000,Booked
1725_4806_16:00,1725,Elite Padel Club - Arandra Residence,4806,Court 4 (Teal Turf),2026-09-26,16:00 - 17:00,300000,Available
1725_4806_17:00,1725,Elite Padel Club - Arandra Residence,4806,Court 4 (Teal Turf),2026-09-26,17:00 - 18:00,300000,Available
1725_4806_18:00,1725,Elite Padel Club - Arandra Residence,4806,Court 4 (Teal Turf),2026-09-26,18:00 - 19:00,300000,Available
1725_4806_19:00,1725,Elite Padel Club - Arandra Residence,4806,Court 4 (Teal Turf),2026-09-26,19:00 - 20:00,300000,Available
1725_4806_20:00,1725,Elite Padel Club - Arandra Residence,4806,Court 4 (Teal Turf),2026-09-26,20:00 - 21:00,300000,Available
1725_4806_21:00,1725,Elite Padel Club - Arandra Residence,4806,Court 4 (Teal Turf),2026-09-26,21:00 - 22:00,300000,Available
1725_4806_22:00,1725,Elite Padel Club - Arandra Residence,4806,Court 4 (Teal Turf),2026-09-26,22:00 - 23:00,250000,Available
1725_4807_08:00,1725,Elite Padel Club - Arandra Residence,4807,Court 5 (Teal Turf),2026-09-26,08:00 - 09:00,250000,Available
1725_4807_09:00,1725,Elite Padel Club - Arandra Residence,4807,Court 5 (Teal Turf),2026-09-26,09:00 - 10:00,250000,Booked
1725_4807_10:00,1725,Elite Padel Club - Arandra Residence,4807,Court 5 (Teal Turf),2026-09-26,10:00 - 11:00,250000,Booked
1725_4807_11:00,1725,Elite Padel Club - Arandra Residence,4807,Court 5 (Teal Turf),2026-09-26,11:00 - 12:00,250000,Booked
1725_4807_12:00,1725,Elite Padel Club - Arandra Residence,4807,Court 5 (Teal Turf),2026-09-26,12:00 - 13:00,250000,Booked
1725_4807_13:00,1725,Elite Padel Club - Arandra Residence,4807,Court 5 (Teal Turf),2026-09-26,13:00 - 14:00,250000,Available
1725_4807_14:00,1725,Elite Padel Club - Arandra Residence,4807,Court 5 (Teal Turf),2026-09-26,14:00 - 15:00,250000,Booked
1725_4807_15:00,1725,Elite Padel Club - Arandra Residence,4807,Court 5 (Teal Turf),2026-09-26,15:00 - 16:00,250000,Booked
1725_4807_16:00,1725,Elite Padel Club - Arandra Residence,4807,Court 5 (Teal Turf),2026-09-26,16:00 - 17:00,300000,Booked
1725_4807_17:00,1725,Elite Padel Club - Arandra Residence,4807,Court 5 (Teal Turf),2026-09-26,17:00 - 18:00,300000,Available
1725_4807_18:00,1725,Elite Padel Club - Arandra Residence,4807,Court 5 (Teal Turf),2026-09-26,18:00 - 19:00,300000,Available
1725_4807_19:00,1725,Elite Padel Club - Arandra Residence,4807,Court 5 (Teal Turf),2026-09-26,19:00 - 20:00,300000,Available
1725_4807_20:00,1725,Elite Padel Club - Arandra Residence,4807,Court 5 (Teal Turf),2026-09-26,20:00 - 21:00,300000,Available
1725_4807_21:00,1725,Elite Padel Club - Arandra Residence,4807,Court 5 (Teal Turf),2026-09-26,21:00 - 22:00,300000,Available
1725_4807_22:00,1725,Elite Padel Club - Arandra Residence,4807,Court 5 (Teal Turf),2026-09-26,22:00 - 23:00,250000,Available
1725_4808_08:00,1725,Elite Padel Club - Arandra Residence,4808,Court 6 (Teal Turf),2026-09-26,08:00 - 09:00,250000,Available
1725_4808_09:00,1725,Elite Padel Club - Arandra Residence,4808,Court 6 (Teal Turf),2026-09-26,09:00 - 10:00,250000,Booked
1725_4808_10:00,1725,Elite Padel Club - Arandra Residence,4808,Court 6 (Teal Turf),2026-09-26,10:00 - 11:00,250000,Booked
1725_4808_11:00,1725,Elite Padel Club - Arandra Residence,4808,Court 6 (Teal Turf),2026-09-26,11:00 - 12:00,250000,Booked
1725_4808_12:00,1725,Elite Padel Club - Arandra Residence,4808,Court 6 (Teal Turf),2026-09-26,12:00 - 13:00,250000,Booked
1725_4808_13:00,1725,Elite Padel Club - Arandra Residence,4808,Court 6 (Teal Turf),2026-09-26,13:00 - 14:00,250000,Available
1725_4808_14:00,1725,Elite Padel Club - Arandra Residence,4808,Court 6 (Teal Turf),2026-09-26,14:00 - 15:00,250000,Booked
1725_4808_15:00,1725,Elite Padel Club - Arandra Residence,4808,Court 6 (Teal Turf),2026-09-26,15:00 - 16:00,250000,Booked
1725_4808_16:00,1725,Elite Padel Club - Arandra Residence,4808,Court 6 (Teal Turf),2026-09-26,16:00 - 17:00,300000,Available
1725_4808_17:00,1725,Elite Padel Club - Arandra Residence,4808,Court 6 (Teal Turf),2026-09-26,17:00 - 18:00,300000,Available
1725_4808_18:00,1725,Elite Padel Club - Arandra Residence,4808,Court 6 (Teal Turf),2026-09-26,18:00 - 19:00,300000,Available
1725_4808_19:00,1725,Elite Padel Club - Arandra Residence,4808,Court 6 (Teal Turf),2026-09-26,19:00 - 20:00,300000,Available
1725_4808_20:00,1725,Elite Padel Club - Arandra Residence,4808,Court 6 (Teal Turf),2026-09-26,20:00 - 21:00,300000,Available
1725_4808_21:00,1725,Elite Padel Club - Arandra Residence,4808,Court 6 (Teal Turf),2026-09-26,21:00 - 22:00,300000,Available
1725_4808_22:00,1725,Elite Padel Club - Arandra Residence,4808,Court 6 (Teal Turf),2026-09-26,22:00 - 23:00,250000,Available
2389_5026_08:00,2389,Sweat and Social Padel (Arcici Sport Center),5026,BLIBLI COURT (Purple Court 1),2026-09-26,08:00 - 09:00,225000,Available
2389_5026_09:00,2389,Sweat and Social Padel (Arcici Sport Center),5026,BLIBLI COURT (Purple Court 1),2026-09-26,09:00 - 10:00,225000,Available
2389_5026_10:00,2389,Sweat and Social Padel (Arcici Sport Center),5026,BLIBLI COURT (Purple Court 1),2026-09-26,10:00 - 11:00,225000,Booked
2389_5026_11:00,2389,Sweat and Social Padel (Arcici Sport Center),5026,BLIBLI COURT (Purple Court 1),2026-09-26,11:00 - 12:00,225000,Booked
2389_5026_12:00,2389,Sweat and Social Padel (Arcici Sport Center),5026,BLIBLI COURT (Purple Court 1),2026-09-26,12:00 - 13:00,225000,Booked
2389_5026_13:00,2389,Sweat and Social Padel (Arcici Sport Center),5026,BLIBLI COURT (Purple Court 1),2026-09-26,13:00 - 14:00,225000,Booked
2389_5026_14:00,2389,Sweat and Social Padel (Arcici Sport Center),5026,BLIBLI COURT (Purple Court 1),2026-09-26,14:00 - 15:00,225000,Booked
2389_5026_15:00,2389,Sweat and Social Padel (Arcici Sport Center),5026,BLIBLI COURT (Purple Court 1),2026-09-26,15:00 - 16:00,225000,Available
2389_5026_16:00,2389,Sweat and Social Padel (Arcici Sport Center),5026,BLIBLI COURT (Purple Court 1),2026-09-26,16:00 - 17:00,225000,Booked
2389_5026_17:00,2389,Sweat and Social Padel (Arcici Sport Center),5026,BLIBLI COURT (Purple Court 1),2026-09-26,17:00 - 18:00,225000,Booked
2389_5026_18:00,2389,Sweat and Social Padel (Arcici Sport Center),5026,BLIBLI COURT (Purple Court 1),2026-09-26,18:00 - 19:00,225000,Available
2389_5026_19:00,2389,Sweat and Social Padel (Arcici Sport Center),5026,BLIBLI COURT (Purple Court 1),2026-09-26,19:00 - 20:00,225000,Booked
2389_5026_20:00,2389,Sweat and Social Padel (Arcici Sport Center),5026,BLIBLI COURT (Purple Court 1),2026-09-26,20:00 - 21:00,225000,Booked
2389_5026_21:00,2389,Sweat and Social Padel (Arcici Sport Center),5026,BLIBLI COURT (Purple Court 1),2026-09-26,21:00 - 22:00,225000,Booked
2389_5026_22:00,2389,Sweat and Social Padel (Arcici Sport Center),5026,BLIBLI COURT (Purple Court 1),2026-09-26,22:00 - 23:00,225000,Available
2389_5026_23:00,2389,Sweat and Social Padel (Arcici Sport Center),5026,BLIBLI COURT (Purple Court 1),2026-09-26,23:00 - 00:00,225000,Available
2389_5042_08:00,2389,Sweat and Social Padel (Arcici Sport Center),5042,Court 2 (blue),2026-09-26,08:00 - 09:00,225000,Available
2389_5042_09:00,2389,Sweat and Social Padel (Arcici Sport Center),5042,Court 2 (blue),2026-09-26,09:00 - 10:00,225000,Available
2389_5042_10:00,2389,Sweat and Social Padel (Arcici Sport Center),5042,Court 2 (blue),2026-09-26,10:00 - 11:00,225000,Booked
2389_5042_11:00,2389,Sweat and Social Padel (Arcici Sport Center),5042,Court 2 (blue),2026-09-26,11:00 - 12:00,225000,Booked
2389_5042_12:00,2389,Sweat and Social Padel (Arcici Sport Center),5042,Court 2 (blue),2026-09-26,12:00 - 13:00,225000,Available
2389_5042_13:00,2389,Sweat and Social Padel (Arcici Sport Center),5042,Court 2 (blue),2026-09-26,13:00 - 14:00,225000,Available
2389_5042_14:00,2389,Sweat and Social Padel (Arcici Sport Center),5042,Court 2 (blue),2026-09-26,14:00 - 15:00,225000,Available
2389_5042_15:00,2389,Sweat and Social Padel (Arcici Sport Center),5042,Court 2 (blue),2026-09-26,15:00 - 16:00,225000,Available
2389_5042_16:00,2389,Sweat and Social Padel (Arcici Sport Center),5042,Court 2 (blue),2026-09-26,16:00 - 17:00,225000,Booked
2389_5042_17:00,2389,Sweat and Social Padel (Arcici Sport Center),5042,Court 2 (blue),2026-09-26,17:00 - 18:00,225000,Booked
2389_5042_18:00,2389,Sweat and Social Padel (Arcici Sport Center),5042,Court 2 (blue),2026-09-26,18:00 - 19:00,225000,Available
2389_5042_19:00,2389,Sweat and Social Padel (Arcici Sport Center),5042,Court 2 (blue),2026-09-26,19:00 - 20:00,225000,Booked
2389_5042_20:00,2389,Sweat and Social Padel (Arcici Sport Center),5042,Court 2 (blue),2026-09-26,20:00 - 21:00,225000,Booked
2389_5042_21:00,2389,Sweat and Social Padel (Arcici Sport Center),5042,Court 2 (blue),2026-09-26,21:00 - 22:00,225000,Available
2389_5042_22:00,2389,Sweat and Social Padel (Arcici Sport Center),5042,Court 2 (blue),2026-09-26,22:00 - 23:00,225000,Available
2389_5042_23:00,2389,Sweat and Social Padel (Arcici Sport Center),5042,Court 2 (blue),2026-09-26,23:00 - 00:00,225000,Available
2389_5043_08:00,2389,Sweat and Social Padel (Arcici Sport Center),5043,Court 3 (purple),2026-09-26,08:00 - 09:00,225000,Available
2389_5043_09:00,2389,Sweat and Social Padel (Arcici Sport Center),5043,Court 3 (purple),2026-09-26,09:00 - 10:00,225000,Available
2389_5043_10:00,2389,Sweat and Social Padel (Arcici Sport Center),5043,Court 3 (purple),2026-09-26,10:00 - 11:00,225000,Booked
2389_5043_11:00,2389,Sweat and Social Padel (Arcici Sport Center),5043,Court 3 (purple),2026-09-26,11:00 - 12:00,225000,Booked
2389_5043_12:00,2389,Sweat and Social Padel (Arcici Sport Center),5043,Court 3 (purple),2026-09-26,12:00 - 13:00,225000,Available
2389_5043_13:00,2389,Sweat and Social Padel (Arcici Sport Center),5043,Court 3 (purple),2026-09-26,13:00 - 14:00,225000,Available
2389_5043_14:00,2389,Sweat and Social Padel (Arcici Sport Center),5043,Court 3 (purple),2026-09-26,14:00 - 15:00,225000,Available
2389_5043_15:00,2389,Sweat and Social Padel (Arcici Sport Center),5043,Court 3 (purple),2026-09-26,15:00 - 16:00,225000,Available
2389_5043_16:00,2389,Sweat and Social Padel (Arcici Sport Center),5043,Court 3 (purple),2026-09-26,16:00 - 17:00,225000,Booked
2389_5043_17:00,2389,Sweat and Social Padel (Arcici Sport Center),5043,Court 3 (purple),2026-09-26,17:00 - 18:00,225000,Booked
2389_5043_18:00,2389,Sweat and Social Padel (Arcici Sport Center),5043,Court 3 (purple),2026-09-26,18:00 - 19:00,225000,Available
2389_5043_19:00,2389,Sweat and Social Padel (Arcici Sport Center),5043,Court 3 (purple),2026-09-26,19:00 - 20:00,225000,Booked
2389_5043_20:00,2389,Sweat and Social Padel (Arcici Sport Center),5043,Court 3 (purple),2026-09-26,20:00 - 21:00,225000,Booked
2389_5043_21:00,2389,Sweat and Social Padel (Arcici Sport Center),5043,Court 3 (purple),2026-09-26,21:00 - 22:00,225000,Booked
2389_5043_22:00,2389,Sweat and Social Padel (Arcici Sport Center),5043,Court 3 (purple),2026-09-26,22:00 - 23:00,225000,Available
2389_5043_23:00,2389,Sweat and Social Padel (Arcici Sport Center),5043,Court 3 (purple),2026-09-26,23:00 - 00:00,225000,Available
2389_5044_08:00,2389,Sweat and Social Padel (Arcici Sport Center),5044,Court 4 (blue),2026-09-26,08:00 - 09:00,225000,Available
2389_5044_09:00,2389,Sweat and Social Padel (Arcici Sport Center),5044,Court 4 (blue),2026-09-26,09:00 - 10:00,225000,Available
2389_5044_10:00,2389,Sweat and Social Padel (Arcici Sport Center),5044,Court 4 (blue),2026-09-26,10:00 - 11:00,225000,Booked
2389_5044_11:00,2389,Sweat and Social Padel (Arcici Sport Center),5044,Court 4 (blue),2026-09-26,11:00 - 12:00,225000,Booked
2389_5044_12:00,2389,Sweat and Social Padel (Arcici Sport Center),5044,Court 4 (blue),2026-09-26,12:00 - 13:00,225000,Booked
2389_5044_13:00,2389,Sweat and Social Padel (Arcici Sport Center),5044,Court 4 (blue),2026-09-26,13:00 - 14:00,225000,Booked
2389_5044_14:00,2389,Sweat and Social Padel (Arcici Sport Center),5044,Court 4 (blue),2026-09-26,14:00 - 15:00,225000,Booked
2389_5044_15:00,2389,Sweat and Social Padel (Arcici Sport Center),5044,Court 4 (blue),2026-09-26,15:00 - 16:00,225000,Available
2389_5044_16:00,2389,Sweat and Social Padel (Arcici Sport Center),5044,Court 4 (blue),2026-09-26,16:00 - 17:00,225000,Booked
2389_5044_17:00,2389,Sweat and Social Padel (Arcici Sport Center),5044,Court 4 (blue),2026-09-26,17:00 - 18:00,225000,Booked
2389_5044_18:00,2389,Sweat and Social Padel (Arcici Sport Center),5044,Court 4 (blue),2026-09-26,18:00 - 19:00,225000,Booked
2389_5044_19:00,2389,Sweat and Social Padel (Arcici Sport Center),5044,Court 4 (blue),2026-09-26,19:00 - 20:00,225000,Booked
2389_5044_20:00,2389,Sweat and Social Padel (Arcici Sport Center),5044,Court 4 (blue),2026-09-26,20:00 - 21:00,225000,Available
2389_5044_21:00,2389,Sweat and Social Padel (Arcici Sport Center),5044,Court 4 (blue),2026-09-26,21:00 - 22:00,225000,Available
2389_5044_22:00,2389,Sweat and Social Padel (Arcici Sport Center),5044,Court 4 (blue),2026-09-26,22:00 - 23:00,225000,Available
2389_5044_23:00,2389,Sweat and Social Padel (Arcici Sport Center),5044,Court 4 (blue),2026-09-26,23:00 - 00:00,225000,Available
1733_3491_08:00,1733,ZSC Padel,3491,Court Z ( Purple ),2026-09-26,08:00 - 09:00,200000,Available
1733_3491_09:00,1733,ZSC Padel,3491,Court Z ( Purple ),2026-09-26,09:00 - 10:00,200000,Available
1733_3491_10:00,1733,ZSC Padel,3491,Court Z ( Purple ),2026-09-26,10:00 - 11:00,200000,Available
1733_3491_11:00,1733,ZSC Padel,3491,Court Z ( Purple ),2026-09-26,11:00 - 12:00,200000,Available
1733_3491_12:00,1733,ZSC Padel,3491,Court Z ( Purple ),2026-09-26,12:00 - 13:00,200000,Available
1733_3491_13:00,1733,ZSC Padel,3491,Court Z ( Purple ),2026-09-26,13:00 - 14:00,200000,Available
1733_3491_14:00,1733,ZSC Padel,3491,Court Z ( Purple ),2026-09-26,14:00 - 15:00,200000,Available
1733_3491_15:00,1733,ZSC Padel,3491,Court Z ( Purple ),2026-09-26,15:00 - 16:00,200000,Available
1733_3491_16:00,1733,ZSC Padel,3491,Court Z ( Purple ),2026-09-26,16:00 - 17:00,200000,Available
1733_3491_17:00,1733,ZSC Padel,3491,Court Z ( Purple ),2026-09-26,17:00 - 18:00,200000,Booked
1733_3491_18:00,1733,ZSC Padel,3491,Court Z ( Purple ),2026-09-26,18:00 - 19:00,200000,Booked
1733_3491_19:00,1733,ZSC Padel,3491,Court Z ( Purple ),2026-09-26,19:00 - 20:00,200000,Available
1733_3491_20:00,1733,ZSC Padel,3491,Court Z ( Purple ),2026-09-26,20:00 - 21:00,200000,Available
1733_3491_21:00,1733,ZSC Padel,3491,Court Z ( Purple ),2026-09-26,21:00 - 22:00,200000,Available
1733_3491_22:00,1733,ZSC Padel,3491,Court Z ( Purple ),2026-09-26,22:00 - 23:00,200000,Available
1733_3491_23:00,1733,ZSC Padel,3491,Court Z ( Purple ),2026-09-26,23:00 - 00:00,200000,Available
1733_3811_08:00,1733,ZSC Padel,3811,Court C ( Blue ),2026-09-26,08:00 - 09:00,200000,Available
1733_3811_09:00,1733,ZSC Padel,3811,Court C ( Blue ),2026-09-26,09:00 - 10:00,200000,Available
1733_3811_10:00,1733,ZSC Padel,3811,Court C ( Blue ),2026-09-26,10:00 - 11:00,200000,Available
1733_3811_11:00,1733,ZSC Padel,3811,Court C ( Blue ),2026-09-26,11:00 - 12:00,200000,Available
1733_3811_12:00,1733,ZSC Padel,3811,Court C ( Blue ),2026-09-26,12:00 - 13:00,200000,Available
1733_3811_13:00,1733,ZSC Padel,3811,Court C ( Blue ),2026-09-26,13:00 - 14:00,200000,Available
1733_3811_14:00,1733,ZSC Padel,3811,Court C ( Blue ),2026-09-26,14:00 - 15:00,200000,Available
1733_3811_15:00,1733,ZSC Padel,3811,Court C ( Blue ),2026-09-26,15:00 - 16:00,200000,Available
1733_3811_16:00,1733,ZSC Padel,3811,Court C ( Blue ),2026-09-26,16:00 - 17:00,200000,Available
1733_3811_17:00,1733,ZSC Padel,3811,Court C ( Blue ),2026-09-26,17:00 - 18:00,200000,Available
1733_3811_18:00,1733,ZSC Padel,3811,Court C ( Blue ),2026-09-26,18:00 - 19:00,200000,Available
1733_3811_19:00,1733,ZSC Padel,3811,Court C ( Blue ),2026-09-26,19:00 - 20:00,200000,Available
1733_3811_20:00,1733,ZSC Padel,3811,Court C ( Blue ),2026-09-26,20:00 - 21:00,200000,Available
1733_3811_21:00,1733,ZSC Padel,3811,Court C ( Blue ),2026-09-26,21:00 - 22:00,200000,Available
1733_3811_22:00,1733,ZSC Padel,3811,Court C ( Blue ),2026-09-26,22:00 - 23:00,200000,Available
1733_3811_23:00,1733,ZSC Padel,3811,Court C ( Blue ),2026-09-26,23:00 - 00:00,200000,Available
1467_2920_08:00,1467,Nine Padel Monas,2920,Court 1 (Green),2026-09-26,08:00 - 08:30,192500,Available
1467_2920_08:30,1467,Nine Padel Monas,2920,Court 1 (Green),2026-09-26,08:30 - 09:00,192500,Available
1467_2920_09:00,1467,Nine Padel Monas,2920,Court 1 (Green),2026-09-26,09:00 - 09:30,192500,Available
1467_2920_09:30,1467,Nine Padel Monas,2920,Court 1 (Green),2026-09-26,09:30 - 10:00,192500,Available
1467_2920_10:00,1467,Nine Padel Monas,2920,Court 1 (Green),2026-09-26,10:00 - 10:30,192500,Available
1467_2920_10:30,1467,Nine Padel Monas,2920,Court 1 (Green),2026-09-26,10:30 - 11:00,192500,Available
1467_2920_11:00,1467,Nine Padel Monas,2920,Court 1 (Green),2026-09-26,11:00 - 11:30,192500,Available
1467_2920_11:30,1467,Nine Padel Monas,2920,Court 1 (Green),2026-09-26,11:30 - 12:00,192500,Available
1467_2920_12:00,1467,Nine Padel Monas,2920,Court 1 (Green),2026-09-26,12:00 - 12:30,192500,Available
1467_2920_12:30,1467,Nine Padel Monas,2920,Court 1 (Green),2026-09-26,12:30 - 13:00,192500,Available
1467_2920_13:00,1467,Nine Padel Monas,2920,Court 1 (Green),2026-09-26,13:00 - 13:30,192500,Available
1467_2920_13:30,1467,Nine Padel Monas,2920,Court 1 (Green),2026-09-26,13:30 - 14:00,192500,Available
1467_2920_14:00,1467,Nine Padel Monas,2920,Court 1 (Green),2026-09-26,14:00 - 14:30,192500,Available
1467_2920_14:30,1467,Nine Padel Monas,2920,Court 1 (Green),2026-09-26,14:30 - 15:00,192500,Available
1467_2920_15:00,1467,Nine Padel Monas,2920,Court 1 (Green),2026-09-26,15:00 - 15:30,192500,Available
1467_2920_15:30,1467,Nine Padel Monas,2920,Court 1 (Green),2026-09-26,15:30 - 16:00,192500,Available
1467_2920_16:00,1467,Nine Padel Monas,2920,Court 1 (Green),2026-09-26,16:00 - 16:30,192500,Available
1467_2920_16:30,1467,Nine Padel Monas,2920,Court 1 (Green),2026-09-26,16:30 - 17:00,192500,Available
1467_2920_17:00,1467,Nine Padel Monas,2920,Court 1 (Green),2026-09-26,17:00 - 17:30,192500,Available
1467_2920_17:30,1467,Nine Padel Monas,2920,Court 1 (Green),2026-09-26,17:30 - 18:00,192500,Available
1467_2920_18:00,1467,Nine Padel Monas,2920,Court 1 (Green),2026-09-26,18:00 - 18:30,192500,Available
1467_2920_18:30,1467,Nine Padel Monas,2920,Court 1 (Green),2026-09-26,18:30 - 19:00,192500,Available
1467_2920_19:00,1467,Nine Padel Monas,2920,Court 1 (Green),2026-09-26,19:00 - 19:30,192500,Available
1467_2920_19:30,1467,Nine Padel Monas,2920,Court 1 (Green),2026-09-26,19:30 - 20:00,192500,Available
1467_2920_20:00,1467,Nine Padel Monas,2920,Court 1 (Green),2026-09-26,20:00 - 20:30,192500,Available
1467_2920_20:30,1467,Nine Padel Monas,2920,Court 1 (Green),2026-09-26,20:30 - 21:00,192500,Available
1467_2920_21:00,1467,Nine Padel Monas,2920,Court 1 (Green),2026-09-26,21:00 - 21:30,192500,Available
1467_2920_21:30,1467,Nine Padel Monas,2920,Court 1 (Green),2026-09-26,21:30 - 22:00,192500,Available
1467_2920_22:00,1467,Nine Padel Monas,2920,Court 1 (Green),2026-09-26,22:00 - 22:30,192500,Available
1467_2920_22:30,1467,Nine Padel Monas,2920,Court 1 (Green),2026-09-26,22:30 - 23:00,192500,Available
1467_2920_23:00,1467,Nine Padel Monas,2920,Court 1 (Green),2026-09-26,23:00 - 23:30,192500,Available
1467_2920_23:30,1467,Nine Padel Monas,2920,Court 1 (Green),2026-09-26,23:30 - 00:00,192500,Available
1467_8945_08:00,1467,Nine Padel Monas,8945,Court 2 (Green),2026-09-26,08:00 - 08:30,192500,Available
1467_8945_08:30,1467,Nine Padel Monas,8945,Court 2 (Green),2026-09-26,08:30 - 09:00,192500,Available
1467_8945_09:00,1467,Nine Padel Monas,8945,Court 2 (Green),2026-09-26,09:00 - 09:30,192500,Available
1467_8945_09:30,1467,Nine Padel Monas,8945,Court 2 (Green),2026-09-26,09:30 - 10:00,192500,Available
1467_8945_10:00,1467,Nine Padel Monas,8945,Court 2 (Green),2026-09-26,10:00 - 10:30,192500,Available
1467_8945_10:30,1467,Nine Padel Monas,8945,Court 2 (Green),2026-09-26,10:30 - 11:00,192500,Available
1467_8945_11:00,1467,Nine Padel Monas,8945,Court 2 (Green),2026-09-26,11:00 - 11:30,192500,Available
1467_8945_11:30,1467,Nine Padel Monas,8945,Court 2 (Green),2026-09-26,11:30 - 12:00,192500,Available
1467_8945_12:00,1467,Nine Padel Monas,8945,Court 2 (Green),2026-09-26,12:00 - 12:30,192500,Available
1467_8945_12:30,1467,Nine Padel Monas,8945,Court 2 (Green),2026-09-26,12:30 - 13:00,192500,Available
1467_8945_13:00,1467,Nine Padel Monas,8945,Court 2 (Green),2026-09-26,13:00 - 13:30,192500,Available
1467_8945_13:30,1467,Nine Padel Monas,8945,Court 2 (Green),2026-09-26,13:30 - 14:00,192500,Available
1467_8945_14:00,1467,Nine Padel Monas,8945,Court 2 (Green),2026-09-26,14:00 - 14:30,192500,Available
1467_8945_14:30,1467,Nine Padel Monas,8945,Court 2 (Green),2026-09-26,14:30 - 15:00,192500,Available
1467_8945_15:00,1467,Nine Padel Monas,8945,Court 2 (Green),2026-09-26,15:00 - 15:30,192500,Available
1467_8945_15:30,1467,Nine Padel Monas,8945,Court 2 (Green),2026-09-26,15:30 - 16:00,192500,Available
1467_8945_16:00,1467,Nine Padel Monas,8945,Court 2 (Green),2026-09-26,16:00 - 16:30,192500,Available
1467_8945_16:30,1467,Nine Padel Monas,8945,Court 2 (Green),2026-09-26,16:30 - 17:00,192500,Available
1467_8945_17:00,1467,Nine Padel Monas,8945,Court 2 (Green),2026-09-26,17:00 - 17:30,192500,Available
1467_8945_17:30,1467,Nine Padel Monas,8945,Court 2 (Green),2026-09-26,17:30 - 18:00,192500,Available
1467_8945_18:00,1467,Nine Padel Monas,8945,Court 2 (Green),2026-09-26,18:00 - 18:30,192500,Available
1467_8945_18:30,1467,Nine Padel Monas,8945,Court 2 (Green),2026-09-26,18:30 - 19:00,192500,Available
1467_8945_19:00,1467,Nine Padel Monas,8945,Court 2 (Green),2026-09-26,19:00 - 19:30,192500,Available
1467_8945_19:30,1467,Nine Padel Monas,8945,Court 2 (Green),2026-09-26,19:30 - 20:00,192500,Available
1467_8945_20:00,1467,Nine Padel Monas,8945,Court 2 (Green),2026-09-26,20:00 - 20:30,192500,Available
1467_8945_20:30,1467,Nine Padel Monas,8945,Court 2 (Green),2026-09-26,20:30 - 21:00,192500,Available
1467_8945_21:00,1467,Nine Padel Monas,8945,Court 2 (Green),2026-09-26,21:00 - 21:30,192500,Available
1467_8945_21:30,1467,Nine Padel Monas,8945,Court 2 (Green),2026-09-26,21:30 - 22:00,192500,Available
1467_8945_22:00,1467,Nine Padel Monas,8945,Court 2 (Green),2026-09-26,22:00 - 22:30,192500,Available
1467_8945_22:30,1467,Nine Padel Monas,8945,Court 2 (Green),2026-09-26,22:30 - 23:00,192500,Available
1467_8945_23:00,1467,Nine Padel Monas,8945,Court 2 (Green),2026-09-26,23:00 - 23:30,192500,Available
1467_8945_23:30,1467,Nine Padel Monas,8945,Court 2 (Green),2026-09-26,23:30 - 00:00,192500,Available
1467_8946_08:00,1467,Nine Padel Monas,8946,Court 3 (Green),2026-09-26,08:00 - 08:30,192500,Available
1467_8946_08:30,1467,Nine Padel Monas,8946,Court 3 (Green),2026-09-26,08:30 - 09:00,192500,Available
1467_8946_09:00,1467,Nine Padel Monas,8946,Court 3 (Green),2026-09-26,09:00 - 09:30,192500,Booked
1467_8946_09:30,1467,Nine Padel Monas,8946,Court 3 (Green),2026-09-26,09:30 - 10:00,192500,Booked
1467_8946_10:00,1467,Nine Padel Monas,8946,Court 3 (Green),2026-09-26,10:00 - 10:30,192500,Available
1467_8946_10:30,1467,Nine Padel Monas,8946,Court 3 (Green),2026-09-26,10:30 - 11:00,192500,Available
1467_8946_11:00,1467,Nine Padel Monas,8946,Court 3 (Green),2026-09-26,11:00 - 11:30,192500,Available
1467_8946_11:30,1467,Nine Padel Monas,8946,Court 3 (Green),2026-09-26,11:30 - 12:00,192500,Available
1467_8946_12:00,1467,Nine Padel Monas,8946,Court 3 (Green),2026-09-26,12:00 - 12:30,192500,Available
1467_8946_12:30,1467,Nine Padel Monas,8946,Court 3 (Green),2026-09-26,12:30 - 13:00,192500,Available
1467_8946_13:00,1467,Nine Padel Monas,8946,Court 3 (Green),2026-09-26,13:00 - 13:30,192500,Available
1467_8946_13:30,1467,Nine Padel Monas,8946,Court 3 (Green),2026-09-26,13:30 - 14:00,192500,Available
1467_8946_14:00,1467,Nine Padel Monas,8946,Court 3 (Green),2026-09-26,14:00 - 14:30,192500,Available
1467_8946_14:30,1467,Nine Padel Monas,8946,Court 3 (Green),2026-09-26,14:30 - 15:00,192500,Available
1467_8946_15:00,1467,Nine Padel Monas,8946,Court 3 (Green),2026-09-26,15:00 - 15:30,192500,Available
1467_8946_15:30,1467,Nine Padel Monas,8946,Court 3 (Green),2026-09-26,15:30 - 16:00,192500,Available
1467_8946_16:00,1467,Nine Padel Monas,8946,Court 3 (Green),2026-09-26,16:00 - 16:30,192500,Available
1467_8946_16:30,1467,Nine Padel Monas,8946,Court 3 (Green),2026-09-26,16:30 - 17:00,192500,Available
1467_8946_17:00,1467,Nine Padel Monas,8946,Court 3 (Green),2026-09-26,17:00 - 17:30,192500,Available
1467_8946_17:30,1467,Nine Padel Monas,8946,Court 3 (Green),2026-09-26,17:30 - 18:00,192500,Available
1467_8946_18:00,1467,Nine Padel Monas,8946,Court 3 (Green),2026-09-26,18:00 - 18:30,192500,Available
1467_8946_18:30,1467,Nine Padel Monas,8946,Court 3 (Green),2026-09-26,18:30 - 19:00,192500,Available
1467_8946_19:00,1467,Nine Padel Monas,8946,Court 3 (Green),2026-09-26,19:00 - 19:30,192500,Available
1467_8946_19:30,1467,Nine Padel Monas,8946,Court 3 (Green),2026-09-26,19:30 - 20:00,192500,Available
1467_8946_20:00,1467,Nine Padel Monas,8946,Court 3 (Green),2026-09-26,20:00 - 20:30,192500,Available
1467_8946_20:30,1467,Nine Padel Monas,8946,Court 3 (Green),2026-09-26,20:30 - 21:00,192500,Available
1467_8946_21:00,1467,Nine Padel Monas,8946,Court 3 (Green),2026-09-26,21:00 - 21:30,192500,Available
1467_8946_21:30,1467,Nine Padel Monas,8946,Court 3 (Green),2026-09-26,21:30 - 22:00,192500,Available
1467_8946_22:00,1467,Nine Padel Monas,8946,Court 3 (Green),2026-09-26,22:00 - 22:30,192500,Available
1467_8946_22:30,1467,Nine Padel Monas,8946,Court 3 (Green),2026-09-26,22:30 - 23:00,192500,Available
1467_8946_23:00,1467,Nine Padel Monas,8946,Court 3 (Green),2026-09-26,23:00 - 23:30,192500,Available
1467_8946_23:30,1467,Nine Padel Monas,8946,Court 3 (Green),2026-09-26,23:30 - 00:00,192500,Available
1467_8947_08:00,1467,Nine Padel Monas,8947,Court 4 (Green),2026-09-26,08:00 - 08:30,192500,Available
1467_8947_08:30,1467,Nine Padel Monas,8947,Court 4 (Green),2026-09-26,08:30 - 09:00,192500,Available
1467_8947_09:00,1467,Nine Padel Monas,8947,Court 4 (Green),2026-09-26,09:00 - 09:30,192500,Available
1467_8947_09:30,1467,Nine Padel Monas,8947,Court 4 (Green),2026-09-26,09:30 - 10:00,192500,Available
1467_8947_10:00,1467,Nine Padel Monas,8947,Court 4 (Green),2026-09-26,10:00 - 10:30,192500,Available
1467_8947_10:30,1467,Nine Padel Monas,8947,Court 4 (Green),2026-09-26,10:30 - 11:00,192500,Available
1467_8947_11:00,1467,Nine Padel Monas,8947,Court 4 (Green),2026-09-26,11:00 - 11:30,192500,Available
1467_8947_11:30,1467,Nine Padel Monas,8947,Court 4 (Green),2026-09-26,11:30 - 12:00,192500,Available
1467_8947_12:00,1467,Nine Padel Monas,8947,Court 4 (Green),2026-09-26,12:00 - 12:30,192500,Available
1467_8947_12:30,1467,Nine Padel Monas,8947,Court 4 (Green),2026-09-26,12:30 - 13:00,192500,Available
1467_8947_13:00,1467,Nine Padel Monas,8947,Court 4 (Green),2026-09-26,13:00 - 13:30,192500,Available
1467_8947_13:30,1467,Nine Padel Monas,8947,Court 4 (Green),2026-09-26,13:30 - 14:00,192500,Available
1467_8947_14:00,1467,Nine Padel Monas,8947,Court 4 (Green),2026-09-26,14:00 - 14:30,192500,Available
1467_8947_14:30,1467,Nine Padel Monas,8947,Court 4 (Green),2026-09-26,14:30 - 15:00,192500,Available
1467_8947_15:00,1467,Nine Padel Monas,8947,Court 4 (Green),2026-09-26,15:00 - 15:30,192500,Available
1467_8947_15:30,1467,Nine Padel Monas,8947,Court 4 (Green),2026-09-26,15:30 - 16:00,192500,Available
1467_8947_16:00,1467,Nine Padel Monas,8947,Court 4 (Green),2026-09-26,16:00 - 16:30,192500,Available
1467_8947_16:30,1467,Nine Padel Monas,8947,Court 4 (Green),2026-09-26,16:30 - 17:00,192500,Available
1467_8947_17:00,1467,Nine Padel Monas,8947,Court 4 (Green),2026-09-26,17:00 - 17:30,192500,Available
1467_8947_17:30,1467,Nine Padel Monas,8947,Court 4 (Green),2026-09-26,17:30 - 18:00,192500,Available
1467_8947_18:00,1467,Nine Padel Monas,8947,Court 4 (Green),2026-09-26,18:00 - 18:30,192500,Available
1467_8947_18:30,1467,Nine Padel Monas,8947,Court 4 (Green),2026-09-26,18:30 - 19:00,192500,Available
1467_8947_19:00,1467,Nine Padel Monas,8947,Court 4 (Green),2026-09-26,19:00 - 19:30,192500,Available
1467_8947_19:30,1467,Nine Padel Monas,8947,Court 4 (Green),2026-09-26,19:30 - 20:00,192500,Available
1467_8947_20:00,1467,Nine Padel Monas,8947,Court 4 (Green),2026-09-26,20:00 - 20:30,192500,Available
1467_8947_20:30,1467,Nine Padel Monas,8947,Court 4 (Green),2026-09-26,20:30 - 21:00,192500,Available
1467_8947_21:00,1467,Nine Padel Monas,8947,Court 4 (Green),2026-09-26,21:00 - 21:30,192500,Available
1467_8947_21:30,1467,Nine Padel Monas,8947,Court 4 (Green),2026-09-26,21:30 - 22:00,192500,Available
1467_8947_22:00,1467,Nine Padel Monas,8947,Court 4 (Green),2026-09-26,22:00 - 22:30,192500,Available
1467_8947_22:30,1467,Nine Padel Monas,8947,Court 4 (Green),2026-09-26,22:30 - 23:00,192500,Available
1467_8947_23:00,1467,Nine Padel Monas,8947,Court 4 (Green),2026-09-26,23:00 - 23:30,192500,Available
1467_8947_23:30,1467,Nine Padel Monas,8947,Court 4 (Green),2026-09-26,23:30 - 00:00,192500,Available
1467_8949_08:00,1467,Nine Padel Monas,8949,Court 5 (Black),2026-09-26,08:00 - 08:30,192500,Booked
1467_8949_08:30,1467,Nine Padel Monas,8949,Court 5 (Black),2026-09-26,08:30 - 09:00,192500,Booked
1467_8949_09:00,1467,Nine Padel Monas,8949,Court 5 (Black),2026-09-26,09:00 - 09:30,192500,Available
1467_8949_09:30,1467,Nine Padel Monas,8949,Court 5 (Black),2026-09-26,09:30 - 10:00,192500,Available
1467_8949_10:00,1467,Nine Padel Monas,8949,Court 5 (Black),2026-09-26,10:00 - 10:30,192500,Available
1467_8949_10:30,1467,Nine Padel Monas,8949,Court 5 (Black),2026-09-26,10:30 - 11:00,192500,Available
1467_8949_11:00,1467,Nine Padel Monas,8949,Court 5 (Black),2026-09-26,11:00 - 11:30,192500,Available
1467_8949_11:30,1467,Nine Padel Monas,8949,Court 5 (Black),2026-09-26,11:30 - 12:00,192500,Available
1467_8949_12:00,1467,Nine Padel Monas,8949,Court 5 (Black),2026-09-26,12:00 - 12:30,192500,Available
1467_8949_12:30,1467,Nine Padel Monas,8949,Court 5 (Black),2026-09-26,12:30 - 13:00,192500,Available
1467_8949_13:00,1467,Nine Padel Monas,8949,Court 5 (Black),2026-09-26,13:00 - 13:30,192500,Available
1467_8949_13:30,1467,Nine Padel Monas,8949,Court 5 (Black),2026-09-26,13:30 - 14:00,192500,Available
1467_8949_14:00,1467,Nine Padel Monas,8949,Court 5 (Black),2026-09-26,14:00 - 14:30,192500,Available
1467_8949_14:30,1467,Nine Padel Monas,8949,Court 5 (Black),2026-09-26,14:30 - 15:00,192500,Available
1467_8949_15:00,1467,Nine Padel Monas,8949,Court 5 (Black),2026-09-26,15:00 - 15:30,192500,Booked
1467_8949_15:30,1467,Nine Padel Monas,8949,Court 5 (Black),2026-09-26,15:30 - 16:00,192500,Booked
1467_8949_16:00,1467,Nine Padel Monas,8949,Court 5 (Black),2026-09-26,16:00 - 16:30,192500,Booked
1467_8949_16:30,1467,Nine Padel Monas,8949,Court 5 (Black),2026-09-26,16:30 - 17:00,192500,Booked
1467_8949_17:00,1467,Nine Padel Monas,8949,Court 5 (Black),2026-09-26,17:00 - 17:30,192500,Booked
1467_8949_17:30,1467,Nine Padel Monas,8949,Court 5 (Black),2026-09-26,17:30 - 18:00,192500,Booked
1467_8949_18:00,1467,Nine Padel Monas,8949,Court 5 (Black),2026-09-26,18:00 - 18:30,192500,Available
1467_8949_18:30,1467,Nine Padel Monas,8949,Court 5 (Black),2026-09-26,18:30 - 19:00,192500,Available
1467_8949_19:00,1467,Nine Padel Monas,8949,Court 5 (Black),2026-09-26,19:00 - 19:30,192500,Available
1467_8949_19:30,1467,Nine Padel Monas,8949,Court 5 (Black),2026-09-26,19:30 - 20:00,192500,Available
1467_8949_20:00,1467,Nine Padel Monas,8949,Court 5 (Black),2026-09-26,20:00 - 20:30,192500,Available
1467_8949_20:30,1467,Nine Padel Monas,8949,Court 5 (Black),2026-09-26,20:30 - 21:00,192500,Available
1467_8949_21:00,1467,Nine Padel Monas,8949,Court 5 (Black),2026-09-26,21:00 - 21:30,192500,Available
1467_8949_21:30,1467,Nine Padel Monas,8949,Court 5 (Black),2026-09-26,21:30 - 22:00,192500,Available
1467_8949_22:00,1467,Nine Padel Monas,8949,Court 5 (Black),2026-09-26,22:00 - 22:30,192500,Available
1467_8949_22:30,1467,Nine Padel Monas,8949,Court 5 (Black),2026-09-26,22:30 - 23:00,192500,Available
1467_8949_23:00,1467,Nine Padel Monas,8949,Court 5 (Black),2026-09-26,23:00 - 23:30,192500,Available
1467_8949_23:30,1467,Nine Padel Monas,8949,Court 5 (Black),2026-09-26,23:30 - 00:00,192500,Available
1467_8950_08:00,1467,Nine Padel Monas,8950,Court 6 (Blue),2026-09-26,08:00 - 08:30,192500,Booked
1467_8950_08:30,1467,Nine Padel Monas,8950,Court 6 (Blue),2026-09-26,08:30 - 09:00,192500,Booked
1467_8950_09:00,1467,Nine Padel Monas,8950,Court 6 (Blue),2026-09-26,09:00 - 09:30,192500,Available
1467_8950_09:30,1467,Nine Padel Monas,8950,Court 6 (Blue),2026-09-26,09:30 - 10:00,192500,Available
1467_8950_10:00,1467,Nine Padel Monas,8950,Court 6 (Blue),2026-09-26,10:00 - 10:30,192500,Available
1467_8950_10:30,1467,Nine Padel Monas,8950,Court 6 (Blue),2026-09-26,10:30 - 11:00,192500,Available
1467_8950_11:00,1467,Nine Padel Monas,8950,Court 6 (Blue),2026-09-26,11:00 - 11:30,192500,Available
1467_8950_11:30,1467,Nine Padel Monas,8950,Court 6 (Blue),2026-09-26,11:30 - 12:00,192500,Available
1467_8950_12:00,1467,Nine Padel Monas,8950,Court 6 (Blue),2026-09-26,12:00 - 12:30,192500,Available
1467_8950_12:30,1467,Nine Padel Monas,8950,Court 6 (Blue),2026-09-26,12:30 - 13:00,192500,Available
1467_8950_13:00,1467,Nine Padel Monas,8950,Court 6 (Blue),2026-09-26,13:00 - 13:30,192500,Available
1467_8950_13:30,1467,Nine Padel Monas,8950,Court 6 (Blue),2026-09-26,13:30 - 14:00,192500,Available
1467_8950_14:00,1467,Nine Padel Monas,8950,Court 6 (Blue),2026-09-26,14:00 - 14:30,192500,Available
1467_8950_14:30,1467,Nine Padel Monas,8950,Court 6 (Blue),2026-09-26,14:30 - 15:00,192500,Available
1467_8950_15:00,1467,Nine Padel Monas,8950,Court 6 (Blue),2026-09-26,15:00 - 15:30,192500,Booked
1467_8950_15:30,1467,Nine Padel Monas,8950,Court 6 (Blue),2026-09-26,15:30 - 16:00,192500,Booked
1467_8950_16:00,1467,Nine Padel Monas,8950,Court 6 (Blue),2026-09-26,16:00 - 16:30,192500,Booked
1467_8950_16:30,1467,Nine Padel Monas,8950,Court 6 (Blue),2026-09-26,16:30 - 17:00,192500,Booked
1467_8950_17:00,1467,Nine Padel Monas,8950,Court 6 (Blue),2026-09-26,17:00 - 17:30,192500,Booked
1467_8950_17:30,1467,Nine Padel Monas,8950,Court 6 (Blue),2026-09-26,17:30 - 18:00,192500,Booked
1467_8950_18:00,1467,Nine Padel Monas,8950,Court 6 (Blue),2026-09-26,18:00 - 18:30,192500,Available
1467_8950_18:30,1467,Nine Padel Monas,8950,Court 6 (Blue),2026-09-26,18:30 - 19:00,192500,Available
1467_8950_19:00,1467,Nine Padel Monas,8950,Court 6 (Blue),2026-09-26,19:00 - 19:30,192500,Booked
1467_8950_19:30,1467,Nine Padel Monas,8950,Court 6 (Blue),2026-09-26,19:30 - 20:00,192500,Booked
1467_8950_20:00,1467,Nine Padel Monas,8950,Court 6 (Blue),2026-09-26,20:00 - 20:30,192500,Booked
1467_8950_20:30,1467,Nine Padel Monas,8950,Court 6 (Blue),2026-09-26,20:30 - 21:00,192500,Booked
1467_8950_21:00,1467,Nine Padel Monas,8950,Court 6 (Blue),2026-09-26,21:00 - 21:30,192500,Booked
1467_8950_21:30,1467,Nine Padel Monas,8950,Court 6 (Blue),2026-09-26,21:30 - 22:00,192500,Booked
1467_8950_22:00,1467,Nine Padel Monas,8950,Court 6 (Blue),2026-09-26,22:00 - 22:30,192500,Available
1467_8950_22:30,1467,Nine Padel Monas,8950,Court 6 (Blue),2026-09-26,22:30 - 23:00,192500,Available
1467_8950_23:00,1467,Nine Padel Monas,8950,Court 6 (Blue),2026-09-26,23:00 - 23:30,192500,Available
1467_8950_23:30,1467,Nine Padel Monas,8950,Court 6 (Blue),2026-09-26,23:30 - 00:00,192500,Available
1467_8951_08:00,1467,Nine Padel Monas,8951,Court 7 (Blue),2026-09-26,08:00 - 08:30,192500,Available
1467_8951_08:30,1467,Nine Padel Monas,8951,Court 7 (Blue),2026-09-26,08:30 - 09:00,192500,Available
1467_8951_09:00,1467,Nine Padel Monas,8951,Court 7 (Blue),2026-09-26,09:00 - 09:30,192500,Available
1467_8951_09:30,1467,Nine Padel Monas,8951,Court 7 (Blue),2026-09-26,09:30 - 10:00,192500,Available
1467_8951_10:00,1467,Nine Padel Monas,8951,Court 7 (Blue),2026-09-26,10:00 - 10:30,192500,Available
1467_8951_10:30,1467,Nine Padel Monas,8951,Court 7 (Blue),2026-09-26,10:30 - 11:00,192500,Available
1467_8951_11:00,1467,Nine Padel Monas,8951,Court 7 (Blue),2026-09-26,11:00 - 11:30,192500,Available
1467_8951_11:30,1467,Nine Padel Monas,8951,Court 7 (Blue),2026-09-26,11:30 - 12:00,192500,Available
1467_8951_12:00,1467,Nine Padel Monas,8951,Court 7 (Blue),2026-09-26,12:00 - 12:30,192500,Available
1467_8951_12:30,1467,Nine Padel Monas,8951,Court 7 (Blue),2026-09-26,12:30 - 13:00,192500,Available
1467_8951_13:00,1467,Nine Padel Monas,8951,Court 7 (Blue),2026-09-26,13:00 - 13:30,192500,Available
1467_8951_13:30,1467,Nine Padel Monas,8951,Court 7 (Blue),2026-09-26,13:30 - 14:00,192500,Available
1467_8951_14:00,1467,Nine Padel Monas,8951,Court 7 (Blue),2026-09-26,14:00 - 14:30,192500,Available
1467_8951_14:30,1467,Nine Padel Monas,8951,Court 7 (Blue),2026-09-26,14:30 - 15:00,192500,Available
1467_8951_15:00,1467,Nine Padel Monas,8951,Court 7 (Blue),2026-09-26,15:00 - 15:30,192500,Booked
1467_8951_15:30,1467,Nine Padel Monas,8951,Court 7 (Blue),2026-09-26,15:30 - 16:00,192500,Booked
1467_8951_16:00,1467,Nine Padel Monas,8951,Court 7 (Blue),2026-09-26,16:00 - 16:30,192500,Booked
1467_8951_16:30,1467,Nine Padel Monas,8951,Court 7 (Blue),2026-09-26,16:30 - 17:00,192500,Booked
1467_8951_17:00,1467,Nine Padel Monas,8951,Court 7 (Blue),2026-09-26,17:00 - 17:30,192500,Booked
1467_8951_17:30,1467,Nine Padel Monas,8951,Court 7 (Blue),2026-09-26,17:30 - 18:00,192500,Booked
1467_8951_18:00,1467,Nine Padel Monas,8951,Court 7 (Blue),2026-09-26,18:00 - 18:30,192500,Available
1467_8951_18:30,1467,Nine Padel Monas,8951,Court 7 (Blue),2026-09-26,18:30 - 19:00,192500,Available
1467_8951_19:00,1467,Nine Padel Monas,8951,Court 7 (Blue),2026-09-26,19:00 - 19:30,192500,Booked
1467_8951_19:30,1467,Nine Padel Monas,8951,Court 7 (Blue),2026-09-26,19:30 - 20:00,192500,Booked
1467_8951_20:00,1467,Nine Padel Monas,8951,Court 7 (Blue),2026-09-26,20:00 - 20:30,192500,Booked
1467_8951_20:30,1467,Nine Padel Monas,8951,Court 7 (Blue),2026-09-26,20:30 - 21:00,192500,Booked
1467_8951_21:00,1467,Nine Padel Monas,8951,Court 7 (Blue),2026-09-26,21:00 - 21:30,192500,Booked
1467_8951_21:30,1467,Nine Padel Monas,8951,Court 7 (Blue),2026-09-26,21:30 - 22:00,192500,Booked
1467_8951_22:00,1467,Nine Padel Monas,8951,Court 7 (Blue),2026-09-26,22:00 - 22:30,192500,Available
1467_8951_22:30,1467,Nine Padel Monas,8951,Court 7 (Blue),2026-09-26,22:30 - 23:00,192500,Available
1467_8951_23:00,1467,Nine Padel Monas,8951,Court 7 (Blue),2026-09-26,23:00 - 23:30,192500,Available
1467_8951_23:30,1467,Nine Padel Monas,8951,Court 7 (Blue),2026-09-26,23:30 - 00:00,192500,Available
1467_8952_08:00,1467,Nine Padel Monas,8952,Court 8 (Blue),2026-09-26,08:00 - 08:30,192500,Available
1467_8952_08:30,1467,Nine Padel Monas,8952,Court 8 (Blue),2026-09-26,08:30 - 09:00,192500,Available
1467_8952_09:00,1467,Nine Padel Monas,8952,Court 8 (Blue),2026-09-26,09:00 - 09:30,192500,Available
1467_8952_09:30,1467,Nine Padel Monas,8952,Court 8 (Blue),2026-09-26,09:30 - 10:00,192500,Available
1467_8952_10:00,1467,Nine Padel Monas,8952,Court 8 (Blue),2026-09-26,10:00 - 10:30,192500,Available
1467_8952_10:30,1467,Nine Padel Monas,8952,Court 8 (Blue),2026-09-26,10:30 - 11:00,192500,Available
1467_8952_11:00,1467,Nine Padel Monas,8952,Court 8 (Blue),2026-09-26,11:00 - 11:30,192500,Available
1467_8952_11:30,1467,Nine Padel Monas,8952,Court 8 (Blue),2026-09-26,11:30 - 12:00,192500,Available
1467_8952_12:00,1467,Nine Padel Monas,8952,Court 8 (Blue),2026-09-26,12:00 - 12:30,192500,Available
1467_8952_12:30,1467,Nine Padel Monas,8952,Court 8 (Blue),2026-09-26,12:30 - 13:00,192500,Available
1467_8952_13:00,1467,Nine Padel Monas,8952,Court 8 (Blue),2026-09-26,13:00 - 13:30,192500,Available
1467_8952_13:30,1467,Nine Padel Monas,8952,Court 8 (Blue),2026-09-26,13:30 - 14:00,192500,Available
1467_8952_14:00,1467,Nine Padel Monas,8952,Court 8 (Blue),2026-09-26,14:00 - 14:30,192500,Available
1467_8952_14:30,1467,Nine Padel Monas,8952,Court 8 (Blue),2026-09-26,14:30 - 15:00,192500,Available
1467_8952_15:00,1467,Nine Padel Monas,8952,Court 8 (Blue),2026-09-26,15:00 - 15:30,192500,Booked
1467_8952_15:30,1467,Nine Padel Monas,8952,Court 8 (Blue),2026-09-26,15:30 - 16:00,192500,Booked
1467_8952_16:00,1467,Nine Padel Monas,8952,Court 8 (Blue),2026-09-26,16:00 - 16:30,192500,Booked
1467_8952_16:30,1467,Nine Padel Monas,8952,Court 8 (Blue),2026-09-26,16:30 - 17:00,192500,Booked
1467_8952_17:00,1467,Nine Padel Monas,8952,Court 8 (Blue),2026-09-26,17:00 - 17:30,192500,Booked
1467_8952_17:30,1467,Nine Padel Monas,8952,Court 8 (Blue),2026-09-26,17:30 - 18:00,192500,Booked
1467_8952_18:00,1467,Nine Padel Monas,8952,Court 8 (Blue),2026-09-26,18:00 - 18:30,192500,Available
1467_8952_18:30,1467,Nine Padel Monas,8952,Court 8 (Blue),2026-09-26,18:30 - 19:00,192500,Available
1467_8952_19:00,1467,Nine Padel Monas,8952,Court 8 (Blue),2026-09-26,19:00 - 19:30,192500,Booked
1467_8952_19:30,1467,Nine Padel Monas,8952,Court 8 (Blue),2026-09-26,19:30 - 20:00,192500,Booked
1467_8952_20:00,1467,Nine Padel Monas,8952,Court 8 (Blue),2026-09-26,20:00 - 20:30,192500,Booked
1467_8952_20:30,1467,Nine Padel Monas,8952,Court 8 (Blue),2026-09-26,20:30 - 21:00,192500,Booked
1467_8952_21:00,1467,Nine Padel Monas,8952,Court 8 (Blue),2026-09-26,21:00 - 21:30,192500,Booked
1467_8952_21:30,1467,Nine Padel Monas,8952,Court 8 (Blue),2026-09-26,21:30 - 22:00,192500,Booked
1467_8952_22:00,1467,Nine Padel Monas,8952,Court 8 (Blue),2026-09-26,22:00 - 22:30,192500,Available
1467_8952_22:30,1467,Nine Padel Monas,8952,Court 8 (Blue),2026-09-26,22:30 - 23:00,192500,Available
1467_8952_23:00,1467,Nine Padel Monas,8952,Court 8 (Blue),2026-09-26,23:00 - 23:30,192500,Available
1467_8952_23:30,1467,Nine Padel Monas,8952,Court 8 (Blue),2026-09-26,23:30 - 00:00,192500,Available
1467_8953_08:00,1467,Nine Padel Monas,8953,Court 9 (Blue),2026-09-26,08:00 - 08:30,192500,Available
1467_8953_08:30,1467,Nine Padel Monas,8953,Court 9 (Blue),2026-09-26,08:30 - 09:00,192500,Available
1467_8953_09:00,1467,Nine Padel Monas,8953,Court 9 (Blue),2026-09-26,09:00 - 09:30,192500,Available
1467_8953_09:30,1467,Nine Padel Monas,8953,Court 9 (Blue),2026-09-26,09:30 - 10:00,192500,Available
1467_8953_10:00,1467,Nine Padel Monas,8953,Court 9 (Blue),2026-09-26,10:00 - 10:30,192500,Available
1467_8953_10:30,1467,Nine Padel Monas,8953,Court 9 (Blue),2026-09-26,10:30 - 11:00,192500,Available
1467_8953_11:00,1467,Nine Padel Monas,8953,Court 9 (Blue),2026-09-26,11:00 - 11:30,192500,Available
1467_8953_11:30,1467,Nine Padel Monas,8953,Court 9 (Blue),2026-09-26,11:30 - 12:00,192500,Available
1467_8953_12:00,1467,Nine Padel Monas,8953,Court 9 (Blue),2026-09-26,12:00 - 12:30,192500,Available
1467_8953_12:30,1467,Nine Padel Monas,8953,Court 9 (Blue),2026-09-26,12:30 - 13:00,192500,Available
1467_8953_13:00,1467,Nine Padel Monas,8953,Court 9 (Blue),2026-09-26,13:00 - 13:30,192500,Available
1467_8953_13:30,1467,Nine Padel Monas,8953,Court 9 (Blue),2026-09-26,13:30 - 14:00,192500,Available
1467_8953_14:00,1467,Nine Padel Monas,8953,Court 9 (Blue),2026-09-26,14:00 - 14:30,192500,Available
1467_8953_14:30,1467,Nine Padel Monas,8953,Court 9 (Blue),2026-09-26,14:30 - 15:00,192500,Available
1467_8953_15:00,1467,Nine Padel Monas,8953,Court 9 (Blue),2026-09-26,15:00 - 15:30,192500,Booked
1467_8953_15:30,1467,Nine Padel Monas,8953,Court 9 (Blue),2026-09-26,15:30 - 16:00,192500,Booked
1467_8953_16:00,1467,Nine Padel Monas,8953,Court 9 (Blue),2026-09-26,16:00 - 16:30,192500,Booked
1467_8953_16:30,1467,Nine Padel Monas,8953,Court 9 (Blue),2026-09-26,16:30 - 17:00,192500,Booked
1467_8953_17:00,1467,Nine Padel Monas,8953,Court 9 (Blue),2026-09-26,17:00 - 17:30,192500,Booked
1467_8953_17:30,1467,Nine Padel Monas,8953,Court 9 (Blue),2026-09-26,17:30 - 18:00,192500,Booked
1467_8953_18:00,1467,Nine Padel Monas,8953,Court 9 (Blue),2026-09-26,18:00 - 18:30,192500,Available
1467_8953_18:30,1467,Nine Padel Monas,8953,Court 9 (Blue),2026-09-26,18:30 - 19:00,192500,Available
1467_8953_19:00,1467,Nine Padel Monas,8953,Court 9 (Blue),2026-09-26,19:00 - 19:30,192500,Available
1467_8953_19:30,1467,Nine Padel Monas,8953,Court 9 (Blue),2026-09-26,19:30 - 20:00,192500,Available
1467_8953_20:00,1467,Nine Padel Monas,8953,Court 9 (Blue),2026-09-26,20:00 - 20:30,192500,Available
1467_8953_20:30,1467,Nine Padel Monas,8953,Court 9 (Blue),2026-09-26,20:30 - 21:00,192500,Available
1467_8953_21:00,1467,Nine Padel Monas,8953,Court 9 (Blue),2026-09-26,21:00 - 21:30,192500,Available
1467_8953_21:30,1467,Nine Padel Monas,8953,Court 9 (Blue),2026-09-26,21:30 - 22:00,192500,Available
1467_8953_22:00,1467,Nine Padel Monas,8953,Court 9 (Blue),2026-09-26,22:00 - 22:30,192500,Available
1467_8953_22:30,1467,Nine Padel Monas,8953,Court 9 (Blue),2026-09-26,22:30 - 23:00,192500,Available
1467_8953_23:00,1467,Nine Padel Monas,8953,Court 9 (Blue),2026-09-26,23:00 - 23:30,192500,Available
1467_8953_23:30,1467,Nine Padel Monas,8953,Court 9 (Blue),2026-09-26,23:30 - 00:00,192500,Available
2059_12800_08:00,2059,Athletiqs Airdome,12800,MAHJONG (MANUAL),2026-09-26,08:00 - 09:00,150000,Available
2059_12800_09:00,2059,Athletiqs Airdome,12800,MAHJONG (MANUAL),2026-09-26,09:00 - 10:00,150000,Available
2059_12800_10:00,2059,Athletiqs Airdome,12800,MAHJONG (MANUAL),2026-09-26,10:00 - 11:00,150000,Available
2059_12800_11:00,2059,Athletiqs Airdome,12800,MAHJONG (MANUAL),2026-09-26,11:00 - 12:00,150000,Available
2059_12800_12:00,2059,Athletiqs Airdome,12800,MAHJONG (MANUAL),2026-09-26,12:00 - 13:00,150000,Available
2059_12800_13:00,2059,Athletiqs Airdome,12800,MAHJONG (MANUAL),2026-09-26,13:00 - 14:00,150000,Available
2059_12800_14:00,2059,Athletiqs Airdome,12800,MAHJONG (MANUAL),2026-09-26,14:00 - 15:00,150000,Available
2059_12800_15:00,2059,Athletiqs Airdome,12800,MAHJONG (MANUAL),2026-09-26,15:00 - 16:00,150000,Available
2059_12800_16:00,2059,Athletiqs Airdome,12800,MAHJONG (MANUAL),2026-09-26,16:00 - 17:00,150000,Available
2059_12800_17:00,2059,Athletiqs Airdome,12800,MAHJONG (MANUAL),2026-09-26,17:00 - 18:00,150000,Available
2059_12800_18:00,2059,Athletiqs Airdome,12800,MAHJONG (MANUAL),2026-09-26,18:00 - 19:00,150000,Available
2059_12800_19:00,2059,Athletiqs Airdome,12800,MAHJONG (MANUAL),2026-09-26,19:00 - 20:00,150000,Available
2059_12800_20:00,2059,Athletiqs Airdome,12800,MAHJONG (MANUAL),2026-09-26,20:00 - 21:00,150000,Available
2059_12800_21:00,2059,Athletiqs Airdome,12800,MAHJONG (MANUAL),2026-09-26,21:00 - 22:00,150000,Available
2059_12810_08:00,2059,Athletiqs Airdome,12810,MAHJONG (AUTOMATIC),2026-09-26,08:00 - 09:00,200000,Available
2059_12810_09:00,2059,Athletiqs Airdome,12810,MAHJONG (AUTOMATIC),2026-09-26,09:00 - 10:00,200000,Available
2059_12810_10:00,2059,Athletiqs Airdome,12810,MAHJONG (AUTOMATIC),2026-09-26,10:00 - 11:00,200000,Available
2059_12810_11:00,2059,Athletiqs Airdome,12810,MAHJONG (AUTOMATIC),2026-09-26,11:00 - 12:00,200000,Available
2059_12810_12:00,2059,Athletiqs Airdome,12810,MAHJONG (AUTOMATIC),2026-09-26,12:00 - 13:00,200000,Available
2059_12810_13:00,2059,Athletiqs Airdome,12810,MAHJONG (AUTOMATIC),2026-09-26,13:00 - 14:00,200000,Available
2059_12810_14:00,2059,Athletiqs Airdome,12810,MAHJONG (AUTOMATIC),2026-09-26,14:00 - 15:00,200000,Available
2059_12810_15:00,2059,Athletiqs Airdome,12810,MAHJONG (AUTOMATIC),2026-09-26,15:00 - 16:00,200000,Available
2059_12810_16:00,2059,Athletiqs Airdome,12810,MAHJONG (AUTOMATIC),2026-09-26,16:00 - 17:00,200000,Available
2059_12810_17:00,2059,Athletiqs Airdome,12810,MAHJONG (AUTOMATIC),2026-09-26,17:00 - 18:00,200000,Available
2059_12810_18:00,2059,Athletiqs Airdome,12810,MAHJONG (AUTOMATIC),2026-09-26,18:00 - 19:00,200000,Available
2059_12810_19:00,2059,Athletiqs Airdome,12810,MAHJONG (AUTOMATIC),2026-09-26,19:00 - 20:00,200000,Available
2059_12810_20:00,2059,Athletiqs Airdome,12810,MAHJONG (AUTOMATIC),2026-09-26,20:00 - 21:00,200000,Available
2059_12810_21:00,2059,Athletiqs Airdome,12810,MAHJONG (AUTOMATIC),2026-09-26,21:00 - 22:00,200000,Available
2059_8800_08:00,2059,Athletiqs Airdome,8800,VIP A,2026-09-26,08:00 - 09:00,800000,Available
2059_8800_09:00,2059,Athletiqs Airdome,8800,VIP A,2026-09-26,09:00 - 10:00,800000,Booked
2059_8800_10:00,2059,Athletiqs Airdome,8800,VIP A,2026-09-26,10:00 - 11:00,800000,Booked
2059_8800_11:00,2059,Athletiqs Airdome,8800,VIP A,2026-09-26,11:00 - 12:00,800000,Available
2059_8800_12:00,2059,Athletiqs Airdome,8800,VIP A,2026-09-26,12:00 - 13:00,800000,Available
2059_8800_13:00,2059,Athletiqs Airdome,8800,VIP A,2026-09-26,13:00 - 14:00,800000,Available
2059_8800_14:00,2059,Athletiqs Airdome,8800,VIP A,2026-09-26,14:00 - 15:00,800000,Available
2059_8800_15:00,2059,Athletiqs Airdome,8800,VIP A,2026-09-26,15:00 - 16:00,800000,Booked
2059_8800_16:00,2059,Athletiqs Airdome,8800,VIP A,2026-09-26,16:00 - 17:00,800000,Booked
2059_8800_17:00,2059,Athletiqs Airdome,8800,VIP A,2026-09-26,17:00 - 18:00,800000,Booked
2059_8800_18:00,2059,Athletiqs Airdome,8800,VIP A,2026-09-26,18:00 - 19:00,800000,Available
2059_8800_19:00,2059,Athletiqs Airdome,8800,VIP A,2026-09-26,19:00 - 20:00,800000,Available
2059_8800_20:00,2059,Athletiqs Airdome,8800,VIP A,2026-09-26,20:00 - 21:00,800000,Available
2059_8800_21:00,2059,Athletiqs Airdome,8800,VIP A,2026-09-26,21:00 - 22:00,800000,Available
2059_8802_08:00,2059,Athletiqs Airdome,8802,VIP B,2026-09-26,08:00 - 09:00,800000,Available
2059_8802_09:00,2059,Athletiqs Airdome,8802,VIP B,2026-09-26,09:00 - 10:00,800000,Booked
2059_8802_10:00,2059,Athletiqs Airdome,8802,VIP B,2026-09-26,10:00 - 11:00,800000,Booked
2059_8802_11:00,2059,Athletiqs Airdome,8802,VIP B,2026-09-26,11:00 - 12:00,800000,Available
2059_8802_12:00,2059,Athletiqs Airdome,8802,VIP B,2026-09-26,12:00 - 13:00,800000,Available
2059_8802_13:00,2059,Athletiqs Airdome,8802,VIP B,2026-09-26,13:00 - 14:00,800000,Available
2059_8802_14:00,2059,Athletiqs Airdome,8802,VIP B,2026-09-26,14:00 - 15:00,800000,Available
2059_8802_15:00,2059,Athletiqs Airdome,8802,VIP B,2026-09-26,15:00 - 16:00,800000,Booked
2059_8802_16:00,2059,Athletiqs Airdome,8802,VIP B,2026-09-26,16:00 - 17:00,800000,Booked
2059_8802_17:00,2059,Athletiqs Airdome,8802,VIP B,2026-09-26,17:00 - 18:00,800000,Available
2059_8802_18:00,2059,Athletiqs Airdome,8802,VIP B,2026-09-26,18:00 - 19:00,800000,Available
2059_8802_19:00,2059,Athletiqs Airdome,8802,VIP B,2026-09-26,19:00 - 20:00,800000,Available
2059_8802_20:00,2059,Athletiqs Airdome,8802,VIP B,2026-09-26,20:00 - 21:00,800000,Available
2059_8802_21:00,2059,Athletiqs Airdome,8802,VIP B,2026-09-26,21:00 - 22:00,800000,Available
2059_8803_08:00,2059,Athletiqs Airdome,8803,Center Court,2026-09-26,08:00 - 09:00,700000,Available
2059_8803_09:00,2059,Athletiqs Airdome,8803,Center Court,2026-09-26,09:00 - 10:00,700000,Booked
2059_8803_10:00,2059,Athletiqs Airdome,8803,Center Court,2026-09-26,10:00 - 11:00,700000,Booked
2059_8803_11:00,2059,Athletiqs Airdome,8803,Center Court,2026-09-26,11:00 - 12:00,700000,Available
2059_8803_12:00,2059,Athletiqs Airdome,8803,Center Court,2026-09-26,12:00 - 13:00,700000,Available
2059_8803_13:00,2059,Athletiqs Airdome,8803,Center Court,2026-09-26,13:00 - 14:00,700000,Available
2059_8803_14:00,2059,Athletiqs Airdome,8803,Center Court,2026-09-26,14:00 - 15:00,700000,Available
2059_8803_15:00,2059,Athletiqs Airdome,8803,Center Court,2026-09-26,15:00 - 16:00,700000,Available
2059_8803_16:00,2059,Athletiqs Airdome,8803,Center Court,2026-09-26,16:00 - 17:00,700000,Booked
2059_8803_17:00,2059,Athletiqs Airdome,8803,Center Court,2026-09-26,17:00 - 18:00,700000,Available
2059_8803_18:00,2059,Athletiqs Airdome,8803,Center Court,2026-09-26,18:00 - 19:00,700000,Available
2059_8803_19:00,2059,Athletiqs Airdome,8803,Center Court,2026-09-26,19:00 - 20:00,700000,Available
2059_8803_20:00,2059,Athletiqs Airdome,8803,Center Court,2026-09-26,20:00 - 21:00,700000,Available
2059_8803_21:00,2059,Athletiqs Airdome,8803,Center Court,2026-09-26,21:00 - 22:00,700000,Available
2059_4277_08:00,2059,Athletiqs Airdome,4277,Court 1,2026-09-26,08:00 - 09:00,400000,Booked
2059_4277_09:00,2059,Athletiqs Airdome,4277,Court 1,2026-09-26,09:00 - 10:00,400000,Booked
2059_4277_10:00,2059,Athletiqs Airdome,4277,Court 1,2026-09-26,10:00 - 11:00,400000,Booked
2059_4277_11:00,2059,Athletiqs Airdome,4277,Court 1,2026-09-26,11:00 - 12:00,400000,Booked
2059_4277_12:00,2059,Athletiqs Airdome,4277,Court 1,2026-09-26,12:00 - 13:00,400000,Booked
2059_4277_13:00,2059,Athletiqs Airdome,4277,Court 1,2026-09-26,13:00 - 14:00,400000,Available
2059_4277_14:00,2059,Athletiqs Airdome,4277,Court 1,2026-09-26,14:00 - 15:00,400000,Available
2059_4277_15:00,2059,Athletiqs Airdome,4277,Court 1,2026-09-26,15:00 - 16:00,400000,Available
2059_4277_16:00,2059,Athletiqs Airdome,4277,Court 1,2026-09-26,16:00 - 17:00,400000,Available
2059_4277_17:00,2059,Athletiqs Airdome,4277,Court 1,2026-09-26,17:00 - 18:00,400000,Available
2059_4277_18:00,2059,Athletiqs Airdome,4277,Court 1,2026-09-26,18:00 - 19:00,400000,Available
2059_4277_19:00,2059,Athletiqs Airdome,4277,Court 1,2026-09-26,19:00 - 20:00,400000,Available
2059_4277_20:00,2059,Athletiqs Airdome,4277,Court 1,2026-09-26,20:00 - 21:00,400000,Available
2059_4277_21:00,2059,Athletiqs Airdome,4277,Court 1,2026-09-26,21:00 - 22:00,400000,Available
2059_4278_08:00,2059,Athletiqs Airdome,4278,Court 2,2026-09-26,08:00 - 09:00,400000,Booked
2059_4278_09:00,2059,Athletiqs Airdome,4278,Court 2,2026-09-26,09:00 - 10:00,400000,Booked
2059_4278_10:00,2059,Athletiqs Airdome,4278,Court 2,2026-09-26,10:00 - 11:00,400000,Booked
2059_4278_11:00,2059,Athletiqs Airdome,4278,Court 2,2026-09-26,11:00 - 12:00,400000,Booked
2059_4278_12:00,2059,Athletiqs Airdome,4278,Court 2,2026-09-26,12:00 - 13:00,400000,Booked
2059_4278_13:00,2059,Athletiqs Airdome,4278,Court 2,2026-09-26,13:00 - 14:00,400000,Available
2059_4278_14:00,2059,Athletiqs Airdome,4278,Court 2,2026-09-26,14:00 - 15:00,400000,Available
2059_4278_15:00,2059,Athletiqs Airdome,4278,Court 2,2026-09-26,15:00 - 16:00,400000,Booked
2059_4278_16:00,2059,Athletiqs Airdome,4278,Court 2,2026-09-26,16:00 - 17:00,400000,Booked
2059_4278_17:00,2059,Athletiqs Airdome,4278,Court 2,2026-09-26,17:00 - 18:00,400000,Available
2059_4278_18:00,2059,Athletiqs Airdome,4278,Court 2,2026-09-26,18:00 - 19:00,400000,Available
2059_4278_19:00,2059,Athletiqs Airdome,4278,Court 2,2026-09-26,19:00 - 20:00,400000,Available
2059_4278_20:00,2059,Athletiqs Airdome,4278,Court 2,2026-09-26,20:00 - 21:00,400000,Available
2059_4278_21:00,2059,Athletiqs Airdome,4278,Court 2,2026-09-26,21:00 - 22:00,400000,Available
2059_4279_08:00,2059,Athletiqs Airdome,4279,Court 3,2026-09-26,08:00 - 09:00,400000,Available
2059_4279_09:00,2059,Athletiqs Airdome,4279,Court 3,2026-09-26,09:00 - 10:00,400000,Available
2059_4279_10:00,2059,Athletiqs Airdome,4279,Court 3,2026-09-26,10:00 - 11:00,400000,Booked
2059_4279_11:00,2059,Athletiqs Airdome,4279,Court 3,2026-09-26,11:00 - 12:00,400000,Booked
2059_4279_12:00,2059,Athletiqs Airdome,4279,Court 3,2026-09-26,12:00 - 13:00,400000,Booked
2059_4279_13:00,2059,Athletiqs Airdome,4279,Court 3,2026-09-26,13:00 - 14:00,400000,Available
2059_4279_14:00,2059,Athletiqs Airdome,4279,Court 3,2026-09-26,14:00 - 15:00,400000,Available
2059_4279_15:00,2059,Athletiqs Airdome,4279,Court 3,2026-09-26,15:00 - 16:00,400000,Available
2059_4279_16:00,2059,Athletiqs Airdome,4279,Court 3,2026-09-26,16:00 - 17:00,400000,Available
2059_4279_17:00,2059,Athletiqs Airdome,4279,Court 3,2026-09-26,17:00 - 18:00,400000,Available
2059_4279_18:00,2059,Athletiqs Airdome,4279,Court 3,2026-09-26,18:00 - 19:00,400000,Available
2059_4279_19:00,2059,Athletiqs Airdome,4279,Court 3,2026-09-26,19:00 - 20:00,400000,Available
2059_4279_20:00,2059,Athletiqs Airdome,4279,Court 3,2026-09-26,20:00 - 21:00,400000,Available
2059_4279_21:00,2059,Athletiqs Airdome,4279,Court 3,2026-09-26,21:00 - 22:00,400000,Available
2059_4280_08:00,2059,Athletiqs Airdome,4280,Court 4,2026-09-26,08:00 - 09:00,400000,Available
2059_4280_09:00,2059,Athletiqs Airdome,4280,Court 4,2026-09-26,09:00 - 10:00,400000,Available
2059_4280_10:00,2059,Athletiqs Airdome,4280,Court 4,2026-09-26,10:00 - 11:00,400000,Booked
2059_4280_11:00,2059,Athletiqs Airdome,4280,Court 4,2026-09-26,11:00 - 12:00,400000,Booked
2059_4280_12:00,2059,Athletiqs Airdome,4280,Court 4,2026-09-26,12:00 - 13:00,400000,Booked
2059_4280_13:00,2059,Athletiqs Airdome,4280,Court 4,2026-09-26,13:00 - 14:00,400000,Booked
2059_4280_14:00,2059,Athletiqs Airdome,4280,Court 4,2026-09-26,14:00 - 15:00,400000,Booked
2059_4280_15:00,2059,Athletiqs Airdome,4280,Court 4,2026-09-26,15:00 - 16:00,400000,Available
2059_4280_16:00,2059,Athletiqs Airdome,4280,Court 4,2026-09-26,16:00 - 17:00,400000,Available
2059_4280_17:00,2059,Athletiqs Airdome,4280,Court 4,2026-09-26,17:00 - 18:00,400000,Available
2059_4280_18:00,2059,Athletiqs Airdome,4280,Court 4,2026-09-26,18:00 - 19:00,400000,Available
2059_4280_19:00,2059,Athletiqs Airdome,4280,Court 4,2026-09-26,19:00 - 20:00,400000,Available
2059_4280_20:00,2059,Athletiqs Airdome,4280,Court 4,2026-09-26,20:00 - 21:00,400000,Available
2059_4280_21:00,2059,Athletiqs Airdome,4280,Court 4,2026-09-26,21:00 - 22:00,400000,Available
2059_4281_08:00,2059,Athletiqs Airdome,4281,Court 5,2026-09-26,08:00 - 09:00,400000,Available
2059_4281_09:00,2059,Athletiqs Airdome,4281,Court 5,2026-09-26,09:00 - 10:00,400000,Available
2059_4281_10:00,2059,Athletiqs Airdome,4281,Court 5,2026-09-26,10:00 - 11:00,400000,Booked
2059_4281_11:00,2059,Athletiqs Airdome,4281,Court 5,2026-09-26,11:00 - 12:00,400000,Booked
2059_4281_12:00,2059,Athletiqs Airdome,4281,Court 5,2026-09-26,12:00 - 13:00,400000,Booked
2059_4281_13:00,2059,Athletiqs Airdome,4281,Court 5,2026-09-26,13:00 - 14:00,400000,Available
2059_4281_14:00,2059,Athletiqs Airdome,4281,Court 5,2026-09-26,14:00 - 15:00,400000,Available
2059_4281_15:00,2059,Athletiqs Airdome,4281,Court 5,2026-09-26,15:00 - 16:00,400000,Available
2059_4281_16:00,2059,Athletiqs Airdome,4281,Court 5,2026-09-26,16:00 - 17:00,400000,Available
2059_4281_17:00,2059,Athletiqs Airdome,4281,Court 5,2026-09-26,17:00 - 18:00,400000,Available
2059_4281_18:00,2059,Athletiqs Airdome,4281,Court 5,2026-09-26,18:00 - 19:00,400000,Available
2059_4281_19:00,2059,Athletiqs Airdome,4281,Court 5,2026-09-26,19:00 - 20:00,400000,Available
2059_4281_20:00,2059,Athletiqs Airdome,4281,Court 5,2026-09-26,20:00 - 21:00,400000,Available
2059_4281_21:00,2059,Athletiqs Airdome,4281,Court 5,2026-09-26,21:00 - 22:00,400000,Available
2059_4282_08:00,2059,Athletiqs Airdome,4282,Court 6,2026-09-26,08:00 - 09:00,400000,Available
2059_4282_09:00,2059,Athletiqs Airdome,4282,Court 6,2026-09-26,09:00 - 10:00,400000,Available
2059_4282_10:00,2059,Athletiqs Airdome,4282,Court 6,2026-09-26,10:00 - 11:00,400000,Booked
2059_4282_11:00,2059,Athletiqs Airdome,4282,Court 6,2026-09-26,11:00 - 12:00,400000,Booked
2059_4282_12:00,2059,Athletiqs Airdome,4282,Court 6,2026-09-26,12:00 - 13:00,400000,Booked
2059_4282_13:00,2059,Athletiqs Airdome,4282,Court 6,2026-09-26,13:00 - 14:00,400000,Available
2059_4282_14:00,2059,Athletiqs Airdome,4282,Court 6,2026-09-26,14:00 - 15:00,400000,Available
2059_4282_15:00,2059,Athletiqs Airdome,4282,Court 6,2026-09-26,15:00 - 16:00,400000,Available
2059_4282_16:00,2059,Athletiqs Airdome,4282,Court 6,2026-09-26,16:00 - 17:00,400000,Available
2059_4282_17:00,2059,Athletiqs Airdome,4282,Court 6,2026-09-26,17:00 - 18:00,400000,Available
2059_4282_18:00,2059,Athletiqs Airdome,4282,Court 6,2026-09-26,18:00 - 19:00,400000,Available
2059_4282_19:00,2059,Athletiqs Airdome,4282,Court 6,2026-09-26,19:00 - 20:00,400000,Available
2059_4282_20:00,2059,Athletiqs Airdome,4282,Court 6,2026-09-26,20:00 - 21:00,400000,Available
2059_4282_21:00,2059,Athletiqs Airdome,4282,Court 6,2026-09-26,21:00 - 22:00,400000,Available
2059_4283_08:00,2059,Athletiqs Airdome,4283,Court 7,2026-09-26,08:00 - 09:00,400000,Booked
2059_4283_09:00,2059,Athletiqs Airdome,4283,Court 7,2026-09-26,09:00 - 10:00,400000,Booked
2059_4283_10:00,2059,Athletiqs Airdome,4283,Court 7,2026-09-26,10:00 - 11:00,400000,Booked
2059_4283_11:00,2059,Athletiqs Airdome,4283,Court 7,2026-09-26,11:00 - 12:00,400000,Booked
2059_4283_12:00,2059,Athletiqs Airdome,4283,Court 7,2026-09-26,12:00 - 13:00,400000,Booked
2059_4283_13:00,2059,Athletiqs Airdome,4283,Court 7,2026-09-26,13:00 - 14:00,400000,Available
2059_4283_14:00,2059,Athletiqs Airdome,4283,Court 7,2026-09-26,14:00 - 15:00,400000,Available
2059_4283_15:00,2059,Athletiqs Airdome,4283,Court 7,2026-09-26,15:00 - 16:00,400000,Available
2059_4283_16:00,2059,Athletiqs Airdome,4283,Court 7,2026-09-26,16:00 - 17:00,400000,Available
2059_4283_17:00,2059,Athletiqs Airdome,4283,Court 7,2026-09-26,17:00 - 18:00,400000,Available
2059_4283_18:00,2059,Athletiqs Airdome,4283,Court 7,2026-09-26,18:00 - 19:00,400000,Available
2059_4283_19:00,2059,Athletiqs Airdome,4283,Court 7,2026-09-26,19:00 - 20:00,400000,Booked
2059_4283_20:00,2059,Athletiqs Airdome,4283,Court 7,2026-09-26,20:00 - 21:00,400000,Booked
2059_4283_21:00,2059,Athletiqs Airdome,4283,Court 7,2026-09-26,21:00 - 22:00,400000,Available
2059_4284_08:00,2059,Athletiqs Airdome,4284,Court 8,2026-09-26,08:00 - 09:00,400000,Booked
2059_4284_09:00,2059,Athletiqs Airdome,4284,Court 8,2026-09-26,09:00 - 10:00,400000,Booked
2059_4284_10:00,2059,Athletiqs Airdome,4284,Court 8,2026-09-26,10:00 - 11:00,400000,Booked
2059_4284_11:00,2059,Athletiqs Airdome,4284,Court 8,2026-09-26,11:00 - 12:00,400000,Booked
2059_4284_12:00,2059,Athletiqs Airdome,4284,Court 8,2026-09-26,12:00 - 13:00,400000,Booked
2059_4284_13:00,2059,Athletiqs Airdome,4284,Court 8,2026-09-26,13:00 - 14:00,400000,Available
2059_4284_14:00,2059,Athletiqs Airdome,4284,Court 8,2026-09-26,14:00 - 15:00,400000,Booked
2059_4284_15:00,2059,Athletiqs Airdome,4284,Court 8,2026-09-26,15:00 - 16:00,400000,Booked
2059_4284_16:00,2059,Athletiqs Airdome,4284,Court 8,2026-09-26,16:00 - 17:00,400000,Available
2059_4284_17:00,2059,Athletiqs Airdome,4284,Court 8,2026-09-26,17:00 - 18:00,400000,Available
2059_4284_18:00,2059,Athletiqs Airdome,4284,Court 8,2026-09-26,18:00 - 19:00,400000,Available
2059_4284_19:00,2059,Athletiqs Airdome,4284,Court 8,2026-09-26,19:00 - 20:00,400000,Booked
2059_4284_20:00,2059,Athletiqs Airdome,4284,Court 8,2026-09-26,20:00 - 21:00,400000,Booked
2059_4284_21:00,2059,Athletiqs Airdome,4284,Court 8,2026-09-26,21:00 - 22:00,400000,Available
2059_8791_08:00,2059,Athletiqs Airdome,8791,P - Court 1,2026-09-26,08:00 - 09:00,250000,Booked
2059_8791_09:00,2059,Athletiqs Airdome,8791,P - Court 1,2026-09-26,09:00 - 10:00,250000,Booked
2059_8791_10:00,2059,Athletiqs Airdome,8791,P - Court 1,2026-09-26,10:00 - 11:00,250000,Booked
2059_8791_11:00,2059,Athletiqs Airdome,8791,P - Court 1,2026-09-26,11:00 - 12:00,250000,Booked
2059_8791_12:00,2059,Athletiqs Airdome,8791,P - Court 1,2026-09-26,12:00 - 13:00,250000,Available
2059_8791_13:00,2059,Athletiqs Airdome,8791,P - Court 1,2026-09-26,13:00 - 14:00,250000,Available
2059_8791_14:00,2059,Athletiqs Airdome,8791,P - Court 1,2026-09-26,14:00 - 15:00,250000,Booked
2059_8791_15:00,2059,Athletiqs Airdome,8791,P - Court 1,2026-09-26,15:00 - 16:00,250000,Booked
2059_8791_16:00,2059,Athletiqs Airdome,8791,P - Court 1,2026-09-26,16:00 - 17:00,250000,Booked
2059_8791_17:00,2059,Athletiqs Airdome,8791,P - Court 1,2026-09-26,17:00 - 18:00,250000,Booked
2059_8791_18:00,2059,Athletiqs Airdome,8791,P - Court 1,2026-09-26,18:00 - 19:00,250000,Available
2059_8791_19:00,2059,Athletiqs Airdome,8791,P - Court 1,2026-09-26,19:00 - 20:00,250000,Booked
2059_8791_20:00,2059,Athletiqs Airdome,8791,P - Court 1,2026-09-26,20:00 - 21:00,250000,Booked
2059_8791_21:00,2059,Athletiqs Airdome,8791,P - Court 1,2026-09-26,21:00 - 22:00,250000,Available
2059_8792_08:00,2059,Athletiqs Airdome,8792,P - Court 2,2026-09-26,08:00 - 09:00,250000,Available
2059_8792_09:00,2059,Athletiqs Airdome,8792,P - Court 2,2026-09-26,09:00 - 10:00,250000,Booked
2059_8792_10:00,2059,Athletiqs Airdome,8792,P - Court 2,2026-09-26,10:00 - 11:00,250000,Booked
2059_8792_11:00,2059,Athletiqs Airdome,8792,P - Court 2,2026-09-26,11:00 - 12:00,250000,Booked
2059_8792_12:00,2059,Athletiqs Airdome,8792,P - Court 2,2026-09-26,12:00 - 13:00,250000,Available
2059_8792_13:00,2059,Athletiqs Airdome,8792,P - Court 2,2026-09-26,13:00 - 14:00,250000,Booked
2059_8792_14:00,2059,Athletiqs Airdome,8792,P - Court 2,2026-09-26,14:00 - 15:00,250000,Booked
2059_8792_15:00,2059,Athletiqs Airdome,8792,P - Court 2,2026-09-26,15:00 - 16:00,250000,Available
2059_8792_16:00,2059,Athletiqs Airdome,8792,P - Court 2,2026-09-26,16:00 - 17:00,250000,Booked
2059_8792_17:00,2059,Athletiqs Airdome,8792,P - Court 2,2026-09-26,17:00 - 18:00,250000,Booked
2059_8792_18:00,2059,Athletiqs Airdome,8792,P - Court 2,2026-09-26,18:00 - 19:00,250000,Booked
2059_8792_19:00,2059,Athletiqs Airdome,8792,P - Court 2,2026-09-26,19:00 - 20:00,250000,Booked
2059_8792_20:00,2059,Athletiqs Airdome,8792,P - Court 2,2026-09-26,20:00 - 21:00,250000,Available
2059_8792_21:00,2059,Athletiqs Airdome,8792,P - Court 2,2026-09-26,21:00 - 22:00,250000,Available
2059_8793_08:00,2059,Athletiqs Airdome,8793,P - Court 3,2026-09-26,08:00 - 09:00,250000,Available
2059_8793_09:00,2059,Athletiqs Airdome,8793,P - Court 3,2026-09-26,09:00 - 10:00,250000,Booked
2059_8793_10:00,2059,Athletiqs Airdome,8793,P - Court 3,2026-09-26,10:00 - 11:00,250000,Booked
2059_8793_11:00,2059,Athletiqs Airdome,8793,P - Court 3,2026-09-26,11:00 - 12:00,250000,Available
2059_8793_12:00,2059,Athletiqs Airdome,8793,P - Court 3,2026-09-26,12:00 - 13:00,250000,Available
2059_8793_13:00,2059,Athletiqs Airdome,8793,P - Court 3,2026-09-26,13:00 - 14:00,250000,Available
2059_8793_14:00,2059,Athletiqs Airdome,8793,P - Court 3,2026-09-26,14:00 - 15:00,250000,Available
2059_8793_15:00,2059,Athletiqs Airdome,8793,P - Court 3,2026-09-26,15:00 - 16:00,250000,Booked
2059_8793_16:00,2059,Athletiqs Airdome,8793,P - Court 3,2026-09-26,16:00 - 17:00,250000,Available
2059_8793_17:00,2059,Athletiqs Airdome,8793,P - Court 3,2026-09-26,17:00 - 18:00,250000,Available
2059_8793_18:00,2059,Athletiqs Airdome,8793,P - Court 3,2026-09-26,18:00 - 19:00,250000,Booked
2059_8793_19:00,2059,Athletiqs Airdome,8793,P - Court 3,2026-09-26,19:00 - 20:00,250000,Booked
2059_8793_20:00,2059,Athletiqs Airdome,8793,P - Court 3,2026-09-26,20:00 - 21:00,250000,Available
2059_8793_21:00,2059,Athletiqs Airdome,8793,P - Court 3,2026-09-26,21:00 - 22:00,250000,Available
3155_7438_08:00,3155,KOTA COURTS by PADELGRID Mangga Besar,7438,KC 1,2026-09-26,08:00 - 09:00,168000,Available
3155_7438_09:00,3155,KOTA COURTS by PADELGRID Mangga Besar,7438,KC 1,2026-09-26,09:00 - 10:00,168000,Available
3155_7438_10:00,3155,KOTA COURTS by PADELGRID Mangga Besar,7438,KC 1,2026-09-26,10:00 - 11:00,168000,Booked
3155_7438_11:00,3155,KOTA COURTS by PADELGRID Mangga Besar,7438,KC 1,2026-09-26,11:00 - 12:00,168000,Booked
3155_7438_12:00,3155,KOTA COURTS by PADELGRID Mangga Besar,7438,KC 1,2026-09-26,12:00 - 13:00,168000,Available
3155_7438_13:00,3155,KOTA COURTS by PADELGRID Mangga Besar,7438,KC 1,2026-09-26,13:00 - 14:00,168000,Available
3155_7438_14:00,3155,KOTA COURTS by PADELGRID Mangga Besar,7438,KC 1,2026-09-26,14:00 - 15:00,168000,Available
3155_7438_15:00,3155,KOTA COURTS by PADELGRID Mangga Besar,7438,KC 1,2026-09-26,15:00 - 16:00,168000,Booked
3155_7438_16:00,3155,KOTA COURTS by PADELGRID Mangga Besar,7438,KC 1,2026-09-26,16:00 - 17:00,168000,Booked
3155_7438_17:00,3155,KOTA COURTS by PADELGRID Mangga Besar,7438,KC 1,2026-09-26,17:00 - 18:00,168000,Booked
3155_7438_18:00,3155,KOTA COURTS by PADELGRID Mangga Besar,7438,KC 1,2026-09-26,18:00 - 19:00,168000,Booked
3155_7438_19:00,3155,KOTA COURTS by PADELGRID Mangga Besar,7438,KC 1,2026-09-26,19:00 - 20:00,168000,Booked
3155_7438_20:00,3155,KOTA COURTS by PADELGRID Mangga Besar,7438,KC 1,2026-09-26,20:00 - 21:00,168000,Booked
3155_7438_21:00,3155,KOTA COURTS by PADELGRID Mangga Besar,7438,KC 1,2026-09-26,21:00 - 22:00,168000,Available
3155_7438_22:00,3155,KOTA COURTS by PADELGRID Mangga Besar,7438,KC 1,2026-09-26,22:00 - 23:00,150000,Available
3155_7438_23:00,3155,KOTA COURTS by PADELGRID Mangga Besar,7438,KC 1,2026-09-26,23:00 - 00:00,150000,Booked
3155_8605_08:00,3155,KOTA COURTS by PADELGRID Mangga Besar,8605,KC 2,2026-09-26,08:00 - 09:00,168000,Available
3155_8605_09:00,3155,KOTA COURTS by PADELGRID Mangga Besar,8605,KC 2,2026-09-26,09:00 - 10:00,168000,Booked
3155_8605_10:00,3155,KOTA COURTS by PADELGRID Mangga Besar,8605,KC 2,2026-09-26,10:00 - 11:00,168000,Booked
3155_8605_11:00,3155,KOTA COURTS by PADELGRID Mangga Besar,8605,KC 2,2026-09-26,11:00 - 12:00,168000,Booked
3155_8605_12:00,3155,KOTA COURTS by PADELGRID Mangga Besar,8605,KC 2,2026-09-26,12:00 - 13:00,168000,Available
3155_8605_13:00,3155,KOTA COURTS by PADELGRID Mangga Besar,8605,KC 2,2026-09-26,13:00 - 14:00,168000,Available
3155_8605_14:00,3155,KOTA COURTS by PADELGRID Mangga Besar,8605,KC 2,2026-09-26,14:00 - 15:00,168000,Available
3155_8605_15:00,3155,KOTA COURTS by PADELGRID Mangga Besar,8605,KC 2,2026-09-26,15:00 - 16:00,168000,Booked
3155_8605_16:00,3155,KOTA COURTS by PADELGRID Mangga Besar,8605,KC 2,2026-09-26,16:00 - 17:00,168000,Booked
3155_8605_17:00,3155,KOTA COURTS by PADELGRID Mangga Besar,8605,KC 2,2026-09-26,17:00 - 18:00,168000,Booked
3155_8605_18:00,3155,KOTA COURTS by PADELGRID Mangga Besar,8605,KC 2,2026-09-26,18:00 - 19:00,168000,Booked
3155_8605_19:00,3155,KOTA COURTS by PADELGRID Mangga Besar,8605,KC 2,2026-09-26,19:00 - 20:00,168000,Booked
3155_8605_20:00,3155,KOTA COURTS by PADELGRID Mangga Besar,8605,KC 2,2026-09-26,20:00 - 21:00,168000,Booked
3155_8605_21:00,3155,KOTA COURTS by PADELGRID Mangga Besar,8605,KC 2,2026-09-26,21:00 - 22:00,168000,Available
3155_8605_22:00,3155,KOTA COURTS by PADELGRID Mangga Besar,8605,KC 2,2026-09-26,22:00 - 23:00,150000,Available
3155_8605_23:00,3155,KOTA COURTS by PADELGRID Mangga Besar,8605,KC 2,2026-09-26,23:00 - 00:00,150000,Booked
3155_8606_08:00,3155,KOTA COURTS by PADELGRID Mangga Besar,8606,KC 3,2026-09-26,08:00 - 09:00,168000,Booked
3155_8606_09:00,3155,KOTA COURTS by PADELGRID Mangga Besar,8606,KC 3,2026-09-26,09:00 - 10:00,168000,Booked
3155_8606_10:00,3155,KOTA COURTS by PADELGRID Mangga Besar,8606,KC 3,2026-09-26,10:00 - 11:00,168000,Booked
3155_8606_11:00,3155,KOTA COURTS by PADELGRID Mangga Besar,8606,KC 3,2026-09-26,11:00 - 12:00,168000,Booked
3155_8606_12:00,3155,KOTA COURTS by PADELGRID Mangga Besar,8606,KC 3,2026-09-26,12:00 - 13:00,168000,Available
3155_8606_13:00,3155,KOTA COURTS by PADELGRID Mangga Besar,8606,KC 3,2026-09-26,13:00 - 14:00,168000,Available
3155_8606_14:00,3155,KOTA COURTS by PADELGRID Mangga Besar,8606,KC 3,2026-09-26,14:00 - 15:00,168000,Available
3155_8606_15:00,3155,KOTA COURTS by PADELGRID Mangga Besar,8606,KC 3,2026-09-26,15:00 - 16:00,168000,Booked
3155_8606_16:00,3155,KOTA COURTS by PADELGRID Mangga Besar,8606,KC 3,2026-09-26,16:00 - 17:00,168000,Booked
3155_8606_17:00,3155,KOTA COURTS by PADELGRID Mangga Besar,8606,KC 3,2026-09-26,17:00 - 18:00,168000,Booked
3155_8606_18:00,3155,KOTA COURTS by PADELGRID Mangga Besar,8606,KC 3,2026-09-26,18:00 - 19:00,168000,Booked
3155_8606_19:00,3155,KOTA COURTS by PADELGRID Mangga Besar,8606,KC 3,2026-09-26,19:00 - 20:00,168000,Booked
3155_8606_20:00,3155,KOTA COURTS by PADELGRID Mangga Besar,8606,KC 3,2026-09-26,20:00 - 21:00,168000,Booked
3155_8606_21:00,3155,KOTA COURTS by PADELGRID Mangga Besar,8606,KC 3,2026-09-26,21:00 - 22:00,168000,Available
3155_8606_22:00,3155,KOTA COURTS by PADELGRID Mangga Besar,8606,KC 3,2026-09-26,22:00 - 23:00,150000,Available
3155_8606_23:00,3155,KOTA COURTS by PADELGRID Mangga Besar,8606,KC 3,2026-09-26,23:00 - 00:00,150000,Booked
3485_8583_08:00,3485,BBS PADEL,8583,Court 1,2026-09-26,08:00 - 09:00,125000,Available
3485_8583_09:00,3485,BBS PADEL,8583,Court 1,2026-09-26,09:00 - 10:00,125000,Available
3485_8583_10:00,3485,BBS PADEL,8583,Court 1,2026-09-26,10:00 - 11:00,125000,Booked
3485_8583_11:00,3485,BBS PADEL,8583,Court 1,2026-09-26,11:00 - 12:00,125000,Available
3485_8583_12:00,3485,BBS PADEL,8583,Court 1,2026-09-26,12:00 - 13:00,125000,Available
3485_8583_13:00,3485,BBS PADEL,8583,Court 1,2026-09-26,13:00 - 14:00,125000,Available
3485_8583_14:00,3485,BBS PADEL,8583,Court 1,2026-09-26,14:00 - 15:00,125000,Available
3485_8583_15:00,3485,BBS PADEL,8583,Court 1,2026-09-26,15:00 - 16:00,125000,Available
3485_8583_16:00,3485,BBS PADEL,8583,Court 1,2026-09-26,16:00 - 17:00,200000,Available
3485_8583_17:00,3485,BBS PADEL,8583,Court 1,2026-09-26,17:00 - 18:00,200000,Available
3485_8583_18:00,3485,BBS PADEL,8583,Court 1,2026-09-26,18:00 - 19:00,200000,Available
3485_8583_19:00,3485,BBS PADEL,8583,Court 1,2026-09-26,19:00 - 20:00,200000,Booked
3485_8583_20:00,3485,BBS PADEL,8583,Court 1,2026-09-26,20:00 - 21:00,200000,Booked
3485_8583_21:00,3485,BBS PADEL,8583,Court 1,2026-09-26,21:00 - 22:00,200000,Booked
3485_8583_22:00,3485,BBS PADEL,8583,Court 1,2026-09-26,22:00 - 23:00,200000,Available
3485_8584_08:00,3485,BBS PADEL,8584,Court 2,2026-09-26,08:00 - 09:00,125000,Available
3485_8584_09:00,3485,BBS PADEL,8584,Court 2,2026-09-26,09:00 - 10:00,125000,Available
3485_8584_10:00,3485,BBS PADEL,8584,Court 2,2026-09-26,10:00 - 11:00,125000,Available
3485_8584_11:00,3485,BBS PADEL,8584,Court 2,2026-09-26,11:00 - 12:00,125000,Available
3485_8584_12:00,3485,BBS PADEL,8584,Court 2,2026-09-26,12:00 - 13:00,125000,Available
3485_8584_13:00,3485,BBS PADEL,8584,Court 2,2026-09-26,13:00 - 14:00,125000,Available
3485_8584_14:00,3485,BBS PADEL,8584,Court 2,2026-09-26,14:00 - 15:00,125000,Booked
3485_8584_15:00,3485,BBS PADEL,8584,Court 2,2026-09-26,15:00 - 16:00,125000,Booked
3485_8584_16:00,3485,BBS PADEL,8584,Court 2,2026-09-26,16:00 - 17:00,200000,Available
3485_8584_17:00,3485,BBS PADEL,8584,Court 2,2026-09-26,17:00 - 18:00,200000,Available
3485_8584_18:00,3485,BBS PADEL,8584,Court 2,2026-09-26,18:00 - 19:00,200000,Available
3485_8584_19:00,3485,BBS PADEL,8584,Court 2,2026-09-26,19:00 - 20:00,200000,Booked
3485_8584_20:00,3485,BBS PADEL,8584,Court 2,2026-09-26,20:00 - 21:00,200000,Booked
3485_8584_21:00,3485,BBS PADEL,8584,Court 2,2026-09-26,21:00 - 22:00,200000,Booked
3485_8584_22:00,3485,BBS PADEL,8584,Court 2,2026-09-26,22:00 - 23:00,200000,Available
3485_8588_08:00,3485,BBS PADEL,8588,Court 3 lantai 3,2026-09-26,08:00 - 09:00,125000,Booked
3485_8588_09:00,3485,BBS PADEL,8588,Court 3 lantai 3,2026-09-26,09:00 - 10:00,125000,Available
3485_8588_10:00,3485,BBS PADEL,8588,Court 3 lantai 3,2026-09-26,10:00 - 11:00,125000,Available
3485_8588_11:00,3485,BBS PADEL,8588,Court 3 lantai 3,2026-09-26,11:00 - 12:00,125000,Available
3485_8588_12:00,3485,BBS PADEL,8588,Court 3 lantai 3,2026-09-26,12:00 - 13:00,125000,Available
3485_8588_13:00,3485,BBS PADEL,8588,Court 3 lantai 3,2026-09-26,13:00 - 14:00,125000,Available
3485_8588_14:00,3485,BBS PADEL,8588,Court 3 lantai 3,2026-09-26,14:00 - 15:00,125000,Available
3485_8588_15:00,3485,BBS PADEL,8588,Court 3 lantai 3,2026-09-26,15:00 - 16:00,125000,Available
3485_8588_16:00,3485,BBS PADEL,8588,Court 3 lantai 3,2026-09-26,16:00 - 17:00,200000,Available
3485_8588_17:00,3485,BBS PADEL,8588,Court 3 lantai 3,2026-09-26,17:00 - 18:00,200000,Available
3485_8588_18:00,3485,BBS PADEL,8588,Court 3 lantai 3,2026-09-26,18:00 - 19:00,200000,Available
3485_8588_19:00,3485,BBS PADEL,8588,Court 3 lantai 3,2026-09-26,19:00 - 20:00,200000,Available
3485_8588_20:00,3485,BBS PADEL,8588,Court 3 lantai 3,2026-09-26,20:00 - 21:00,200000,Available
3485_8588_21:00,3485,BBS PADEL,8588,Court 3 lantai 3,2026-09-26,21:00 - 22:00,200000,Available
3485_8588_22:00,3485,BBS PADEL,8588,Court 3 lantai 3,2026-09-26,22:00 - 23:00,200000,Available
3880_9490_08:00,3880,Gru Padel House,9490,Padel Court,2026-09-26,08:00 - 09:00,188000,Available
3880_9490_09:00,3880,Gru Padel House,9490,Padel Court,2026-09-26,09:00 - 10:00,188000,Available
3880_9490_10:00,3880,Gru Padel House,9490,Padel Court,2026-09-26,10:00 - 11:00,188000,Available
3880_9490_11:00,3880,Gru Padel House,9490,Padel Court,2026-09-26,11:00 - 12:00,188000,Available
3880_9490_12:00,3880,Gru Padel House,9490,Padel Court,2026-09-26,12:00 - 13:00,188000,Available
3880_9490_13:00,3880,Gru Padel House,9490,Padel Court,2026-09-26,13:00 - 14:00,188000,Available
3880_9490_14:00,3880,Gru Padel House,9490,Padel Court,2026-09-26,14:00 - 15:00,188000,Available
3880_9490_15:00,3880,Gru Padel House,9490,Padel Court,2026-09-26,15:00 - 16:00,188000,Available
3880_9490_16:00,3880,Gru Padel House,9490,Padel Court,2026-09-26,16:00 - 17:00,188000,Booked
3880_9490_17:00,3880,Gru Padel House,9490,Padel Court,2026-09-26,17:00 - 18:00,188000,Available
3880_9490_18:00,3880,Gru Padel House,9490,Padel Court,2026-09-26,18:00 - 19:00,188000,Available
3880_9490_19:00,3880,Gru Padel House,9490,Padel Court,2026-09-26,19:00 - 20:00,188000,Booked
3880_9490_20:00,3880,Gru Padel House,9490,Padel Court,2026-09-26,20:00 - 21:00,188000,Booked
3880_9490_21:00,3880,Gru Padel House,9490,Padel Court,2026-09-26,21:00 - 22:00,188000,Available
3196_7550_08:00,3196,Padel Wise Club,7550,Court 1,2026-09-26,08:00 - 09:00,350000,Available
3196_7550_09:00,3196,Padel Wise Club,7550,Court 1,2026-09-26,09:00 - 10:00,350000,Available
3196_7550_10:00,3196,Padel Wise Club,7550,Court 1,2026-09-26,10:00 - 11:00,350000,Available
3196_7550_11:00,3196,Padel Wise Club,7550,Court 1,2026-09-26,11:00 - 12:00,350000,Available
3196_7550_12:00,3196,Padel Wise Club,7550,Court 1,2026-09-26,12:00 - 13:00,350000,Available
3196_7550_13:00,3196,Padel Wise Club,7550,Court 1,2026-09-26,13:00 - 14:00,350000,Available
3196_7550_14:00,3196,Padel Wise Club,7550,Court 1,2026-09-26,14:00 - 15:00,350000,Available
3196_7550_15:00,3196,Padel Wise Club,7550,Court 1,2026-09-26,15:00 - 16:00,350000,Booked
3196_7550_16:00,3196,Padel Wise Club,7550,Court 1,2026-09-26,16:00 - 17:00,350000,Booked
3196_7550_17:00,3196,Padel Wise Club,7550,Court 1,2026-09-26,17:00 - 18:00,350000,Available
3196_7550_18:00,3196,Padel Wise Club,7550,Court 1,2026-09-26,18:00 - 19:00,350000,Available
3196_7550_19:00,3196,Padel Wise Club,7550,Court 1,2026-09-26,19:00 - 20:00,350000,Available
3196_7550_20:00,3196,Padel Wise Club,7550,Court 1,2026-09-26,20:00 - 21:00,350000,Available
3196_7550_21:00,3196,Padel Wise Club,7550,Court 1,2026-09-26,21:00 - 22:00,350000,Available
3196_7550_22:00,3196,Padel Wise Club,7550,Court 1,2026-09-26,22:00 - 23:00,350000,Available
3196_7569_08:00,3196,Padel Wise Club,7569,Court 2,2026-09-26,08:00 - 09:00,350000,Available
3196_7569_09:00,3196,Padel Wise Club,7569,Court 2,2026-09-26,09:00 - 10:00,350000,Booked
3196_7569_10:00,3196,Padel Wise Club,7569,Court 2,2026-09-26,10:00 - 11:00,350000,Booked
3196_7569_11:00,3196,Padel Wise Club,7569,Court 2,2026-09-26,11:00 - 12:00,350000,Available
3196_7569_12:00,3196,Padel Wise Club,7569,Court 2,2026-09-26,12:00 - 13:00,350000,Available
3196_7569_13:00,3196,Padel Wise Club,7569,Court 2,2026-09-26,13:00 - 14:00,350000,Available
3196_7569_14:00,3196,Padel Wise Club,7569,Court 2,2026-09-26,14:00 - 15:00,350000,Booked
3196_7569_15:00,3196,Padel Wise Club,7569,Court 2,2026-09-26,15:00 - 16:00,350000,Booked
3196_7569_16:00,3196,Padel Wise Club,7569,Court 2,2026-09-26,16:00 - 17:00,350000,Available
3196_7569_17:00,3196,Padel Wise Club,7569,Court 2,2026-09-26,17:00 - 18:00,350000,Available
3196_7569_18:00,3196,Padel Wise Club,7569,Court 2,2026-09-26,18:00 - 19:00,350000,Available
3196_7569_19:00,3196,Padel Wise Club,7569,Court 2,2026-09-26,19:00 - 20:00,350000,Available
3196_7569_20:00,3196,Padel Wise Club,7569,Court 2,2026-09-26,20:00 - 21:00,350000,Available
3196_7569_21:00,3196,Padel Wise Club,7569,Court 2,2026-09-26,21:00 - 22:00,350000,Available
3196_7569_22:00,3196,Padel Wise Club,7569,Court 2,2026-09-26,22:00 - 23:00,350000,Available
3196_7585_08:00,3196,Padel Wise Club,7585,Court 3,2026-09-26,08:00 - 09:00,350000,Available
3196_7585_09:00,3196,Padel Wise Club,7585,Court 3,2026-09-26,09:00 - 10:00,350000,Available
3196_7585_10:00,3196,Padel Wise Club,7585,Court 3,2026-09-26,10:00 - 11:00,350000,Available
3196_7585_11:00,3196,Padel Wise Club,7585,Court 3,2026-09-26,11:00 - 12:00,350000,Available
3196_7585_12:00,3196,Padel Wise Club,7585,Court 3,2026-09-26,12:00 - 13:00,350000,Available
3196_7585_13:00,3196,Padel Wise Club,7585,Court 3,2026-09-26,13:00 - 14:00,350000,Available
3196_7585_14:00,3196,Padel Wise Club,7585,Court 3,2026-09-26,14:00 - 15:00,350000,Available
3196_7585_15:00,3196,Padel Wise Club,7585,Court 3,2026-09-26,15:00 - 16:00,350000,Available
3196_7585_16:00,3196,Padel Wise Club,7585,Court 3,2026-09-26,16:00 - 17:00,350000,Available
3196_7585_17:00,3196,Padel Wise Club,7585,Court 3,2026-09-26,17:00 - 18:00,350000,Available
3196_7585_18:00,3196,Padel Wise Club,7585,Court 3,2026-09-26,18:00 - 19:00,350000,Available
3196_7585_19:00,3196,Padel Wise Club,7585,Court 3,2026-09-26,19:00 - 20:00,350000,Available
3196_7585_20:00,3196,Padel Wise Club,7585,Court 3,2026-09-26,20:00 - 21:00,350000,Available
3196_7585_21:00,3196,Padel Wise Club,7585,Court 3,2026-09-26,21:00 - 22:00,350000,Available
3196_7585_22:00,3196,Padel Wise Club,7585,Court 3,2026-09-26,22:00 - 23:00,350000,Available
3196_8317_08:00,3196,Padel Wise Club,8317,Sauna & Cold Plunge,2026-09-26,08:00 - 09:00,85000,Available
3196_8317_09:00,3196,Padel Wise Club,8317,Sauna & Cold Plunge,2026-09-26,09:00 - 10:00,85000,Available
3196_8317_10:00,3196,Padel Wise Club,8317,Sauna & Cold Plunge,2026-09-26,10:00 - 11:00,85000,Available
3196_8317_11:00,3196,Padel Wise Club,8317,Sauna & Cold Plunge,2026-09-26,11:00 - 12:00,85000,Available
3196_8317_12:00,3196,Padel Wise Club,8317,Sauna & Cold Plunge,2026-09-26,12:00 - 13:00,85000,Available
3196_8317_13:00,3196,Padel Wise Club,8317,Sauna & Cold Plunge,2026-09-26,13:00 - 14:00,85000,Available
3196_8317_14:00,3196,Padel Wise Club,8317,Sauna & Cold Plunge,2026-09-26,14:00 - 15:00,85000,Available
3196_8317_15:00,3196,Padel Wise Club,8317,Sauna & Cold Plunge,2026-09-26,15:00 - 16:00,85000,Available
3196_8317_16:00,3196,Padel Wise Club,8317,Sauna & Cold Plunge,2026-09-26,16:00 - 17:00,85000,Available
3196_8317_17:00,3196,Padel Wise Club,8317,Sauna & Cold Plunge,2026-09-26,17:00 - 18:00,85000,Available
3196_8317_18:00,3196,Padel Wise Club,8317,Sauna & Cold Plunge,2026-09-26,18:00 - 19:00,85000,Available
3196_8317_19:00,3196,Padel Wise Club,8317,Sauna & Cold Plunge,2026-09-26,19:00 - 20:00,85000,Available
3196_8317_20:00,3196,Padel Wise Club,8317,Sauna & Cold Plunge,2026-09-26,20:00 - 21:00,85000,Available
3196_8317_21:00,3196,Padel Wise Club,8317,Sauna & Cold Plunge,2026-09-26,21:00 - 22:00,85000,Available
3196_8317_22:00,3196,Padel Wise Club,8317,Sauna & Cold Plunge,2026-09-26,22:00 - 23:00,85000,Available
3196_12705_08:00,3196,Padel Wise Club,12705,Mahjong Table A,2026-09-26,08:00 - 09:00,120000,Available
3196_12705_09:00,3196,Padel Wise Club,12705,Mahjong Table A,2026-09-26,09:00 - 10:00,120000,Available
3196_12705_10:00,3196,Padel Wise Club,12705,Mahjong Table A,2026-09-26,10:00 - 11:00,120000,Available
3196_12705_11:00,3196,Padel Wise Club,12705,Mahjong Table A,2026-09-26,11:00 - 12:00,120000,Available
3196_12705_12:00,3196,Padel Wise Club,12705,Mahjong Table A,2026-09-26,12:00 - 13:00,120000,Available
3196_12705_13:00,3196,Padel Wise Club,12705,Mahjong Table A,2026-09-26,13:00 - 14:00,120000,Available
3196_12705_14:00,3196,Padel Wise Club,12705,Mahjong Table A,2026-09-26,14:00 - 15:00,120000,Available
3196_12705_15:00,3196,Padel Wise Club,12705,Mahjong Table A,2026-09-26,15:00 - 16:00,120000,Available
3196_12705_16:00,3196,Padel Wise Club,12705,Mahjong Table A,2026-09-26,16:00 - 17:00,120000,Available
3196_12705_17:00,3196,Padel Wise Club,12705,Mahjong Table A,2026-09-26,17:00 - 18:00,120000,Available
3196_12705_18:00,3196,Padel Wise Club,12705,Mahjong Table A,2026-09-26,18:00 - 19:00,120000,Available
3196_12705_19:00,3196,Padel Wise Club,12705,Mahjong Table A,2026-09-26,19:00 - 20:00,120000,Available
3196_12705_20:00,3196,Padel Wise Club,12705,Mahjong Table A,2026-09-26,20:00 - 21:00,120000,Available
3196_12705_21:00,3196,Padel Wise Club,12705,Mahjong Table A,2026-09-26,21:00 - 22:00,120000,Available
3196_12705_22:00,3196,Padel Wise Club,12705,Mahjong Table A,2026-09-26,22:00 - 23:00,120000,Available
3196_12912_08:00,3196,Padel Wise Club,12912,Mahjong Table B,2026-09-26,08:00 - 09:00,120000,Available
3196_12912_09:00,3196,Padel Wise Club,12912,Mahjong Table B,2026-09-26,09:00 - 10:00,120000,Available
3196_12912_10:00,3196,Padel Wise Club,12912,Mahjong Table B,2026-09-26,10:00 - 11:00,120000,Available
3196_12912_11:00,3196,Padel Wise Club,12912,Mahjong Table B,2026-09-26,11:00 - 12:00,120000,Available
3196_12912_12:00,3196,Padel Wise Club,12912,Mahjong Table B,2026-09-26,12:00 - 13:00,120000,Available
3196_12912_13:00,3196,Padel Wise Club,12912,Mahjong Table B,2026-09-26,13:00 - 14:00,120000,Available
3196_12912_14:00,3196,Padel Wise Club,12912,Mahjong Table B,2026-09-26,14:00 - 15:00,120000,Available
3196_12912_15:00,3196,Padel Wise Club,12912,Mahjong Table B,2026-09-26,15:00 - 16:00,120000,Available
3196_12912_16:00,3196,Padel Wise Club,12912,Mahjong Table B,2026-09-26,16:00 - 17:00,120000,Available
3196_12912_17:00,3196,Padel Wise Club,12912,Mahjong Table B,2026-09-26,17:00 - 18:00,120000,Available
3196_12912_18:00,3196,Padel Wise Club,12912,Mahjong Table B,2026-09-26,18:00 - 19:00,120000,Available
3196_12912_19:00,3196,Padel Wise Club,12912,Mahjong Table B,2026-09-26,19:00 - 20:00,120000,Available
3196_12912_20:00,3196,Padel Wise Club,12912,Mahjong Table B,2026-09-26,20:00 - 21:00,120000,Available
3196_12912_21:00,3196,Padel Wise Club,12912,Mahjong Table B,2026-09-26,21:00 - 22:00,120000,Available
3196_12912_22:00,3196,Padel Wise Club,12912,Mahjong Table B,2026-09-26,22:00 - 23:00,120000,Available
4643_11996_08:00,4643,JW COURT PADEL,11996,VIP Court,2026-09-26,08:00 - 09:00,1045000,Available
4643_11996_09:00,4643,JW COURT PADEL,11996,VIP Court,2026-09-26,09:00 - 10:00,1045000,Available
4643_11996_10:00,4643,JW COURT PADEL,11996,VIP Court,2026-09-26,10:00 - 11:00,1045000,Available
4643_11996_11:00,4643,JW COURT PADEL,11996,VIP Court,2026-09-26,11:00 - 12:00,1045000,Available
4643_11996_12:00,4643,JW COURT PADEL,11996,VIP Court,2026-09-26,12:00 - 13:00,1045000,Available
4643_11996_13:00,4643,JW COURT PADEL,11996,VIP Court,2026-09-26,13:00 - 14:00,1045000,Available
4643_11996_14:00,4643,JW COURT PADEL,11996,VIP Court,2026-09-26,14:00 - 15:00,1045000,Available
4643_11996_15:00,4643,JW COURT PADEL,11996,VIP Court,2026-09-26,15:00 - 16:00,1045000,Available
4643_11996_16:00,4643,JW COURT PADEL,11996,VIP Court,2026-09-26,16:00 - 17:00,1045000,Available
4643_11996_17:00,4643,JW COURT PADEL,11996,VIP Court,2026-09-26,17:00 - 18:00,1045000,Available
4643_11996_18:00,4643,JW COURT PADEL,11996,VIP Court,2026-09-26,18:00 - 19:00,1045000,Available
4643_11996_19:00,4643,JW COURT PADEL,11996,VIP Court,2026-09-26,19:00 - 20:00,1045000,Available
4643_11996_20:00,4643,JW COURT PADEL,11996,VIP Court,2026-09-26,20:00 - 21:00,1045000,Available
4643_11996_21:00,4643,JW COURT PADEL,11996,VIP Court,2026-09-26,21:00 - 22:00,1045000,Available
4643_11996_22:00,4643,JW COURT PADEL,11996,VIP Court,2026-09-26,22:00 - 23:00,1045000,Available
4643_11996_23:00,4643,JW COURT PADEL,11996,VIP Court,2026-09-26,23:00 - 00:00,1045000,Available
4643_12051_08:00,4643,JW COURT PADEL,12051,Court 2 - Green,2026-09-26,08:00 - 09:00,400000,Available
4643_12051_09:00,4643,JW COURT PADEL,12051,Court 2 - Green,2026-09-26,09:00 - 10:00,400000,Available
4643_12051_10:00,4643,JW COURT PADEL,12051,Court 2 - Green,2026-09-26,10:00 - 11:00,400000,Booked
4643_12051_11:00,4643,JW COURT PADEL,12051,Court 2 - Green,2026-09-26,11:00 - 12:00,400000,Booked
4643_12051_12:00,4643,JW COURT PADEL,12051,Court 2 - Green,2026-09-26,12:00 - 13:00,400000,Available
4643_12051_13:00,4643,JW COURT PADEL,12051,Court 2 - Green,2026-09-26,13:00 - 14:00,400000,Available
4643_12051_14:00,4643,JW COURT PADEL,12051,Court 2 - Green,2026-09-26,14:00 - 15:00,400000,Available
4643_12051_15:00,4643,JW COURT PADEL,12051,Court 2 - Green,2026-09-26,15:00 - 16:00,400000,Available
4643_12051_16:00,4643,JW COURT PADEL,12051,Court 2 - Green,2026-09-26,16:00 - 17:00,400000,Available
4643_12051_17:00,4643,JW COURT PADEL,12051,Court 2 - Green,2026-09-26,17:00 - 18:00,400000,Available
4643_12051_18:00,4643,JW COURT PADEL,12051,Court 2 - Green,2026-09-26,18:00 - 19:00,400000,Available
4643_12051_19:00,4643,JW COURT PADEL,12051,Court 2 - Green,2026-09-26,19:00 - 20:00,400000,Available
4643_12051_20:00,4643,JW COURT PADEL,12051,Court 2 - Green,2026-09-26,20:00 - 21:00,400000,Available
4643_12051_21:00,4643,JW COURT PADEL,12051,Court 2 - Green,2026-09-26,21:00 - 22:00,400000,Available
4643_12051_22:00,4643,JW COURT PADEL,12051,Court 2 - Green,2026-09-26,22:00 - 23:00,400000,Available
4643_12051_23:00,4643,JW COURT PADEL,12051,Court 2 - Green,2026-09-26,23:00 - 00:00,350000,Available
4643_12052_08:00,4643,JW COURT PADEL,12052,Court 3 - Blue,2026-09-26,08:00 - 09:00,400000,Available
4643_12052_09:00,4643,JW COURT PADEL,12052,Court 3 - Blue,2026-09-26,09:00 - 10:00,400000,Available
4643_12052_10:00,4643,JW COURT PADEL,12052,Court 3 - Blue,2026-09-26,10:00 - 11:00,400000,Booked
4643_12052_11:00,4643,JW COURT PADEL,12052,Court 3 - Blue,2026-09-26,11:00 - 12:00,400000,Booked
4643_12052_12:00,4643,JW COURT PADEL,12052,Court 3 - Blue,2026-09-26,12:00 - 13:00,400000,Available
4643_12052_13:00,4643,JW COURT PADEL,12052,Court 3 - Blue,2026-09-26,13:00 - 14:00,400000,Available
4643_12052_14:00,4643,JW COURT PADEL,12052,Court 3 - Blue,2026-09-26,14:00 - 15:00,400000,Available
4643_12052_15:00,4643,JW COURT PADEL,12052,Court 3 - Blue,2026-09-26,15:00 - 16:00,400000,Available
4643_12052_16:00,4643,JW COURT PADEL,12052,Court 3 - Blue,2026-09-26,16:00 - 17:00,400000,Available
4643_12052_17:00,4643,JW COURT PADEL,12052,Court 3 - Blue,2026-09-26,17:00 - 18:00,400000,Available
4643_12052_18:00,4643,JW COURT PADEL,12052,Court 3 - Blue,2026-09-26,18:00 - 19:00,400000,Available
4643_12052_19:00,4643,JW COURT PADEL,12052,Court 3 - Blue,2026-09-26,19:00 - 20:00,400000,Available
4643_12052_20:00,4643,JW COURT PADEL,12052,Court 3 - Blue,2026-09-26,20:00 - 21:00,400000,Available
4643_12052_21:00,4643,JW COURT PADEL,12052,Court 3 - Blue,2026-09-26,21:00 - 22:00,400000,Available
4643_12052_22:00,4643,JW COURT PADEL,12052,Court 3 - Blue,2026-09-26,22:00 - 23:00,400000,Available
4643_12052_23:00,4643,JW COURT PADEL,12052,Court 3 - Blue,2026-09-26,23:00 - 00:00,350000,Available
4643_12053_08:00,4643,JW COURT PADEL,12053,Court 4 - Black,2026-09-26,08:00 - 09:00,400000,Available
4643_12053_09:00,4643,JW COURT PADEL,12053,Court 4 - Black,2026-09-26,09:00 - 10:00,400000,Available
4643_12053_10:00,4643,JW COURT PADEL,12053,Court 4 - Black,2026-09-26,10:00 - 11:00,400000,Booked
4643_12053_11:00,4643,JW COURT PADEL,12053,Court 4 - Black,2026-09-26,11:00 - 12:00,400000,Booked
4643_12053_12:00,4643,JW COURT PADEL,12053,Court 4 - Black,2026-09-26,12:00 - 13:00,400000,Available
4643_12053_13:00,4643,JW COURT PADEL,12053,Court 4 - Black,2026-09-26,13:00 - 14:00,400000,Available
4643_12053_14:00,4643,JW COURT PADEL,12053,Court 4 - Black,2026-09-26,14:00 - 15:00,400000,Available
4643_12053_15:00,4643,JW COURT PADEL,12053,Court 4 - Black,2026-09-26,15:00 - 16:00,400000,Available
4643_12053_16:00,4643,JW COURT PADEL,12053,Court 4 - Black,2026-09-26,16:00 - 17:00,400000,Available
4643_12053_17:00,4643,JW COURT PADEL,12053,Court 4 - Black,2026-09-26,17:00 - 18:00,400000,Available
4643_12053_18:00,4643,JW COURT PADEL,12053,Court 4 - Black,2026-09-26,18:00 - 19:00,400000,Available
4643_12053_19:00,4643,JW COURT PADEL,12053,Court 4 - Black,2026-09-26,19:00 - 20:00,400000,Available
4643_12053_20:00,4643,JW COURT PADEL,12053,Court 4 - Black,2026-09-26,20:00 - 21:00,400000,Available
4643_12053_21:00,4643,JW COURT PADEL,12053,Court 4 - Black,2026-09-26,21:00 - 22:00,400000,Available
4643_12053_22:00,4643,JW COURT PADEL,12053,Court 4 - Black,2026-09-26,22:00 - 23:00,400000,Available
4643_12053_23:00,4643,JW COURT PADEL,12053,Court 4 - Black,2026-09-26,23:00 - 00:00,350000,Available
